split	index	duration_s	ref_source	ref	hyp_conformer	hyp_mamba	hyp_conextbimamba	hyp_phowhisper	hyp_parakeet_fp32	raw_conformer	raw_mamba	raw_conextbimamba	raw_phowhisper	raw_parakeet_fp32
train	560	13.80	pseudo_label	thì là mọi người sẽ nghĩ là nên lập gia đình hay là nên tiếp tục sống cuộc sống mà mình đang còn nhiều hoài bão mà mình phải đi khám phá mình phải đi thế này thế nọ thì em vẫn đang đấu tranh với cái suy nghĩ đó của em nhưng em nghĩ là cái khả năng của em em không đủ	thì là mọi người sẽ nghĩ là nên lập gia đình hay là nên tiếp tục sống cuộc sống mà mình đang còn nhiềuàiã mà mình phải đi khám phá là phải đi thế này thế nào thì em vẫn đang đấu tranh với cái suy nghĩ đó của em thì em nghĩ là cái khả năng của em em không đủ	thì là mọi người sẽ nghĩ là nên lập gia đình hay là nên tiếp tục sống cuộc sống và mình đang còn nhiều ho hoàn bã mà mình phải đi khám phá mình phải đi thế này nọ thì em vẫn đang đấu tranh với cái suy nghĩ đó của em nhưng em nghĩ là cái khả năng của em em không đủ	thì là mọi người sẽ nghĩ là nên lập gia đình hay là nên tiếp tục sống cuộc sống mà mình đang còn nhiềuài bã mà mình phải đi khám phá mình phải đi thế này thếọ thì em vẫn đang đấu tranh với cái suy nghĩ đó của em nhưng em nghĩ là cái khả năng của em em em không đủ	thì là mọi người sẽ nghĩ là nên lập gia đình hay là nên tiếp tục sống cuộc sống mà mình đang còn nhiều hoài bão mà mình phải đi khám phá mình phải đi thế này thì em vẫn đang đấu tranh với cái suy nghĩ đó của em nhưng em nghĩ là cái khả năng của em em không đủ	thì là mọi người sẽ nghĩ là nên lập gia gia đình hay là nên tiếp tục sống cuộc sống mà mình đang còn nhiều hoàião mà mình phải đi khám phá mình phải đi thế này hay nọ thì em vẫn đang đấu tranh với cái suy nghĩ đó của em nhưng em nghĩ là cái khả năng của em em không đủ	THÌ LÀ MỌI NGƯỜI SẼ NGHĨ LÀ NÊN LẬP GIA ĐÌNH HAY LÀ NÊN TIẾP TỤC SỐNG CUỘC SỐNG MÀ MÌNH ĐANG CÒN NHIỀUÀIÃ MÀ MÌNH PHẢI ĐI KHÁM PHÁ LÀ PHẢI ĐI THẾ NÀY THẾ NÀO THÌ EM VẪN ĐANG ĐẤU TRANH VỚI CÁI SUY NGHĨ ĐÓ CỦA EM THÌ EM NGHĨ LÀ CÁI KHẢ NĂNG CỦA EM EM KHÔNG ĐỦ	THÌ LÀ MỌI NGƯỜI SẼ NGHĨ LÀ NÊN LẬP GIA ĐÌNH HAY LÀ NÊN TIẾP TỤC SỐNG CUỘC SỐNG VÀ MÌNH ĐANG CÒN NHIỀU HO HOÀN BÃ MÀ MÌNH PHẢI ĐI KHÁM PHÁ MÌNH PHẢI ĐI THẾ NÀY NỌ THÌ EM VẪN ĐANG ĐẤU TRANH VỚI CÁI SUY NGHĨ ĐÓ CỦA EM NHƯNG EM NGHĨ LÀ CÁI KHẢ NĂNG CỦA EM EM KHÔNG ĐỦ	THÌ LÀ MỌI NGƯỜI SẼ NGHĨ LÀ NÊN LẬP GIA ĐÌNH HAY LÀ NÊN TIẾP TỤC SỐNG CUỘC SỐNG MÀ MÌNH ĐANG CÒN NHIỀUÀI BÃ MÀ MÌNH PHẢI ĐI KHÁM PHÁ MÌNH PHẢI ĐI THẾ NÀY THẾỌ THÌ EM VẪN ĐANG ĐẤU TRANH VỚI CÁI SUY NGHĨ ĐÓ CỦA EM NHƯNG EM NGHĨ LÀ CÁI KHẢ NĂNG CỦA EM EM EM KHÔNG ĐỦ	thì là mọi người sẽ nghĩ là nên lập gia đình hay là nên tiếp tục sống cuộc sống mà mình đang còn nhiều hoài bão mà mình phải đi khám phá mình phải đi thế này thì em vẫn đang đấu tranh với cái suy nghĩ đó của em nhưng em nghĩ là cái khả năng của em em không đủ.	Thì là mọi người sẽ nghĩ là nên lập gia gia đình hay là nên tiếp tục sống cuộc sống mà mình đang còn nhiều hoàião mà mình phải đi khám phá, mình phải đi thế này hay nọ, thì em vẫn đang đấu tranh với cái suy nghĩ đó của em, nhưng em nghĩ là cái khả năng của em em không đủ.
train	9119	14.70	pseudo_label	mình thấy chả bằng ai cả mình thấy kém thấp kém rồi thua thua hết mọi người trong câu chuyện viết nhạc nếu em là con trai hoặc nếu em hai mươi bảy tuổi chắc chắn em sẽ chọn tự do nhưng bởi vì em là phụ nữ nó có những cái nó rất là khó bởi vì	mình thì cho bằng gái là mình thấy kémập ké vớiuộc của với mọi người trong câu chuyện với nào nếu em đặt con trai hoặc nếu mà em hai mươi bảy tuổi chắc chắn mà em sẽ chọn tự do nhưng bởi vì em làm phụ nữ nó có những cái nữa	mình thấy chả bằng hai là mình thấy kém thấp kém với thu b thôi hết mọi người trong câu chuyện với nhạc nếu em là con trai nếu em hai mươi bảy tuổi cấp chắc chắn em sẽ chọn tự do nhưng bởi vì em là phụ nữ nó có những cái nào không không	mình thấy ch bằng ai là mình thấy kém thấp kém vớiuộc với với mọi người trong câu chuyện với nhạc nếu em là con trai hoặc nếu em hai mươi bảy tuổi chắc chắn em sẽ chọn tự do nhưng bởi vì em là phụ nữ nó có những cái nữa khó	mình thấy chả bằng ai cả mình thấy kém thấp kém rồi thua thua hết mọi người trong câu chuyện viết nhạc nếu em là con trai hoặc nếu em hai tư tảy tuổi chắc chắn em sẽ chọn tự do nhưng bởi vì em là phụ nữ nó có những cái nó rất là khó bởi vì	mình th thấy chả bằng ai là mình thấy kém thấp kém rồi thua thuế hết mọi người trong câu chuyện biết nhà nếu em là con trai hoặc nếu em hai mươi bảy tuổi chắc chắn em sẽ chọn tự do nhưng bởi vì em là phụ nữ nó có những cái nó rất là khó bởi vì	MÌNH THÌ CHO BẰNG GÁI LÀ MÌNH THẤY KÉMẬP KÉ VỚIUỘC CỦA VỚI MỌI NGƯỜI TRONG CÂU CHUYỆN VỚI NÀO NẾU EM ĐẶT CON TRAI HOẶC NẾU MÀ EM HAI MƯƠI BẢY TUỔI CHẮC CHẮN MÀ EM SẼ CHỌN TỰ DO NHƯNG BỞI VÌ EM LÀM PHỤ NỮ NÓ CÓ NHỮNG CÁI NỮA	MÌNH THẤY CHẢ BẰNG HAI LÀ MÌNH THẤY KÉM THẤP KÉM VỚI THU B THÔI HẾT MỌI NGƯỜI TRONG CÂU CHUYỆN VỚI NHẠC NẾU EM LÀ CON TRAI NẾU EM HAI MƯƠI BẢY TUỔI CẤP CHẮC CHẮN EM SẼ CHỌN TỰ DO NHƯNG BỞI VÌ EM LÀ PHỤ NỮ NÓ CÓ NHỮNG CÁI NÀO KHÔNG KHÔNG	MÌNH THẤY CH BẰNG AI LÀ MÌNH THẤY KÉM THẤP KÉM VỚIUỘC VỚI VỚI MỌI NGƯỜI TRONG CÂU CHUYỆN VỚI NHẠC NẾU EM LÀ CON TRAI HOẶC NẾU EM HAI MƯƠI BẢY TUỔI CHẮC CHẮN EM SẼ CHỌN TỰ DO NHƯNG BỞI VÌ EM LÀ PHỤ NỮ NÓ CÓ NHỮNG CÁI NỮA KHÓ	mình thấy chả bằng ai cả mình thấy kém thấp kém rồi thua thua hết mọi người trong câu chuyện viết nhạc nếu em là con trai hoặc nếu em hai tư tảy tuổi chắc chắn em sẽ chọn tự do nhưng bởi vì em là phụ nữ nó có những cái nó rất là khó bởi vì.	Mình th thấy chả bằng ai là, Mình thấy kém, thấp kém rồi thua thuế hết mọi người trong câu chuyện biết nhà. Nếu em là con trai hoặc nếu em hai mươi bảy tuổi chắc chắn em sẽ chọn tự do, nhưng bởi vì em là phụ nữ nó có những cái nó rất là khó, bởi vì.
train	9126	11.60	pseudo_label	thì nỗi lo của cá nhân mình chỉ lo rằng là đến một ngày cảm xúc mình không còn nữa thôi mình không lo rằng là đủ với người khác mình không lo rằng là đủ rằng là	thì nỗi lo của cá nhân mình chỉ lo rằng là đến một ngày cảm xúc mình không còn đấy thôi mình không lo rằng là đủ người khác thu lo rằng là đủ rằng là	thì nỗi lo của cá nhân mình chỉ lo rằng là đến một ngày cảm xúc mình không còn nữa thôi mình không lo rằng là đủ với người khác không lo rằng là đủ rằng là	nỗi lo của cá nhân mình chỉ lo rằng là đ đến một ngày cảm xúc mình không còn nữa thôi mình không lo rằng là đủ với người khác không lo rằng là đủ rằng là	thì nỗi lo của cá nhân mình chỉ lo rằng là đến một ngày à cảm xúc mình không còn nữa thôi mình không lo rằng là đủ với người khác mình không lo rằng đủ rằng là	thì nỗi lo của cá nhân mình chỉ lo rằng là đến một ngày cảm xúc mình không còn nữa thôi m mình không lo rằng là đủ với người khác mình không lo rằng là đủ rằng là	THÌ NỖI LO CỦA CÁ NHÂN MÌNH CHỈ LO RẰNG LÀ ĐẾN MỘT NGÀY CẢM XÚC MÌNH KHÔNG CÒN ĐẤY THÔI MÌNH KHÔNG LO RẰNG LÀ ĐỦ NGƯỜI KHÁC THU LO RẰNG LÀ ĐỦ RẰNG LÀ	THÌ NỖI LO CỦA CÁ NHÂN MÌNH CHỈ LO RẰNG LÀ ĐẾN MỘT NGÀY CẢM XÚC MÌNH KHÔNG CÒN NỮA THÔI MÌNH KHÔNG LO RẰNG LÀ ĐỦ VỚI NGƯỜI KHÁC KHÔNG LO RẰNG LÀ ĐỦ RẰNG LÀ	NỖI LO CỦA CÁ NHÂN MÌNH CHỈ LO RẰNG LÀ Đ ĐẾN MỘT NGÀY CẢM XÚC MÌNH KHÔNG CÒN NỮA THÔI MÌNH KHÔNG LO RẰNG LÀ ĐỦ VỚI NGƯỜI KHÁC KHÔNG LO RẰNG LÀ ĐỦ RẰNG LÀ	thì nỗi lo của cá nhân mình chỉ lo rằng là đến một ngày à cảm xúc mình không còn nữa thôi mình không lo rằng là đủ với người khác mình không lo rằng đủ rằng là.	Thì nỗi lo của cá nhân mình chỉ lo rằng là đến một ngày cảm xúc mình không còn nữa thôi, M mình không lo rằng là đủ với người khác, mình không lo rằng là đủ rằng là.
train	9127	11.60	pseudo_label	mình viết từ hai không mười hai và đến bây giờ cũng bằng những cái cảm xúc đấy về khán giả chỉ lo một ngày là tự nhiên mất cái cảm xúc đấy đi thì thì như thế nào thành ra là bị thiếu thiếu thì phải đi tìm và tìm thì lên cái chỗ này	nhất từ hai không mười hai và đến bây giờ cũng bằng những cái cảm xúc đấy cũng về khán giả chỉ l lo mà ngày là tự nhiên mất cái cảm xúc để đi thì thì như thế nào thì mình đang là đi thiệu thiếu phải đi tìm và tìm cái lên cái chỗ này được	mình viết từ hai không mười hai và đến bây giờ cũng bằng những cái cảm xúc đấy cũng về khán giả chỉ lo một ngày là tự nhiên mất cái cảm xúc từ đi thì thì như thế nào thì thành ra là bị thiệu thiếu phải thì tìm và tìm cái lên cái chỗ này	gh viết từ hai không mười hai và đến bây giờ cũng bằng những cái cảm xúc đấy về khán giả chỉ l lo một ngày là tự nhiên mắt cái cảm xúc để đi thì thì như thế nào thế thành ra làỉ thiệu hiếuiếu với đi te và tìm thì lên cái chỗ này	viết từ hai không mười hai và đến bây giờ cũng bằng những cảm xúc ấy về khán giả chỉ lo một ngày là tự nhận mất cái cảm xúc ấy đi thì thì như thế nào thế này ra là bị thiếu thiếu thì tìm và tìm đi lên cái chỗ này thôi	nhình nhất từ hai không trăm mười hai và đến bây giờ cũng bằng những cái cảm xúc đấy về khán giả chỉ lo một ngày là tự nhiên mất cái cảm xúc để đi thì thì như thế nào thế thành ra là bị thiếu thiếu phải đi tìm và tìm thì lên cái chỗ này đấy	NHẤT TỪ HAI KHÔNG MƯỜI HAI VÀ ĐẾN BÂY GIỜ CŨNG BẰNG NHỮNG CÁI CẢM XÚC ĐẤY CŨNG VỀ KHÁN GIẢ CHỈ L LO MÀ NGÀY LÀ TỰ NHIÊN MẤT CÁI CẢM XÚC ĐỂ ĐI THÌ THÌ NHƯ THẾ NÀO THÌ MÌNH ĐANG LÀ ĐI THIỆU THIẾU PHẢI ĐI TÌM VÀ TÌM CÁI LÊN CÁI CHỖ NÀY ĐƯỢC	MÌNH VIẾT TỪ HAI KHÔNG MƯỜI HAI VÀ ĐẾN BÂY GIỜ CŨNG BẰNG NHỮNG CÁI CẢM XÚC ĐẤY CŨNG VỀ KHÁN GIẢ CHỈ LO MỘT NGÀY LÀ TỰ NHIÊN MẤT CÁI CẢM XÚC TỪ ĐI THÌ THÌ NHƯ THẾ NÀO THÌ THÀNH RA LÀ BỊ THIỆU THIẾU PHẢI THÌ TÌM VÀ TÌM CÁI LÊN CÁI CHỖ NÀY	GH VIẾT TỪ HAI KHÔNG MƯỜI HAI VÀ ĐẾN BÂY GIỜ CŨNG BẰNG NHỮNG CÁI CẢM XÚC ĐẤY VỀ KHÁN GIẢ CHỈ L LO MỘT NGÀY LÀ TỰ NHIÊN MẮT CÁI CẢM XÚC ĐỂ ĐI THÌ THÌ NHƯ THẾ NÀO THẾ THÀNH RA LÀỈ THIỆU HIẾUIẾU VỚI ĐI TE VÀ TÌM THÌ LÊN CÁI CHỖ NÀY	viết từ hai không mười hai và đến bây giờ cũng bằng những cảm xúc ấy về khán giả chỉ lo một ngày là tự nhận mất cái cảm xúc ấy đi thì thì như thế nào thế này ra là bị thiếu thiếu thì tìm và tìm đi lên cái chỗ này thôi.	Nhình nhất từ hai không trăm mười hai và đến bây giờ cũng bằng những cái cảm xúc đấy về khán giả, chỉ lo một ngày là tự nhiên mất cái cảm xúc để đi thì thì như thế nào? Thế thành ra là bị thiếu, thiếu phải đi tìm và tìm thì lên cái chỗ này đấy.
train	9129	11.00	pseudo_label	làm rất là nhiều cho nên là đôi lúc em sẽ quên mất cái bản thân của mình cái lo thứ hai của em thì nó hơi xa ra một chút xíu là em đã sống đủ tử tế với những người xung quanh chưa	mà rất là nhiều cho nên là đôi lúc em sẽên em mất các bản thân của mình cái l lo thứ hai của em thì nó hơi xa là một chút xí là em đã sống đủử tế với những người xung quanh chưa	làm rất là nhiều cho nên là đôi lúc em sẽ qu mất cái bản thân của mình cái lo thứ hai của em thì nó hơi xa là một chút xíu là em đã sống đủ tử tế với những người xung quanh chưa	làm rất là nhiều cho nên là đôi lúc em sẽ qu em mất cái bản thân của mình cái l lo thứ hai của em thì nó hơi xa ra một chút xíu là em đã sống đủ tử tác với những người xung quanh chưa	làm rất nhiều cho nên là đôi lúc em sẽ quên mất bản thân của mình cái lo thứ hai của em thì nó hơi xa một chút xíu là em đã sống đủ tử tế với những người xung quanh chưa	làm rất là nhiều cho nên là đôi lúc em sẽ quên mất cái bản thân của mình cái lo thứ hai của em thì nó hơi xa lên một chút xíu là em đã sống đủ tử tế tới những người xung quanh chưa	MÀ RẤT LÀ NHIỀU CHO NÊN LÀ ĐÔI LÚC EM SẼÊN EM MẤT CÁC BẢN THÂN CỦA MÌNH CÁI L LO THỨ HAI CỦA EM THÌ NÓ HƠI XA LÀ MỘT CHÚT XÍ LÀ EM ĐÃ SỐNG ĐỦỬ TẾ VỚI NHỮNG NGƯỜI XUNG QUANH CHƯA	LÀM RẤT LÀ NHIỀU CHO NÊN LÀ ĐÔI LÚC EM SẼ QU MẤT CÁI BẢN THÂN CỦA MÌNH CÁI LO THỨ HAI CỦA EM THÌ NÓ HƠI XA LÀ MỘT CHÚT XÍU LÀ EM ĐÃ SỐNG ĐỦ TỬ TẾ VỚI NHỮNG NGƯỜI XUNG QUANH CHƯA	LÀM RẤT LÀ NHIỀU CHO NÊN LÀ ĐÔI LÚC EM SẼ QU EM MẤT CÁI BẢN THÂN CỦA MÌNH CÁI L LO THỨ HAI CỦA EM THÌ NÓ HƠI XA RA MỘT CHÚT XÍU LÀ EM ĐÃ SỐNG ĐỦ TỬ TÁC VỚI NHỮNG NGƯỜI XUNG QUANH CHƯA	làm rất nhiều cho nên là đôi lúc em sẽ quên mất bản thân của mình cái lo thứ hai của em thì nó hơi xa một chút xíu là em đã sống đủ tử tế với những người xung quanh chưa.	Làm rất là nhiều, cho nên là đôi lúc em sẽ quên mất cái bản thân của mình. Cái lo thứ hai của em thì nó hơi xa lên một chút xíu là em đã sống đủ tử tế tới những người xung quanh chưa?
train	9152	13.60	pseudo_label	st em em thì em chắc chắn là em chọn sên canh tại vì nói đơn giản hơn trong lĩnh vực nghề nghiệp của em người mẫu thì nó là một cái nghề nó có tuổi thọ rất là ngắn trong tất cả các ngành nghề mà nói về giải trí	em can em em thì em chắc chắn là chọn cam tại vì nói đơn giản hơn trong lĩnh vực nghề nghiệp của người mẫu thì nó là một cái nghề nó có tuổi thọ rất là ngắn trong tất cả ngành nhà mà nói về giải trí	tên c em thì em chắc chắn là em chọn xơn k tại vì nói đơn giản hơn trong lĩnh vực nghề nghiệp của em người mẫu thì nó là một cái nghề nó có tuổi thở rất là ngắn trong tất cả các ngành nghề mà nói về giải trí	tên c em thì em chắc chắn là em chọn sang c tại vì nói đơn giản hơn trong lĩnh vực nghề nghiệp của em người mẫu thì nó là một cái nghề nó có tuổi thở rất là ngắn trong tất cả các ngành nghề mà nói về giải trí	sen kênh em thì em chắc chắn là em chọn sen kênh tại vì nó đơn giản hơn trong lĩnh vực nghề nghiệp của em người mẫu thì nó là một cái nghề nó có tuổi thọ rất là ngắn trong tất cả các ngành nghề mà nói về giải trí	xen canh em em thì em chắc chắn là em chọn sen canh tại vì nói đơn giản thôi trong lĩnh vực nghề nghiệp của em người mẫu thì nó là một cái nghề nó có tuổi thọ rất là ngắn trong tất cả các ngành nghề mà nói về giải trí	EM CAN EM EM THÌ EM CHẮC CHẮN LÀ CHỌN CAM TẠI VÌ NÓI ĐƠN GIẢN HƠN TRONG LĨNH VỰC NGHỀ NGHIỆP CỦA NGƯỜI MẪU THÌ NÓ LÀ MỘT CÁI NGHỀ NÓ CÓ TUỔI THỌ RẤT LÀ NGẮN TRONG TẤT CẢ NGÀNH NHÀ MÀ NÓI VỀ GIẢI TRÍ	TÊN C EM THÌ EM CHẮC CHẮN LÀ EM CHỌN XƠN K TẠI VÌ NÓI ĐƠN GIẢN HƠN TRONG LĨNH VỰC NGHỀ NGHIỆP CỦA EM NGƯỜI MẪU THÌ NÓ LÀ MỘT CÁI NGHỀ NÓ CÓ TUỔI THỞ RẤT LÀ NGẮN TRONG TẤT CẢ CÁC NGÀNH NGHỀ MÀ NÓI VỀ GIẢI TRÍ	TÊN C EM THÌ EM CHẮC CHẮN LÀ EM CHỌN SANG C TẠI VÌ NÓI ĐƠN GIẢN HƠN TRONG LĨNH VỰC NGHỀ NGHIỆP CỦA EM NGƯỜI MẪU THÌ NÓ LÀ MỘT CÁI NGHỀ NÓ CÓ TUỔI THỞ RẤT LÀ NGẮN TRONG TẤT CẢ CÁC NGÀNH NGHỀ MÀ NÓI VỀ GIẢI TRÍ	sen kênh em thì em chắc chắn là em chọn sen kênh tại vì nó đơn giản hơn trong lĩnh vực nghề nghiệp của em người mẫu thì nó là một cái nghề nó có tuổi thọ rất là ngắn trong tất cả các ngành nghề mà nói về giải trí.	Xen canh em em thì em chắc chắn là em chọn sen canh, tại vì nói đơn giản thôi trong lĩnh vực nghề nghiệp của em, người mẫu thì nó là một cái nghề nó có tuổi thọ rất là ngắn trong tất cả các ngành nghề mà nói về giải trí.
train	9159	14.70	pseudo_label	hay là mình làm cái live sho vào cái lúc mà mọi người chưa thuộc những cái bài hát chẳng hạn hay là nó chưa đủ hay để mà người ta nghe người ta ngắm ngay chẳng hạn thì cái việc mà đôi khi mình quay trở lại một cái mảnh đất cũ nhìn ngắm lại nó và lại	hay là mình làm cái l li sho vào cái lúc mà mọi người trước thuộc những cái bài hát chẳng hạn hay là nó chưa đủ hay để mà người ta nghe người ta ngấm ngay chẳng hạn thì cái việc mà đôi khi mình quay trở lại một cáiảnh đất cũ nhìnắm lại nó và lại	hay là mình làm cái live sho vào cái lúc mà mọi người trước thuộc cái những cái bài hát chẳng hạn hay là nó chưa đủ hay để mà người ta nghe người ta ngấm nghe chẳng hạn đấy thì cái việc mà đôi khi mình quay trở lại một cái mảnh đất cũ nhìn ngắm lại nó và lại	hay là mình làm cái l li show vào cái lúc mà mọi người chưa thuộc những cái bài hát chẳng hạn hay là nó chưa đủ hay để mà người ta nghe người ta ngấm nghe chẳng hạn thì cái việc mà đôi khi mình quay trở lại một cái mảnh đất cũ nhìn ngắmm lại nó và lại	hay là mình làm cái lai phiu xô vào cái lúc mà mọi người chưa thuộc những cái bài hát chẳng hạn hay là nó chưa đủ hay để mà người ta nghe người ta ngấm ngay chẳng hạn đấy thì cái việc mà đôi khi mình quay trở lại một cái mảnh đất cũ nhìn ngắm lại nó và lại	hay là mình làm cái lai chô vào cái lúc mà mọi người chưa thuộc những cái bài hát chẳng hạn hay là nó chưa đủ hay để mà người ta nghe người ta ngấm ngay chẳng hạn thì cái việc mà đôi khi mình quay trở lại một cái mảnh đất cũ nhìn ngắm lại nó và lại	HAY LÀ MÌNH LÀM CÁI L LI SHO VÀO CÁI LÚC MÀ MỌI NGƯỜI TRƯỚC THUỘC NHỮNG CÁI BÀI HÁT CHẲNG HẠN HAY LÀ NÓ CHƯA ĐỦ HAY ĐỂ MÀ NGƯỜI TA NGHE NGƯỜI TA NGẤM NGAY CHẲNG HẠN THÌ CÁI VIỆC MÀ ĐÔI KHI MÌNH QUAY TRỞ LẠI MỘT CÁIẢNH ĐẤT CŨ NHÌNẮM LẠI NÓ VÀ LẠI	HAY LÀ MÌNH LÀM CÁI LIVE SHO VÀO CÁI LÚC MÀ MỌI NGƯỜI TRƯỚC THUỘC CÁI NHỮNG CÁI BÀI HÁT CHẲNG HẠN HAY LÀ NÓ CHƯA ĐỦ HAY ĐỂ MÀ NGƯỜI TA NGHE NGƯỜI TA NGẤM NGHE CHẲNG HẠN ĐẤY THÌ CÁI VIỆC MÀ ĐÔI KHI MÌNH QUAY TRỞ LẠI MỘT CÁI MẢNH ĐẤT CŨ NHÌN NGẮM LẠI NÓ VÀ LẠI	HAY LÀ MÌNH LÀM CÁI L LI SHOW VÀO CÁI LÚC MÀ MỌI NGƯỜI CHƯA THUỘC NHỮNG CÁI BÀI HÁT CHẲNG HẠN HAY LÀ NÓ CHƯA ĐỦ HAY ĐỂ MÀ NGƯỜI TA NGHE NGƯỜI TA NGẤM NGHE CHẲNG HẠN THÌ CÁI VIỆC MÀ ĐÔI KHI MÌNH QUAY TRỞ LẠI MỘT CÁI MẢNH ĐẤT CŨ NHÌN NGẮMM LẠI NÓ VÀ LẠI	hay là mình làm cái lai phiu xô vào cái lúc mà mọi người chưa thuộc những cái bài hát chẳng hạn hay là nó chưa đủ hay để mà người ta nghe người ta ngấm ngay chẳng hạn đấy thì cái việc mà đôi khi mình quay trở lại một cái mảnh đất cũ nhìn ngắm lại nó và lại.	Hay là mình làm cái lai chô vào cái lúc mà mọi người chưa thuộc những cái bài hát chẳng hạn, hay là nó chưa đủ hay để mà người ta nghe người ta ngấm ngay, chẳng hạn thì cái việc mà đôi khi mình quay trở lại một cái mảnh đất cũ, nhìn ngắm lại nó và lại.
train	751	13.60	pseudo_label	mà thực ra nó là một cái kỹ thuật để tóm tắt lại thông tin và mỗi hình này thì nó sẽ đại diện cho một câu hỏi mình sẽ bắt đầu với hình vuông trước câu hỏi của hình vuông là west race thinking có nghĩa là	mà thực ra nó là một cái kỹ thuật đểóm tác lại thông tin và mỗi hình này thì nó sẽ đạiiện cho một câu hỏi mình sẽ bắt đầu với hìnhố trước câu hỏi của hình vui là webioti trình có nghĩa là	mà thực ra nó là một cái kỹ kỹ thuật về tóm tác lại thông tin và mỗi hình này thì nó sẽ đại diện cho một câu hỏi mình sẽ bắt đầu với h vu trước câu hỏi của h hình vu là webquac ytiking có nghĩa là	mà thực ra nó là một cái kỹ kỹ thuật về t tác lại thông tin và mỗi hình này thì nó sẽ đại d cho một câu hỏi mình sẽ bắt đầu với hìnhố trước câu hỏi của hìnhương là w sque của tinh tình có nghĩa là	mà thực ra nó là một cái kỹ thuật để tòm tắt lại thông tin và mỗi hình này thì nó sẽ đại diện cho câu hỏi mình sẽ bắt đầu bởi hình vuông trước câu hỏi của hình vuông là uắtt câu về là gì các bạn đang nghĩ đến gì có nghĩa là	mà thực ra nó là một cái kỹ kỹ thuật để tóm tắt lại thông tin và mỗi hình này thì nó sẽ đại diện cho một câu hỏi mình sẽ bắt đầu với hình vuông trước câu hỏi của hình vuông làoắtờ quâyơ tinhình có nghĩa là	MÀ THỰC RA NÓ LÀ MỘT CÁI KỸ THUẬT ĐỂÓM TÁC LẠI THÔNG TIN VÀ MỖI HÌNH NÀY THÌ NÓ SẼ ĐẠIIỆN CHO MỘT CÂU HỎI MÌNH SẼ BẮT ĐẦU VỚI HÌNHỐ TRƯỚC CÂU HỎI CỦA HÌNH VUI LÀ WEBIOTI TRÌNH CÓ NGHĨA LÀ	MÀ THỰC RA NÓ LÀ MỘT CÁI KỸ KỸ THUẬT VỀ TÓM TÁC LẠI THÔNG TIN VÀ MỖI HÌNH NÀY THÌ NÓ SẼ ĐẠI DIỆN CHO MỘT CÂU HỎI MÌNH SẼ BẮT ĐẦU VỚI H VU TRƯỚC CÂU HỎI CỦA H HÌNH VU LÀ WEBQUAC YTIKING CÓ NGHĨA LÀ	MÀ THỰC RA NÓ LÀ MỘT CÁI KỸ KỸ THUẬT VỀ T TÁC LẠI THÔNG TIN VÀ MỖI HÌNH NÀY THÌ NÓ SẼ ĐẠI D CHO MỘT CÂU HỎI MÌNH SẼ BẮT ĐẦU VỚI HÌNHỐ TRƯỚC CÂU HỎI CỦA HÌNHƯƠNG LÀ W SQUE CỦA TINH TÌNH CÓ NGHĨA LÀ	mà thực ra nó là một cái kỹ thuật để tòm tắt lại thông tin và mỗi hình này thì nó sẽ đại diện cho câu hỏi mình sẽ bắt đầu bởi hình vuông trước câu hỏi của hình vuông là uắtt câu về là gì các bạn đang nghĩ đến gì có nghĩa là.	Mà thực ra nó là một cái kỹ kỹ thuật để tóm tắt lại thông tin, và mỗi hình này thì nó sẽ đại diện cho một câu hỏi mình sẽ bắt đầu với hình vuông trước. Câu hỏi của hình vuông làoắtờ quâyơ tinhình có nghĩa là
train	11359	14.80	pseudo_label	kỹ năng những tri thức của chúng ta khi đi làm thì nó thay đổi rất là nhanh và nó lỗi thời cũng rất nhanh bảy trong mười kỹ năng quan trọng nhất để chúng ta làm việc hiệu quả thì sẽ thay đổi trong vòng năm năm theo số liệu của diễn đàn kinh tế thế giới	kỹ năm những trí thức của chúng ta hay đi làm thì nó thay đổi rất là nhanh và nó lợi thời cũng rất nhanh bảy trong mười kỹ năng quan trọng nhất để chúng ta là biệt hiệu quả thì sẽ thay đổi trongòng năm năm theo số liệu của diễnàn kinh về thế giới	kỹ năng những tri thức của chúng ta khi đi làm thì nó thay đổi rất là nhanh và nó lỗi thời cũng rất nhanh bảy trong mười kỹ năng quan trọng nhất để chúng ta làm việc hiệu quả thì sẽ thay đổi trong vòng năm năm theo số liệu của diễn đoàn kinh tế thế giới	kỹ năng những tri thức của chúng ta khi đi làm thì nó thay đổi rất là nhanh và nó lỗi thời cũng rất nhanh bảy trong mười kỹ năng quan trọng nhất để chúng ta làm việc hiệu quả thì sẽ thay đổi trong vòng năm năm theo số liệu của diễn đàn kinh tế thế giới	kỹ năng những tri thức của chúng ta khi đi làm thì nó thay đổi rất là nhanh và nó lỗi thời cũng rất nhanh bảy trong mười kỹ năng quan trọng nhất để chúng ta làm việc hiệu quả thì sẽ thay đổi trong vòng năm năm theo số liệu của diễn đàn kinh tế thế giới	kỹ năng những tri thức của chúng ta khi đi làm thì nó thay đổi rất là nhanh và nó lỗi thời cũng rất nhanh bảy trong mười kỹ năng quan trọng nhất để chúng ta làm việc hiệu quả thì sẽ thay đổi trong vòng năm năm theo số liệu của diễn đàn kinh tế thế giới	KỸ NĂM NHỮNG TRÍ THỨC CỦA CHÚNG TA HAY ĐI LÀM THÌ NÓ THAY ĐỔI RẤT LÀ NHANH VÀ NÓ LỢI THỜI CŨNG RẤT NHANH BẢY TRONG MƯỜI KỸ NĂNG QUAN TRỌNG NHẤT ĐỂ CHÚNG TA LÀ BIỆT HIỆU QUẢ THÌ SẼ THAY ĐỔI TRONGÒNG NĂM NĂM THEO SỐ LIỆU CỦA DIỄNÀN KINH VỀ THẾ GIỚI	KỸ NĂNG NHỮNG TRI THỨC CỦA CHÚNG TA KHI ĐI LÀM THÌ NÓ THAY ĐỔI RẤT LÀ NHANH VÀ NÓ LỖI THỜI CŨNG RẤT NHANH BẢY TRONG MƯỜI KỸ NĂNG QUAN TRỌNG NHẤT ĐỂ CHÚNG TA LÀM VIỆC HIỆU QUẢ THÌ SẼ THAY ĐỔI TRONG VÒNG NĂM NĂM THEO SỐ LIỆU CỦA DIỄN ĐOÀN KINH TẾ THẾ GIỚI	KỸ NĂNG NHỮNG TRI THỨC CỦA CHÚNG TA KHI ĐI LÀM THÌ NÓ THAY ĐỔI RẤT LÀ NHANH VÀ NÓ LỖI THỜI CŨNG RẤT NHANH BẢY TRONG MƯỜI KỸ NĂNG QUAN TRỌNG NHẤT ĐỂ CHÚNG TA LÀM VIỆC HIỆU QUẢ THÌ SẼ THAY ĐỔI TRONG VÒNG NĂM NĂM THEO SỐ LIỆU CỦA DIỄN ĐÀN KINH TẾ THẾ GIỚI	kỹ năng những tri thức của chúng ta khi đi làm thì nó thay đổi rất là nhanh và nó lỗi thời cũng rất nhanh bảy trong mười kỹ năng quan trọng nhất để chúng ta làm việc hiệu quả thì sẽ thay đổi trong vòng năm năm theo số liệu của diễn đàn kinh tế thế giới.	Kỹ năng, những tri thức của chúng ta khi đi làm thì nó thay đổi rất là nhanh, và nó lỗi thời cũng rất nhanh. bảy trong mười kỹ năng quan trọng nhất để chúng ta làm việc hiệu quả thì sẽ thay đổi trong vòng năm năm theo số liệu của Diễn đàn Kinh tế Thế giới.
train	11363	13.90	pseudo_label	và đó là ba nỗi đau rất là lớn ruby thấy trong rất nhiều năm và nó chưa có giải pháp tốt và mình muốn bắt đầu một cái sự nghiệp mới để giải quyết vấn đề này tụi mình sáng lập ra cua để giải quyết những vấn đề mà mình vừa nói tới và crush là một network	và đó làanỗi lâu rất là lớn rubiện thành trong rất nhiều năm và nó chưa quốc giải pháp tốt và mình muốn bắt đầu một cái sự nghiệp mới thể giải quyết vấn đề này tụi mình sáng lập raues để giải quyết những vấn đề mà mình vừa nói tới vàes vấnét quốc	và đó nó ban nội đau rất là lớn rby thấy trong rất nhiều năm và nó chưa có giải pháp tốt và mình muốn bắt đầu một cái sự nghiệp mới để giải quyết vấn đề này tụi mình sáng lập ra curess để giải quyết những vấn đề mà mình vừa nói tới và cress mình một nétwk	và đó làan nó đau rất là lớnub biệt thấy trong rất nhiều năm và nó chưa có giải pháp tốt và mình muốn bắt đầu một cái sự nghiệp mới để giải quyết vấn đề này tụi mình sáng l lập d gu để giải quyết những vấn đề mà mình vừa nói tới và kus mình và nét quốc	và đó là ba nỗi đau rất là lớn rùa biển thấy trong rất nhiều năm và nó chưa có giải pháp tốt ở và mình muốn bắt đầu ở một cái sự nghiệp mới để giải quyết vấn đề này tụ mình sáng lập ra khi rớt để giải quyết những vấn đề mà mình vừa nói tới và khi rớt một nét guốc	và đón là ba nỗi đau rất là lớn r rồiiện thấy trong rất nhiều năm và nó chưa có giải pháp tốt và mình muốn bắt đầu một cái sự nghiệp mới để giải quyết vấn đề này tụi mình sáng lập ra khii rớ để giải quyết những vấn đề mà mình vừa nói tới và khii rớ một nétuốc	VÀ ĐÓ LÀANỖI LÂU RẤT LÀ LỚN RUBIỆN THÀNH TRONG RẤT NHIỀU NĂM VÀ NÓ CHƯA QUỐC GIẢI PHÁP TỐT VÀ MÌNH MUỐN BẮT ĐẦU MỘT CÁI SỰ NGHIỆP MỚI THỂ GIẢI QUYẾT VẤN ĐỀ NÀY TỤI MÌNH SÁNG LẬP RAUES ĐỂ GIẢI QUYẾT NHỮNG VẤN ĐỀ MÀ MÌNH VỪA NÓI TỚI VÀES VẤNÉT QUỐC	VÀ ĐÓ NÓ BAN NỘI ĐAU RẤT LÀ LỚN RBY THẤY TRONG RẤT NHIỀU NĂM VÀ NÓ CHƯA CÓ GIẢI PHÁP TỐT VÀ MÌNH MUỐN BẮT ĐẦU MỘT CÁI SỰ NGHIỆP MỚI ĐỂ GIẢI QUYẾT VẤN ĐỀ NÀY TỤI MÌNH SÁNG LẬP RA CURESS ĐỂ GIẢI QUYẾT NHỮNG VẤN ĐỀ MÀ MÌNH VỪA NÓI TỚI VÀ CRESS MÌNH MỘT NÉTWK	VÀ ĐÓ LÀAN NÓ ĐAU RẤT LÀ LỚNUB BIỆT THẤY TRONG RẤT NHIỀU NĂM VÀ NÓ CHƯA CÓ GIẢI PHÁP TỐT VÀ MÌNH MUỐN BẮT ĐẦU MỘT CÁI SỰ NGHIỆP MỚI ĐỂ GIẢI QUYẾT VẤN ĐỀ NÀY TỤI MÌNH SÁNG L LẬP D GU ĐỂ GIẢI QUYẾT NHỮNG VẤN ĐỀ MÀ MÌNH VỪA NÓI TỚI VÀ KUS MÌNH VÀ NÉT QUỐC	và đó là ba nỗi đau rất là lớn rùa biển thấy trong rất nhiều năm và nó chưa có giải pháp tốt ở và mình muốn bắt đầu ở một cái sự nghiệp mới để giải quyết vấn đề này tụ mình sáng lập ra khi rớt để giải quyết những vấn đề mà mình vừa nói tới và khi rớt một nét guốc.	Và đón là ba nỗi đau rất là lớn, R rồiiện thấy trong rất nhiều năm và nó chưa có giải pháp tốt và mình muốn bắt đầu một cái sự nghiệp mới để giải quyết vấn đề này. tụi mình sáng lập ra khii rớ để giải quyết những vấn đề mà mình vừa nói tới, và khii rớ một nétuốc.
train	11372	10.50	pseudo_label	trường đại học hàng đầu thế giới như là new york unice u pan harvard tâm đến quy tụ nhân tài trong hai lĩnh vực này để thực hiện sứ mệnh này	trường đại học hành đầu thế giới như là nhưwro nhâno cyuenararùng mình quy tụ nhân tài trong hai lĩnh vực này để thực hiệnừngệnh này	trường đại học hàng động thế giới như là newroork in the ypenan harvard từng đến quy tụ nhân tài trong hai lĩnh vực này để thực hiện sứ mệnh này	trường đại học hàng đầu thế giới như là newor innutcti oenenarar tụi đến b tụ nhân tài trong hai lĩnh vực này để thực hiện s mệnh này	trường đại học hàng đầu thế giới như là ở niu doóc ở uniparty ở ukraine ở harvard tổ mình quy tụ nhân tài trong hai lĩnh vực này để thực hiện sứ bệnh này	trường đại học hàng đầu thế giới như là niw yo unsi pen harvớ tụi mình quy tụ nhân tài trong hai lĩnh vực này để thực hiện sứ m bệnh này	TRƯỜNG ĐẠI HỌC HÀNH ĐẦU THẾ GIỚI NHƯ LÀ NHƯWRO NHÂNO CYUENARARÙNG MÌNH QUY TỤ NHÂN TÀI TRONG HAI LĨNH VỰC NÀY ĐỂ THỰC HIỆNỪNGỆNH NÀY	TRƯỜNG ĐẠI HỌC HÀNG ĐỘNG THẾ GIỚI NHƯ LÀ NEWROORK IN THE YPENAN HARVARD TỪNG ĐẾN QUY TỤ NHÂN TÀI TRONG HAI LĨNH VỰC NÀY ĐỂ THỰC HIỆN SỨ MỆNH NÀY	TRƯỜNG ĐẠI HỌC HÀNG ĐẦU THẾ GIỚI NHƯ LÀ NEWOR INNUTCTI OENENARAR TỤI ĐẾN B TỤ NHÂN TÀI TRONG HAI LĨNH VỰC NÀY ĐỂ THỰC HIỆN S MỆNH NÀY	trường đại học hàng đầu thế giới như là ở niu doóc ở uniparty ở ukraine ở harvard tổ mình quy tụ nhân tài trong hai lĩnh vực này để thực hiện sứ bệnh này.	Trường đại học hàng đầu thế giới như là Niw Yo Unsi Pen Harvớ, tụi mình quy tụ nhân tài trong hai lĩnh vực này để thực hiện sứ m bệnh này.
train	11445	15.00	pseudo_label	mình phỏng vấn chung nguyễn từ exce final t lúc mà mình phỏng vấn chung là acce finaly đã trở thành union rồi và mình nhìn câu chuyện của họ thì mình thấy quả thành công rất là nhanh chóng lớn kiểu thành công qua đêm nhưng chung có kể với mình là để mà	mình phỏng vấnông nguyễnuy thử einiitt lúc mà mình phỏng vấn chung là smin đi sẽ trở thànhuy con rồi và mình nhìn câu chuyện của họ thì mình thấy bảo thành công rất là nhanh chóng vẫn tập thành công quaêm nhưng chung có kể với mình và để mà	mình phỏng vấn trong nguyễn th a pt lúc mà mình phỏng vấn chung là spin tại trở thành nunic rồi và mình nhìn câu chuyện của họ thì mình thấy thành công rất là nhanh chóng l c thành công qua đêm nhưng chung có kể với mình là để mà	mình phỏng vấn trong nguy từ sxt lúc mà mình phỏng vấn chung là exd sẽ trở thành uni con rồi và mình nhìn câu chuyện của họ thì mình thấy ở thành công rất là nhanh chóng hướng t thành công qua đêm nhưng chung có kể với mình là để mà	mình phỏng vấn trung nguyễn từ xin phin tơ ty lúc mà mình phỏng vấn trung là xin phin thì đã trở thành unit con rồi và mình nhìn câu chuyện của họ thì mình thấy ồ thành công rất nhanh chóng lớn kiểu thành công qua đêm ờ nhưng trung có kể với mình là để mà	mình phỏng vấn chung nguyễnừ ế xin phi ni ti lúc mà mình phỏng vấn chung là ế xin phii đã trở thànhu ni con rồi và mình nhìn câu chuyện của họ thì mình thấy thành công rất là nhanh chóng với kiểu thành công qua đêmờ nhưng chung có kể với mình là để mà	MÌNH PHỎNG VẤNÔNG NGUYỄNUY THỬ EINIITT LÚC MÀ MÌNH PHỎNG VẤN CHUNG LÀ SMIN ĐI SẼ TRỞ THÀNHUY CON RỒI VÀ MÌNH NHÌN CÂU CHUYỆN CỦA HỌ THÌ MÌNH THẤY BẢO THÀNH CÔNG RẤT LÀ NHANH CHÓNG VẪN TẬP THÀNH CÔNG QUAÊM NHƯNG CHUNG CÓ KỂ VỚI MÌNH VÀ ĐỂ MÀ	MÌNH PHỎNG VẤN TRONG NGUYỄN TH A PT LÚC MÀ MÌNH PHỎNG VẤN CHUNG LÀ SPIN TẠI TRỞ THÀNH NUNIC RỒI VÀ MÌNH NHÌN CÂU CHUYỆN CỦA HỌ THÌ MÌNH THẤY  THÀNH CÔNG RẤT LÀ NHANH CHÓNG L C THÀNH CÔNG QUA ĐÊM NHƯNG CHUNG CÓ KỂ VỚI MÌNH LÀ ĐỂ MÀ	MÌNH PHỎNG VẤN TRONG NGUY TỪ SXT LÚC MÀ MÌNH PHỎNG VẤN CHUNG LÀ EXD SẼ TRỞ THÀNH UNI CON RỒI VÀ MÌNH NHÌN CÂU CHUYỆN CỦA HỌ THÌ MÌNH THẤY Ở THÀNH CÔNG RẤT LÀ NHANH CHÓNG HƯỚNG T THÀNH CÔNG QUA ĐÊM NHƯNG CHUNG CÓ KỂ VỚI MÌNH LÀ ĐỂ MÀ	mình phỏng vấn trung nguyễn từ xin phin tơ ty lúc mà mình phỏng vấn trung là xin phin thì đã trở thành unit con rồi và mình nhìn câu chuyện của họ thì mình thấy ồ thành công rất nhanh chóng lớn kiểu thành công qua đêm ờ nhưng trung có kể với mình là để mà.	Mình phỏng vấn chung Nguyễnừ ế xin Phi ni ti lúc mà mình phỏng vấn chung là ế xin Phii đã trở thànhu ni con rồi, và mình nhìn câu chuyện của họ thì mình thấy thành công rất là nhanh chóng, với kiểu thành công qua đêmỜ, nhưng chung có kể với mình là để mà.
validation	99	12.80	pseudo_label	khi res một rủi ro khá là lớn chia sẻ chắc là hậu khá là quen thuộc với khái niệm này đó là risk và dire đúng không thì một start có rất nhiều res là những rủi ro thì mình phải biết là đâu là những rủi ro lớn nhất và mình phải lên kế hoạch để mình có thể	uủ do khá là lớn chia sẻ chắc là họ khá là conân thuộc với khái niệm này đang lài vài đúng không thì mộtup có rất nhiều ri r là những rủi ro thì mình phải biết là đâu nhữngử do lớn nhất và mình phải lên kế hoạch về mình có thể	des vừa rủi r khá là lớn chia sẻ chắc là hậu khá là con thuộc với khái niệm này đó là wes và d ries đúng không thì một setup có rất nhiều ress riesst và những rủi ro thì mình phải biết là đâu những rủi ro lớn nhất và mình phải nên kế hoạch để mình có thể	ku r ra khá là lớn chia sẻ chắc là hậu khá là quen thuộcp với khái niệm này nó là rs và di đúng không thì một sup có rất nhiều rr và những rủi roo thì mình phải biết là đâu những rủi ro lớn nhất và mình phải lên kế hoạch mình có thể	churis là một rủi ro khá là lớn chia sẻ chắc là hậu khá là quen thu hợp với khái niệm là rít và de rít được móc thì một startup có rất nhiều rít là những rủi ro thì mình phải biết là đâu là những rủi ro lớn nhất và mình phải lên kế hoạch để mình có thể	khii rít là rủi ro khá là lớn chia sẻ rất là hậu khá năng quen thuộc với khái niệm này đâu là rít và đi rít đúng không thì sờ ắp có rất nhiều rít rít là những rủi ro thì mình phải biết là đâu là những rủi ro lớn nhất và mình phải lên kế hoạch để mình có thể	UỦ DO KHÁ LÀ LỚN CHIA SẺ CHẮC LÀ HỌ KHÁ LÀ CONÂN THUỘC VỚI KHÁI NIỆM NÀY ĐANG LÀI VÀI ĐÚNG KHÔNG THÌ MỘTUP CÓ RẤT NHIỀU RI R LÀ NHỮNG RỦI RO THÌ MÌNH PHẢI BIẾT LÀ ĐÂU NHỮNGỬ DO LỚN NHẤT VÀ MÌNH PHẢI LÊN KẾ HOẠCH VỀ MÌNH CÓ THỂ	DES VỪA RỦI R KHÁ LÀ LỚN CHIA SẺ CHẮC LÀ HẬU KHÁ LÀ CON THUỘC VỚI KHÁI NIỆM NÀY ĐÓ LÀ WES VÀ D RIES ĐÚNG KHÔNG THÌ MỘT SETUP CÓ RẤT NHIỀU RESS RIESST VÀ NHỮNG RỦI RO THÌ MÌNH PHẢI BIẾT LÀ ĐÂU NHỮNG RỦI RO LỚN NHẤT VÀ MÌNH PHẢI NÊN KẾ HOẠCH ĐỂ MÌNH CÓ THỂ	KU R RA KHÁ LÀ LỚN CHIA SẺ CHẮC LÀ HẬU KHÁ LÀ QUEN THUỘCP VỚI KHÁI NIỆM NÀY NÓ LÀ RS VÀ DI ĐÚNG KHÔNG THÌ MỘT SUP CÓ RẤT NHIỀU RR VÀ NHỮNG RỦI ROO THÌ MÌNH PHẢI BIẾT LÀ ĐÂU NHỮNG RỦI RO LỚN NHẤT VÀ MÌNH PHẢI LÊN KẾ HOẠCH MÌNH CÓ THỂ	churis là một rủi ro khá là lớn chia sẻ chắc là hậu khá là quen thu hợp với khái niệm là rít và de rít được móc thì một startup có rất nhiều rít là những rủi ro thì mình phải biết là đâu là những rủi ro lớn nhất và mình phải lên kế hoạch để mình có thể.	Khii rít là rủi ro khá là lớn, chia sẻ rất là hậu khá năng quen thuộc với khái niệm này đâu là rít và đi rít đúng không? thì sờ ắp có rất nhiều rít rít là những rủi ro thì mình phải biết là đâu là những rủi ro lớn nhất và mình phải lên kế hoạch để mình có thể.
validation	1309	10.90	pseudo_label	cái tập phỏng vấn ruby phỏng vấn anh đức phùng là gm của câu trách tại việt nam thì mình biết từ góc nhìn của mình thì mình biết rằng câu trách là một một startup mà có	cái tập phẩm vấn ruby phỏng vấn anh rất là em của câuje tại việt nam thì mình biết từ góc nhìn của mình thì mình biết là câu chuyện là một một startup mà có	cái tập phỏng vấn ruby phỏng vấn anh rất phụcùng là gm của câujc tại việt nam thì mình biết từ góc nhìn của mình thì mình biết đến câu tr là một một startup mà có	cái tập phỏng vấnuby phỏng vấn anhức phục là g em của câujec tại việt nam thì mình biết từ góc nhìn của mình thì mình biết là câuj là một một startup mà có	unk tập phỏng vấn rú bi phỏng vấn anh đức phùng là di em của câu chếch tại việt nam thì mình biết từ góc nhìn của mình thì mình biết rằng câu chếch là một một sờ tát ắp mà có	cái tác phỏng vấn rui phỏng vấn anh đức phùng là d em của g câu trếch tại việt nam thì mình biết từ góc nhìn của mình thì mình biết là câu tráchch là một ờ một sờ tát ắp mà có	CÁI TẬP PHẨM VẤN RUBY PHỎNG VẤN ANH RẤT LÀ EM CỦA CÂUJE TẠI VIỆT NAM THÌ MÌNH BIẾT TỪ GÓC NHÌN CỦA MÌNH THÌ MÌNH BIẾT LÀ CÂU CHUYỆN LÀ MỘT MỘT STARTUP MÀ CÓ	CÁI TẬP PHỎNG VẤN RUBY PHỎNG VẤN ANH RẤT PHỤCÙNG LÀ GM CỦA CÂUJC TẠI VIỆT NAM THÌ MÌNH BIẾT TỪ GÓC NHÌN CỦA MÌNH THÌ MÌNH BIẾT ĐẾN CÂU TR LÀ MỘT MỘT STARTUP MÀ CÓ	CÁI TẬP PHỎNG VẤNUBY PHỎNG VẤN ANHỨC PHỤC LÀ G EM CỦA CÂUJEC TẠI VIỆT NAM THÌ MÌNH BIẾT TỪ GÓC NHÌN CỦA MÌNH THÌ MÌNH BIẾT LÀ CÂUJ LÀ MỘT MỘT STARTUP MÀ CÓ	unk tập phỏng vấn rú bi phỏng vấn anh đức phùng là di em của câu chếch tại việt nam thì mình biết từ góc nhìn của mình thì mình biết rằng câu chếch là một một sờ tát ắp mà có.	Cái tác phỏng vấn Rui phỏng vấn anh Đức Phùng là D em của G câu trếch tại Việt Nam, thì mình biết từ góc nhìn của mình thì mình biết là câu tráchch là một ờ một sờ tát ắp mà có.
train	767	13.10	pseudo_label	cách thức vận hành cho đến là trong việc là xây dựng các sản phẩm dịch vụ theo những cái gì mà mình nghĩ là ok là nó hợp lý nó là đúng nó sẽ tạo ra những bước chuyển biến mạnh mẽ	cách th thức vận hành cho đến là trong việc là xây dựng cái sản phẩm dịch vụ theo những cái gì mà mình nghĩ là ok là nó hợp lý nó là đúng nó sẽ tạo ra những biết chuyển biến mạnh mẽ	cách thức vận hành cho đến là trong việc là xây dựng cái sản phẩm dịch vụ theo những cái gì mà mình nghĩ là ok là nó hợp lý nó là đúng nó sẽ tạo ra những biết chuyển biến mạnh mẽ	cách thức vận hành cho đến là trong việc là xây dựng cái sản phẩm dịch vụ theo những cái gì mà mình nghĩ là ok là nó hợp lý nó là đúng nó sẽ tạo ra những cái chuyển biến mạnh mẽ	cách thức vận hành cho đến là à trong việc là xây dựng các sản phẩm dịch vụ theo những cái gì mà mình nghĩ là ô kê là nó hợp lý nó là đúng nó sẽ tạo ra những biết chuyển biến mạnh mẽ	cách thức vận hành cho đến là trong việc là xây dựng các sản phẩm dịch vụ theo những cái gì mà mình nghĩ là o kê là nó hợp lý nó là đúng nó sẽ tạo ra những bước chuyển biến mạnh mẽ	CÁCH TH THỨC VẬN HÀNH CHO ĐẾN LÀ TRONG VIỆC LÀ XÂY DỰNG CÁI SẢN PHẨM DỊCH VỤ THEO NHỮNG CÁI GÌ MÀ MÌNH NGHĨ LÀ OK LÀ NÓ HỢP LÝ NÓ LÀ ĐÚNG NÓ SẼ TẠO RA NHỮNG BIẾT CHUYỂN BIẾN MẠNH MẼ	CÁCH THỨC VẬN HÀNH CHO ĐẾN LÀ TRONG VIỆC LÀ XÂY DỰNG CÁI SẢN PHẨM DỊCH VỤ THEO NHỮNG CÁI GÌ MÀ MÌNH NGHĨ LÀ OK LÀ NÓ HỢP LÝ NÓ LÀ ĐÚNG NÓ SẼ TẠO RA NHỮNG BIẾT CHUYỂN BIẾN MẠNH MẼ	CÁCH THỨC VẬN HÀNH CHO ĐẾN LÀ TRONG VIỆC LÀ XÂY DỰNG CÁI SẢN PHẨM DỊCH VỤ THEO NHỮNG CÁI GÌ MÀ MÌNH NGHĨ LÀ OK LÀ NÓ HỢP LÝ NÓ LÀ ĐÚNG NÓ SẼ TẠO RA NHỮNG CÁI CHUYỂN BIẾN MẠNH MẼ	cách thức vận hành cho đến là à trong việc là xây dựng các sản phẩm dịch vụ theo những cái gì mà mình nghĩ là ô kê là nó hợp lý nó là đúng nó sẽ tạo ra những biết chuyển biến mạnh mẽ.	Cách thức vận hành cho đến là trong việc là xây dựng các sản phẩm dịch vụ theo những cái gì mà mình nghĩ là o kê là nó hợp lý, nó là đúng, nó sẽ tạo ra những bước chuyển biến mạnh mẽ.
train	775	10.20	pseudo_label	rất là mong là ope sẽ sớm trở thành một trong những công ty top mười của việt nam và sẽ có rất là nhiều cái thứ thú vị chúng ta có thể mong đợi từ opec cảm ơn rất là nhiều cảm ơn em cảm ơn	rất là mong là opa sẽ sớm trở thành một chân công ty to mười của việt nam và sẽ có rất là nhiều cái thứ thú vị chúng ta có thể mong đợi từ ova cảm ơn rất thành nhiều cảm cảm	rất là mong là ope sẽ sớm trở thành một trong những công ty top mười của việt nam và sẽ có rất là nhiều cái thứ thú vị chúng ta có thể mong đợi từ ap cảm ơn rất là nhiều cảm ơn này cảm anh	rất là mong là opc sẽ sớm trở thành một trong những công ty top mười của việt nam và sẽ có rất là nhiều cái thứ thú vị chúng ta có thể mong đợi từ ope cảm ơn rất ta nhiều cảm cảm quan cảm ơn	rất là mong là ô pét sẽ sớm trở thành nhà một trong những công ty tốp người của việt nam và sẽ có rất nhiều thứ thú vị chúng ta có thể mong đợi từ ô pét cám ơn rất là nhiều cảm ơn anh	r rất là mong là ô pét sẽ sớm trở thành một trong những công ty top mười của việt nam và sẽ có rất là nhiều cái thứ thú vị chúng ta có thể mong đợi từ ô pét cảm ơn rất là nhiều cảm ơn c cảm ơn	RẤT LÀ MONG LÀ OPA SẼ SỚM TRỞ THÀNH MỘT CHÂN CÔNG TY TO MƯỜI CỦA VIỆT NAM VÀ SẼ CÓ RẤT LÀ NHIỀU CÁI THỨ THÚ VỊ CHÚNG TA CÓ THỂ MONG ĐỢI TỪ OVA CẢM ƠN RẤT THÀNH NHIỀU CẢM CẢM	RẤT LÀ MONG LÀ OPE SẼ SỚM TRỞ THÀNH MỘT TRONG NHỮNG CÔNG TY TOP MƯỜI CỦA VIỆT NAM VÀ SẼ CÓ RẤT LÀ NHIỀU CÁI THỨ THÚ VỊ CHÚNG TA CÓ THỂ MONG ĐỢI TỪ AP CẢM ƠN RẤT LÀ NHIỀU CẢM ƠN NÀY CẢM ANH	RẤT LÀ MONG LÀ OPC SẼ SỚM TRỞ THÀNH MỘT TRONG NHỮNG CÔNG TY TOP MƯỜI CỦA VIỆT NAM VÀ SẼ CÓ RẤT LÀ NHIỀU CÁI THỨ THÚ VỊ CHÚNG TA CÓ THỂ MONG ĐỢI TỪ OPE CẢM ƠN RẤT TA NHIỀU CẢM CẢM QUAN CẢM ƠN	rất là mong là ô pét sẽ sớm trở thành nhà một trong những công ty tốp người của việt nam và sẽ có rất nhiều thứ thú vị chúng ta có thể mong đợi từ ô pét cám ơn rất là nhiều cảm ơn anh.	R rất là mong là  Ô Pét sẽ sớm trở thành một trong những công ty top mười của Việt Nam và sẽ có rất là nhiều cái thứ thú vị. chúng ta có thể mong đợi từ Ô Pét. Cảm ơn rất là nhiều. cảm ơn. C cảm ơn.
train	11578	14.60	pseudo_label	với đối tượng khách hàng phù hợp với cả cái hình thức vận hành số cho đến cái dịch vụ khách hàng ở đằng sau cho đến giải quyết quyền lợi bồi thường thanh toán kể cả việc thanh toán mua bảo hiểm cũng như về sau việc trả bồi thường cho khách hàng làm sao có thể tất cả những cái đó	với đối tượng khách hàng phù hợp với cả cái hình thứcậnận hành số cho đến cái dịch vụ khách hàng đằng sao cho đến giải quyết củaợiồi thường thanh toán kể cả biệt thanh toán mua bảo hiểm cũng như về sau việcàồi thường cho khách hàng làm sao có thể tất cả những cái đó	với đối tượng khách hàng phù hợp với cả cái hình thức b vận hành số cho đến nghĩa dịch vụ khách hàng là đằng sau cho đến giải quyết của lại bồi thường thanh toán kể cả việc thanh toán mua bảo hiểm cũng như về sau việc tr trẻ bồi thường cho khách hàng làm sao có thể tất cả những cái đó	với đối tượng khách hàng phù hợp với cả cái hình thứcận vận hành số cho đến nghĩa dịch vụ khách hàng ở đằng sau cho đến giải quyết của lại bồi thường thanh toán kể cả việc thanh toán mua bảo hiểm một cũng như về sau việc trảàồi thường cho khách hàng làm sao có thể tất cả những cái đó	với đối tượng khách hàng phù hợp với cả cái hình thức vận hành số cho đến ghế dịch vụ khách hàng ở đằng sau cho đến giải quyết quyền lợi bồi thường thanh toán kể cả việc thanh toán mô bảo hiểm cũng như về sau việc trả bồi thường cho khách hàng làm sao có thể tất cả những cái đó	với đối tượng khách hàng phù hợp với cả cái hình thức vận vận hành số cho đến cái dịch vụ khách hàng ở đằng sau cho đến giải quyết quyền lợi bồi thường thanh toán kể cả việc thanh toán mua bảo hiểm cũng như về sau việc trả bồi thường cho khách hàng làm sao có thể tất cả những cái đó	VỚI ĐỐI TƯỢNG KHÁCH HÀNG PHÙ HỢP VỚI CẢ CÁI HÌNH THỨCẬNẬN HÀNH SỐ CHO ĐẾN CÁI DỊCH VỤ KHÁCH HÀNG ĐẰNG SAO CHO ĐẾN GIẢI QUYẾT CỦAỢIỒI THƯỜNG THANH TOÁN KỂ CẢ BIỆT THANH TOÁN MUA BẢO HIỂM CŨNG NHƯ VỀ SAU VIỆCÀỒI THƯỜNG CHO KHÁCH HÀNG LÀM SAO CÓ THỂ TẤT CẢ NHỮNG CÁI ĐÓ	VỚI ĐỐI TƯỢNG KHÁCH HÀNG PHÙ HỢP VỚI CẢ CÁI HÌNH THỨC B VẬN HÀNH SỐ CHO ĐẾN NGHĨA DỊCH VỤ KHÁCH HÀNG LÀ ĐẰNG SAU CHO ĐẾN GIẢI QUYẾT CỦA LẠI BỒI THƯỜNG THANH TOÁN KỂ CẢ VIỆC THANH TOÁN MUA BẢO HIỂM CŨNG NHƯ VỀ SAU VIỆC TR TRẺ BỒI THƯỜNG CHO KHÁCH HÀNG LÀM SAO CÓ THỂ TẤT CẢ NHỮNG CÁI ĐÓ	VỚI ĐỐI TƯỢNG KHÁCH HÀNG PHÙ HỢP VỚI CẢ CÁI HÌNH THỨCẬN VẬN HÀNH SỐ CHO ĐẾN NGHĨA DỊCH VỤ KHÁCH HÀNG Ở ĐẰNG SAU CHO ĐẾN GIẢI QUYẾT CỦA LẠI BỒI THƯỜNG THANH TOÁN KỂ CẢ VIỆC THANH TOÁN MUA BẢO HIỂM MỘT CŨNG NHƯ VỀ SAU VIỆC TRẢÀỒI THƯỜNG CHO KHÁCH HÀNG LÀM SAO CÓ THỂ TẤT CẢ NHỮNG CÁI ĐÓ	với đối tượng khách hàng phù hợp với cả cái hình thức vận hành số cho đến ghế dịch vụ khách hàng ở đằng sau cho đến giải quyết quyền lợi bồi thường thanh toán kể cả việc thanh toán mô bảo hiểm cũng như về sau việc trả bồi thường cho khách hàng làm sao có thể tất cả những cái đó.	Với đối tượng khách hàng phù hợp với cả cái hình thức vận vận hành số, cho đến cái dịch vụ khách hàng ở đằng sau cho đến giải quyết quyền lợi bồi thường, thanh toán, kể cả việc thanh toán mua bảo hiểm cũng như về sau việc trả bồi thường cho khách hàng, làm sao có thể tất cả những cái đó?
train	11580	14.20	pseudo_label	trước khi chúng ta đi vào sâu hơn một chút liên quan đến các dịch vụ các sản phẩm thì anh cũng là một người đã công tác rất nhiều năm cho các công ty đa quốc gia công ty quốc tế từ ag đến chóp thì đây cũng là một câu hỏi liên quan đến cá nhân anh thì	trước khi chúng ta đi vào sâu hơn một chút liên quan đến các cái dịch vụ các cái sản phẩm thì anh cũng là một người đã công tác rất nhiều năm cho các công tya quốc gia công ly quốc tế từg đếnắp thì đây cũng là một câu hỏi liên quan đến cả nhân anh thì	trước khi chúng ta đi vào sâu hơn một chút liên quan đến các cái dịch vụ các cái sản phẩm thì anh cũng là một người đã công tác rất nhiều năm cho các công ty đa quốc gia công ty quốc tế từg đến chp thì đây cũng là một câu hỏi liên quan đến cá nhân anh thì	trước khi chúng ta đi vào sâu hơn một chút liên quan đến các cái dịch vụ các cái sản phẩm thì anh cũng là một người đã công tác rất nhiều năm cho các công tya quốc gia công ty quốc tế từg đến chấp thì đây cũng là một câu hỏi đến liên quan đến cá nhân anh thì	ờ trước khi chúng ta đi vào sâu hơn một chút liên quan đến các cái dịch vụ các cái sản phẩm thì anh cũng là một người đã công tác rất nhiều năm cho các công ty đa quốc gia công ty quốc tế từ ai ai gi đến chắp thì đây cũng là một câu hỏi đến liên quan đến cá nhân anh thì	trước khi chúng ta đi vào sâu hơn một chút liên quan đến các cái dịch vụ các cái sản phẩm thì anh cũng là một người đã công tác rất nhiều năm cho các công ty đa quốc gia công ty quốc tế từ e ai đến chu thì đây cũng là một câu hỏi liên quan đến cá nhân anh thì	TRƯỚC KHI CHÚNG TA ĐI VÀO SÂU HƠN MỘT CHÚT LIÊN QUAN ĐẾN CÁC CÁI DỊCH VỤ CÁC CÁI SẢN PHẨM THÌ ANH CŨNG LÀ MỘT NGƯỜI ĐÃ CÔNG TÁC RẤT NHIỀU NĂM CHO CÁC CÔNG TYA QUỐC GIA CÔNG LY QUỐC TẾ TỪG ĐẾNẮP THÌ ĐÂY CŨNG LÀ MỘT CÂU HỎI LIÊN QUAN ĐẾN CẢ NHÂN ANH THÌ	TRƯỚC KHI CHÚNG TA ĐI VÀO SÂU HƠN MỘT CHÚT LIÊN QUAN ĐẾN CÁC CÁI DỊCH VỤ CÁC CÁI SẢN PHẨM THÌ ANH CŨNG LÀ MỘT NGƯỜI ĐÃ CÔNG TÁC RẤT NHIỀU NĂM CHO CÁC CÔNG TY ĐA QUỐC GIA CÔNG TY QUỐC TẾ TỪG ĐẾN CHP THÌ ĐÂY CŨNG LÀ MỘT CÂU HỎI LIÊN QUAN ĐẾN CÁ NHÂN ANH THÌ	TRƯỚC KHI CHÚNG TA ĐI VÀO SÂU HƠN MỘT CHÚT LIÊN QUAN ĐẾN CÁC CÁI DỊCH VỤ CÁC CÁI SẢN PHẨM THÌ ANH CŨNG LÀ MỘT NGƯỜI ĐÃ CÔNG TÁC RẤT NHIỀU NĂM CHO CÁC CÔNG TYA QUỐC GIA CÔNG TY QUỐC TẾ TỪG ĐẾN CHẤP THÌ ĐÂY CŨNG LÀ MỘT CÂU HỎI ĐẾN LIÊN QUAN ĐẾN CÁ NHÂN ANH THÌ	ờ trước khi chúng ta đi vào sâu hơn một chút liên quan đến các cái dịch vụ các cái sản phẩm thì anh cũng là một người đã công tác rất nhiều năm cho các công ty đa quốc gia công ty quốc tế từ ai ai gi đến chắp thì đây cũng là một câu hỏi đến liên quan đến cá nhân anh thì.	 trước khi chúng ta đi vào sâu hơn một chút liên quan đến các cái dịch vụ, các cái sản phẩm thì anh cũng là một người đã công tác rất nhiều năm cho các công ty đa quốc gia, công ty quốc tế từ E ai đến Chu thì đây cũng là một câu hỏi liên quan đến cá nhân anh thì
train	11615	10.70	pseudo_label	anh tăng tốc như thế nào anh đang thay đổi gọi là cái hướng đi ra làm sao anh lái xe có sao nhãng hay không hay là anh đang sử dụng gọi là phanh xe hoặc thắng xe đó	anh tăng tốt như thế nào anh đang thay đổi gọi là cái hướng đi sẽ làm sao anháie có xaã hay không hay là anh đang sử dụng gọi là fan xe khá xe đó	anh tăng tc như thế nào anh đang thay đổi gọi là cái hướng đi ra làm sao anh lái xe có sao nhãn hay không hay là anh đang sử dụng gọi là fanh xe hoặc thángắng xe đó	anh tăng tóc như thế nào anh đang thay đổi gọi là cái hướng đi ra làm sao anh lái xe có sao nhã hay không hay là anh đang sử dụng gọi là f xe hoặc th xe đó	anh tăng tốc như thế nào anh đang thay đổi à gọi là cái hướng đi ra làm sao anh lái xe có sao nhãng hay không hay là anh đang sử dụng à gọi là phanh xe hoặc thắng xe đó	anh tăng tốc như thế nào anh đang thay đổi gọi là cái hướng đi ra làm sao anh lái xe có sao nhãng hay không h hay là anh đang sử dụng gọi là phanh xe hoặc thắng xe đó	ANH TĂNG TỐT NHƯ THẾ NÀO ANH ĐANG THAY ĐỔI GỌI LÀ CÁI HƯỚNG ĐI SẼ LÀM SAO ANHÁIE CÓ XAÃ HAY KHÔNG HAY LÀ ANH ĐANG SỬ DỤNG GỌI LÀ FAN XE KHÁ XE ĐÓ	ANH TĂNG TC NHƯ THẾ NÀO ANH ĐANG THAY ĐỔI GỌI LÀ CÁI HƯỚNG ĐI RA LÀM SAO ANH LÁI XE CÓ SAO NHÃN HAY KHÔNG HAY LÀ ANH ĐANG SỬ DỤNG GỌI LÀ FANH XE HOẶC THÁNGẮNG XE ĐÓ	ANH TĂNG TÓC NHƯ THẾ NÀO ANH ĐANG THAY ĐỔI GỌI LÀ CÁI HƯỚNG ĐI RA LÀM SAO ANH LÁI XE CÓ SAO NHÃ HAY KHÔNG HAY LÀ ANH ĐANG SỬ DỤNG GỌI LÀ F XE HOẶC TH XE ĐÓ	anh tăng tốc như thế nào anh đang thay đổi à gọi là cái hướng đi ra làm sao anh lái xe có sao nhãng hay không hay là anh đang sử dụng à gọi là phanh xe hoặc thắng xe đó.	Anh tăng tốc như thế nào Anh đang thay đổi gọi là cái hướng đi ra làm sao? Anh lái xe có sao nhãng hay không? H hay là anh đang sử dụng gọi là phanh xe hoặc thắng xe đó.
train	11622	12.30	pseudo_label	vừa là đảm bảo gọi là bảo hiểm cho họ tuy nhiên là anh cũng đưa các cái công nghệ telem marti vào và cũng là có một cái game me fication để kích động các bạn là người lái xe hoặc là người dùng của mình là tham gia nhiều hơn và	vừa là đảm bảo và gọi là bảo hiểmiểm cho tuy nhiên là anh cũng đưa các cái công nghệalle marti vào và cũng là có một cái nhiênitation tiếpận các bạn lại người lạial hoặc là người dùng của mình là tham gia nhiều hơn và	vừa là đảm bảo và anh gọi là bảo hiểm cho tuy nhiên là anh cũng đưa các cái công nghệ tên là mar thích vào và cũng là có một cái nghame mi fiication h động các bạn là người lái xe hoặc là người dùng của mình là tham gia nhiều hơn và	vừa là đảm bảo và gọi là bảo hiểm cho tuy nhiên là anh cũng đưa các cái công nghệ toem marti vào và cũng là có một cáiamcation để thích được các bạn là gọi người là xe hoặc là người dùng của mình là tham gia nhiều hơn và	vừa là đảm bảo và gọi là bảo hiểm cho họ tuy nhiên là ai cũng đưa các công nghệ tai lê ma tích vào và cũng là có một cái nghiêm y cây sờn để kích động các bạn là người lái xe hoặc là người dùng của mình là tham gia nhiều hơn và	vừa là đảm bảo và gọi là bảo hiểm cho họ tuy nhiên là anh cũng đưa các cái công nghệ te lê ma tí vào và cũng là có một cái nghii phi c cây sừn để kích động các bạn là người lái xe hoặc là người dùng của mình là tham gia nhiều hơn và	VỪA LÀ ĐẢM BẢO VÀ GỌI LÀ BẢO HIỂMIỂM CHO TUY NHIÊN LÀ ANH CŨNG ĐƯA CÁC CÁI CÔNG NGHỆALLE MARTI VÀO VÀ CŨNG LÀ CÓ MỘT CÁI NHIÊNITATION TIẾPẬN CÁC BẠN LẠI NGƯỜI LẠIAL HOẶC LÀ NGƯỜI DÙNG CỦA MÌNH LÀ THAM GIA NHIỀU HƠN VÀ	VỪA LÀ ĐẢM BẢO VÀ ANH GỌI LÀ BẢO HIỂM CHO TUY NHIÊN LÀ ANH CŨNG ĐƯA CÁC CÁI CÔNG NGHỆ TÊN LÀ MAR THÍCH VÀO VÀ CŨNG LÀ CÓ MỘT CÁI NGHAME MI FIICATION H ĐỘNG CÁC BẠN LÀ NGƯỜI LÁI XE HOẶC LÀ NGƯỜI DÙNG CỦA MÌNH LÀ THAM GIA NHIỀU HƠN VÀ	VỪA LÀ ĐẢM BẢO VÀ GỌI LÀ BẢO HIỂM CHO TUY NHIÊN LÀ ANH CŨNG ĐƯA CÁC CÁI CÔNG NGHỆ TOEM MARTI VÀO VÀ CŨNG LÀ CÓ MỘT CÁIAMCATION ĐỂ THÍCH ĐƯỢC CÁC BẠN LÀ GỌI NGƯỜI LÀ XE HOẶC LÀ NGƯỜI DÙNG CỦA MÌNH LÀ THAM GIA NHIỀU HƠN VÀ	vừa là đảm bảo và gọi là bảo hiểm cho họ tuy nhiên là ai cũng đưa các công nghệ tai lê ma tích vào và cũng là có một cái nghiêm y cây sờn để kích động các bạn là người lái xe hoặc là người dùng của mình là tham gia nhiều hơn và.	Vừa là đảm bảo và gọi là bảo hiểm cho họ, tuy nhiên là anh cũng đưa các cái công nghệ Te lê Ma Tí vào và cũng là có một cái nghii phi c cây sừn để kích động các bạn là người lái xe hoặc là người dùng của mình là tham gia nhiều hơn, và
train	11628	11.00	pseudo_label	hai mươi phần trăm hoặc là cái giá rẻ hơn cho bảo hiểm với cái việc là mình có thể có một cái thú vui lái xe chạy xe nhanh nhiều lúc chạy xe nhanh nhưng không phải liên không phải là nó sẽ liên quan đến cái điểm xấu	hai mươi phần trăm hoặc là cái giáẻ hơn cho bảo hiểm với cái việc là mình có thể có một cái thứ vui là chạy cho nhanh nhiều lúc mà chạy sang nhanh nhưng không phải liên không phải là nó sẽ liên quan đến cái điểm sâu	hai mươi phần trăm hoặc là cái giá rẻ hơn cho bảo hiểm với cái việc là mình có thể có một cái thú vui là sẽ chạyảy s sang nhanh nhiều lúc là chạy sang nhanh nhưng không phải lên không phải là nó sẽ liên quan đến cái điểm xấu	hai mươi phần trăm hoặc là cái giá dài hơn cho bảo hiểm với cái việc là mình có thể có một cái thú vui là sẽe chạy x nhanh nhiều lúc ấy chạy sang như nhưng không phải liên không phải là nó sẽ liên quan đến cái điểm xấu	hai mươi phần trăm hoặc là cái giá rẻ hơn cho bảo hiểm với cái việc là mình có thể có một cái thú vui là sẽ chạy xe nhanh nhiều lúc mà chạy xe nhanh nhưng không phải liên không phải là nó sẽ liên quan đến cái điểm xấu	hai mươi phần trăm hoặc là cái giá rẻ hơn cho bảo hiểm với cái việc là mình có thể có một cái thú vui lái xe chạy xe nhanh nhiều lúc mà chạy xe nhanh nhưng không phải liền không phải là nó sẽ liên quan đến cái điểm xấu	HAI MƯƠI PHẦN TRĂM HOẶC LÀ CÁI GIÁẺ HƠN CHO BẢO HIỂM VỚI CÁI VIỆC LÀ MÌNH CÓ THỂ CÓ MỘT CÁI THỨ VUI LÀ CHẠY CHO NHANH NHIỀU LÚC MÀ CHẠY SANG NHANH NHƯNG KHÔNG PHẢI LIÊN KHÔNG PHẢI LÀ NÓ SẼ LIÊN QUAN ĐẾN CÁI ĐIỂM SÂU	HAI MƯƠI PHẦN TRĂM HOẶC LÀ CÁI GIÁ RẺ HƠN CHO BẢO HIỂM VỚI CÁI VIỆC LÀ MÌNH CÓ THỂ CÓ MỘT CÁI THÚ VUI LÀ SẼ CHẠYẢY S SANG NHANH NHIỀU LÚC LÀ CHẠY SANG NHANH NHƯNG KHÔNG PHẢI LÊN KHÔNG PHẢI LÀ NÓ SẼ LIÊN QUAN ĐẾN CÁI ĐIỂM XẤU	HAI MƯƠI PHẦN TRĂM HOẶC LÀ CÁI GIÁ DÀI HƠN CHO BẢO HIỂM VỚI CÁI VIỆC LÀ MÌNH CÓ THỂ CÓ MỘT CÁI THÚ VUI LÀ SẼE CHẠY X NHANH NHIỀU LÚC ẤY CHẠY SANG NHƯ NHƯNG KHÔNG PHẢI LIÊN KHÔNG PHẢI LÀ NÓ SẼ LIÊN QUAN ĐẾN CÁI ĐIỂM XẤU	hai mươi phần trăm hoặc là cái giá rẻ hơn cho bảo hiểm với cái việc là mình có thể có một cái thú vui là sẽ chạy xe nhanh nhiều lúc mà chạy xe nhanh nhưng không phải liên không phải là nó sẽ liên quan đến cái điểm xấu.	Hai mươi phần trăm hoặc là cái giá rẻ hơn cho bảo hiểm với cái việc là mình có thể có một cái thú vui lái xe chạy xe nhanh. Nhiều lúc mà chạy xe nhanh, nhưng không phải liền không phải là nó sẽ liên quan đến cái điểm xấu.
train	13010	13.30	pseudo_label	à cái bên trong này đủ rồi cái nhìn bên trong này đủ rồi đến lúc nhìn ra ngoài mình có mình có biết được không với chị nhá thì nó là là phụ nữ rồi có những cái hành trình mà chị phải đợi đến lúc có con em bé đầu tiên thì là	à cái bên trong này đủ rồi cái nhìn bên trong này đủ rồi đến lúc nhìn ra ngoài mình có mình có biết được không với chịé thì nó là là phụ nữ phải có những cái hành trình mà chị phải đợi đến lúc có con em bé đầu tiên thì là	à cái bên trong này đủ rồi cái nhìn bên trong này đủ rồi đến lúc nhìn ra ngoài mình có mình có biết được không với chị nhá thì nó là là phụ nữ rồi có những cái hành trình mà chị phải đợi đến lúc có con em bé đầu tiên thì là	à cái bên trong đấy đủ rồi cái nhìn bên trong này đủ rồi đến lúc nhìn ra ngoài mình có mình có biết được không với chị nhá thì nó là là phụ nữ rồi có những cái hành trình mà chị phải đợi đến lúc có con em bé đầu tiên thì là	à cái bên trong này đủ rồi cái nhìn bên trong này đủ rồi đến lúc nhìn ra ngoài mình có mình có biết được không với chị nhá thì nó là là phụ nữ rồi có những cái hành trình mà chị phải đợi đến lúc có con nhá em bé đầu tiên thì là	à cái bên trong này đủ rồi cái nhìn bên trong này đủ rồi đến lúc nhìn ra ngoài mình có mình có biết được không với chị nhá thì nó là là phụ nữ thì có những cái hành trình mà chị phải đợi đến lúc có con cái em bé đầu tiên thì là	À CÁI BÊN TRONG NÀY ĐỦ RỒI CÁI NHÌN BÊN TRONG NÀY ĐỦ RỒI ĐẾN LÚC NHÌN RA NGOÀI MÌNH CÓ MÌNH CÓ BIẾT ĐƯỢC KHÔNG VỚI CHỊÉ THÌ NÓ LÀ LÀ PHỤ NỮ PHẢI CÓ NHỮNG CÁI HÀNH TRÌNH MÀ CHỊ PHẢI ĐỢI ĐẾN LÚC CÓ CON EM BÉ ĐẦU TIÊN THÌ LÀ	À CÁI BÊN TRONG NÀY ĐỦ RỒI CÁI NHÌN BÊN TRONG NÀY ĐỦ RỒI ĐẾN LÚC NHÌN RA NGOÀI MÌNH CÓ MÌNH CÓ BIẾT ĐƯỢC KHÔNG VỚI CHỊ NHÁ THÌ NÓ LÀ LÀ PHỤ NỮ RỒI CÓ NHỮNG CÁI HÀNH TRÌNH MÀ CHỊ PHẢI ĐỢI ĐẾN LÚC CÓ CON EM BÉ ĐẦU TIÊN THÌ LÀ	À CÁI BÊN TRONG ĐẤY ĐỦ RỒI CÁI NHÌN BÊN TRONG NÀY ĐỦ RỒI ĐẾN LÚC NHÌN RA NGOÀI MÌNH CÓ MÌNH CÓ BIẾT ĐƯỢC KHÔNG VỚI CHỊ NHÁ THÌ NÓ LÀ LÀ PHỤ NỮ RỒI CÓ NHỮNG CÁI HÀNH TRÌNH MÀ CHỊ PHẢI ĐỢI ĐẾN LÚC CÓ CON EM BÉ ĐẦU TIÊN THÌ LÀ	à cái bên trong này đủ rồi cái nhìn bên trong này đủ rồi đến lúc nhìn ra ngoài mình có mình có biết được không với chị nhá thì nó là là phụ nữ rồi có những cái hành trình mà chị phải đợi đến lúc có con nhá em bé đầu tiên thì là.	À cái bên trong này đủ rồi, cái nhìn bên trong này đủ rồi, đến lúc nhìn ra ngoài, mình có mình có biết được không? Với chị nhá thì nó là là phụ nữ thì có những cái hành trình mà chị phải đợi đến lúc có con cái em bé đầu tiên thì là.
train	13016	14.60	pseudo_label	em kiểu như là em kiểu nhận ra ấy nhận ra là á mình đang sống đây rồi đây rồi ngày xưa mình mình nghĩ đến nó và nó ở đây rồi thế còn thật ra là cái lúc mà em ở đấy và lúc mà em sống và em làm việc ở đấy thì em lại không nghĩ đến cái điều đấy	em kiểu là em kiểu nhận ra ấy nhận ra là à mình đang đây cóấu đây rồi ngày xưa mình mình nghĩ đến nó và nó ở đây rồi thế còn thật ra là cái lúc mà em ở đấy và lúc mà em sống vào em làm việc ở đấy thì em lại không nghĩ đến cái điều đấy	em kiểu hay là em kiểu nhận ra nhận ra là mình đang b giờ đây rồi ngày xưa mình mình nghĩ đến nó và nó ở đây rồi thế còn thật ra là cái lúc mà em ở đấy và lúc mà em sống và em làm việc ở đấy thì em lại không nghĩ đến cái điều đấy	em kiểu nên là em kiểu nhận ra ấy nhận ra là à mình đang bây giờ đây rồi ngày xưa mình mình nghĩ đến nó và nó ở đây rồi thế còn thật ra là cái lúc mà em ở đấy và lúc mà em sống vào em làm việc ở đấy thì em lại không nghĩ đến cái điều đấy	em kiểu là em kiểu nhận ra ý nhận ra là ác đây rồi ngày xưa mình mình nghĩ đến nó và nó ở đây rồi chứ còn thật ra là cái lúc mà em ở đấy và lúc mà em sống và em làm việc ở đây thì em lại không nghĩ đến điều đấy	em kiểu hay là em kiểu nhận ra ấy nhận ra là ai mình đang sống đây rồi đây rồi ngày xưa mình mình nghĩ đến nó và nó ở đây rồi thế còn thật ra là cái lúc mà em ở đấy và lúc mà em sống vào em làm việc ở đấy thì em lại không nghĩ đến cái điều đấy	EM KIỂU LÀ EM KIỂU NHẬN RA ẤY NHẬN RA LÀ À MÌNH ĐANG ĐÂY CÓẤU ĐÂY RỒI NGÀY XƯA MÌNH MÌNH NGHĨ ĐẾN NÓ VÀ NÓ Ở ĐÂY RỒI THẾ CÒN THẬT RA LÀ CÁI LÚC MÀ EM Ở ĐẤY VÀ LÚC MÀ EM SỐNG VÀO EM LÀM VIỆC Ở ĐẤY THÌ EM LẠI KHÔNG NGHĨ ĐẾN CÁI ĐIỀU ĐẤY	EM KIỂU HAY LÀ EM KIỂU NHẬN RA NHẬN RA LÀ MÌNH ĐANG B GIỜ ĐÂY RỒI NGÀY XƯA MÌNH MÌNH NGHĨ ĐẾN NÓ VÀ NÓ Ở ĐÂY RỒI THẾ CÒN THẬT RA LÀ CÁI LÚC MÀ EM Ở ĐẤY VÀ LÚC MÀ EM SỐNG VÀ EM LÀM VIỆC Ở ĐẤY THÌ EM LẠI KHÔNG NGHĨ ĐẾN CÁI ĐIỀU ĐẤY	EM KIỂU NÊN LÀ EM KIỂU NHẬN RA ẤY NHẬN RA LÀ À MÌNH ĐANG BÂY GIỜ ĐÂY RỒI NGÀY XƯA MÌNH MÌNH NGHĨ ĐẾN NÓ VÀ NÓ Ở ĐÂY RỒI THẾ CÒN THẬT RA LÀ CÁI LÚC MÀ EM Ở ĐẤY VÀ LÚC MÀ EM SỐNG VÀO EM LÀM VIỆC Ở ĐẤY THÌ EM LẠI KHÔNG NGHĨ ĐẾN CÁI ĐIỀU ĐẤY	em kiểu là em kiểu nhận ra ý nhận ra là ác đây rồi ngày xưa mình mình nghĩ đến nó và nó ở đây rồi chứ còn thật ra là cái lúc mà em ở đấy và lúc mà em sống và em làm việc ở đây thì em lại không nghĩ đến điều đấy.	Em kiểu hay là em kiểu nhận ra ấy, nhận ra là ai mình đang sống đây rồi đây rồi, ngày xưa mình mình nghĩ đến nó và nó ở đây rồi, thế còn thật ra là cái lúc mà em ở đấy và lúc mà em sống vào em làm việc ở đấy thì em lại không nghĩ đến cái điều đấy.
train	13031	10.30	pseudo_label	nhưng mà sau này thì một cái thứ mà bản thân thì mình học được là nếu mình vất vả vì nó hơn thì mình sướng hơn ừ đúng nên chị	nhưng mà sau này thì một cái thứ mà bản thân thì mình học được á là nếu mình vất vả vì nó hơn ấy thì mình sướng thôi đúng nên chị	nhưng mà sau này thì một cái thứ mà bản thân thì mình học được là nếu mình vất vả vì nó hơn thì mình sướng hơn đúng nên chị	nhưng mà sau này thì một cái thứ mà bản thân thì mình học được là nếu mình vất vả về nó hơn mình sướng hơn đúng nên chị	nhưng mà sau này thì một cái thứ mà bản thân thì mình học được ấy là nếu mình vất vả vì nó hơn thì mình sướng hơn ừ đúng nên chị	ờ nhưng mà sau này thì một cái thứ mà bản thân thì mình học được là nếu mình vất vả vì nó hơn thì mình sướng hơn ừ đúng nên chị	NHƯNG MÀ SAU NÀY THÌ MỘT CÁI THỨ MÀ BẢN THÂN THÌ MÌNH HỌC ĐƯỢC Á LÀ NẾU MÌNH VẤT VẢ VÌ NÓ HƠN ẤY THÌ MÌNH SƯỚNG THÔI ĐÚNG NÊN CHỊ	NHƯNG MÀ SAU NÀY THÌ MỘT CÁI THỨ MÀ BẢN THÂN THÌ MÌNH HỌC ĐƯỢC LÀ NẾU MÌNH VẤT VẢ VÌ NÓ HƠN THÌ MÌNH SƯỚNG HƠN ĐÚNG NÊN CHỊ	NHƯNG MÀ SAU NÀY THÌ MỘT CÁI THỨ MÀ BẢN THÂN THÌ MÌNH HỌC ĐƯỢC LÀ NẾU MÌNH VẤT VẢ VỀ NÓ HƠN MÌNH SƯỚNG HƠN ĐÚNG NÊN CHỊ	nhưng mà sau này thì một cái thứ mà bản thân thì mình học được ấy là nếu mình vất vả vì nó hơn thì mình sướng hơn ừ đúng nên chị.	Ờ nhưng mà sau này thì một cái thứ mà bản thân thì mình học được là nếu mình vất vả vì nó hơn thì mình sướng hơn,ừ đúng nên chị.
train	13067	14.20	pseudo_label	mức độ một cái cấp độ về nổi tiếng họ sẽ luôn nghĩ về lứa tiếp theo và với những cái kinh nghiệm mà mình có được thì mình rất muốn là à cái đấy có thể trở thành công thức để mình tiếp tục nhân bản không	mức độ một cái cấp độ và nổi tiếng họ sẽ luôn nghĩ vềứa tiếp theo và với những cái kinh nghiệm mà mình có được thì mình dẫn rất muốn là ai cái đấy có thể trở thành công thức để mình tiếp tục nhân bản không	mức độ một cái cấp độ về nổi tiếng họ sẽ luôn nghĩ về lứa tiếp theo và với những cái kinh nghiệm mà mình có được thì mình d rất muốn là ai cái đấy có thể trở thành công thức để mình tiếp tục nhân bản không	mức độ một cái cấp độ về nổi tiếng họ sẽ luôn nghĩ về lứa tiếp theo và với những cái kinh nghiệm mà mình có được thì mình rất rất muốn là cái đấy có thể trở thành công thức để mình tiếp tục nhân bản không	mức độ một cái cấp độ về nổi tiếng họ sẽ luôn nghĩ về lứa tiếp theo và với những cái kinh nghiệm mà mình có được thì mình dẫn rất muốn là ai kia đấy có thể trở thành công thức để mình tiếp tục nhân bản không	ức độ một cái cấp độ về nổi tiếng họ sẽ luôn nghĩ về lứa tiếp theo và với những cái kinh nghiệm mà mình có được thì mình rất rất muốn là à cái đấy có thể trở thành công thức để mình tiếp tục nhân bản không	MỨC ĐỘ MỘT CÁI CẤP ĐỘ VÀ NỔI TIẾNG HỌ SẼ LUÔN NGHĨ VỀỨA TIẾP THEO VÀ VỚI NHỮNG CÁI KINH NGHIỆM MÀ MÌNH CÓ ĐƯỢC THÌ MÌNH DẪN RẤT MUỐN LÀ AI CÁI ĐẤY CÓ THỂ TRỞ THÀNH CÔNG THỨC ĐỂ MÌNH TIẾP TỤC NHÂN BẢN KHÔNG	MỨC ĐỘ MỘT CÁI CẤP ĐỘ VỀ NỔI TIẾNG HỌ SẼ LUÔN NGHĨ VỀ LỨA TIẾP THEO VÀ VỚI NHỮNG CÁI KINH NGHIỆM MÀ MÌNH CÓ ĐƯỢC THÌ MÌNH D RẤT MUỐN LÀ AI CÁI ĐẤY CÓ THỂ TRỞ THÀNH CÔNG THỨC ĐỂ MÌNH TIẾP TỤC NHÂN BẢN KHÔNG	MỨC ĐỘ MỘT CÁI CẤP ĐỘ VỀ NỔI TIẾNG HỌ SẼ LUÔN NGHĨ VỀ LỨA TIẾP THEO VÀ VỚI NHỮNG CÁI KINH NGHIỆM MÀ MÌNH CÓ ĐƯỢC THÌ MÌNH RẤT RẤT MUỐN LÀ CÁI ĐẤY CÓ THỂ TRỞ THÀNH CÔNG THỨC ĐỂ MÌNH TIẾP TỤC NHÂN BẢN KHÔNG	mức độ một cái cấp độ về nổi tiếng họ sẽ luôn nghĩ về lứa tiếp theo và với những cái kinh nghiệm mà mình có được thì mình dẫn rất muốn là ai kia đấy có thể trở thành công thức để mình tiếp tục nhân bản không.	ức độ một cái cấp độ về nổi tiếng, họ sẽ luôn nghĩ về lứa tiếp theo và với những cái kinh nghiệm mà mình có được thì mình rất rất muốn là à cái đấy có thể trở thành công thức để mình tiếp tục nhân bản không?
train	13074	13.60	pseudo_label	cảm thấy gấp gáp mà kể cả đạo diễn bên nhạc tất cả mọi người đều có chung một cái suy nghĩ rằng là phải làm thôi phải phải chiến thôi bởi vì là không biết là đến ngày mai thì nó sẽ còn có chuyện gì xảy ra nữa nên là tất cả mọi người đều uốc rất là nhanh	cảm thấyấpa mà kể cả đạo diễn bên nhạc tất cả mọi người đều có chung một cái suy nghĩ rằng là phải làm thôi phải phải chiến thôi bởi vì là không biết là đến ngày mai rồi nó sẽ còn có chuyện gì xảy ra nữa hay tất cả mọi người đều rất là nhanh	cảm thấy ra mà kể cả đạo diễn đen nhạc tất cả mọi người đều có chung một cái suy nghĩ rằng là phải làm thôi phải phải chiến thôi bởi vì là không biết là đến ngày mai thì nó sẽ còn có chuyện gì xảy ra nữa hay tất cả mọi người đều ork rất là nhanh	cảm thấyấp gá mà kể cả đạo diễn bên nhạc tất cả mọi người đều có chung một cái suy nghĩ rằng là phải làm thôi phải phải chiến thôi bởi vì là không biết là đến ngày mai thì nó sẽ còn có chuyện gì xảy ra nữa thế là tất cả mọi người đều work rất là nhanh	cảm thấy gấp gáp mà kể cả đạo diễn ban nhạc tất cả mọi người đều có chung một cái suy nghĩ rằng là phải làm thôi phải phải chiến thôi bởi vì là không biết là đến ngày mai thì nó sẽ còn có chuyện gì xảy ra nữa thế là tất cả mọi người đều uống rất là nhanh	cảm thấy gấp gáp mà kể cả đạo diễn bên nhàạc tất cả mọi người đều có chung một cái suy nghĩ rằng là phải làm thôi phải phải chiến thôi bởi vì là không biết là đến ngày mai thì nó sẽ còn có chuyện gì xảy ra nữa tất cả mọi người đều uống rất là nhanh	CẢM THẤYẤPA MÀ KỂ CẢ ĐẠO DIỄN BÊN NHẠC TẤT CẢ MỌI NGƯỜI ĐỀU CÓ CHUNG MỘT CÁI SUY NGHĨ RẰNG LÀ PHẢI LÀM THÔI PHẢI PHẢI CHIẾN THÔI BỞI VÌ LÀ KHÔNG BIẾT LÀ ĐẾN NGÀY MAI RỒI NÓ SẼ CÒN CÓ CHUYỆN GÌ XẢY RA NỮA HAY TẤT CẢ MỌI NGƯỜI ĐỀU RẤT LÀ NHANH	CẢM THẤY  RA MÀ KỂ CẢ ĐẠO DIỄN ĐEN NHẠC TẤT CẢ MỌI NGƯỜI ĐỀU CÓ CHUNG MỘT CÁI SUY NGHĨ RẰNG LÀ PHẢI LÀM THÔI PHẢI PHẢI CHIẾN THÔI BỞI VÌ LÀ KHÔNG BIẾT LÀ ĐẾN NGÀY MAI THÌ NÓ SẼ CÒN CÓ CHUYỆN GÌ XẢY RA NỮA HAY TẤT CẢ MỌI NGƯỜI ĐỀU ORK RẤT LÀ NHANH	CẢM THẤYẤP GÁ MÀ KỂ CẢ ĐẠO DIỄN BÊN NHẠC TẤT CẢ MỌI NGƯỜI ĐỀU CÓ CHUNG MỘT CÁI SUY NGHĨ RẰNG LÀ PHẢI LÀM THÔI PHẢI PHẢI CHIẾN THÔI BỞI VÌ LÀ KHÔNG BIẾT LÀ ĐẾN NGÀY MAI THÌ NÓ SẼ CÒN CÓ CHUYỆN GÌ XẢY RA NỮA THẾ LÀ TẤT CẢ MỌI NGƯỜI ĐỀU WORK RẤT LÀ NHANH	cảm thấy gấp gáp mà kể cả đạo diễn ban nhạc tất cả mọi người đều có chung một cái suy nghĩ rằng là phải làm thôi phải phải chiến thôi bởi vì là không biết là đến ngày mai thì nó sẽ còn có chuyện gì xảy ra nữa thế là tất cả mọi người đều uống rất là nhanh.	Cảm thấy gấp gáp, mà kể cả đạo diễn bên nhàạc, tất cả mọi người đều có chung một cái suy nghĩ rằng là phải làm thôi, phải phải chiến thôi, bởi vì là không biết là đến ngày mai thì nó sẽ còn có chuyện gì xảy ra nữa., tất cả mọi người đều uống rất là nhanh.
train	13099	11.10	pseudo_label	nó đem lại cho mình giá trị thế nên là mẹ em cũng không cấm cản hay là cũng không gọi là đưa cho em những cái lời khuyên nào đó nữa như ngày xưa thì mẹ em hay đưa cho em lời khuyên	nóem lại cho mình giá trị thế nên mẹ em cũng không khôngầm cả hay là cũng không gọi là đưa cho em những cái lời khuyên nào đó nữa nhưng ngày xưa thì mẹ em hay đi cho em l lời khuyên	nó đem lại cho mình giá trị thế nên mẹ em cũng không cầm cảm hay là cũng không gọi là đưa cho em những cái lời khuyên nào đó nữa nhưng ngày xưa thì mẹ em hay đi xem lời khuyên	nó đem lại cho mình giá trị thế nên mẹ em cũng không cầm cả hay là cũng không gọi là đưa cho em những cái lời khuyên nào đó nữa nhưng ngày xưa thì mẹ em hay đi xem lời khuyên	nó đem lại cho mình giá trị thế nên là mẹ em cũng không không cấm cản hay là cũng không gọi là đưa cho em những cái lời khuyên nào đó nữa nhưng ngày xưa thì mẹ em hay đưa cho em lời khuyên	nó đem lại cho mình giá trị thế nên là mẹ em cũng không không cầm cả hay là cũng không gọi là đưa cho em những cái lời khuyên nào đó nữa nhưng ngày xưa thì mẹ em hay đưa cho em lời khuyên	NÓEM LẠI CHO MÌNH GIÁ TRỊ THẾ NÊN MẸ EM CŨNG KHÔNG KHÔNGẦM CẢ HAY LÀ CŨNG KHÔNG GỌI LÀ ĐƯA CHO EM NHỮNG CÁI LỜI KHUYÊN NÀO ĐÓ NỮA NHƯNG NGÀY XƯA THÌ MẸ EM HAY ĐI CHO EM L LỜI KHUYÊN	NÓ ĐEM LẠI CHO MÌNH GIÁ TRỊ THẾ NÊN MẸ EM CŨNG KHÔNG CẦM CẢM HAY LÀ CŨNG KHÔNG GỌI LÀ ĐƯA CHO EM NHỮNG CÁI LỜI KHUYÊN NÀO ĐÓ NỮA NHƯNG NGÀY XƯA THÌ MẸ EM HAY ĐI XEM LỜI KHUYÊN	NÓ ĐEM LẠI CHO MÌNH GIÁ TRỊ THẾ NÊN MẸ EM CŨNG KHÔNG CẦM CẢ HAY LÀ CŨNG KHÔNG GỌI LÀ ĐƯA CHO EM NHỮNG CÁI LỜI KHUYÊN NÀO ĐÓ NỮA NHƯNG NGÀY XƯA THÌ MẸ EM HAY ĐI XEM LỜI KHUYÊN	nó đem lại cho mình giá trị thế nên là mẹ em cũng không không cấm cản hay là cũng không gọi là đưa cho em những cái lời khuyên nào đó nữa nhưng ngày xưa thì mẹ em hay đưa cho em lời khuyên.	Nó đem lại cho mình giá trị, thế nên là mẹ em cũng không không cầm cả, hay là cũng không gọi là đưa cho em những cái lời khuyên nào đó nữa, nhưng ngày xưa thì mẹ em hay đưa cho em lời khuyên.
validation	1475	14.90	pseudo_label	cái sự tự tin về ngoại hình nó chưa có nhiều nhưng mà em không hẳn là tuyết tự ti đúng không thì có liệu nó có một cái khoảnh khắc nào ở một cái lúc nào có một cái suy nghĩ nào đấy nó lóe lên và em nghĩ rằng là à tôi nghĩ là đến một lúc tôi nên thay đổi một chút về ngoại hình của tôi	cái sự tự tin ở ngoại hình nó chưa có nhiều nhưng mà em không hẳn là tức tựi đúng không thì có liệu nó có một cái khoảnh khắc nào ở một cái lúc nào có một cái suy nghĩ nào đấy nó lé lên và em nghĩ rằng là à tôi nghĩ đến một lúc tôi nên thay đổi một chút được hành của tôi	cái sự tự tin về ngoại hình nó chưa có nhiều nhưng mà em không hẳn là t tự ti đúng không thì có liệu nó có một cái khoảnh khắc nào ở một cái lúc nào có một cái suy nghĩ nào đấy nó lé lên và em nghĩ rằng là à tôi nghĩ đến một lúc tôi nên thay đổi một chút với m hình của tôi	cái sự tự tin về ngoại hình nó chưa có nhiều nhưng mà em không hẳn là tiếp tự ti đúng không thì có liệu nó có một cái khoảnh khắc nào ở một cái lúc nào có một cái suy nghĩ nào đấy nó lé lên và em nghĩ rằng là à tôi nghĩ đến một lúc tôi nên thay đổi một chút là hình của tôi	cái sự tự tin về ngoại hình nó chưa có nhiều nhưng mà em không hẳn là tuyết tự ti đúng không thì có liệu nó có một khoảng cách nào ở một cái lúc nào có một cái suy nghĩ nào để nó lóe lên và em nghĩ rằng là à tôi nghĩ đến một lúc tôi nên thay đổi một chút ngoại hình của tôi	cái sự tự tin về ngoại hình nó chưa có nhiều nhưng mà em không hẳn là tuyýp tự ti đúng không thì có liệu nó có một cái khoảnh khắc nào ở một cái lúc nào có một cái suy nghĩ nào đấy nó lóe lên và em nghĩ rằng là à tôi nghĩ là đến một lúc tôi nên thay đổi một chút về ngoại hình của tôi	CÁI SỰ TỰ TIN Ở NGOẠI HÌNH NÓ CHƯA CÓ NHIỀU NHƯNG MÀ EM KHÔNG HẲN LÀ TỨC TỰI ĐÚNG KHÔNG THÌ CÓ LIỆU NÓ CÓ MỘT CÁI KHOẢNH KHẮC NÀO Ở MỘT CÁI LÚC NÀO CÓ MỘT CÁI SUY NGHĨ NÀO ĐẤY NÓ LÉ LÊN VÀ EM NGHĨ RẰNG LÀ À TÔI NGHĨ ĐẾN MỘT LÚC TÔI NÊN THAY ĐỔI MỘT CHÚT ĐƯỢC HÀNH CỦA TÔI	CÁI SỰ TỰ TIN VỀ NGOẠI HÌNH NÓ CHƯA CÓ NHIỀU NHƯNG MÀ EM KHÔNG HẲN LÀ T TỰ TI ĐÚNG KHÔNG THÌ CÓ LIỆU NÓ CÓ MỘT CÁI KHOẢNH KHẮC NÀO Ở MỘT CÁI LÚC NÀO CÓ MỘT CÁI SUY NGHĨ NÀO ĐẤY NÓ LÉ LÊN VÀ EM NGHĨ RẰNG LÀ À TÔI NGHĨ ĐẾN MỘT LÚC TÔI NÊN THAY ĐỔI MỘT CHÚT VỚI M HÌNH CỦA TÔI	CÁI SỰ TỰ TIN VỀ NGOẠI HÌNH NÓ CHƯA CÓ NHIỀU NHƯNG MÀ EM KHÔNG HẲN LÀ TIẾP TỰ TI ĐÚNG KHÔNG THÌ CÓ LIỆU NÓ CÓ MỘT CÁI KHOẢNH KHẮC NÀO Ở MỘT CÁI LÚC NÀO CÓ MỘT CÁI SUY NGHĨ NÀO ĐẤY NÓ LÉ LÊN VÀ EM NGHĨ RẰNG LÀ À TÔI NGHĨ ĐẾN MỘT LÚC TÔI NÊN THAY ĐỔI MỘT CHÚT LÀ HÌNH CỦA TÔI	cái sự tự tin về ngoại hình nó chưa có nhiều nhưng mà em không hẳn là tuyết tự ti đúng không thì có liệu nó có một khoảng cách nào ở một cái lúc nào có một cái suy nghĩ nào để nó lóe lên và em nghĩ rằng là à tôi nghĩ đến một lúc tôi nên thay đổi một chút ngoại hình của tôi.	Cái sự tự tin về ngoại hình nó chưa có nhiều, nhưng mà em không hẳn là tuyýp tự ti, đúng không? thì có liệu nó có một cái khoảnh khắc nào ở một cái lúc nào, có một cái suy nghĩ nào đấy nó lóe lên, và em nghĩ rằng là à Tôi nghĩ là đến một lúc tôi nên thay đổi một chút về ngoại hình của tôi.
train	944	15.00	pseudo_label	nước mỹ là về cơ bản người ta đã gọi nước mỹ là đặc biệt rồi nhưng mà ở trong đó thì silicon valley nó còn khác hollywood nó còn khác wall street new york ở cái độ gọi là cái độ điên rồ của họ khi mà mình nghĩ một cái vấn đề thì có	nước mỹ là về cơ bản như ta ra gọi nước mười lao đặc biệt rồi nhưng mà ở trong đó thì s caenal lên nó còn khácolyoo nó còn kháoip uw yor cái độ gọi là cái độin ra của họ khi mình nghĩ một cái vấn đề thì có	nước mỹ là về cơ bản người ta đã gọi nước ng là đặc biệt rồi nhưng mà ở trong đó thì s clicic là l nó còn khác holy good nó còn khác cre như yor ở ở cái độ gọi là cái đội di ro của họ khi mà mình nghĩ một cái vấn đề thì có	nước mỹ là về cơ bản người ta đã gọi nước nghĩ là đặc biệt rồi nhưng mà ở trong đó thì sliconal l lên nó còn khácony goo nó còn khác w s nhưw yor cái độ gọi là cái độ diro vào của họ khi mà nghĩ một cái vấn đề thì có	ở nước mỹ là về cơ bản người ta đã gọi nước mỹ là đặc biệt rồi nhưng mà ở trong đó thì si li kênh va lây nó còn khác hô ly gút nó còn khác quân sờ pít new york ở cái cái cái cái độ à gọi là cái độ điên rồ của họ khi mà mình nghĩ về một cái vấn đề thì à có	ờ nước mỹ là về cơ bản người ta đã gọi nước mỹ là đặc biệt rồi nhưng mà ở trong đó thì si li cna lây nó còn khác hô li gút nó còn khác guờ rít niu óc ở cái cái cái cái độờ gọi là cái độ điên rồồ của họ khi mà mình nghĩ một cái vấn đề thì có	NƯỚC MỸ LÀ VỀ CƠ BẢN NHƯ TA RA GỌI NƯỚC MƯỜI LAO ĐẶC BIỆT RỒI NHƯNG MÀ Ở TRONG ĐÓ THÌ S CAENAL LÊN NÓ CÒN KHÁCOLYOO NÓ CÒN KHÁOIP UW YOR CÁI ĐỘ GỌI LÀ CÁI ĐỘIN RA CỦA HỌ KHI MÌNH NGHĨ MỘT CÁI VẤN ĐỀ THÌ CÓ	NƯỚC MỸ LÀ VỀ CƠ BẢN NGƯỜI TA ĐÃ GỌI NƯỚC NG LÀ ĐẶC BIỆT RỒI NHƯNG MÀ Ở TRONG ĐÓ THÌ S CLICIC LÀ L NÓ CÒN KHÁC HOLY GOOD NÓ CÒN KHÁC CRE NHƯ YOR Ở Ở CÁI ĐỘ GỌI LÀ CÁI ĐỘI DI RO CỦA HỌ KHI MÀ MÌNH NGHĨ MỘT CÁI VẤN ĐỀ THÌ CÓ	NƯỚC MỸ LÀ VỀ CƠ BẢN NGƯỜI TA ĐÃ GỌI NƯỚC NGHĨ LÀ ĐẶC BIỆT RỒI NHƯNG MÀ Ở TRONG ĐÓ THÌ SLICONAL L LÊN NÓ CÒN KHÁCONY GOO NÓ CÒN KHÁC W S NHƯW YOR CÁI ĐỘ GỌI LÀ CÁI ĐỘ DIRO VÀO CỦA HỌ KHI MÀ NGHĨ MỘT CÁI VẤN ĐỀ THÌ CÓ	ở nước mỹ là về cơ bản người ta đã gọi nước mỹ là đặc biệt rồi nhưng mà ở trong đó thì si li kênh va lây nó còn khác hô ly gút nó còn khác quân sờ pít new york ở cái cái cái cái độ à gọi là cái độ điên rồ của họ khi mà mình nghĩ về một cái vấn đề thì à có.	Ờ nước Mỹ là về cơ bản người ta đã gọi nước Mỹ là đặc biệt rồi, nhưng mà ở trong đó thì si li cna lây nó còn khác hô li gút, nó còn khác guờ rít Niu óc ở cái cái cái cái độờ gọi là cái độ điên rồồ của họ khi mà mình nghĩ một cái vấn đề thì có.
train	13537	12.90	pseudo_label	mới nghĩ là là nó chỉ là cái mình mình hay nghĩ là văn hóa của mình hay con người của mình chưa có rady cho cái chuyện đó mình nghĩ nó cần một số yếu tố thứ nhất á là mình cần một cái môi trường mà mình khuyến khích	uy nghĩ là là nói chỉ là cái mình mình hay nghĩ là văn hóa của mình hay con người của mình chưa có r ray cho cái chuyện đó thì nó cần một sự yếu tố thì nhất là mình cần một cái môi trường mà mìnhếních	mới nghĩ là là nó chỉ là cái mình mình hay nghĩ là văn hóa của mình hay con người của mình chưa có rady cho cái chuyện đó tuy nghĩa nó cần một sự yếu tố thì nhất là mình cần một cái môi trường mà mình khuyến khích	uy nghĩ là là nó chỉ là cái mình mình hay nghĩ là văn hóa của mình hay con người của mình chưa có rady về cái chuyện đó thì thì nó cần một số yếu tố thì nhất là mình cần một cái môi trường mà mình khuyến khích	mui nghĩ là là nó chỉ là cái mình à mình hay nghĩ là văn hoá của mình hay con người của mình chưa có ra đi về cái chuyện đó huyền nó cần một số yếu tố thứ nhất á là mình cần một cái môi trường mà mình khuyến khích	huy nghĩ là là nó chỉ là cái mình mình hay nghĩ là văn hóa của mình hay con người của mình chưa có ra đi cho cái chuyện đó uy nghĩ nó cần một số yếu tố th thứ nhất á là mình cần một cái môi trường mà mình khuyến khích	UY NGHĨ LÀ LÀ NÓI CHỈ LÀ CÁI MÌNH MÌNH HAY NGHĨ LÀ VĂN HÓA CỦA MÌNH HAY CON NGƯỜI CỦA MÌNH CHƯA CÓ R RAY CHO CÁI CHUYỆN ĐÓ THÌ NÓ CẦN MỘT SỰ YẾU TỐ THÌ NHẤT LÀ MÌNH CẦN MỘT CÁI MÔI TRƯỜNG MÀ MÌNHẾNÍCH	MỚI NGHĨ LÀ LÀ NÓ CHỈ LÀ CÁI MÌNH MÌNH HAY NGHĨ LÀ VĂN HÓA CỦA MÌNH HAY CON NGƯỜI CỦA MÌNH CHƯA CÓ RADY CHO CÁI CHUYỆN ĐÓ TUY NGHĨA NÓ CẦN MỘT SỰ YẾU TỐ THÌ NHẤT LÀ MÌNH CẦN MỘT CÁI MÔI TRƯỜNG MÀ MÌNH KHUYẾN KHÍCH	UY NGHĨ LÀ LÀ NÓ CHỈ LÀ CÁI MÌNH MÌNH HAY NGHĨ LÀ VĂN HÓA CỦA MÌNH HAY CON NGƯỜI CỦA MÌNH CHƯA CÓ RADY VỀ CÁI CHUYỆN ĐÓ THÌ THÌ NÓ CẦN MỘT SỐ YẾU TỐ THÌ NHẤT LÀ MÌNH CẦN MỘT CÁI MÔI TRƯỜNG MÀ MÌNH KHUYẾN KHÍCH	mui nghĩ là là nó chỉ là cái mình à mình hay nghĩ là văn hoá của mình hay con người của mình chưa có ra đi về cái chuyện đó huyền nó cần một số yếu tố thứ nhất á là mình cần một cái môi trường mà mình khuyến khích.	Huy nghĩ là là nó chỉ là cái mình mình hay nghĩ là văn hóa của mình hay con người của mình chưa có ra đi cho cái chuyện đó.uy nghĩ nó cần một số yếu tố. Th thứ nhất á là mình cần một cái môi trường mà mình khuyến khích.
train	13538	14.50	pseudo_label	thì có thể bên mỹ là nó là một cái độ tập trung của rất là nhiều các dân tộc khác nhau các từ các quốc gia khác nhau từ các nền văn hóa khác nhau tụ lại ở chợ chỗ đó và có thể mình coi là là chỗ đấy sẽ có rất là nhiều ý tưởng điên rồ khác nhau nhưng mà nếu mà chúng ta quay trở lại việt nam chẳng hạn	có thể bên mỹ là nó là một cái độ tập trung của rất là nhiều các cáiânộc khác nhau các cái từ các cái quốc gia khác nhau từ các thể nền văn hóa khác nhauụ lại chọn chỗ đó và có thể mình coi là là chủ đề sẽ có giữ là nhiều ý tưởng đial khác nhau nhưng mà nếu mà chúng ta quay trở lại việt nam chẳng hạn	thì có thể bên mỹ là nó là một cái độ tập trung của rất là nhiều các dân tộc khác nhau các cái từ các quốc gia khác nhau từ các thể nền văn hóa khác nhau lại chỗ đó và có thể mình coi là là chỗ đấy sẽ có giữ rất là nhiều ý tưởng như dồ khác nhau nhưng mà nếu mà chúng ta quay trở lại việt nam chẳng hạn	thì có thể bên nghĩ là nó là một cái độ tập trung của rất là nhiều các cái dân tộc khác nhau các cái từử các cái quốc gia khác nhau từ các anh nền văn hóa khác nhau tụụ lại chọn chỗ đó và có thể mình coi là là chủ đề sẽ có giữ là nhiều ý tưởng đi r khác nhau nhưng mà nếu mà chúng ta quay trở lại việt nam chẳng hạn	thì có thể bên mỹ là nó là một cái độ tập trung của rất là nhiều các dân tộc khác nhau các cái từ các quốc gia khác nhau từ các nền văn hoá khác nhau tụ lại chỗ chỗ đó và có thể mình coi là là chỗ đấy sẽ có dễ nhiều ý tưởng điên rồ khác nhau nhưng mà nếu mà chúng ta quay trở lại việt nam chẳng hạn	cóì thể bên mỹ là nó là một cái độ tập trung của rất là nhiều các dân tộc khác nhau các cái từ các quốc gia khác nhau từ các nền văn hóa khác nhau tụ lại ở chỗ đó và có thể mình coi là là chỗ đấy sẽ có rất nhiều ý tưởng điên rồ khác nhau nhưng mà nếu mà chúng ta quay trở lại việt nam chẳng hạn	CÓ THỂ BÊN MỸ LÀ NÓ LÀ MỘT CÁI ĐỘ TẬP TRUNG CỦA RẤT LÀ NHIỀU CÁC CÁIÂNỘC KHÁC NHAU CÁC CÁI TỪ CÁC CÁI QUỐC GIA KHÁC NHAU TỪ CÁC THỂ NỀN VĂN HÓA KHÁC NHAUỤ LẠI CHỌN CHỖ ĐÓ VÀ CÓ THỂ MÌNH COI LÀ LÀ CHỦ ĐỀ SẼ CÓ GIỮ LÀ NHIỀU Ý TƯỞNG ĐIAL KHÁC NHAU NHƯNG MÀ NẾU MÀ CHÚNG TA QUAY TRỞ LẠI VIỆT NAM CHẲNG HẠN	THÌ CÓ THỂ BÊN MỸ LÀ NÓ LÀ MỘT CÁI ĐỘ TẬP TRUNG CỦA RẤT LÀ NHIỀU CÁC DÂN TỘC KHÁC NHAU CÁC CÁI TỪ CÁC QUỐC GIA KHÁC NHAU TỪ CÁC THỂ NỀN VĂN HÓA KHÁC NHAU LẠI CHỖ ĐÓ VÀ CÓ THỂ MÌNH COI LÀ LÀ CHỖ ĐẤY SẼ CÓ GIỮ RẤT LÀ NHIỀU Ý TƯỞNG NHƯ DỒ KHÁC NHAU NHƯNG MÀ NẾU MÀ CHÚNG TA QUAY TRỞ LẠI VIỆT NAM CHẲNG HẠN	THÌ CÓ THỂ BÊN NGHĨ LÀ NÓ LÀ MỘT CÁI ĐỘ TẬP TRUNG CỦA RẤT LÀ NHIỀU CÁC CÁI DÂN TỘC KHÁC NHAU CÁC CÁI TỪỬ CÁC CÁI QUỐC GIA KHÁC NHAU TỪ CÁC ANH NỀN VĂN HÓA KHÁC NHAU TỤỤ LẠI CHỌN CHỖ ĐÓ VÀ CÓ THỂ MÌNH COI LÀ LÀ CHỦ ĐỀ SẼ CÓ GIỮ LÀ NHIỀU Ý TƯỞNG ĐI R KHÁC NHAU NHƯNG MÀ NẾU MÀ CHÚNG TA QUAY TRỞ LẠI VIỆT NAM CHẲNG HẠN	thì có thể bên mỹ là nó là một cái độ tập trung của rất là nhiều các dân tộc khác nhau các cái từ các quốc gia khác nhau từ các nền văn hoá khác nhau tụ lại chỗ chỗ đó và có thể mình coi là là chỗ đấy sẽ có dễ nhiều ý tưởng điên rồ khác nhau nhưng mà nếu mà chúng ta quay trở lại việt nam chẳng hạn.	Cóì thể bên Mỹ là nó là một cái độ tập trung của rất là nhiều các dân tộc khác nhau, các cái từ các quốc gia khác nhau, từ các nền văn hóa khác nhau, tụ lại ở chỗ đó và có thể mình coi là là chỗ đấy sẽ có rất nhiều ý tưởng điên rồ khác nhau, nhưng mà nếu mà chúng ta quay trở lại Việt Nam, chẳng hạn.
train	13553	13.40	pseudo_label	trời khi mà khi mà cái game nó được đón nhận có hàng chục triệu hay hàng trăm triệu người sử dụng kiếm được hàng tỷ đô la thì công ty ngay lập tức trở thành một kỳ lâm đó là một cái ví dụ mà huy nghĩ là người việt hoàn toàn	trời khi mà khi mà cái gam mới được đó nhận có hàng trụ triệu hay hàng trăm triệu người sử dụngiếm được hàngỷ đâu là thì công ty ngay lập tức trở thành một kỳâm đó là một cái ví dụ mà huy nghĩ là người việt hoàn toànan	trời khi mà khi mà cái game nó được đón nhận có hàng chục triệu hai hàng trăm triệu người sử dụng kiếm được hàng tẩ đô lan thì công ty ngay lập tức trở thành một k l đó là một cái ví dụ mà huy nghĩ là người việc hoàn toàn	trời khi mà khi mà cái gam mới được đón nhận có hàng trục triệu hay hàng trăm triệu người sử dụng kiếm được hàng tô này thì công ty hay lập tức trở thành một kỳân đó là một cái ví dụ mà huy nghĩ là người việt hoàn toàn	ờ trời ờ khi mà khi mà cái game nó được đón nhận có hàng chục triệu hay hàng trăm triệu người sử dụng chiếm được hàng tỷ đô la thì công ty ngay lập tức trở thành một kỳ lân đó là một cái ví dụ mà huy nghĩ là người việt hoàn toàn	ờ trờiờ khi mà khi mà cái game nó được đón nhận có hàng chục triệu hàng trăm triệu người sử dụng kiếm được hàng tỷ đô la thì công ty ngay lập tức trở thành một kỳ lâm đó là một cái ví dụ mà huy nghĩ là người việt hoàn toàn	TRỜI KHI MÀ KHI MÀ CÁI GAM MỚI ĐƯỢC ĐÓ NHẬN CÓ HÀNG TRỤ TRIỆU HAY HÀNG TRĂM TRIỆU NGƯỜI SỬ DỤNGIẾM ĐƯỢC HÀNGỶ ĐÂU LÀ THÌ CÔNG TY NGAY LẬP TỨC TRỞ THÀNH MỘT KỲÂM ĐÓ LÀ MỘT CÁI VÍ DỤ MÀ HUY NGHĨ LÀ NGƯỜI VIỆT HOÀN TOÀNAN	TRỜI KHI MÀ KHI MÀ CÁI GAME NÓ ĐƯỢC ĐÓN NHẬN CÓ HÀNG CHỤC TRIỆU HAI HÀNG TRĂM TRIỆU NGƯỜI SỬ DỤNG KIẾM ĐƯỢC HÀNG TẨ ĐÔ LAN THÌ CÔNG TY NGAY LẬP TỨC TRỞ THÀNH MỘT K L ĐÓ LÀ MỘT CÁI VÍ DỤ MÀ HUY NGHĨ LÀ NGƯỜI VIỆC HOÀN TOÀN	TRỜI KHI MÀ KHI MÀ CÁI GAM MỚI ĐƯỢC ĐÓN NHẬN CÓ HÀNG TRỤC TRIỆU HAY HÀNG TRĂM TRIỆU NGƯỜI SỬ DỤNG KIẾM ĐƯỢC HÀNG TÔ NÀY THÌ CÔNG TY HAY LẬP TỨC TRỞ THÀNH MỘT KỲÂN ĐÓ LÀ MỘT CÁI VÍ DỤ MÀ HUY NGHĨ LÀ NGƯỜI VIỆT HOÀN TOÀN	ờ trời ờ khi mà khi mà cái game nó được đón nhận có hàng chục triệu hay hàng trăm triệu người sử dụng chiếm được hàng tỷ đô la thì công ty ngay lập tức trở thành một kỳ lân đó là một cái ví dụ mà huy nghĩ là người việt hoàn toàn.	Ờ trờiờ, khi mà khi mà cái game nó được đón nhận có hàng chục triệu, hàng trăm triệu, người sử dụng kiếm được hàng tỷ đô la thì công ty ngay lập tức trở thành một kỳ lâm, đó là một cái ví dụ mà Huy nghĩ là người Việt hoàn toàn.
train	13569	13.00	pseudo_label	của huy mà người indonesia họ đều quay về nước hết bởi vì lúc đấy chính phủ indonesia có một cuộc cải cách về công nghiệp và mang những người học từ nước ngoài về để cùng xây dựng một cái văn hóa về công nghiệp công nghệ	củay mà ngườiagg họ đều quay về nước hết bởi vì lúc đẩy chínhủ của nơi có một cái cả cách về công nghiệp và mang những người học từ nước ngoài về để cùng xây dựng cái văn hóa về công nghiệp công nghệ	của huy mà người iniia họ đều quay về nước khác bởi vì lúc đẩy chính phủg có một cái c cách về công nghiệp và mang những người học từ nước ngoài về để cùng xây dựng một cái văn hóa về công nghiệp công nghệ	củauy mà người nayia họ đều quay về nước hết bởi vì lúc đấyy chính phủ của ino có một cái cuộc cả cách về công nghiệp và mang những người học từ nước ngoài về để cùng xây dựng một cái văn hóa về công nghiệp công nghệ	của huy mà người in lai gia họ đều quay về nước khác bởi vì lúc đấy chính phủ in lai gia có một cái cuộc cải cách về công nghiệp và mang những người học từ nước ngoài về để cùng xây dựng hoặc cái văn hoá về công nghiệp công nghệ	của huy mà inô neiia họ đều quay về nước hết bởi vì lúc đấy chính phủ in đô nê xi a có một cái cuộc cải cách về công nghiệp và mang những người học từ nước ngoài về để cùng xây dựng một cái văn hóa về công nghiệp công nghệ	CỦAY MÀ NGƯỜIAGG HỌ ĐỀU QUAY VỀ NƯỚC HẾT BỞI VÌ LÚC ĐẨY CHÍNHỦ CỦA NƠI CÓ MỘT CÁI CẢ CÁCH VỀ CÔNG NGHIỆP VÀ MANG NHỮNG NGƯỜI HỌC TỪ NƯỚC NGOÀI VỀ ĐỂ CÙNG XÂY DỰNG CÁI VĂN HÓA VỀ CÔNG NGHIỆP CÔNG NGHỆ	CỦA HUY MÀ NGƯỜI INIIA HỌ ĐỀU QUAY VỀ NƯỚC KHÁC BỞI VÌ LÚC ĐẨY CHÍNH PHỦG CÓ MỘT CÁI C CÁCH VỀ CÔNG NGHIỆP VÀ MANG NHỮNG NGƯỜI HỌC TỪ NƯỚC NGOÀI VỀ ĐỂ CÙNG XÂY DỰNG MỘT CÁI VĂN HÓA VỀ CÔNG NGHIỆP CÔNG NGHỆ	CỦAUY MÀ NGƯỜI NAYIA HỌ ĐỀU QUAY VỀ NƯỚC HẾT BỞI VÌ LÚC ĐẤYY CHÍNH PHỦ CỦA INO CÓ MỘT CÁI CUỘC CẢ CÁCH VỀ CÔNG NGHIỆP VÀ MANG NHỮNG NGƯỜI HỌC TỪ NƯỚC NGOÀI VỀ ĐỂ CÙNG XÂY DỰNG MỘT CÁI VĂN HÓA VỀ CÔNG NGHIỆP CÔNG NGHỆ	của huy mà người in lai gia họ đều quay về nước khác bởi vì lúc đấy chính phủ in lai gia có một cái cuộc cải cách về công nghiệp và mang những người học từ nước ngoài về để cùng xây dựng hoặc cái văn hoá về công nghiệp công nghệ.	Của Huy mà Inô neiia họ đều quay về nước hết, bởi vì lúc đấy, chính phủ In đô nê xi a có một cái cuộc cải cách về công nghiệp và mang những người học từ nước ngoài về để cùng xây dựng một cái văn hóa về công nghiệp, công nghệ.
train	13585	15.00	pseudo_label	tức nghĩa là cái độ lan tỏa của nó rộng hơn những công nghệ khác rất nhiều nhưng mà đồng thời nó cũng mang một cái tiếng xấu nhất định là có thể bị scam có thể bị mất tiền tất nhiên mọi thứ giống như vậy thì chẳng khác gì cái chuyện ngày xưa khi mà người ta lên sàn thương mại điện tử người ta mua đồ	tất nghĩa là cái cái độanỏ của nó rộng hơn những công nghệ khác rất nhiều nhưng mà đồng người nó cũng mang một cái tiếngấu nhất định là có thể bịcam có thể bị mất tiềnách mọi thứ giống như vậy thì chẳng khác gì cái chuyện ngày xưa khi mà người ta lênàn thươngại điệnử người ta mua đồ xong	tức nghĩa là cái độ lan tỏa của nó rộng hơn những công nghệ khác rất nhiều nhưng mà đồng thời nó cũng mang một cái tiếngấu nhất định là có thể bị sceme có thể bị mất tiền tất cả mọi thứ giống như vậy thì chẳng khác gì cái chuyện ngày xưa khi mà người ta lên sàng thương mại điện tử người ta mua đồ xong	tất nhiên là cái độ lan ta cũng bắt rộng những công nghệ khác rất nhiều nhưng mà đ đồng người nó cũng mang một cái tiếng x nhất định là có thể bị star có thể bị m mất tiền tất mọi thứ giống như vậy thì chẳng khác gì cái chuyện ngày xưa khi mà người ta lên s thương mại điện tử người ta mua đồ xong	tức là cái cái độ lan tỏa của nó rộng hơn những công nghệ khác rất nhiều nhưng đồng thời nó cũng mang một tiếng xấu nhất định là có thể bị xem có thể bị mất tiền tất cả mọi thứ giống như vậy thì chẳng khác gì cái chuyện ngày xưa khi mà người ta lên sàn thương mại điện tử người ta mua đồ	tức nghĩa là cái cái độ lan tỏa của nó rộng hơn những công nghệ khác rất nhiều nhưng mà đồng thời nó cũng mang một cái tiếng xấu nhất định là có thể bị cam có thể bị mất tiền tất cả mọi thứ giống như vậy thì chẳng khác gì cái chuyện ngày xưa khi mà người ta lên sàn thương mại điện tử người ta mua đồ xong	TẤT NGHĨA LÀ CÁI CÁI ĐỘANỎ CỦA NÓ RỘNG HƠN NHỮNG CÔNG NGHỆ KHÁC RẤT NHIỀU NHƯNG MÀ ĐỒNG NGƯỜI NÓ CŨNG MANG MỘT CÁI TIẾNGẤU NHẤT ĐỊNH LÀ CÓ THỂ BỊCAM CÓ THỂ BỊ MẤT TIỀNÁCH MỌI THỨ GIỐNG NHƯ VẬY THÌ CHẲNG KHÁC GÌ CÁI CHUYỆN NGÀY XƯA KHI MÀ NGƯỜI TA LÊNÀN THƯƠNGẠI ĐIỆNỬ NGƯỜI TA MUA ĐỒ XONG	TỨC NGHĨA LÀ CÁI ĐỘ LAN TỎA CỦA NÓ RỘNG HƠN NHỮNG CÔNG NGHỆ KHÁC RẤT NHIỀU NHƯNG MÀ ĐỒNG THỜI NÓ CŨNG MANG MỘT CÁI TIẾNGẤU NHẤT ĐỊNH LÀ CÓ THỂ BỊ SCEME CÓ THỂ BỊ MẤT TIỀN TẤT CẢ MỌI THỨ GIỐNG NHƯ VẬY THÌ CHẲNG KHÁC GÌ CÁI CHUYỆN NGÀY XƯA KHI MÀ NGƯỜI TA LÊN SÀNG THƯƠNG MẠI ĐIỆN TỬ NGƯỜI TA MUA ĐỒ XONG	TẤT NHIÊN LÀ CÁI ĐỘ LAN TA CŨNG BẮT RỘNG NHỮNG CÔNG NGHỆ KHÁC RẤT NHIỀU NHƯNG MÀ Đ ĐỒNG NGƯỜI NÓ CŨNG MANG MỘT CÁI TIẾNG X NHẤT ĐỊNH LÀ CÓ THỂ BỊ STAR CÓ THỂ BỊ M MẤT TIỀN TẤT MỌI THỨ GIỐNG NHƯ VẬY THÌ CHẲNG KHÁC GÌ CÁI CHUYỆN NGÀY XƯA KHI MÀ NGƯỜI TA LÊN S THƯƠNG MẠI ĐIỆN TỬ NGƯỜI TA MUA ĐỒ XONG	tức là cái cái độ lan tỏa của nó rộng hơn những công nghệ khác rất nhiều nhưng đồng thời nó cũng mang một tiếng xấu nhất định là có thể bị xem có thể bị mất tiền tất cả mọi thứ giống như vậy thì chẳng khác gì cái chuyện ngày xưa khi mà người ta lên sàn thương mại điện tử người ta mua đồ.	Tức nghĩa là cái cái độ lan tỏa của nó rộng hơn những công nghệ khác rất nhiều, nhưng mà đồng thời nó cũng mang một cái tiếng xấu nhất định là có thể bị cam, có thể bị mất tiền, tất cả mọi thứ giống như vậy thì chẳng khác gì cái chuyện ngày xưa khi mà người ta lên sàn thương mại điện tử, người ta mua đồ xong.
train	13606	12.30	pseudo_label	cái góc nhìn như là với miro vậy và đâu đó thì mình nhận được cái sự đồng tình và ủng hộ của mọi người và đâu đó chính những cái un official những cái những cái sai sig chat	cái cái góc nhìn như là với miro vào và đâu đó thì mình nhận được cái sự đồng đồng tình vàủng hộ của mọi người và đâu đó chính những cái anho fic sho những cái những cái sai x sai chán	cái góc nhìn như là với miroô vậy và đâu đó thì mình nhận được cái sự đồng đồng tình và ủng hộ của mọi người và đâu đó chính những cái in ofical những cái những cái sai si chatb	đấy cái góc nhìn như là với miro bạn và đâu đó thì mình nhận được cái sự đồng đồng tình và hủng hộ của mọi người và đâu đó chính những cái in goficia những cái những cái sai sai chat	cái cái cái góc nhìn như là với mi rô vậy và đâu đó thì mình nhận được sự đồng đồng tình và ủng hộ của mọi người và đâu đó chính những cái in official những cái những cái sai sai chat	cái cái cái cái góc nhìn như là với mi rô vậy và đâu đó thì mình nhận được cái sự đồng đồng tình và ủng hộ của mọi người và đâu đó chính những cái in nó ph phí sồ những cái những cái sai sai chát	CÁI CÁI GÓC NHÌN NHƯ LÀ VỚI MIRO VÀO VÀ ĐÂU ĐÓ THÌ MÌNH NHẬN ĐƯỢC CÁI SỰ ĐỒNG ĐỒNG TÌNH VÀỦNG HỘ CỦA MỌI NGƯỜI VÀ ĐÂU ĐÓ CHÍNH NHỮNG CÁI ANHO FIC SHO NHỮNG CÁI NHỮNG CÁI SAI X SAI CHÁN	CÁI GÓC NHÌN NHƯ LÀ VỚI MIROÔ VẬY VÀ ĐÂU ĐÓ THÌ MÌNH NHẬN ĐƯỢC CÁI SỰ ĐỒNG ĐỒNG TÌNH VÀ ỦNG HỘ CỦA MỌI NGƯỜI VÀ ĐÂU ĐÓ CHÍNH NHỮNG CÁI IN OFICAL NHỮNG CÁI NHỮNG CÁI SAI SI CHATB	ĐẤY CÁI GÓC NHÌN NHƯ LÀ VỚI MIRO BẠN VÀ ĐÂU ĐÓ THÌ MÌNH NHẬN ĐƯỢC CÁI SỰ ĐỒNG ĐỒNG TÌNH VÀ  HỦNG HỘ CỦA MỌI NGƯỜI VÀ ĐÂU ĐÓ CHÍNH NHỮNG CÁI IN GOFICIA NHỮNG CÁI NHỮNG CÁI SAI SAI CHAT	cái cái cái góc nhìn như là với mi rô vậy và đâu đó thì mình nhận được sự đồng đồng tình và ủng hộ của mọi người và đâu đó chính những cái in official những cái những cái sai sai chat.	Cái cái cái cái góc nhìn như là với mi rô vậy, và đâu đó thì mình nhận được cái sự đồng đồng tình và ủng hộ của mọi người và đâu đó chính những cái in nó ph phí sồ, những cái những cái sai sai chát.
train	14185	13.20	pseudo_label	trong vòng mười mấy năm vừa rồi là mình rất ít ở việt nam học hết ba chalo ở bên singapore và hồi đấy là mình học bất động sản xong rồi mình làm bất động sản ở bên singapore lúc mà mình muốn chuyển sang làm marketing ấy thì mình đi học về master marketing	trong vòng mười mấy năm vừa rồi là mình rất ít ở việt nam họ hết vi ở bên sự bên sinh và hồi đấy em mình học bất động sản cho mình làm bất động sản ở với dịch cái lúc mà mình muốn chuyển sang là marketing thì mình học cáiator m marketing	trong vòng mười mấy năm vừa rồi là mình rất ít ở việt nam học hết ba sholo và v ở v sinh và hồi đấy là mình học bất động sản xong rồi mình làm bất động sản ở vc lúc mà mình muốn chuyển sang làm marketing ngh thì mình đi học cái mateter marketing	trong vòng mười mấy năm vừa rồi là mình rất ít ở việt nam học hết ba sloer mình ven sinh và hồi đấy là mình học bất động phải xong mình làm bất động sản ở vc lúc mà mình muốn chuyển sang làm marketing ấy thì mình học cái m maror marketing	trong vòng mười mấy năm vừa rồi là mình rất ít ở việt nam học hết basho tàu ở ven sinh và hồi đấy là mình học bất động sản sao người mình làm bất động sản ở ven sinh lúc mà mình muốn chuyển sang làm marketing thì mình đi học về masterpiece marketing	trong vòng mười mấy năm vừa rồi là mình rất ít ở việt nam học hết ba chơ dô ở bên ở v bên sinh và hồi đấy là mình học bất động sản x xong rồi mình làm bất động sản ở bên sinh lúc mà mình muốn chuyển sang ma két tinh thì mình đi học về mát tờ ma két tinh	TRONG VÒNG MƯỜI MẤY NĂM VỪA RỒI LÀ MÌNH RẤT ÍT Ở VIỆT NAM HỌ HẾT VI Ở BÊN SỰ BÊN SINH VÀ HỒI ĐẤY EM MÌNH HỌC BẤT ĐỘNG SẢN CHO MÌNH LÀM BẤT ĐỘNG SẢN Ở VỚI DỊCH CÁI LÚC MÀ MÌNH MUỐN CHUYỂN SANG LÀ MARKETING THÌ MÌNH HỌC CÁIATOR M MARKETING	TRONG VÒNG MƯỜI MẤY NĂM VỪA RỒI LÀ MÌNH RẤT ÍT Ở VIỆT NAM HỌC HẾT BA SHOLO VÀ V Ở V SINH VÀ HỒI ĐẤY LÀ MÌNH HỌC BẤT ĐỘNG SẢN XONG RỒI MÌNH LÀM BẤT ĐỘNG SẢN Ở VC LÚC MÀ MÌNH MUỐN CHUYỂN SANG LÀM MARKETING NGH THÌ MÌNH ĐI HỌC CÁI MATETER MARKETING	TRONG VÒNG MƯỜI MẤY NĂM VỪA RỒI LÀ MÌNH RẤT ÍT Ở VIỆT NAM HỌC HẾT BA SLOER MÌNH VEN SINH VÀ HỒI ĐẤY LÀ MÌNH HỌC BẤT ĐỘNG PHẢI XONG MÌNH LÀM BẤT ĐỘNG SẢN Ở VC LÚC MÀ MÌNH MUỐN CHUYỂN SANG LÀM MARKETING ẤY THÌ MÌNH HỌC CÁI M MAROR MARKETING	trong vòng mười mấy năm vừa rồi là mình rất ít ở việt nam học hết basho tàu ở ven sinh và hồi đấy là mình học bất động sản sao người mình làm bất động sản ở ven sinh lúc mà mình muốn chuyển sang làm marketing thì mình đi học về masterpiece marketing.	Trong vòng mười mấy năm vừa rồi là mình rất ít ở Việt Nam, học hết ba chơ dô ở bên ở V bên sinh và hồi đấy là mình học bất động sản. X xong rồi mình làm bất động sản ở bên sinh. lúc mà mình muốn chuyển sang ma két tinh thì mình đi học về mát tờ ma két tinh.
train	14186	10.20	pseudo_label	và sau đó thì mình làm cho year health trong hell cach mình hai năm vừa rồi mình ở mỹ làm việc cho một số các công ty về ai và ở kênh là con sumer healthy	và sau đó thì mình làm cho chia trong ha te mình hai năm vừa rồi mình ở mỹ làm việc cho một số các công ty về ai là ởen là con xin mười ha ok	và sau đó thì mình làm cho y tự trong he ca teac mình hai năm vừa rồi mình ở mỹ là việc cho một số các công ty về ai hay là ở ok là concmer heh ok	và sau đó thì mình làm cho tronge p tech mình hai nămv vừa rồi mình ở mỹ giả việc cho một số các công ty về a ai và ở ok là concere ok	và sau đó thì mình làm cho gi hao trong heo kate trách hai năm vừa rồi mình ở mỹ làm việc cho một số các công ty về ai và ở đây là con suy mờ heo kate	và sau đó thì mình làm cho diô heo trong heo kê trách mình hai năm vừa rồi mình ở mỹ làm việc cho một số các công ty về a ai và ở k trên là con su mờ heo kê	VÀ SAU ĐÓ THÌ MÌNH LÀM CHO  CHIA TRONG HA TE MÌNH HAI NĂM VỪA RỒI MÌNH Ở MỸ LÀM VIỆC CHO MỘT SỐ CÁC CÔNG TY VỀ AI LÀ ỞEN LÀ CON XIN MƯỜI HA OK	VÀ SAU ĐÓ THÌ MÌNH LÀM CHO  Y TỰ TRONG HE CA TEAC MÌNH HAI NĂM VỪA RỒI MÌNH Ở MỸ LÀ VIỆC CHO MỘT SỐ CÁC CÔNG TY VỀ AI HAY LÀ Ở OK LÀ CONCMER HEH OK	VÀ SAU ĐÓ THÌ MÌNH LÀM CHO  TRONGE P TECH MÌNH HAI NĂMV VỪA RỒI MÌNH Ở MỸ GIẢ VIỆC CHO MỘT SỐ CÁC CÔNG TY VỀ A AI VÀ Ở OK LÀ CONCERE OK	và sau đó thì mình làm cho gi hao trong heo kate trách hai năm vừa rồi mình ở mỹ làm việc cho một số các công ty về ai và ở đây là con suy mờ heo kate.	Và sau đó thì mình làm cho Diô heo trong heo kê trách mình hai năm vừa rồi, mình ở Mỹ làm việc cho một số các công ty về A ai và ở k trên là con su mờ heo kê.
train	14188	12.70	pseudo_label	qua sự chia sẻ của lê thì ruby thấy cái kinh nghiệm của lê làm việc chính trong lĩnh vực cần zoom m take nhưng mà chắc trước đấy thì lê cũng đã học và cũng có làm một số công việc liên quan tới về brand marketing trước đó rồi	có sự chia sẻ của lê thì ruby thấy cái kinh nghiệm của lê làm việc chính trong lĩnh vực cần dưnger te nhưng mà chắc trước đấy thìê cũng đã học và cũng có làm một số công việc liên quan tới về bran marketing trước đó rồi	có sự chia sẻ của lê thì ruby thấy cái kinh nghiệm của lê làm việc chính trong lĩnh vực cầnzoomer tee nhưng mà chắc trước đấy thì l cũng đã học và cũng có làm một số công việc liên quan tới về brand marketing trước đó rồi	qua sự chia sẻ của lê thì ruby thấy cái kinh nghiệm của lê làm việc chính trong lĩnh vực cần dng mer tech nhưng mà chắc trước đấy thì linh cũng đã học và cũng có làm một số công việc liên quan tới về bran marketing trước đó rồi	qua sự chia sẻ của lê thì ru bi thấy cái kinh nghiệm của lê làm việc chính trong lĩnh vực cần jun mờ tếch nhưng mà chắc trước đấy thì lê cũng đã học và cũng có làm một số công việc liên quan tới về bờ ren marketing trước đó rồi	qua sự chia sẻ của lê thì rui thấy cái kinh nghiệm của lê làm việc chính trong lĩnh vực cần duờếch nhưng mà chắc trước đấy thì lê cũng đã học và cũng có làm một số công việc liên quan tới về bờen ma ke tinh trước đó rồi	CÓ SỰ CHIA SẺ CỦA LÊ THÌ RUBY THẤY CÁI KINH NGHIỆM CỦA LÊ LÀM VIỆC CHÍNH TRONG LĨNH VỰC CẦN DƯNGER TE NHƯNG MÀ CHẮC TRƯỚC ĐẤY THÌÊ CŨNG ĐÃ HỌC VÀ CŨNG CÓ LÀM MỘT SỐ CÔNG VIỆC LIÊN QUAN TỚI VỀ BRAN MARKETING TRƯỚC ĐÓ RỒI	CÓ SỰ CHIA SẺ CỦA LÊ THÌ RUBY THẤY CÁI KINH NGHIỆM CỦA LÊ LÀM VIỆC CHÍNH TRONG LĨNH VỰC CẦNZOOMER TEE NHƯNG MÀ CHẮC TRƯỚC ĐẤY THÌ L CŨNG ĐÃ HỌC VÀ CŨNG CÓ LÀM MỘT SỐ CÔNG VIỆC LIÊN QUAN TỚI VỀ BRAND MARKETING TRƯỚC ĐÓ RỒI	QUA SỰ CHIA SẺ CỦA LÊ THÌ RUBY THẤY CÁI KINH NGHIỆM CỦA LÊ LÀM VIỆC CHÍNH TRONG LĨNH VỰC CẦN DNG MER TECH NHƯNG MÀ CHẮC TRƯỚC ĐẤY THÌ LINH CŨNG ĐÃ HỌC VÀ CŨNG CÓ LÀM MỘT SỐ CÔNG VIỆC LIÊN QUAN TỚI VỀ BRAN MARKETING TRƯỚC ĐÓ RỒI	qua sự chia sẻ của lê thì ru bi thấy cái kinh nghiệm của lê làm việc chính trong lĩnh vực cần jun mờ tếch nhưng mà chắc trước đấy thì lê cũng đã học và cũng có làm một số công việc liên quan tới về bờ ren marketing trước đó rồi.	Qua sự chia sẻ của Lê thì Rui thấy cái kinh nghiệm của Lê làm việc chính trong lĩnh vực cần duờếch, nhưng mà chắc trước đấy thì Lê cũng đã học và cũng có làm một số công việc liên quan tới về Bờen ma ke tinh trước đó rồi.
train	14248	15.00	pseudo_label	thế thì ở đấy là lý thuyết nha ôi cảm ơn cô giáo một lần nữa đã chia sẻ cho vy hẳn một lịch sử của lĩnh vực marketing lần đầu tiên robin được nghe đầy đủ như thế về lịch sử đủ dài mà trong thời gian ngắn như vậy tại vì là tại vì là mình vừa	thế thì ở đấy là là nhanh cảm ơn cô giáo một lần nữa đã chia sẻ choy hẳn của lịch sử của lĩnh vực marketing và đầu tiên ruby được ngheầy đủ như thế về lịch sử đủ dài là trong thời gian ngắn như vậy tại vì là tại vì là mình vừa	thế thì ở đấy là khác nhau cảm ơn cô giáo một lần nữa đã chia sẻ chop hẳn một lịch sử của lĩnh vực marketing lần đầu tiên ruby được nghe đầy đủ như thế về lịch sử độ ra mà trong thời gian ngắn như vậy tại vì là tại vì là mình vừa	thế thì ở đấy là mình cảm ơn cô giáo một lần nữa đã chia sẻ cho với hẳn một lịch sử của lĩnh vực marketing là đầu tiêny được nghe đ bà đủ như thế về một lịch sửổ dài trong thời gian ngắn như vậy tại vì là tại vì là mình vừa	thế thì ở đấy là né hơn đến thuốc nhau tôi cám ơn cô giáo một lần nữa đã chia sẻ cho biên hẳn một lịch sử của lĩnh vực marketing lần đầu tiên robin được nghe đầy đủ như thế về một lịch sử đủ dài mà trong thời gian ngắn như vậy tại vì là tại vì là mình vừa	thế thì ở đấy là lý thuyếtá ô tôi cảm ơn cô giáo một lần nữa đã chia sẻ cho biết hẳn một lịch sử của lĩnh vực mar két tinh lần đầu tiên vuibin được nghe đầy đủ như thế về lịch sử đủ dài mà trong thời gian ngắn như vậy tại vì là tại vì là mình vừa	THẾ THÌ Ở ĐẤY LÀ LÀ NHANH CẢM ƠN CÔ GIÁO MỘT LẦN NỮA ĐÃ CHIA SẺ CHOY HẲN CỦA LỊCH SỬ CỦA LĨNH VỰC MARKETING VÀ ĐẦU TIÊN RUBY ĐƯỢC NGHEẦY ĐỦ NHƯ THẾ VỀ LỊCH SỬ ĐỦ DÀI LÀ TRONG THỜI GIAN NGẮN NHƯ VẬY TẠI VÌ LÀ TẠI VÌ LÀ MÌNH VỪA	THẾ THÌ Ở ĐẤY LÀ KHÁC NHAU CẢM ƠN CÔ GIÁO MỘT LẦN NỮA ĐÃ CHIA SẺ CHOP HẲN MỘT LỊCH SỬ CỦA LĨNH VỰC MARKETING LẦN ĐẦU TIÊN RUBY ĐƯỢC NGHE ĐẦY ĐỦ NHƯ THẾ VỀ LỊCH SỬ ĐỘ RA MÀ TRONG THỜI GIAN NGẮN NHƯ VẬY TẠI VÌ LÀ TẠI VÌ LÀ MÌNH VỪA	THẾ THÌ Ở ĐẤY LÀ MÌNH CẢM ƠN CÔ GIÁO MỘT LẦN NỮA ĐÃ CHIA SẺ CHO VỚI HẲN MỘT LỊCH SỬ CỦA LĨNH VỰC MARKETING LÀ ĐẦU TIÊNY ĐƯỢC NGHE Đ BÀ ĐỦ NHƯ THẾ VỀ MỘT LỊCH SỬỔ DÀI TRONG THỜI GIAN NGẮN NHƯ VẬY TẠI VÌ LÀ TẠI VÌ LÀ MÌNH VỪA	thế thì ở đấy là né hơn đến thuốc nhau tôi cám ơn cô giáo một lần nữa đã chia sẻ cho biên hẳn một lịch sử của lĩnh vực marketing lần đầu tiên robin được nghe đầy đủ như thế về một lịch sử đủ dài mà trong thời gian ngắn như vậy tại vì là tại vì là mình vừa.	Thế thì ở đấy là lý thuyếtá. Ô Tôi cảm ơn cô giáo một lần nữa đã chia sẻ cho biết hẳn một lịch sử của lĩnh vực mar két tinh lần đầu tiên vuibin được nghe đầy đủ như thế, về lịch sử đủ dài mà trong thời gian ngắn như vậy, tại vì là tại vì là mình vừa.
train	14250	13.90	pseudo_label	lúc phỏng vấn anh dịch giả cuốn sách này thì cái case study đấy là nói về một cái chiến dịch của gojec gọi là để không ai bị bỏ lại phía sau thì cái chiến dịch này là chiến dịch mà gojec phối hợp hợp tác với cả đài htv	lúcỏng vấn anhực giả cuốn sách này thì cái c ca stary đấy là nói về một cái chiến dịch của câue gọi là để không ai bị bỏ lại phí sau thì cái chiếních này là chiến vị mà câue phối h hợp hợp tác với cả cái ati vậy	lúc phỏng vấn anh tr giả cuốn sách đây thì cái cây stady đấy là nói về một cái chiến dịch của câu tr gọi là để không ai bị bỏ lại phía sau thì cái chiến dịch này là trấn dịch là câuj phối hợp hợp tác với cả cái happyv	lúc phỏng vấn anh tr già cuốn sách này thì cái c stady đấy là nói về một cái chính dịch của câuje gọi là bảy không ai bị bỏ lại phía sau thì cái chiến vị này là chiến vị là pjic phối h hợp quốc tác với cả bài hátyvây	à lúc phỏng vấn anh dịch giả cuốn sách này thì cái cây xta đi đấy là nói về một cái chiến dịch của câu trách gọi là để không ai bị bỏ lại phía sau thì cái chiến dịch này là chiến dịch mà câu trách phối hợp hợp tác với cả đài hát tê vê	lúc phỏng vấn anh dịch giả cuốn sách này thì cái cây s ta đi đấy là nói về một cái chiến dịch của cô tráchch gọi là để không ai bị bỏ lại phía sau thì cái chiến dịch này là chiến dịch mà cô tráchch phối hợp hợp tác với cả đài hát tê vê	LÚCỎNG VẤN ANHỰC GIẢ CUỐN SÁCH NÀY THÌ CÁI C CA STARY ĐẤY LÀ NÓI VỀ MỘT CÁI CHIẾN DỊCH CỦA CÂUE GỌI LÀ ĐỂ KHÔNG AI BỊ BỎ LẠI PHÍ SAU THÌ CÁI CHIẾNÍCH NÀY LÀ CHIẾN VỊ MÀ CÂUE PHỐI H HỢP HỢP TÁC VỚI CẢ CÁI ATI VẬY	LÚC PHỎNG VẤN ANH TR GIẢ CUỐN SÁCH ĐÂY THÌ CÁI CÂY STADY ĐẤY LÀ NÓI VỀ MỘT CÁI CHIẾN DỊCH CỦA CÂU TR GỌI LÀ ĐỂ KHÔNG AI BỊ BỎ LẠI PHÍA SAU THÌ CÁI CHIẾN DỊCH NÀY LÀ TRẤN DỊCH LÀ CÂUJ PHỐI HỢP HỢP TÁC VỚI CẢ CÁI HAPPYV	LÚC PHỎNG VẤN ANH TR GIÀ CUỐN SÁCH NÀY THÌ CÁI C STADY ĐẤY LÀ NÓI VỀ MỘT CÁI CHÍNH DỊCH CỦA CÂUJE GỌI LÀ BẢY KHÔNG AI BỊ BỎ LẠI PHÍA SAU THÌ CÁI CHIẾN VỊ NÀY LÀ CHIẾN VỊ LÀ PJIC PHỐI H HỢP QUỐC TÁC VỚI CẢ BÀI HÁTYVÂY	à lúc phỏng vấn anh dịch giả cuốn sách này thì cái cây xta đi đấy là nói về một cái chiến dịch của câu trách gọi là để không ai bị bỏ lại phía sau thì cái chiến dịch này là chiến dịch mà câu trách phối hợp hợp tác với cả đài hát tê vê.	Lúc phỏng vấn anh dịch giả cuốn sách này thì cái cây s ta đi đấy là nói về một cái chiến dịch của cô tráchch gọi là để không ai bị bỏ lại phía sau, thì cái chiến dịch này là chiến dịch mà cô tráchch phối hợp hợp tác với cả đài hát tê vê.
train	14253	14.40	pseudo_label	thật sự qua cái qua ba bốn tháng vừa rồi nó nó xảy ra những cái tốc độ nó xảy ra nhanh hơn trong bất cứ giai đoạn lịch sử nào như bọn mình vẫn ngồi ở nhà vẫn là việc vẫn kiếm tiền nhưng mà ví dụ như là các anh đối tác tài xế của mình đi	thật sự qua cái được qua ba bốn tháng vừa rồi nó nó xảy sang cái tố độ nó xảy ra nhanh hơn cho bất cứ giai đoạn định xửảo như bọn mình vẫn ngồi ở nhà vẫn là việcận kiếm tiền nhưng mà ví dụ như là những các anh đối tác vềế của mình đi	thật sự qua qua ba bốn tháng vừa rồi nó nó xảy ra cái tốc độ nó xảy ra nhanh hơn trong bất cứ giai đoạn lịch sử nào như bọn mình vẫn người ở nhà vẫn là việc vẫn kiếm tiền nhưng mà ví dụ như là những các anh đối tác cái sế của mình đi	thật sự qua qua ba bốn tháng vừa rồi nó nó phải sang những cái tốc độ nó xảy ra nhanh hơn trong bất cứ giai đoạn lịch sửử nào như bọn mình vẫn ngồi ở nhà vẫn là việcận kiếm tiền nhưng mà ví dụ như là những các anh đối tác tài phíế của mình đi	thật sự qua qua ba bốn tháng vừa rồi nó nó xảy ra cái tốc độ nó xảy ra nhanh hơn trong bất kỳ giai đoạn lịch sử nào như bọn mình vẫn ngồi ở nhà vẫn là việc vẫn kiếm tiền nhưng mà ví dụ như là những các anh đối tác tài xế của mình đi	thật sự qua cái qua ba bốn tháng vừa rồi nó nó xảy ra những cái tốc độ nó xảy ra nhanh hơn trong bất cứ giai đoạn lịch sử nào như bọn mình vẫn ngồi ở nhà vẫn là việc vẫn kiếm tiền nhưng mà ví dụ như là những các anh đối tác tài xế của mình đi	THẬT SỰ QUA CÁI ĐƯỢC QUA BA BỐN THÁNG VỪA RỒI NÓ NÓ XẢY SANG CÁI TỐ ĐỘ NÓ XẢY RA NHANH HƠN CHO BẤT CỨ GIAI ĐOẠN ĐỊNH XỬẢO NHƯ BỌN MÌNH VẪN NGỒI Ở NHÀ VẪN LÀ VIỆCẬN KIẾM TIỀN NHƯNG MÀ VÍ DỤ NHƯ LÀ NHỮNG CÁC ANH ĐỐI TÁC VỀẾ CỦA MÌNH ĐI	THẬT SỰ QUA QUA BA BỐN THÁNG VỪA RỒI NÓ NÓ XẢY RA CÁI TỐC ĐỘ NÓ XẢY RA NHANH HƠN TRONG BẤT CỨ GIAI ĐOẠN LỊCH SỬ NÀO NHƯ BỌN MÌNH VẪN NGƯỜI Ở NHÀ VẪN LÀ VIỆC VẪN KIẾM TIỀN NHƯNG MÀ VÍ DỤ NHƯ LÀ NHỮNG CÁC ANH ĐỐI TÁC CÁI SẾ CỦA MÌNH ĐI	THẬT SỰ QUA QUA BA BỐN THÁNG VỪA RỒI NÓ NÓ PHẢI SANG NHỮNG CÁI TỐC ĐỘ NÓ XẢY RA NHANH HƠN TRONG BẤT CỨ GIAI ĐOẠN LỊCH SỬỬ NÀO NHƯ BỌN MÌNH VẪN NGỒI Ở NHÀ VẪN LÀ VIỆCẬN KIẾM TIỀN NHƯNG MÀ VÍ DỤ NHƯ LÀ NHỮNG CÁC ANH ĐỐI TÁC TÀI PHÍẾ CỦA MÌNH ĐI	thật sự qua qua ba bốn tháng vừa rồi nó nó xảy ra cái tốc độ nó xảy ra nhanh hơn trong bất kỳ giai đoạn lịch sử nào như bọn mình vẫn ngồi ở nhà vẫn là việc vẫn kiếm tiền nhưng mà ví dụ như là những các anh đối tác tài xế của mình đi.	Thật sự qua cái qua ba bốn tháng vừa rồi, nó nó xảy ra những cái tốc độ nó xảy ra nhanh hơn trong bất cứ giai đoạn lịch sử nào, như bọn mình vẫn ngồi ở nhà vẫn là việc vẫn kiếm tiền, nhưng mà ví dụ như là những các anh đối tác tài xế của mình đi.
train	14259	14.60	pseudo_label	nó không có khó tại vì thực ra là bọn mình không sẽ không phải là gọi là chạy theo hay là cố gắng làm gì cả bởi vì nó đã là cái gì đấy nó đã ở trong bản thân nó là bạn nó là mình rồi nó là trong dna của mình rồi	nó không nó không có khó tại vì thực ra là bọn mình không sẽ không phải là gọi là chạy theo tr hay là cố gắng là gì cả bởi vì nó đã là cái gì đấy nó đã ở trong bản thân nó là bạn nó là mình rồi nó là trong dien a của mình rồi	nó không nó không có khó tại vì thực ra là bọn mình sẽ không phải là gọi là chạy theo trr hay là cố gắng người gì cả bởi vì nó đã là cái gì đấy nó đang ở trong bản thân nó là bạn nó là mình rồi nó là trong đi a của mình rồi	nó không nó không có khó tại vì thực ra là bọn mình chung sẽ không phải là gọi là chạy th tran hay là cố gắng là gì cả bởi vì nó đã là cái gì đấy nó đã ở trong bản thân nó là bạn đó là mình rồi nó là trong dan a của mình rồi	nó không nó không quá khó tại vì thực ra là bọn mình không sẽ không phải là là chạy theo trai này là cố ngăn gì cả bởi vì nó đã là cái gì đấy nó đã ở trong bản thân nó là bạn nó là mình rồi nó là trong đi en ây của mình rồi	nó không nó không có khó ại vì thực ra là bọn mình không sẽ không phải là gọi là chạy theoen hay là cố gắng d làm gì cả bởi vì nó đã là cái gì đấy nó đã ở trong bản thân nó là bạn nó là mình rồi nó là trong đi en ây của mình rồi	NÓ KHÔNG NÓ KHÔNG CÓ KHÓ TẠI VÌ THỰC RA LÀ BỌN MÌNH KHÔNG SẼ KHÔNG PHẢI LÀ GỌI LÀ CHẠY THEO TR HAY LÀ CỐ GẮNG LÀ GÌ CẢ BỞI VÌ NÓ ĐÃ LÀ CÁI GÌ ĐẤY NÓ ĐÃ Ở TRONG BẢN THÂN NÓ LÀ BẠN NÓ LÀ MÌNH RỒI NÓ LÀ TRONG DIEN A CỦA MÌNH RỒI	NÓ KHÔNG NÓ KHÔNG CÓ KHÓ TẠI VÌ THỰC RA LÀ BỌN MÌNH SẼ KHÔNG PHẢI LÀ GỌI LÀ CHẠY THEO TRR HAY LÀ CỐ GẮNG NGƯỜI GÌ CẢ BỞI VÌ NÓ ĐÃ LÀ CÁI GÌ ĐẤY NÓ ĐANG Ở TRONG BẢN THÂN NÓ LÀ BẠN NÓ LÀ MÌNH RỒI NÓ LÀ TRONG ĐI A CỦA MÌNH RỒI	NÓ KHÔNG NÓ KHÔNG CÓ KHÓ TẠI VÌ THỰC RA LÀ BỌN MÌNH CHUNG SẼ KHÔNG PHẢI LÀ GỌI LÀ CHẠY TH TRAN HAY LÀ CỐ GẮNG LÀ GÌ CẢ BỞI VÌ NÓ ĐÃ LÀ CÁI GÌ ĐẤY NÓ ĐÃ Ở TRONG BẢN THÂN NÓ LÀ BẠN ĐÓ LÀ MÌNH RỒI NÓ LÀ TRONG DAN A CỦA MÌNH RỒI	nó không nó không quá khó tại vì thực ra là bọn mình không sẽ không phải là là chạy theo trai này là cố ngăn gì cả bởi vì nó đã là cái gì đấy nó đã ở trong bản thân nó là bạn nó là mình rồi nó là trong đi en ây của mình rồi.	Nó không, nó không có khó,ại vì thực ra là bọn mình không sẽ không phải là gọi là chạy theoen hay là cố gắng d làm gì cả, bởi vì nó đã là cái gì đấy, nó đã ở trong bản thân, nó là bạn nó là mình rồi, nó là trong đi en ây của mình rồi.
train	1151	10.00	pseudo_label	anh phải đính chính nè cái suy nghĩ này anh có hồi trẻ chứ không phải là ý là anh có hồi mà anh ba mươi khoảng ba mươi mốt ba mươi hai còn bây giờ anh đã chấp nhận được cái việc đó	anh phải đứng chính nha cái suy nghĩ này anh có rồi trẻ chứ không phải là ý là anh có hồi mà anh ba mươi ông ba mươi mốt ba mươi hai còn bây giờ anh đã chấp nhận được cái việc đó	anh phải đứngính ch nè cái suy nghĩ này anh anh có hồi trẻ chứ không phải là ý là anh có hồi mà anh ba mươi khoảng ba mươi mốt ba mươi hai không bây giờ anh đã chấp nhận được cái việc đó	anh phải đến chính nè cái suy nghĩ này anh anh có thôi trẻ chứ không phải là ý là anh có hồi mà anh ba mươi khoảng ba mươi mốt ba mươi hai còn bây giờ anh đã chấp nhận được cái việc đó	anh phải đính chính ngay cái suy nghĩ này anh anh có hồi trẻ chứ không phải là ý là anh có hồi mà anh ba mươi khoảng ba mươi mốt ba mươi hai còn bây giờ anh đã chấp nhận được cái việc đó	anh phải đính chứng nè cái suy nghĩ nè anh anh có hồi trẻ chứ không phải là ý là anh có hồi mà anh ba mươi khoảng ba mươi mốt ba mươi hai còn bây giờ anh đã chấp nhận được cái việc đó	ANH PHẢI ĐỨNG CHÍNH NHA CÁI SUY NGHĨ NÀY ANH CÓ RỒI TRẺ CHỨ KHÔNG PHẢI LÀ Ý LÀ ANH CÓ HỒI MÀ ANH BA MƯƠI ÔNG BA MƯƠI MỐT BA MƯƠI HAI CÒN BÂY GIỜ ANH ĐÃ CHẤP NHẬN ĐƯỢC CÁI VIỆC ĐÓ	ANH PHẢI ĐỨNGÍNH CH NÈ CÁI SUY NGHĨ NÀY ANH ANH CÓ HỒI TRẺ CHỨ KHÔNG PHẢI LÀ Ý LÀ ANH CÓ HỒI MÀ ANH BA MƯƠI KHOẢNG BA MƯƠI MỐT BA MƯƠI HAI KHÔNG BÂY GIỜ ANH ĐÃ CHẤP NHẬN ĐƯỢC CÁI VIỆC ĐÓ	ANH PHẢI ĐẾN CHÍNH NÈ CÁI SUY NGHĨ NÀY ANH ANH CÓ THÔI TRẺ CHỨ KHÔNG PHẢI LÀ Ý LÀ ANH CÓ HỒI MÀ ANH BA MƯƠI KHOẢNG BA MƯƠI MỐT BA MƯƠI HAI CÒN BÂY GIỜ ANH ĐÃ CHẤP NHẬN ĐƯỢC CÁI VIỆC ĐÓ	anh phải đính chính ngay cái suy nghĩ này anh anh có hồi trẻ chứ không phải là ý là anh có hồi mà anh ba mươi khoảng ba mươi mốt ba mươi hai còn bây giờ anh đã chấp nhận được cái việc đó.	Anh phải đính chứng nè, cái suy nghĩ nè, anh anh có hồi trẻ chứ không phải là ý là anh có hồi mà anh ba mươi khoảng ba mươi mốt, ba mươi hai, còn bây giờ anh đã chấp nhận được cái việc đó.
train	15934	11.40	pseudo_label	và kiểu cùng khách hàng khách hàng tới với một cái clip và sau đó mình làm nó tốt hơn mình trip mình nó theo cách của mình và tricking nghĩa là gì mình	kiểu cùng khách hàng khách hàng tới với một cáie và sau đó mình làm nó tốt hơn mìnhe mình nó theo cách của mình và mình nghĩa là mình	và kiểu cùng khách hàng khách này tới với một cái cr và sau đó mình làm nó tốt hơn mình trr mình nó theo cách của mình và linh nghĩ là gì mình	và kiểu cũng khách hàng khách này tới với một cáir và sau đó mình làm nó tốt hơn mình ch mình nó theo cách của mình và linh nghĩa là gì mình	và kiểu cùng khách hàng khách hàng tới với một cái píp và sau đó mình làm nó tốt hơn mình truýt mừn nó theo cách của mình và truýt mừn nghĩa là gì à mình	và kiểu cùng khách hàng khách hàng tới với một cái cờ rítp và sau đó mình làm nó tốt hơn mình tru mình nó theo cách của mình và trích minh nghĩa là gì ạ ờ mìnhờ	KIỂU CÙNG KHÁCH HÀNG KHÁCH HÀNG TỚI VỚI MỘT CÁIE VÀ SAU ĐÓ MÌNH LÀM NÓ TỐT HƠN MÌNHE MÌNH NÓ THEO CÁCH CỦA MÌNH VÀ MÌNH NGHĨA LÀ MÌNH	VÀ KIỂU CÙNG KHÁCH HÀNG KHÁCH NÀY TỚI VỚI MỘT CÁI CR VÀ SAU ĐÓ MÌNH LÀM NÓ TỐT HƠN MÌNH TRR MÌNH NÓ THEO CÁCH CỦA MÌNH VÀ LINH NGHĨ LÀ GÌ MÌNH	VÀ KIỂU CŨNG KHÁCH HÀNG KHÁCH NÀY TỚI VỚI MỘT CÁIR VÀ SAU ĐÓ MÌNH LÀM NÓ TỐT HƠN MÌNH CH MÌNH NÓ THEO CÁCH CỦA MÌNH VÀ LINH NGHĨA LÀ GÌ MÌNH	và kiểu cùng khách hàng khách hàng tới với một cái píp và sau đó mình làm nó tốt hơn mình truýt mừn nó theo cách của mình và truýt mừn nghĩa là gì à mình.	Và kiểu cùng khách hàng, khách hàng tới với một cái cờ rítp và sau đó mình làm nó tốt hơn, mình tru mình nó theo cách của mình và trích minh nghĩa là gì ạ?Ờ mìnhờ.
train	15952	12.40	pseudo_label	mình chỉ lên nó mình muốn làm gì làm nhiều khi không cần cái clip gì hết chỉ cần cầm máy lên nó quay thôi thì cũng về thì nó vẫn ra được một cái gì đó nó lạ hơn thì còn về cái phần	chứ lên nó mình muốn làm gì làm nhiều khi không còn cứip đi hết còn mộtầm máy nó nó quay thôi cũng về thì nó vẫn ra được một cái gì đó nó lạ hơn thì còn về cái phần	mình chứ lên nó mình muốn làm gì làm nhiều thế không còn cái bl gì hết cần cảm máy nó quayay thôi thì cũng về thì nó vẫn ra được một cái gì đó nó lạ hơn thì còn về cái phần	thậm chỉ lên nói mình muốn làm gì làm như thế không cần cáir vậy hết và một c máy nó nó quay thôi thì cũng về thì nó vẫn ra được một cái gì đó nó lạ hơn thì còn về cái phần	thậm chí ơn lên nó mình muốn làm gì làm nhiều khi không cần cái bờ ríp hết cần cầm máy là nó quay thôi thì cũng về thì nó vẫn ra được cái gì đó nó lạ hơn ừ thì ờ còn về cái phần	chìnhỉ lên đó mình muốn làm gì làm nhiều khi không còn cái rít gì hết còn cầm máy lên nó quay thôi thì cũng về thì nó vẫn ra được một cái gì đó nó lạ hơn ừ thì còn về cái phầnờ	CHỨ LÊN NÓ MÌNH MUỐN LÀM GÌ LÀM NHIỀU KHI KHÔNG CÒN CỨIP ĐI HẾT CÒN MỘTẦM MÁY NÓ NÓ QUAY THÔI CŨNG VỀ THÌ NÓ VẪN RA ĐƯỢC MỘT CÁI GÌ ĐÓ NÓ LẠ HƠN THÌ CÒN VỀ CÁI PHẦN	MÌNH CHỨ LÊN NÓ MÌNH MUỐN LÀM GÌ LÀM NHIỀU THẾ KHÔNG CÒN CÁI BL GÌ HẾT CẦN CẢM MÁY NÓ QUAYAY THÔI THÌ CŨNG VỀ THÌ NÓ VẪN RA ĐƯỢC MỘT CÁI GÌ ĐÓ NÓ LẠ HƠN THÌ CÒN VỀ CÁI PHẦN	THẬM CHỈ LÊN NÓI MÌNH MUỐN LÀM GÌ LÀM NHƯ THẾ KHÔNG CẦN CÁIR VẬY HẾT VÀ MỘT C MÁY NÓ NÓ QUAY THÔI THÌ CŨNG VỀ THÌ NÓ VẪN RA ĐƯỢC MỘT CÁI GÌ ĐÓ NÓ LẠ HƠN THÌ CÒN VỀ CÁI PHẦN	thậm chí ơn lên nó mình muốn làm gì làm nhiều khi không cần cái bờ ríp hết cần cầm máy là nó quay thôi thì cũng về thì nó vẫn ra được cái gì đó nó lạ hơn ừ thì ờ còn về cái phần.	Chìnhỉ lên đó, mình muốn làm gì làm nhiều khi không còn cái rít gì hết, còn cầm máy lên nó quay thôi thì cũng về thì nó vẫn ra được một cái gì đó nó lạ hơn. Ừ thì còn về cái phầnờ.
train	15967	13.00	pseudo_label	ờ anh thấy rất là nhiều đạo diễn khác người ta khi mà người ta làm trong cái quốc người ta người ta rất là có những cái riêng á khi mà anh anh nhìn khánh đi anh nhìn phương vũ mọi người đều làm ra những cái quốc của người ta rất là	ờ anh thấy rất là nhiều đạo diễn khác người ta khi mà người ta làm cái thứ quốc người ta người ta rất là có những cái riêng á khi mà anh anh nhìn khá đi anh nhìn phươngũ mọi người đều làm ra những cái quốc của người ta rất là	anh thấy rất là nhiều đạo diễn khác người ta khi mà người ta làm các cái wor của người ta người ta rất là có những cái riêng khi mà anh anh nhìn khánhnh đi anh nhìnị phương vũ mọi người đều làm ra những cái wor của người ta rất là	anh thấy rất là nhiều đạo diễn khác người ta khi mà người ta làm cái thu gốt của người ta người ta rất là có những cái riêng khi mà anh anh nhìn khánh đi anh nhìn phươngũ mọi người đều làm ra những cái gor của người ta rất là	ở anh thấy rất nhiều đạo diễn khác người ta khi mà người ta làm trong trường quốc người ta người ta rất là có những cái riêng ớ khi mà anh anh nhìn khánh đi anh nhìn phương vũ mọi người đều làm ra những thứ quốc của người ta rất là	ờ anh thấy rất là nhiều đạo diễn khác người ta khi mà người ta làm theo cái quốc của người ta người ta rất là có những cái riêng á ừ khi mà anh anh nhìn khánh đi anh nhìn phương vũ mọi người đều làm ra những thứ quốc của người ta rất là	Ờ ANH THẤY RẤT LÀ NHIỀU ĐẠO DIỄN KHÁC NGƯỜI TA KHI MÀ NGƯỜI TA LÀM CÁI THỨ QUỐC NGƯỜI TA NGƯỜI TA RẤT LÀ CÓ NHỮNG CÁI RIÊNG Á KHI MÀ ANH ANH NHÌN KHÁ ĐI ANH NHÌN PHƯƠNGŨ MỌI NGƯỜI ĐỀU LÀM RA NHỮNG CÁI QUỐC CỦA NGƯỜI TA RẤT LÀ	ANH THẤY RẤT LÀ NHIỀU ĐẠO DIỄN KHÁC NGƯỜI TA KHI MÀ NGƯỜI TA LÀM CÁC CÁI WOR CỦA NGƯỜI TA NGƯỜI TA RẤT LÀ CÓ NHỮNG CÁI RIÊNG KHI MÀ ANH ANH NHÌN KHÁNHNH ĐI ANH NHÌNỊ PHƯƠNG VŨ MỌI NGƯỜI ĐỀU LÀM RA NHỮNG CÁI WOR CỦA NGƯỜI TA RẤT LÀ	ANH THẤY RẤT LÀ NHIỀU ĐẠO DIỄN KHÁC NGƯỜI TA KHI MÀ NGƯỜI TA LÀM CÁI THU GỐT CỦA NGƯỜI TA NGƯỜI TA RẤT LÀ CÓ NHỮNG CÁI RIÊNG KHI MÀ ANH ANH NHÌN KHÁNH ĐI ANH NHÌN PHƯƠNGŨ MỌI NGƯỜI ĐỀU LÀM RA NHỮNG CÁI GOR CỦA NGƯỜI TA RẤT LÀ	ở anh thấy rất nhiều đạo diễn khác người ta khi mà người ta làm trong trường quốc người ta người ta rất là có những cái riêng ớ khi mà anh anh nhìn khánh đi anh nhìn phương vũ mọi người đều làm ra những thứ quốc của người ta rất là.	Ờ, anh thấy rất là nhiều đạo diễn khác, người ta, khi mà người ta làm theo cái Quốc của người ta, người ta rất là có những cái riêng á, Ừ khi mà anh anh nhìn Khánh đi, anh nhìn Phương Vũ, mọi người đều làm ra những thứ quốc của người ta rất là.
train	15977	12.40	pseudo_label	và mình đạt được nó thì khi mà mình suy nghĩ về nó thì mình sẽ truyền một cái năng lượng gì đó lên vũ trụ và vũ trụ nghe được cái chuyện đó và nó cũng sẽ phản hồi về tới mình	và mình đạt được nó thì khi mà mình suy nghĩ về nó thì mình sẽ truyền một cái năng lượng gì đó lên vũ trụ và vũ trụ nghe được cái chuyện đó và nó cũng sẽ phản hội vềán mình	và mình đạt được nó thì khi mà mình suy nghĩ về nó thì mình sẽ truyền một cái năng lượng gì đó lên vũ trụ và vũ trụ nghe được cái chuyện đó và nó cũng sẽ phản hội về tới mình	và mình đạt được nó thì khi mà mình suy nghĩ về nó thì mình sẽ truyền một cái năng lượng gì đó lênũ trụ và vũ trụ nghe được cái chuyện đó và nó cũng sẽ phản hội về tới mình	và mình đạt được nó thì khi mà mình suy nghĩ về nó thì mình sẽ truyền một cái năng lượng gì đó lên vũ trụ và vũ trụ nghe được cái chuyện đó và nó cũng sẽ phản hồi tới mình	và mình đạt được nó ừ thì khi mà mình suy nghĩ về nó thì mình sẽ truyền một cái năng lượng gì đó lên vũ trụ ừ và vũ trụ nghe được cái chuyện đó và nó cũng sẽ phản hồi về tới mình	VÀ MÌNH ĐẠT ĐƯỢC NÓ THÌ KHI MÀ MÌNH SUY NGHĨ VỀ NÓ THÌ MÌNH SẼ TRUYỀN MỘT CÁI NĂNG LƯỢNG GÌ ĐÓ LÊN VŨ TRỤ VÀ VŨ TRỤ NGHE ĐƯỢC CÁI CHUYỆN ĐÓ VÀ NÓ CŨNG SẼ PHẢN HỘI VỀÁN MÌNH	VÀ MÌNH ĐẠT ĐƯỢC NÓ THÌ KHI MÀ MÌNH SUY NGHĨ VỀ NÓ THÌ MÌNH SẼ TRUYỀN MỘT CÁI NĂNG LƯỢNG GÌ ĐÓ LÊN VŨ TRỤ VÀ VŨ TRỤ NGHE ĐƯỢC CÁI CHUYỆN ĐÓ VÀ NÓ CŨNG SẼ PHẢN HỘI VỀ TỚI MÌNH	VÀ MÌNH ĐẠT ĐƯỢC NÓ THÌ KHI MÀ MÌNH SUY NGHĨ VỀ NÓ THÌ MÌNH SẼ TRUYỀN MỘT CÁI NĂNG LƯỢNG GÌ ĐÓ LÊNŨ TRỤ VÀ VŨ TRỤ NGHE ĐƯỢC CÁI CHUYỆN ĐÓ VÀ NÓ CŨNG SẼ PHẢN HỘI VỀ TỚI MÌNH	và mình đạt được nó thì khi mà mình suy nghĩ về nó thì mình sẽ truyền một cái năng lượng gì đó lên vũ trụ và vũ trụ nghe được cái chuyện đó và nó cũng sẽ phản hồi tới mình.	Và mình đạt được nó Ừ thì khi mà mình suy nghĩ về nó thì mình sẽ truyền một cái năng lượng gì đó lên vũ trụ ừ và vũ trụ nghe được cái chuyện đó và nó cũng sẽ phản hồi về tới mình.
train	15987	11.20	pseudo_label	nghĩa là năm năm trước mê bi anh sẽ có một cái gô gì đó anh ghi xuống nhưng mà trong cái quá trình anh đến cái gô đó anh đổi anh nghĩ vẫn ok mọi người anh nghĩ mọi người không nên nghĩ đó là một cái sự kiểu	nghĩa là năm năm trước mayy anh sẽ có một cáio gì đó anh đi xuống nhưng mà trong cái quá trình đến cái câu đó anh đổi anh nghĩ ok mọi người anh nghĩ mọi người không nên nghĩ đó là một cái sự kiểu	nghĩa là năm năm trước mayb anh sẽ có một cái cô gì đó anh ghi số nhưng mà trong cái quá trình anh đến cái g đó anh đổi anh nghĩ vẫn ok mọi người anh nghĩ mọi người không nên nghĩ đó là một cái sự kiểu	nghĩa là năm năm trước mebb anh sẽ có một cái go gì đó anh gh xuống nhưng mà trong cái quá trình anh đến cái go đó anh đổi anh nghĩ vẫn ok mọi người anh nghĩ mọi người không nên nghĩ đó là một cái sự kiểu	nghĩ là năm năm trước mấy đi anh sẽ có một cái cô gì đó anh ghi xuống nhưng mà trong quá trình anh đến cái cô đó anh đổi anh nghĩ vẫn ok mọi người anh nghĩ mọi người không nên nghĩ đó là một cái sự kiểu	ng là năm trước mê bi anh sẽ có một cái gô gì đó anh ghi xuống nhưng mà trong cái quá trình anh đến cáiô đó anh đổi anh nghĩ vẫn o kê mọi người anh nghĩ mọi người không nên nghĩ đó là một cái sự kiểu	NGHĨA LÀ NĂM NĂM TRƯỚC MAYY ANH SẼ CÓ MỘT CÁIO GÌ ĐÓ ANH ĐI XUỐNG NHƯNG MÀ TRONG CÁI QUÁ TRÌNH ĐẾN CÁI CÂU ĐÓ ANH ĐỔI ANH NGHĨ OK MỌI NGƯỜI ANH NGHĨ MỌI NGƯỜI KHÔNG NÊN NGHĨ ĐÓ LÀ MỘT CÁI SỰ KIỂU	NGHĨA LÀ NĂM NĂM TRƯỚC MAYB ANH SẼ CÓ MỘT CÁI CÔ GÌ ĐÓ ANH GHI SỐ NHƯNG MÀ TRONG CÁI QUÁ TRÌNH ANH ĐẾN CÁI G ĐÓ ANH ĐỔI ANH NGHĨ VẪN OK MỌI NGƯỜI ANH NGHĨ MỌI NGƯỜI KHÔNG NÊN NGHĨ ĐÓ LÀ MỘT CÁI SỰ KIỂU	NGHĨA LÀ NĂM NĂM TRƯỚC MEBB ANH SẼ CÓ MỘT CÁI GO GÌ ĐÓ ANH GH XUỐNG NHƯNG MÀ TRONG CÁI QUÁ TRÌNH ANH ĐẾN CÁI GO ĐÓ ANH ĐỔI ANH NGHĨ VẪN OK MỌI NGƯỜI ANH NGHĨ MỌI NGƯỜI KHÔNG NÊN NGHĨ ĐÓ LÀ MỘT CÁI SỰ KIỂU	nghĩ là năm năm trước mấy đi anh sẽ có một cái cô gì đó anh ghi xuống nhưng mà trong quá trình anh đến cái cô đó anh đổi anh nghĩ vẫn ok mọi người anh nghĩ mọi người không nên nghĩ đó là một cái sự kiểu.	Ng là năm trước, Mê bi anh sẽ có một cái gô gì đó, anh ghi xuống, nhưng mà trong cái quá trình anh đến cáiô đó, anh đổi, anh nghĩ vẫn o kê, Mọi người anh nghĩ mọi người không nên nghĩ đó là một cái sự kiểu.
validation	1774	14.90	pseudo_label	không muốn làm nó giống cái quầy vừa mới làm hoặc là một vài quất trước em vừa làm kiểu em rất là reset những cái người mà người ta có thể giữ được một cái mút của người ta mà xuyên suốt ba năm mười năm người ta vẫn làm ra được cái mút của người ta cái đó rất là hay	không muốn làm nó giống trung quốc em vừa mới làm hoặc là một vàior trước em vừaạ kiểu em rất là r vìpe những người mà người ta có thể giữ được một cái mút của người ta mà xuyên suốt ba năm mười năm người ta vẫn làm ra được cái mốt của người ta cái đó rất là hay	không muốn làm nó giống cái wor em vừa mới làm hoặc là một vài w trước an vừa l gam em rất là rpac những cái người mà người ta có thể giữ được một cái mút của người ta mà xuyên suốt ba năm mười năm người ta vẫn làm ra được cái mốt của người ta cái đó rất là hay	không muốn làm nó giống trung quốc em vừa mới làm là một vài quốc trước em vừa lạ kiểu em rất là reespac những cái người mà người ta có thể giữ được một cái mốt của người ta mà xuyên suốt ba năm mười năm người ta vẫn làm ra được cái mút của người ta cái đó rất là hay	không muốn làm nó giống cái guốc em vừa mới làm hoặc là một vài guốc trước em vừa làm kiểu em rất là rì s táp những người mà người ta có thể giữ được một cái mút của người ta mà xuyên suốt ba năm mười năm người ta vẫn làm ra được cái mút của người ta cái đó rất là hay	không muốn làm nó giống cái quốc em vừa mới làm hoặc là một bài quốc trước em vừa làm ừ kiểu em rất làéts những cái người mà người ta có thể giữ được một cái mút của người ta mà xuyên suốt ba năm mười năm người ta vẫn làm ra được cái mút của người ta cái đó rất là hay	KHÔNG MUỐN LÀM NÓ GIỐNG TRUNG QUỐC EM VỪA MỚI LÀM HOẶC LÀ MỘT VÀIOR TRƯỚC EM VỪAẠ KIỂU EM RẤT LÀ R VÌPE NHỮNG NGƯỜI MÀ NGƯỜI TA CÓ THỂ GIỮ ĐƯỢC MỘT CÁI MÚT CỦA NGƯỜI TA MÀ XUYÊN SUỐT BA NĂM MƯỜI NĂM NGƯỜI TA VẪN LÀM RA ĐƯỢC CÁI MỐT CỦA NGƯỜI TA CÁI ĐÓ RẤT LÀ HAY	KHÔNG MUỐN LÀM NÓ GIỐNG CÁI WOR EM VỪA MỚI LÀM HOẶC LÀ MỘT VÀI W TRƯỚC AN VỪA L GAM EM RẤT LÀ RPAC NHỮNG CÁI NGƯỜI MÀ NGƯỜI TA CÓ THỂ GIỮ ĐƯỢC MỘT CÁI MÚT CỦA NGƯỜI TA MÀ XUYÊN SUỐT BA NĂM MƯỜI NĂM NGƯỜI TA VẪN LÀM RA ĐƯỢC CÁI MỐT CỦA NGƯỜI TA CÁI ĐÓ RẤT LÀ HAY	KHÔNG MUỐN LÀM NÓ GIỐNG TRUNG QUỐC EM VỪA MỚI LÀM LÀ MỘT VÀI QUỐC TRƯỚC EM VỪA LẠ KIỂU EM RẤT LÀ REESPAC NHỮNG CÁI NGƯỜI MÀ NGƯỜI TA CÓ THỂ GIỮ ĐƯỢC MỘT CÁI MỐT CỦA NGƯỜI TA MÀ XUYÊN SUỐT BA NĂM MƯỜI NĂM NGƯỜI TA VẪN LÀM RA ĐƯỢC CÁI MÚT CỦA NGƯỜI TA CÁI ĐÓ RẤT LÀ HAY	không muốn làm nó giống cái guốc em vừa mới làm hoặc là một vài guốc trước em vừa làm kiểu em rất là rì s táp những người mà người ta có thể giữ được một cái mút của người ta mà xuyên suốt ba năm mười năm người ta vẫn làm ra được cái mút của người ta cái đó rất là hay.	Không muốn làm nó giống cái quốc, em vừa mới làm, hoặc là một bài quốc trước em vừa làm.Ừ kiểu em rất làéts những cái người mà người ta có thể giữ được một cái mút của người ta mà xuyên suốt ba năm mười năm, người ta vẫn làm ra được cái mút của người ta, cái đó rất là hay.
train	16709	14.70	pseudo_label	thì cái sản phẩm đó cơ bản là nó phải gói được một cái điều gì đó có nghĩa là mình đang mượn vật chất để mình gói một cái thứ phi vật chất thì cái phi vật chất đó chính là cái hành vi sử dụng và cái trải nghiệm tuy nhiên rằng là cái sự thú vị	thì cái sản phẩm nó cơm bản là nó phải gó được một cái điều gì đó là mình đangượ vật chất để mìnhó một cái thứ khác chất thì cái ví dụ chất nó chính là cái hànhan sử dụng một cái trải nghiệm tuy nhiên rằng là cái sự thú vị	thì cái sản phẩm nó cơm bản là nó phải gói được một cái điều gì đó có nghĩa là mình đang mượn vật chất để mình gói một cái thứ ph vật chất thì cái phi vật chất nó chính là cái hành vi sử dụng và cái trải nghiệm tuy nhiên rằng là cái sự thú vị	thì cái sản phẩm nó cơ bản là nó phải gói được một cái điều gì đó tức nghĩa là mình đang mượn vật chắc để mình gó một cái thứ khác vật chất thì cái ph chất đó chính là cái hành vi sử dụng và cái trải nghiệm dạ hơn tuy nhiên rằng là cái sự thú vị	thì cái sản phẩm nó cơ bản là nó phải gói được một cái điều gì đó có nghĩa là mình đang mượn vật chất để mình gói một thứ phi vật chất thì cái phi vật chất đó chính là cái hành vi sử dụng và cái trải nghiệm nhiều tuy nhiên rằng là ờ cái sự thú vị	thì cái sản phẩm nó cơ bản là nó phải gói được một cái điều gì đó nghĩa là mình đang mượn vật chất để mình gói một cái thứ phi vật chất thì cái phi vật chất đó chính là cái hành vi sử dụng và cái trải nghiệm dạ vâng tuy nhiên rằng là cái sự thú vị	THÌ CÁI SẢN PHẨM NÓ CƠM BẢN LÀ NÓ PHẢI GÓ ĐƯỢC MỘT CÁI ĐIỀU GÌ ĐÓ LÀ MÌNH ĐANGƯỢ VẬT CHẤT ĐỂ MÌNHÓ MỘT CÁI THỨ KHÁC CHẤT THÌ CÁI VÍ DỤ CHẤT NÓ CHÍNH LÀ CÁI HÀNHAN SỬ DỤNG MỘT CÁI TRẢI NGHIỆM TUY NHIÊN RẰNG LÀ CÁI SỰ THÚ VỊ	THÌ CÁI SẢN PHẨM NÓ CƠM BẢN LÀ NÓ PHẢI GÓI ĐƯỢC MỘT CÁI ĐIỀU GÌ ĐÓ CÓ NGHĨA LÀ MÌNH ĐANG MƯỢN VẬT CHẤT ĐỂ MÌNH GÓI MỘT CÁI THỨ PH VẬT CHẤT THÌ CÁI PHI VẬT CHẤT NÓ CHÍNH LÀ CÁI HÀNH VI SỬ DỤNG VÀ CÁI TRẢI NGHIỆM TUY NHIÊN RẰNG LÀ CÁI SỰ THÚ VỊ	THÌ CÁI SẢN PHẨM NÓ CƠ BẢN LÀ NÓ PHẢI GÓI ĐƯỢC MỘT CÁI ĐIỀU GÌ ĐÓ TỨC NGHĨA LÀ MÌNH ĐANG MƯỢN VẬT CHẮC ĐỂ MÌNH GÓ MỘT CÁI THỨ KHÁC VẬT CHẤT THÌ CÁI PH CHẤT ĐÓ CHÍNH LÀ CÁI HÀNH VI SỬ DỤNG VÀ CÁI TRẢI NGHIỆM DẠ HƠN TUY NHIÊN RẰNG LÀ CÁI SỰ THÚ VỊ	thì cái sản phẩm nó cơ bản là nó phải gói được một cái điều gì đó có nghĩa là mình đang mượn vật chất để mình gói một thứ phi vật chất thì cái phi vật chất đó chính là cái hành vi sử dụng và cái trải nghiệm nhiều tuy nhiên rằng là ờ cái sự thú vị.	Thì cái sản phẩm nó cơ bản là nó phải gói được một cái điều gì đó nghĩa là mình đang mượn vật chất để mình gói một cái thứ phi vật chất, thì cái phi vật chất đó chính là cái hành vi sử dụng và cái trải nghiệm dạ vâng, Tuy nhiên, rằng là cái sự thú vị.
train	16736	15.00	pseudo_label	thì đó là những cái tất nhiên đó là một số những cái trao đổi bên lề thôi nhưng mà nó đọng lại cho hòa được rất là nhiều những cái suy nghĩ về cái hướng mà chúng ta sẽ làm kiến trúc tiếp theo như thế nào em mong là một ngày nào đó sau khi xem chương trình này thì chủ đầu tư sẽ bắt đầu gọi lại hòa ơi có tiền rồi	thì thì đó là những cái tất nhiên nó là một số những cái trao đổi bênê thôi nhưng mà nóọng lạiâuò với rất là nhiều những cái suy nghĩ về cái hướng mà chúng ta sẽ làm kiến trúc định theo như thế nào em mong ra một ngày nào đó sau khi xem chương trình này thì nhà chủ đầu tư sẽ ở đâu gọi nàya hơi có tiền rồi	thì thì đó là những cái tất nhiên đó là một số những cái trao đổi bên lê thôi nhưng mà nó đậm lại câu h được rất là nhiều những cái suy nghĩ về cái hướng mà chúng ta sẽ làm kiến trúc tiếp theo như thế nào em mong là một ngày nào đó sau khi xem chương trình này thì chủ đầu tư sẽ bắt đầu gọi là hoài ơi có tiền rồi	thì thì đó là những cái tất nhiên đó là một số những cái trao đổi bên lề thôi nhưng mà nóọng lại doò được rất là nhiều những cái suy nghĩ về cái hướng mà chúng ta sẽ làm kiến trúc tiếp theo như thế nào em mong là một ngày nào đó xong khi xem chương trình này thì giờ chủ đầu tư sẽ bắt đầu gọi là hoò ơi có tiền rồi	thì thì đó là những cái tất nhiên đó là một số những cái trao đổi bên lề thôi nhưng mà nó đọng lại cho hoàng được rất nhiều những cái suy nghĩ về cái hướng mà chúng ta sẽ làm kiến trúc tiếp theo như thế nào em mong là một ngày nào đó sau khi xem chương trình này thì chủ đầu tư sẽ bắt đầu gọi lại hoàng ơi có tiền rồi	thì thì đó là những cái tất nhiên đó là một số những cái trao đổi bên lề thôi nhưng mà nó đọng lại cho được rất là nhiều những cái suy nghĩ về cái hướng mà chúng ta sẽ làm kiến trúc tiếp theo như thế nào em mong là một ngày nào đó sau khi xem chương trình này thì chủ đầu tư sẽ bắt đầu gọi lại ơi có tiền rồi	THÌ THÌ ĐÓ LÀ NHỮNG CÁI TẤT NHIÊN NÓ LÀ MỘT SỐ NHỮNG CÁI TRAO ĐỔI BÊNÊ THÔI NHƯNG MÀ NÓỌNG LẠIÂUÒ VỚI RẤT LÀ NHIỀU NHỮNG CÁI SUY NGHĨ VỀ CÁI HƯỚNG MÀ CHÚNG TA SẼ LÀM KIẾN TRÚC ĐỊNH THEO NHƯ THẾ NÀO EM MONG RA MỘT NGÀY NÀO ĐÓ SAU KHI XEM CHƯƠNG TRÌNH NÀY THÌ NHÀ CHỦ ĐẦU TƯ SẼ Ở ĐÂU GỌI NÀYA HƠI CÓ TIỀN RỒI	THÌ THÌ ĐÓ LÀ NHỮNG CÁI TẤT NHIÊN ĐÓ LÀ MỘT SỐ NHỮNG CÁI TRAO ĐỔI BÊN LÊ THÔI NHƯNG MÀ NÓ ĐẬM LẠI CÂU H ĐƯỢC RẤT LÀ NHIỀU NHỮNG CÁI SUY NGHĨ VỀ CÁI HƯỚNG MÀ CHÚNG TA SẼ LÀM KIẾN TRÚC TIẾP THEO NHƯ THẾ NÀO EM MONG LÀ MỘT NGÀY NÀO ĐÓ SAU KHI XEM CHƯƠNG TRÌNH NÀY THÌ CHỦ ĐẦU TƯ SẼ BẮT ĐẦU GỌI LÀ HOÀI ƠI CÓ TIỀN RỒI	THÌ THÌ ĐÓ LÀ NHỮNG CÁI TẤT NHIÊN ĐÓ LÀ MỘT SỐ NHỮNG CÁI TRAO ĐỔI BÊN LỀ THÔI NHƯNG MÀ NÓỌNG LẠI DOÒ ĐƯỢC RẤT LÀ NHIỀU NHỮNG CÁI SUY NGHĨ VỀ CÁI HƯỚNG MÀ CHÚNG TA SẼ LÀM KIẾN TRÚC TIẾP THEO NHƯ THẾ NÀO EM MONG LÀ MỘT NGÀY NÀO ĐÓ XONG KHI XEM CHƯƠNG TRÌNH NÀY THÌ GIỜ CHỦ ĐẦU TƯ SẼ BẮT ĐẦU GỌI LÀ HOÒ ƠI CÓ TIỀN RỒI	thì thì đó là những cái tất nhiên đó là một số những cái trao đổi bên lề thôi nhưng mà nó đọng lại cho hoàng được rất nhiều những cái suy nghĩ về cái hướng mà chúng ta sẽ làm kiến trúc tiếp theo như thế nào em mong là một ngày nào đó sau khi xem chương trình này thì chủ đầu tư sẽ bắt đầu gọi lại hoàng ơi có tiền rồi.	Thì thì đó là những cái, tất nhiên, đó là một số những cái trao đổi bên lề thôi,, nhưng mà nó đọng lại cho được rất là nhiều những cái suy nghĩ về cái hướng mà chúng ta sẽ làm kiến trúc tiếp theo như thế nào. Em mong là một ngày nào đó sau khi xem chương trình này thì chủ đầu tư sẽ bắt đầu gọi lại ơi, có tiền rồi.
train	16745	14.90	pseudo_label	đạt được những cái hiệu ứng nhất định thực tế thì đối với lại một cái câu chuyện bên lề của một nhà thiết kế với một bức hình sản phẩm thì hoài nghĩ đó là câu chuyện bếp núc à ok cho nên là có những thứ nó sẽ rất hay	đạt được những cái hiệu ứng nhất định thực tế thì đối với lại một cái câu chuyện bên lời của mình nhà thiết kế bắt độ uống bất chuyện sản phẩm thì họ nghĩ là câu chuyệnếp lúc à cho nên là có những thứ nó sẽ rất hay	đạt được những cái hiệu ứng nhất định thực tế thì đối với lại một cái câu chuyện bên l của một nhà thiết kế với đầu một bất nhiều sản phẩm thì họ nghĩ là là câu chuyện đ lúc à ok cho nên là có những thứ nó sẽ rất hay	đạt được những cái hiệu ứng nhất định thực tế thì đối với lại một cái câu chuyện bên lời của mình là thiết kế với đầu một bất kỳ sản phẩm thì hỏi nghĩ đó là câu chuyệnếpúc cho nên là có những thứ nó sẽ rất hay	đạt được những cái hiệu quả nhất định thực tế thì đối với lại một cái câu chuyện bên lề của một nhà thiết kế với lòng bất kỳ sản phẩm thì hoài nghĩ đó là câu chuyện bếp núc à ok cho nên là có những thứ nó sẽ là rất hay	đ đạt được những cái hiệu ứng nhất định ực tế thì đối với lại một cái câu chuyện bên lề của một nhà thiết kế với một một bất kỳ sản phẩm thìoàng nghĩ đó là câu chuyện bếp núc và kê cho nên là có những thứ nó sẽờ rất hay	ĐẠT ĐƯỢC NHỮNG CÁI HIỆU ỨNG NHẤT ĐỊNH THỰC TẾ THÌ ĐỐI VỚI LẠI MỘT CÁI CÂU CHUYỆN BÊN LỜI CỦA MÌNH NHÀ THIẾT KẾ BẮT ĐỘ UỐNG BẤT CHUYỆN SẢN PHẨM THÌ HỌ NGHĨ LÀ CÂU CHUYỆNẾP LÚC À CHO NÊN LÀ CÓ NHỮNG THỨ NÓ SẼ RẤT HAY	ĐẠT ĐƯỢC NHỮNG CÁI HIỆU ỨNG NHẤT ĐỊNH THỰC TẾ THÌ ĐỐI VỚI LẠI MỘT CÁI CÂU CHUYỆN BÊN L CỦA MỘT NHÀ THIẾT KẾ VỚI ĐẦU MỘT BẤT NHIỀU SẢN PHẨM THÌ HỌ NGHĨ LÀ LÀ CÂU CHUYỆN Đ LÚC À OK CHO NÊN LÀ CÓ NHỮNG THỨ NÓ SẼ RẤT HAY	ĐẠT ĐƯỢC NHỮNG CÁI HIỆU ỨNG NHẤT ĐỊNH THỰC TẾ THÌ ĐỐI VỚI LẠI MỘT CÁI CÂU CHUYỆN BÊN LỜI CỦA MÌNH LÀ THIẾT KẾ VỚI ĐẦU MỘT BẤT KỲ SẢN PHẨM THÌ HỎI NGHĨ ĐÓ LÀ CÂU CHUYỆNẾPÚC CHO NÊN LÀ CÓ NHỮNG THỨ NÓ SẼ RẤT HAY	đạt được những cái hiệu quả nhất định thực tế thì đối với lại một cái câu chuyện bên lề của một nhà thiết kế với lòng bất kỳ sản phẩm thì hoài nghĩ đó là câu chuyện bếp núc à ok cho nên là có những thứ nó sẽ là rất hay.	Đ đạt được những cái hiệu ứng nhất định.ực tế thì đối với lại một cái câu chuyện bên lề của một nhà thiết kế với một một bất kỳ sản phẩm thìoàng nghĩ đó là câu chuyện bếp núc và  kê, cho nên là có những thứ nó sẽờ rất hay.
train	16769	13.40	pseudo_label	dạ vâng khi chúng ta làm việc được một cách chủ động thì cơ bản thì chúng ta cũng sẽ bình tĩnh hơn tại vì chúng ta có thể chủ động sắp xếp được công việc thời gian chủ động sắp xếp được những cái thứ mà chúng ta muốn làm dạ chủ động chọn lựa các cái vấn đề mà chúng ta quan tâm	dạ vâng khi là làm việc được một cách chủ động thì cơ bản thì chúng ta cũng sẽ bình tĩnh hơn vì chúng ta có chủ động sắp xếp được công việc thời gian chủ động sắp xếp được những cái thứ mà chúng ta muốn làm chủ động chọn lựa các cái vấn đề mà chúng ta quan tâm	dạ vâng khi chúng ta làm việc được một cách chủ động thì cơ bản thì chúng ta cũng sẽ bình tĩnh hơn tại vì chúng ta có thể thể chủ động sắp xếp được công việc thời gian chủ động sắp xếp được những cái thứ mà chúng ta muốn làm chủ động chọn lựa các cái vấn đề mà chúng ta quan tâm	dạ vâng khi là làm việc được một cách chủ động thì cơ bản thì chúng ta cũng sẽ bình tĩnh hơn vì chúng ta có thể chủ động sắp xếp được công việc thời gian chủ động s xếp được những cái thứ mà chúng ta muốn làm chủ động chọn lựa các cái vấn đề mà chúng ta quan tâm	dạ vâng khi chúng ta làm việc được một cách chủ động thì cơ bản thì chúng ta cũng sẽ bình tĩnh hơn dạ tại vì chúng ta có thể chủ động sắp xếp được công việc thời gian chủ động sắp xếp được những thứ mà chúng ta muốn làm dạ chủ động chọn lựa các cái vấn đề mà chúng ta quan tâm	dạ vâng khi chúng ta làm việc được một cách chủ động thì cơ bản thì chúng ta sẽ bình tĩnh hơn tại vì chúng ta có thể chủ động sắp xếp được công việc thời gian chủ động sắp xếp được những cái thứ mà chúng ta muốn làm chủ động chọn lựa các cái vấn đề mà chúng ta quan tâm	DẠ VÂNG KHI LÀ LÀM VIỆC ĐƯỢC MỘT CÁCH CHỦ ĐỘNG THÌ CƠ BẢN THÌ CHÚNG TA CŨNG SẼ BÌNH TĨNH HƠN VÌ CHÚNG TA CÓ CHỦ ĐỘNG SẮP XẾP ĐƯỢC CÔNG VIỆC THỜI GIAN CHỦ ĐỘNG SẮP XẾP ĐƯỢC NHỮNG CÁI THỨ MÀ CHÚNG TA MUỐN LÀM CHỦ ĐỘNG CHỌN LỰA CÁC CÁI VẤN ĐỀ MÀ CHÚNG TA QUAN TÂM	DẠ VÂNG KHI CHÚNG TA LÀM VIỆC ĐƯỢC MỘT CÁCH CHỦ ĐỘNG THÌ CƠ BẢN THÌ CHÚNG TA CŨNG SẼ BÌNH TĨNH HƠN TẠI VÌ CHÚNG TA CÓ THỂ THỂ CHỦ ĐỘNG SẮP XẾP ĐƯỢC CÔNG VIỆC THỜI GIAN CHỦ ĐỘNG SẮP XẾP ĐƯỢC NHỮNG CÁI THỨ MÀ CHÚNG TA MUỐN LÀM CHỦ ĐỘNG CHỌN LỰA CÁC CÁI VẤN ĐỀ MÀ CHÚNG TA QUAN TÂM	DẠ VÂNG KHI LÀ LÀM VIỆC ĐƯỢC MỘT CÁCH CHỦ ĐỘNG THÌ CƠ BẢN THÌ CHÚNG TA CŨNG SẼ BÌNH TĨNH HƠN VÌ CHÚNG TA CÓ THỂ CHỦ ĐỘNG SẮP XẾP ĐƯỢC CÔNG VIỆC THỜI GIAN CHỦ ĐỘNG S XẾP ĐƯỢC NHỮNG CÁI THỨ MÀ CHÚNG TA MUỐN LÀM CHỦ ĐỘNG CHỌN LỰA CÁC CÁI VẤN ĐỀ MÀ CHÚNG TA QUAN TÂM	dạ vâng khi chúng ta làm việc được một cách chủ động thì cơ bản thì chúng ta cũng sẽ bình tĩnh hơn dạ tại vì chúng ta có thể chủ động sắp xếp được công việc thời gian chủ động sắp xếp được những thứ mà chúng ta muốn làm dạ chủ động chọn lựa các cái vấn đề mà chúng ta quan tâm.	Dạ, vâng, khi chúng ta làm việc được một cách chủ động thì cơ bản thì chúng ta sẽ bình tĩnh hơn,, tại vì chúng ta có thể chủ động sắp xếp được công việc thời gian, chủ động sắp xếp được những cái thứ mà chúng ta muốn làm, chủ động chọn lựa các cái vấn đề mà chúng ta quan tâm.
train	16778	14.90	pseudo_label	là chắc chắn là điều rằng là chúng ta có thể làm được rất rất là nhiều việc tuyệt vời và quan trọng rất là cố gắng là làm chung với nhau tại vì làm chung với nhau nó mới vui chúng ta luôn luôn phải sống chung với đồng bọn chúng ta lẻ loi quá là chúng ta sẽ bị tiêu diệt liền thì thì	là chắc chắn là đều rồi là chúng ta hay là mình rất là nhiều việcệtời và quan trọng rất lời cố gắng là làm chung với nhau bị làm chung với nhau nó vui chúng ta luônùng phải sống trong cái đồng bỏ chúng ta lẻ lo quá là chúng ta sẽ bị tiêuit ly thì	là chắc chắn là liệu rằng chúng ta có thể là rất nhiều việc tuyệtp vời và quan trọng rất là cố gắng là làm chung với nhau bị làm chung với nhau nói vui chúng ta luôn luôn phải sống chung với đồng b chúng ta lẽ lo quá là chúng ta sẽ bị tiêu duy l thì	là chắc chắn là điều rằng là chúng ta thể làm rất rất là nhiều việc tuyệt vời và quan trọng đến lời cố gắng là làm chung với nhau bị làm chung với nhau nó nghe vui chúng ta luôn luôn phải sống trung với đồng bó chúng ta lẽ lo quá là chúng ta sẽ bị tiêu duy liền thì	và chắc chắn là điều rằng là chúng ta có thể làm rất nhiều việc tuyệt vời và quan trọng những lời cố gắng là làm chung với nhau vì làm chung với nhau nó mới vui chúng ta luôn luôn phải sống chung với đồng bọn chúng ta lẻ loi quá là chúng ta sẽ bị tiêu dịch liền dạ thì thì	là chắc chắn là điều rằng là chúng ta có thể làm được rất là nhiều việc tuyệt vời và quan trọng rất là cố gắng là làm chung với nhau tại vì làm chung với nhau nói mới vui chúng ta luôn luôn phải sống chung với đồng bọnt chúng ta lẻ loi quá là chúng ta sẽ bị tiêu diệt liền thì thì thì	LÀ CHẮC CHẮN LÀ ĐỀU RỒI LÀ CHÚNG TA HAY LÀ MÌNH RẤT LÀ NHIỀU VIỆCỆTỜI VÀ QUAN TRỌNG RẤT LỜI CỐ GẮNG LÀ LÀM CHUNG VỚI NHAU BỊ LÀM CHUNG VỚI NHAU NÓ VUI CHÚNG TA LUÔNÙNG PHẢI SỐNG TRONG CÁI ĐỒNG BỎ CHÚNG TA LẺ LO QUÁ LÀ CHÚNG TA SẼ BỊ TIÊUIT LY THÌ	LÀ CHẮC CHẮN LÀ LIỆU RẰNG CHÚNG TA CÓ THỂ LÀ RẤT NHIỀU VIỆC TUYỆTP VỜI VÀ QUAN TRỌNG RẤT LÀ CỐ GẮNG LÀ LÀM CHUNG VỚI NHAU BỊ LÀM CHUNG VỚI NHAU NÓI VUI CHÚNG TA LUÔN LUÔN PHẢI SỐNG CHUNG VỚI ĐỒNG B CHÚNG TA LẼ LO QUÁ LÀ CHÚNG TA SẼ BỊ TIÊU DUY L THÌ	LÀ CHẮC CHẮN LÀ ĐIỀU RẰNG LÀ CHÚNG TA THỂ LÀM RẤT RẤT LÀ NHIỀU VIỆC TUYỆT VỜI VÀ QUAN TRỌNG ĐẾN LỜI CỐ GẮNG LÀ LÀM CHUNG VỚI NHAU BỊ LÀM CHUNG VỚI NHAU NÓ NGHE VUI CHÚNG TA LUÔN LUÔN PHẢI SỐNG TRUNG VỚI ĐỒNG BÓ CHÚNG TA LẼ LO QUÁ LÀ CHÚNG TA SẼ BỊ TIÊU DUY LIỀN THÌ	và chắc chắn là điều rằng là chúng ta có thể làm rất nhiều việc tuyệt vời và quan trọng những lời cố gắng là làm chung với nhau vì làm chung với nhau nó mới vui chúng ta luôn luôn phải sống chung với đồng bọn chúng ta lẻ loi quá là chúng ta sẽ bị tiêu dịch liền dạ thì thì.	Là chắc chắn là điều rằng là chúng ta có thể làm được rất là nhiều việc tuyệt vời, và quan trọng rất là cố gắng là làm chung với nhau, tại vì làm chung với nhau, nói mới vui. Chúng ta luôn luôn phải sống chung với đồng bọnt. Chúng ta lẻ loi quá là chúng ta sẽ bị tiêu diệt liền thì thì thì
train	16779	15.00	pseudo_label	cái cơn vui nó sẽ vui hơn và buồn nó sẽ đi qua và quan trọng nhất là những cái đó là cái động lực rất là lớn là một cái môi trường tốt để mà chúng ta làm được nhiều thứ còn thực ra làm thứ gì đó thì mỗi một người sẽ tự xác	cáiê vui nó sẽ vui hơn và buồn nó sẽ đi qua hơn hơn và cái quan trọng nhất là những cái đó là cái động lực rất là lớn là một cái môi trường tốt để mà chúng ta làm được nhiều thứ còn thực ra làm thứ gì đó thì mỗi một người sẽ tựắc	cái c v vui nó sẽ vui hơn và buồn nó sẽ đi qua hơn hơn và và quan trọng nhất là những cái đó là cái động lực rất là lớn là một cái môi trường tốt để mà chúng ta làm được nhiều thứ còn thực ra làm thứ gì đó thì mỗi một người sẽ tự s sách	cái cần vui nó sẽ vui hơn và buồn nó sẽ đi quá hơn hơn và và quan trọng nhất là những cái đó là cái động lực rất là lớn là một cái môi trường tốt để mà chúng ta làm được nhiều thứ còn thực ra làm thứ gì đó thì mỗi một người sẽ tự s	cái cái cái cơn vui nó sẽ vui hơn và buồn nó sẽ đi qua mộng và và quan trọng nhất là những cái đó là cái động lực rất là lớn là một môi trường tốt để mà chúng ta làm được nhiều thứ còn thực ra làm thứ gì đó thì mỗi một người sẽ tự sắc	cái cái cái cơn vui nó sẽ vui hơn và buồn nó sẽ đi qua nó buồn hơn và và quan trọng nhất là những cái đó là cái động lực rất là lớn là một cái môi trường tốt để mà chúng ta làm được nhiều thứ còn thực ra làm thứ gì đó thì mỗi một người sẽ tự sát	CÁIÊ VUI NÓ SẼ VUI HƠN VÀ BUỒN NÓ SẼ ĐI QUA HƠN HƠN VÀ CÁI QUAN TRỌNG NHẤT LÀ NHỮNG CÁI ĐÓ LÀ CÁI ĐỘNG LỰC RẤT LÀ LỚN LÀ MỘT CÁI MÔI TRƯỜNG TỐT ĐỂ MÀ CHÚNG TA LÀM ĐƯỢC NHIỀU THỨ CÒN THỰC RA LÀM THỨ GÌ ĐÓ THÌ MỖI MỘT NGƯỜI SẼ TỰẮC	CÁI C V VUI NÓ SẼ VUI HƠN VÀ BUỒN NÓ SẼ ĐI QUA HƠN HƠN VÀ VÀ QUAN TRỌNG NHẤT LÀ NHỮNG CÁI ĐÓ LÀ CÁI ĐỘNG LỰC RẤT LÀ LỚN LÀ MỘT CÁI MÔI TRƯỜNG TỐT ĐỂ MÀ CHÚNG TA LÀM ĐƯỢC NHIỀU THỨ CÒN THỰC RA LÀM THỨ GÌ ĐÓ THÌ MỖI MỘT NGƯỜI SẼ TỰ S SÁCH	CÁI CẦN VUI NÓ SẼ VUI HƠN VÀ BUỒN NÓ SẼ ĐI QUÁ HƠN HƠN VÀ VÀ QUAN TRỌNG NHẤT LÀ NHỮNG CÁI ĐÓ LÀ CÁI ĐỘNG LỰC RẤT LÀ LỚN LÀ MỘT CÁI MÔI TRƯỜNG TỐT ĐỂ MÀ CHÚNG TA LÀM ĐƯỢC NHIỀU THỨ CÒN THỰC RA LÀM THỨ GÌ ĐÓ THÌ MỖI MỘT NGƯỜI SẼ TỰ S	cái cái cái cơn vui nó sẽ vui hơn và buồn nó sẽ đi qua mộng và và quan trọng nhất là những cái đó là cái động lực rất là lớn là một môi trường tốt để mà chúng ta làm được nhiều thứ còn thực ra làm thứ gì đó thì mỗi một người sẽ tự sắc.	Cái cái cái cơn vui nó sẽ vui hơn, và buồn nó sẽ đi qua nó buồn hơn, và và quan trọng nhất là những cái đó là cái động lực rất là lớn là một cái môi trường tốt để mà chúng ta làm được nhiều thứ, còn thực ra làm thứ gì đó thì mỗi một người sẽ tự sát.
validation	1863	12.70	pseudo_label	sau quần hết ba bốn tiếng thì có nghĩa là chúng ta ý thức được nó là chỉ trong vòng khoảng ba bốn tiếng thôi nhưng mà bây giờ chúng ta phải ý thức với nó trong vòng hai bốn tiếng thực sự là hai bốn tiếng tròn chữ đôi khi đâu phải là đêm nào cũng ngủ được đâu	àần hết ba bốn tiếng thì có nghĩa là cái chúng ta ý thức được nó rồi chỉ trong vòng khoảngao bốn tiếng không nhưng mà bây giờ chúng ta sẽ ý thức với nó trongòng hai bốn tiếng thật sự là hai bốn tiếngồng chính thì đúng đâu phải là đemạ ngủ được đâu	sau quần hết ba bốn tiếng thì có nghĩa là chúng ta ý thức được nó là chỉ trong vòng ho baoo bốn tiếng thôi nhưng mà bây giờ chúng ta sẽ ý thức với nó trong vòng hai mươi bốn tiếng thực sự là hai bốn tiếng trồng chính đúng đâu phải là đem nạ ngủ được đâu	sau qu qu hết ba bốn tiếng thì có nghĩa là chúng ta ý thức được nó là từ trong vòng khoảng ba bốn tiếng không nhưng mà bây giờ chúng ta sẽ ý thức với nó trongòng hai mươi bốn tiếng ra thực sự là hai bốn th tr chính đúng đâu phải là đêmạ ngủ được đâu	xào quần hết ba bốn tiếng thì có nghĩa là chúng ta ý thức được nó là chỉ trong vòng khoảng ba bốn tiếng thôi nhưng bây giờ chúng ta phải ý thức với nó trong vòng hai bốn tiếng dạ thực sự là hai bốn tiếng tròn trứng dạ để đôi khi đâu phải đêm nào cũng ngủ được đâu	sau gần hết ba bốn tiếng thì cũng nghĩa là cái chúng ta ý thức được nó là chỉ trong vòng khoảng ba bốn tiếng thôi nhưng mà bây giờ chúng ta phải ý thức với nó trong vòng hai mươi bốn tiếngạ thực sự là hai bốn tiếng tròn chính thì đôi khi đâu phải là đêm nào ngủ được đâu	ÀẦN HẾT BA BỐN TIẾNG THÌ CÓ NGHĨA LÀ CÁI CHÚNG TA Ý THỨC ĐƯỢC NÓ RỒI CHỈ TRONG VÒNG KHOẢNGAO BỐN TIẾNG KHÔNG NHƯNG MÀ BÂY GIỜ CHÚNG TA SẼ Ý THỨC VỚI NÓ TRONGÒNG HAI BỐN TIẾNG THẬT SỰ LÀ HAI BỐN TIẾNGỒNG CHÍNH THÌ ĐÚNG ĐÂU PHẢI LÀ ĐEMẠ NGỦ ĐƯỢC ĐÂU	SAU QUẦN HẾT BA BỐN TIẾNG THÌ CÓ NGHĨA LÀ CHÚNG TA Ý THỨC ĐƯỢC NÓ LÀ CHỈ TRONG VÒNG HO BAOO BỐN TIẾNG THÔI NHƯNG MÀ BÂY GIỜ CHÚNG TA SẼ Ý THỨC VỚI NÓ TRONG VÒNG HAI MƯƠI BỐN TIẾNG THỰC SỰ LÀ HAI BỐN TIẾNG TRỒNG CHÍNH ĐÚNG ĐÂU PHẢI LÀ ĐEM NẠ NGỦ ĐƯỢC ĐÂU	SAU QU QU HẾT BA BỐN TIẾNG THÌ CÓ NGHĨA LÀ CHÚNG TA Ý THỨC ĐƯỢC NÓ LÀ TỪ TRONG VÒNG KHOẢNG BA BỐN TIẾNG KHÔNG NHƯNG MÀ BÂY GIỜ CHÚNG TA SẼ Ý THỨC VỚI NÓ TRONGÒNG HAI MƯƠI BỐN TIẾNG RA THỰC SỰ LÀ HAI BỐN TH TR CHÍNH ĐÚNG ĐÂU PHẢI LÀ ĐÊMẠ NGỦ ĐƯỢC ĐÂU	xào quần hết ba bốn tiếng thì có nghĩa là chúng ta ý thức được nó là chỉ trong vòng khoảng ba bốn tiếng thôi nhưng bây giờ chúng ta phải ý thức với nó trong vòng hai bốn tiếng dạ thực sự là hai bốn tiếng tròn trứng dạ để đôi khi đâu phải đêm nào cũng ngủ được đâu.	Sau gần hết ba bốn tiếng thì cũng nghĩa là cái chúng ta ý thức được nó là chỉ trong vòng khoảng ba bốn tiếng thôi, Nhưng mà bây giờ chúng ta phải ý thức với nó trong vòng hai mươi bốn tiếngạ thực sự là hai bốn tiếng tròn chính thì đôi khi đâu phải là đêm nào ngủ được đâu.
train	1274	15.00	pseudo_label	hơi tế nhị một chút nhưng mà ví dụ như chị đang nói đến các cố vấn của mình thế thì cho em xin phép hỏi là những cố vấn của chị là những ai có thể những cái profile của họ như thế nào để có thể là các bạn sẽ có những cái gọi là cái motivation espiration để sau này mình cũng sẽ tìm một cố vấn kiểu	hơi tới hiện một chút nhưng mà ví dụ như chị đang nói đến đến các cái cố vấn của mình thế thì cho em sẽép hỏi là những câu vấn của chị là những ai có thể những cái profi của họ như thế nào thì có thể là các bạn sẽ có những cái gọi là cái motiation nhữngtion để sau này mình cũng sẽ tìm vào cố vấn kiểu	hơi tí nhị một chút nhưng mà ví dụ như chị đang nói đến đến các cái cố vấn của mình thế thì cho em sẽép hỏi là những cố vấn của chị là những ai có thể những cái profile của họ như thế nào để có thể là các bạn sẽ có những cái gọi là cái motivation inxpra để sau này mình cũng sẽ tìm một cố vấn kiểu	hơi tiệm một chút nhưng mà ví dụ như chị đang nói đến đến các cái cố vấn của mình thế thì cho em sẽ ph hỏi là những cái vấn của chị là những ai có thể những cái pfile của họ như thế nào để có thể là các bạn sẽ có những cái gọi là cái motivation những e sption để sau này mình cũng sẽ tìm một cố vấn kiểu	hơi tế nhị một chút nhưng mà ví dụ như chị đang nói đến các cái cố vấn của mình thế thì em xin phép hỏi là những cố vấn của chị là những ai có thể cái phâu phai của họ như thế nào để có thể là các bạn sẽ có những cái gọi là cái a mô tivi tờn ít pờ rây từn để sau này mình cũng sẽ tìm một cố vấn kiểu	hơi tế nhị một chút nhưng mà ví dụ như chị đang nói đến các cái cố vấn của mình thế thì cho em xin phép hỏi là những cố vấn của chị là những ai có thể những cái pô phai của họ như thế nào để có thể là các bạn sẽ có những cái gọi là cái mô tiây sừn í pi râyừn để sau này mình cũng sẽ tìm một cố vấn kiểu	HƠI TỚI HIỆN MỘT CHÚT NHƯNG MÀ VÍ DỤ NHƯ CHỊ ĐANG NÓI ĐẾN ĐẾN CÁC CÁI CỐ VẤN CỦA MÌNH THẾ THÌ CHO EM SẼÉP HỎI LÀ NHỮNG CÂU VẤN CỦA CHỊ LÀ NHỮNG AI CÓ THỂ NHỮNG CÁI PROFI CỦA HỌ NHƯ THẾ NÀO THÌ CÓ THỂ LÀ CÁC BẠN SẼ CÓ NHỮNG CÁI GỌI LÀ CÁI MOTIATION NHỮNGTION ĐỂ SAU NÀY MÌNH CŨNG SẼ TÌM VÀO CỐ VẤN KIỂU	HƠI TÍ NHỊ MỘT CHÚT NHƯNG MÀ VÍ DỤ NHƯ CHỊ ĐANG NÓI ĐẾN ĐẾN CÁC CÁI CỐ VẤN CỦA MÌNH THẾ THÌ CHO EM SẼÉP HỎI LÀ NHỮNG CỐ VẤN CỦA CHỊ LÀ NHỮNG AI CÓ THỂ NHỮNG CÁI PROFILE CỦA HỌ NHƯ THẾ NÀO ĐỂ CÓ THỂ LÀ CÁC BẠN SẼ CÓ NHỮNG CÁI GỌI LÀ CÁI MOTIVATION INXPRA ĐỂ SAU NÀY MÌNH CŨNG SẼ TÌM MỘT CỐ VẤN KIỂU	HƠI TIỆM MỘT CHÚT NHƯNG MÀ VÍ DỤ NHƯ CHỊ ĐANG NÓI ĐẾN ĐẾN CÁC CÁI CỐ VẤN CỦA MÌNH THẾ THÌ CHO EM SẼ PH HỎI LÀ NHỮNG CÁI VẤN CỦA CHỊ LÀ NHỮNG AI CÓ THỂ NHỮNG CÁI PFILE CỦA HỌ NHƯ THẾ NÀO ĐỂ CÓ THỂ LÀ CÁC BẠN SẼ CÓ NHỮNG CÁI GỌI LÀ CÁI MOTIVATION NHỮNG E SPTION ĐỂ SAU NÀY MÌNH CŨNG SẼ TÌM MỘT CỐ VẤN KIỂU	hơi tế nhị một chút nhưng mà ví dụ như chị đang nói đến các cái cố vấn của mình thế thì em xin phép hỏi là những cố vấn của chị là những ai có thể cái phâu phai của họ như thế nào để có thể là các bạn sẽ có những cái gọi là cái a mô tivi tờn ít pờ rây từn để sau này mình cũng sẽ tìm một cố vấn kiểu.	Hơi tế nhị một chút, nhưng mà ví dụ như chị đang nói đến các cái cố vấn của mình thế thì cho em xin phép hỏi là những cố vấn của chị là những ai có thể những cái pô phai của họ như thế nào để có thể là các bạn sẽ có những cái gọi là cái mô tiây sừn, Í pi Râyừn để sau này mình cũng sẽ tìm một cố vấn kiểu.
train	17506	12.40	pseudo_label	vấn đề đó và những cái gì mà chị đang đạt được ở trong công ty hiện tại và những cái điều kiện mà chị đã đã đưa ra cả thị trường bên ngoài để có thể đạt được một cái bình đẳng giới xin chào chị hoàng anh xin chào reno và cảm ơn về lời giới thiệu của rino	vấn đề đó và những cái gì mà chị đang đạt được ở trong công ty hiện tại và những cái điều kiện và chị đã đã đưa ra cả những trường bên ngoài để có thể đạt được một cái bình ảnh giới xin chào trị in anh xin chàoen và cảm ơn này lấyerin	vấn đề đó và những cái gì mà chị đang đạt được ở trong công ty hiện tại và những cái điều kiện mà chị đã đưa ra cả thị trường bên ngoài để có thể đạt được một cái bình đẳng giới xin chào sự in của xin chào r và cảm ơn ruv lời với	vấn đề đó và những cái gì mà chị đang đạt được ở trong công ty hiện tại và những cái điều kiện và chị đã đã đưa ra cả từ trường bên ngoài cái có thể đạt được một cái bìnhẳng giới xin chào trị thì của anh xin chàoino và cảm ơnuel lờieren	vấn đề đó và những cái gì mà chị đang đạt được ở trong công ty hiện tại và những cái điều kiện mà chị đã đã đưa ra cả thị trường bên ngoài để có thể đạt được một cái bình đẳng giới xin chào chị hoàng anh xin chào ri nô và cảm ơn về lời giới thiệu cô ri nô	vấn đề đó và những cái gì mà chị đang đạt được ở trong công ty hiện tại và những cái điều kiện mà chị đã đã đưa ra cả thị trường bên ngoài để có thể đạt được một cái bìnhẳng giới xin chào chị hoàng anh xin chào r nô và cảm ơn về lời giới thiệu của rin nô	VẤN ĐỀ ĐÓ VÀ NHỮNG CÁI GÌ MÀ CHỊ ĐANG ĐẠT ĐƯỢC Ở TRONG CÔNG TY HIỆN TẠI VÀ NHỮNG CÁI ĐIỀU KIỆN VÀ CHỊ ĐÃ ĐÃ ĐƯA RA CẢ NHỮNG TRƯỜNG BÊN NGOÀI ĐỂ CÓ THỂ ĐẠT ĐƯỢC MỘT CÁI BÌNH ẢNH GIỚI XIN CHÀO TRỊ IN ANH XIN CHÀOEN VÀ CẢM ƠN NÀY LẤYERIN	VẤN ĐỀ ĐÓ VÀ NHỮNG CÁI GÌ MÀ CHỊ ĐANG ĐẠT ĐƯỢC Ở TRONG CÔNG TY HIỆN TẠI VÀ NHỮNG CÁI ĐIỀU KIỆN MÀ CHỊ ĐÃ ĐƯA RA CẢ THỊ TRƯỜNG BÊN NGOÀI ĐỂ CÓ THỂ ĐẠT ĐƯỢC MỘT CÁI BÌNH ĐẲNG GIỚI XIN CHÀO SỰ IN CỦA XIN CHÀO R VÀ CẢM ƠN RUV LỜI VỚI	VẤN ĐỀ ĐÓ VÀ NHỮNG CÁI GÌ MÀ CHỊ ĐANG ĐẠT ĐƯỢC Ở TRONG CÔNG TY HIỆN TẠI VÀ NHỮNG CÁI ĐIỀU KIỆN VÀ CHỊ ĐÃ ĐÃ ĐƯA RA CẢ TỪ TRƯỜNG BÊN NGOÀI CÁI CÓ THỂ ĐẠT ĐƯỢC MỘT CÁI BÌNHẲNG GIỚI XIN CHÀO TRỊ THÌ CỦA ANH XIN CHÀOINO VÀ CẢM ƠNUEL LỜIEREN	vấn đề đó và những cái gì mà chị đang đạt được ở trong công ty hiện tại và những cái điều kiện mà chị đã đã đưa ra cả thị trường bên ngoài để có thể đạt được một cái bình đẳng giới xin chào chị hoàng anh xin chào ri nô và cảm ơn về lời giới thiệu cô ri nô.	Vấn đề đó và những cái gì mà chị đang đạt được ở trong công ty hiện tại, và những cái điều kiện mà chị đã đã đưa ra cả thị trường bên ngoài để có thể đạt được một cái bìnhẳng giới. Xin chào chị Hoàng Anh. Xin chào R Nô và cảm ơn về lời giới thiệu của Rin nô.
train	17508	13.60	pseudo_label	và một tổ chức luôn hỗ trợ tôi để mà phát triển và thành công thì tại bnj cái kết quả gọi là thước đo quan trọng nhất cho nên tôi đã nhận được cái sự những cái chương trình	một tổ chức luôn hội trợ tôi để mà phát triển là thành công thì tậpiênz cái kết quả gọi làước đo quan trọng nhất cho nên tôi đã nhận được cái sự những cái chương trình	và một tổ chức luôn hỗ trợ tôi để mà phát triển và h công thì tạ bg cái kết quả gọi là thước đo quan trọng nhất cho nên tôi đã nhận được cái sự những cái chương trình	một tổ chức luôn hỗ trợ tôi để mà phát triển ở thành công thì tậpiênz cái k quả gọi là th đo quan trọng nhất cho nên tôi đã nhận được cái sự những cái chương tiền	và một tổ chức luôn hỗ trợ tôi để mà phát triển và thành công thì tại bình dương á cái kết quả vẫn là thước đo quan trọng nhất cho nên tôi đã nhận được cái sự những cái chương trình à	và một tổ chức luân hỗ trợ tôi để mà phát triển và thành công thì tại p cái kết quả gọi là thước đo quan trọng nhất cho nên tôi đã nhận được cái sự những cái chương trình	MỘT TỔ CHỨC LUÔN HỘI TRỢ TÔI ĐỂ MÀ PHÁT TRIỂN LÀ THÀNH CÔNG THÌ TẬPIÊNZ CÁI KẾT QUẢ GỌI LÀƯỚC ĐO QUAN TRỌNG NHẤT CHO NÊN TÔI ĐÃ NHẬN ĐƯỢC CÁI SỰ NHỮNG CÁI CHƯƠNG TRÌNH	VÀ MỘT TỔ CHỨC LUÔN HỖ TRỢ TÔI ĐỂ MÀ PHÁT TRIỂN VÀ H CÔNG THÌ TẠ BG CÁI KẾT QUẢ GỌI LÀ THƯỚC ĐO QUAN TRỌNG NHẤT CHO NÊN TÔI ĐÃ NHẬN ĐƯỢC CÁI SỰ NHỮNG CÁI CHƯƠNG TRÌNH	MỘT TỔ CHỨC LUÔN HỖ TRỢ TÔI ĐỂ MÀ PHÁT TRIỂN Ở THÀNH CÔNG THÌ TẬPIÊNZ CÁI K QUẢ GỌI LÀ TH ĐO QUAN TRỌNG NHẤT CHO NÊN TÔI ĐÃ NHẬN ĐƯỢC CÁI SỰ NHỮNG CÁI CHƯƠNG TIỀN	và một tổ chức luôn hỗ trợ tôi để mà phát triển và thành công thì tại bình dương á cái kết quả vẫn là thước đo quan trọng nhất cho nên tôi đã nhận được cái sự những cái chương trình à.	Và một tổ chức luân hỗ trợ tôi để mà phát triển và thành công, thì tại p cái kết quả gọi là thước đo quan trọng nhất, cho nên tôi đã nhận được cái sự những cái chương trình.
train	17522	12.40	pseudo_label	mà thực sự là mỗi vai trò đều tạo động lực cho mình và tôi cảm thấy rất là may mắn khi có mình có một cái hội hệ thống hỗ trợ như vậy cho nên tôi cũng mong muốn góp phần thúc đẩy cái sự trao quyền cho phụ nữ tại p	mà thực sự là mỗi vai trò đều tạo động lực cho mình mà tôi cảm thấy rất là may mắn khi có mình có một cáiồ thơ hệ thống của trợ như vậy cho nên tôi cũng mong muốn gó phần thúc đẩy cái sự trao quyền cho phụ nữ tại tiền chi	mà thực sự là mỗi vai trò đều tạo động lực cho mình và tôi cảm thấy rất là may mắn khi có mình có một cái hồ thở hệ thống hỗ trợ như vậy cho nên tôi cũng mong muốn góp phần thúc đẩy cái sự trao quyền cho phụ nữ tại tiền riêng	mà thực sự là mỗi vai trò đều tạo động lực cho mình và tôi cảm thấy rất là may mắn khi có mình có một cái hồ th hệ thống hỗ trợ như vậy cho nên tôi cũng mong muốn góp phần thúc đẩy cái sự trao quyền cho phụ nữ tại tiền riêng	mà thực sự là một vai trò đều tạo động lực cho mình và tôi cảm thấy rất may mắn khi có mình có một cái hộ hài thông hỗ trợ như vậy cho nên tôi cũng mong muốn góp phần thúc đẩy cái sự trao quyền cho phụ nữ tại phim hành dinh	mà thực sự là mỗi vai trò đều tạo động lực cho mình và tôi cảm thấy rất là may mắn khi có mình có một cái h hội thợ hệ thống hỗ trợ như vậy cho nên tôi cũng mong muốn góp phần thúc đẩy cái sự trao quyền cho phụ nữ tại pi	MÀ THỰC SỰ LÀ MỖI VAI TRÒ ĐỀU TẠO ĐỘNG LỰC CHO MÌNH MÀ TÔI CẢM THẤY RẤT LÀ MAY MẮN KHI CÓ MÌNH CÓ MỘT CÁIỒ THƠ HỆ THỐNG CỦA TRỢ NHƯ VẬY CHO NÊN TÔI CŨNG MONG MUỐN GÓ PHẦN THÚC ĐẨY CÁI SỰ TRAO QUYỀN CHO PHỤ NỮ TẠI TIỀN CHI	MÀ THỰC SỰ LÀ MỖI VAI TRÒ ĐỀU TẠO ĐỘNG LỰC CHO MÌNH VÀ TÔI CẢM THẤY RẤT LÀ MAY MẮN KHI CÓ MÌNH CÓ MỘT CÁI HỒ THỞ HỆ THỐNG HỖ TRỢ NHƯ VẬY CHO NÊN TÔI CŨNG MONG MUỐN GÓP PHẦN THÚC ĐẨY CÁI SỰ TRAO QUYỀN CHO PHỤ NỮ TẠI TIỀN RIÊNG	MÀ THỰC SỰ LÀ MỖI VAI TRÒ ĐỀU TẠO ĐỘNG LỰC CHO MÌNH VÀ TÔI CẢM THẤY RẤT LÀ MAY MẮN KHI CÓ MÌNH CÓ MỘT CÁI HỒ TH HỆ THỐNG HỖ TRỢ NHƯ VẬY CHO NÊN TÔI CŨNG MONG MUỐN GÓP PHẦN THÚC ĐẨY CÁI SỰ TRAO QUYỀN CHO PHỤ NỮ TẠI TIỀN RIÊNG	mà thực sự là một vai trò đều tạo động lực cho mình và tôi cảm thấy rất may mắn khi có mình có một cái hộ hài thông hỗ trợ như vậy cho nên tôi cũng mong muốn góp phần thúc đẩy cái sự trao quyền cho phụ nữ tại phim hành dinh.	Mà thực sự là mỗi vai trò đều tạo động lực cho mình, và tôi cảm thấy rất là may mắn khi có mình có một cái h hội thợ hệ thống hỗ trợ như vậy, cho nên tôi cũng mong muốn góp phần thúc đẩy cái sự trao quyền cho phụ nữ tại pi .
train	17527	15.00	pseudo_label	lâu dài không thể một sớm một chiều và nó đòi hỏi cái sự nỗ lực và cố gắng của tất cả chúng ta thì tôi mong rằng là tất cả mọi người đều góp phần vào việc là phá vỡ định kiến về giới	lâu dài không thể một số mục chiều và nó đòi hỏi cái sự nỗ lực và cố gắng của tất cả chúng ta thì tôi mong rằng là tất cả mọi người le gó phần vào việc là pháợ định kiến vì giới	lâu dài không tiện một s số một chiều và nó đòi hỏi cái sự n nội lực và cố gắng của tất cả chúng ta thì tôiân mong rằng là tất cả mọi người le go f và việc là phá vở định kiến thế giới	lo dài không kể một số một chiều và nó đòi hỏi cái sự nỗ lực và cố gắng của tất cả chúng ta thì tôi mong rằng là tất cả mọi người le gó phần và việc là phá vở định kiến thế giới	ờ lâu dài ờ không thể một sớm một chiều và nó đòi hỏi cái sự nỗ lực và cố gắng của tất cả chúng ta ờ thì tôi mong rằng là tất cả mọi người ờ đều góp phần vào việc là ờ phá vỡ định kiến về giới	l lâu dài không thể ngồi sớm một chiều và nó đòi hỏi cái sự nỗ lực và cố gắng của tất cả chúng ta thì tôi mong rằng là tất cả mọi người đều góp phần vào việc là phá vỡ định kiến về giới	LÂU DÀI KHÔNG THỂ MỘT SỐ MỤC CHIỀU VÀ NÓ ĐÒI HỎI CÁI SỰ NỖ LỰC VÀ CỐ GẮNG CỦA TẤT CẢ CHÚNG TA THÌ TÔI MONG RẰNG LÀ TẤT CẢ MỌI NGƯỜI LE GÓ PHẦN VÀO VIỆC LÀ PHÁỢ ĐỊNH KIẾN VÌ GIỚI	LÂU DÀI KHÔNG TIỆN MỘT S SỐ MỘT CHIỀU VÀ NÓ ĐÒI HỎI CÁI SỰ N NỘI LỰC VÀ CỐ GẮNG CỦA TẤT CẢ CHÚNG TA THÌ TÔIÂN MONG RẰNG LÀ TẤT CẢ MỌI NGƯỜI LE GO F VÀ VIỆC LÀ PHÁ VỞ ĐỊNH KIẾN THẾ GIỚI	LO DÀI KHÔNG KỂ MỘT SỐ MỘT CHIỀU VÀ NÓ ĐÒI HỎI CÁI SỰ NỖ LỰC VÀ CỐ GẮNG CỦA TẤT CẢ CHÚNG TA THÌ TÔI MONG RẰNG LÀ TẤT CẢ MỌI NGƯỜI LE GÓ PHẦN VÀ VIỆC LÀ PHÁ VỞ ĐỊNH KIẾN THẾ GIỚI	ờ lâu dài ờ không thể một sớm một chiều và nó đòi hỏi cái sự nỗ lực và cố gắng của tất cả chúng ta ờ thì tôi mong rằng là tất cả mọi người ờ đều góp phần vào việc là ờ phá vỡ định kiến về giới.	L lâu dài không thể ngồi sớm một chiều và nó đòi hỏi cái sự nỗ lực và cố gắng của tất cả chúng ta thì tôi mong rằng là tất cả mọi người đều góp phần vào việc là phá vỡ định kiến về giới.
train	17535	13.50	pseudo_label	những cái kết quả mà chị đã đạt được và chị đã ghi nhận được đến thời điểm ngày hôm nay là những là như thế nào và cái mong muốn của chị có thể tiếp theo trong tương lai nó sẽ là những kết quả gì thầy nhờ những cái nỗ lực mà mà như mình vừa kể	những cái kết quả mà chị đã đạt được và chị đã đi nhận được về đến thời điểm một ngày hôm nay và những lời như thế nào và cái mong muốn của chị thể tiếp theo trong tương lai đó sẽ là những cái quá trị hayờ những cáiỗi lực mà nay như mình với kể	những cái kết quả mà chị đã đạt được và chị đã ghi nhận được đến thời điểm một ngày hôm nay là những là như thế nào và cái mong muốn của chị có thể tiếp theo trong tương lai đó sẽ là những kết quả gì thì nh những cái nội lực mà như mình vừa k	những cái kết quả mà chị đã đạt được và chị đã đi nhận được đến thời điểm một ngày hôm nay là những là như thế nào và cái mong muốn của chị có thể tiếp theo trong tương lai nó sẽ là những cái quả gì hay nhờ những cái nỗ lực mà như mình vừa k	những kết quả mà chị đã đạt được và chị đã ghi nhận được tới đến thời điểm ngày hôm nay là những lời như thế nào và cái mong muốn của chị có thể tiếp theo trong tương lai nó sẽ là những kết quả gì thầy nhờ những nỗ lực mà mà như mình vừa kể	những cái kết quả mà chị đã đạt được và chị đã ghi nhận được đến thời điểm ngày hôm nay là những là như thế nào và cái mong muốn của chị có thể tiếp theo trong tương lai đó sẽ là những kết quả gì thầy nhờ những cái nỗ lực mà mà như mình vừa kể	NHỮNG CÁI KẾT QUẢ MÀ CHỊ ĐÃ ĐẠT ĐƯỢC VÀ CHỊ ĐÃ ĐI NHẬN ĐƯỢC VỀ ĐẾN THỜI ĐIỂM MỘT NGÀY HÔM NAY VÀ NHỮNG LỜI NHƯ THẾ NÀO VÀ CÁI MONG MUỐN CỦA CHỊ THỂ TIẾP THEO TRONG TƯƠNG LAI ĐÓ SẼ LÀ NHỮNG CÁI QUÁ TRỊ HAYỜ NHỮNG CÁIỖI LỰC MÀ NAY NHƯ MÌNH VỚI KỂ	NHỮNG CÁI KẾT QUẢ MÀ CHỊ ĐÃ ĐẠT ĐƯỢC VÀ CHỊ ĐÃ GHI NHẬN ĐƯỢC ĐẾN THỜI ĐIỂM MỘT NGÀY HÔM NAY LÀ NHỮNG LÀ NHƯ THẾ NÀO VÀ CÁI MONG MUỐN CỦA CHỊ CÓ THỂ TIẾP THEO TRONG TƯƠNG LAI ĐÓ SẼ LÀ NHỮNG KẾT QUẢ GÌ THÌ NH NHỮNG CÁI NỘI LỰC MÀ NHƯ MÌNH VỪA K	NHỮNG CÁI KẾT QUẢ MÀ CHỊ ĐÃ ĐẠT ĐƯỢC VÀ CHỊ ĐÃ ĐI NHẬN ĐƯỢC ĐẾN THỜI ĐIỂM MỘT NGÀY HÔM NAY LÀ NHỮNG LÀ NHƯ THẾ NÀO VÀ CÁI MONG MUỐN CỦA CHỊ CÓ THỂ TIẾP THEO TRONG TƯƠNG LAI NÓ SẼ LÀ NHỮNG CÁI QUẢ GÌ HAY NHỜ NHỮNG CÁI NỖ LỰC MÀ NHƯ MÌNH VỪA K	những kết quả mà chị đã đạt được và chị đã ghi nhận được tới đến thời điểm ngày hôm nay là những lời như thế nào và cái mong muốn của chị có thể tiếp theo trong tương lai nó sẽ là những kết quả gì thầy nhờ những nỗ lực mà mà như mình vừa kể.	Những cái kết quả mà chị đã đạt được, và chị đã ghi nhận được đến thời điểm ngày hôm nay là những là như thế nào? và cái mong muốn của chị có thể tiếp theo trong tương lai đó sẽ là những kết quả gì? Thầy nhờ những cái nỗ lực mà mà như mình vừa kể.
validation	1956	15.00	pseudo_label	kể cả trong công việc và trong gia đình thì cái việc phân chia công việc đó cũng không phải là anh phải làm việc a và tôi phải làm việc b mà nó đến tức là tự nhiên và mọi người đều làm dựa trên cái yêu thích của mình nữa ví dụ một bạn thì thích nấu ăn cơm bạn thì thích dọn dẹp nhà cửa	kể cả trong công việc vào trong gia đình thì cái việc phân chứ công việc đó cũng không phải là anh phải làm việc a và tôi phải làm việc b mà nó đến tức là tự nhiên và mỗi người đều làm dựa trên cái yêu thích của mình nữa ví dụ và nên thíchấu ăn câu thì cái doanh nhật nhà cửa	kể cả trong công việc và trong gia đình thì cái việc phân chưa công việc đó cũng không phải là anh phải là việc a và tôi phải làm việc b mà nó đến rất là tự nhiên và mọi người đều làm dựa trên cái yêu thích của mình nữa ví dụ một bà linh thích nấu ăn cơ thì khi dò nh nhà cửa	kể cả trong công việc và trong gia đình thì cái gì phân cho công việc đó cũng không phải là anh phải là việc a và tôi phải làm việc b mà nó đến rất là tự nhiên và mọi người đều làm dựa trên cái yêu thích của mình nữa ví dụ một bà thích nấu ăn với cơle ạ thế th trường nhạc nhà cửa	kể cả trong công việc và trong gia đình thì cái cái vị phân chia công việc đó cũng không phải là anh phải làm việc a và tôi phải làm việc bê mà nó đến đó là tự nhiên và mỗi người đều làm dựa trên cái yêu yêu thích của mình nữa ví dụ bạn lại thích nấu ăn cơ bội bạn thì thích dọn dẹp nhà cửa	kể cả trong công việc và trong gia đình thì cái cái việc phân chia công việc đó cũng không phải là anh phải làm việc a và tôi phải làm việc bê mà nó đến đó là tự nhiên và mọi người đều làm dựa trên cái yêu thích của mình nữa ví dụ một bạn thích nấu ăn cơ bạn thì thích dọn dẹp nhà cửa	KỂ CẢ TRONG CÔNG VIỆC VÀO TRONG GIA ĐÌNH THÌ CÁI VIỆC PHÂN CHỨ CÔNG VIỆC ĐÓ CŨNG KHÔNG PHẢI LÀ ANH PHẢI LÀM VIỆC A VÀ TÔI PHẢI LÀM VIỆC B MÀ NÓ ĐẾN TỨC LÀ TỰ NHIÊN VÀ MỖI NGƯỜI ĐỀU LÀM DỰA TRÊN CÁI YÊU THÍCH CỦA MÌNH NỮA VÍ DỤ VÀ NÊN THÍCHẤU ĂN CÂU THÌ CÁI DOANH NHẬT NHÀ CỬA	KỂ CẢ TRONG CÔNG VIỆC VÀ TRONG GIA ĐÌNH THÌ CÁI VIỆC PHÂN CHƯA CÔNG VIỆC ĐÓ CŨNG KHÔNG PHẢI LÀ ANH PHẢI LÀ VIỆC A VÀ TÔI PHẢI LÀM VIỆC B MÀ NÓ ĐẾN RẤT LÀ TỰ NHIÊN VÀ MỌI NGƯỜI ĐỀU LÀM DỰA TRÊN CÁI YÊU THÍCH CỦA MÌNH NỮA VÍ DỤ MỘT BÀ LINH THÍCH NẤU ĂN CƠ THÌ KHI DÒ NH NHÀ CỬA	KỂ CẢ TRONG CÔNG VIỆC VÀ TRONG GIA ĐÌNH THÌ CÁI GÌ PHÂN CHO CÔNG VIỆC ĐÓ CŨNG KHÔNG PHẢI LÀ ANH PHẢI LÀ VIỆC A VÀ TÔI PHẢI LÀM VIỆC B MÀ NÓ ĐẾN RẤT LÀ TỰ NHIÊN VÀ MỌI NGƯỜI ĐỀU LÀM DỰA TRÊN CÁI YÊU THÍCH CỦA MÌNH NỮA VÍ DỤ MỘT BÀ THÍCH NẤU ĂN VỚI CƠLE Ạ THẾ TH TRƯỜNG NHẠC NHÀ CỬA	kể cả trong công việc và trong gia đình thì cái cái vị phân chia công việc đó cũng không phải là anh phải làm việc a và tôi phải làm việc bê mà nó đến đó là tự nhiên và mỗi người đều làm dựa trên cái yêu yêu thích của mình nữa ví dụ bạn lại thích nấu ăn cơ bội bạn thì thích dọn dẹp nhà cửa.	Kể cả trong công việc và trong gia đình thì cái cái việc phân chia công việc đó cũng không phải là anh phải làm việc A và tôi phải làm việc Bê, mà nó đến đó là tự nhiên và mọi người đều làm dựa trên cái yêu thích của mình nữa, ví dụ một bạn thích nấu ăn cơ bạn thì thích dọn dẹp nhà cửa.
train	21292	13.80	pseudo_label	nó lại gần như chứa tất cả những cái gì mà mình say mê mình thích thú và đối với mình cái quyển sách bây giờ nó chỉ là là một cái người bạn mà mỗi lần mở một trang bất kỳ nào ra thì chỉ có thể	nó lại gần như chưa tất cả hai những cái gì mà mìnhay mê mình thích thú mà và đối với mình cái quyển sách bây giờ nó chỉ là là một cái người bạn mà mỗi lần mở một trang bất kỳ nào ra thì chỉ có thể	nó lại gần như chứa tất cả những cái gì mà mình mìnhay mê mình thích thú và và đối với mình cứ quyển sách bây giờ nó chỉ là là một cái người bạn mà mỗi lần mở một trang bất kỳ nào ra thì chỉ có thể	nó lại gần nhưut tất cả những cái gì mà mình xay mê mình thích thú và đối với mình cứ quyển sách bây giờ nó chỉ là là một cái người bạn mà mỗi lần mở một trang bất kỳ nào ra thì chỉ có thể	nó lại gần như chứa tất cả những cái gì mà mình mình mình mình say mê mình thích thú và bạn đối với mình cái quyển sách bây giờ nó chỉ là là một cái người bạn mà mỗi lần mở một trang bất kỳ nào ra thì thì có thể	nó lại gần như chứa tất cả những cái gì mà mình mình mình mình mình say mê mình thích thú và bạn đối với mình cái quyển sách bây giờ nó chỉ là là một cái người bạn mà mỗi lần mở một trang bất kỳ nào ra thì chỉ có thể à	NÓ LẠI GẦN NHƯ CHƯA TẤT CẢ HAI NHỮNG CÁI GÌ MÀ MÌNHAY MÊ MÌNH THÍCH THÚ MÀ VÀ ĐỐI VỚI MÌNH CÁI QUYỂN SÁCH BÂY GIỜ NÓ CHỈ LÀ LÀ MỘT CÁI NGƯỜI BẠN MÀ MỖI LẦN MỞ MỘT TRANG BẤT KỲ NÀO RA THÌ CHỈ CÓ THỂ	NÓ LẠI GẦN NHƯ CHỨA TẤT CẢ NHỮNG CÁI GÌ MÀ MÌNH MÌNHAY MÊ MÌNH THÍCH THÚ VÀ VÀ ĐỐI VỚI MÌNH CỨ QUYỂN SÁCH BÂY GIỜ NÓ CHỈ LÀ LÀ MỘT CÁI NGƯỜI BẠN MÀ MỖI LẦN MỞ MỘT TRANG BẤT KỲ NÀO RA THÌ CHỈ CÓ THỂ	NÓ LẠI GẦN NHƯUT TẤT CẢ NHỮNG CÁI GÌ MÀ MÌNH XAY MÊ MÌNH THÍCH THÚ VÀ ĐỐI VỚI MÌNH CỨ QUYỂN SÁCH BÂY GIỜ NÓ CHỈ LÀ LÀ MỘT CÁI NGƯỜI BẠN MÀ MỖI LẦN MỞ MỘT TRANG BẤT KỲ NÀO RA THÌ CHỈ CÓ THỂ	nó lại gần như chứa tất cả những cái gì mà mình mình mình mình say mê mình thích thú và bạn đối với mình cái quyển sách bây giờ nó chỉ là là một cái người bạn mà mỗi lần mở một trang bất kỳ nào ra thì thì có thể.	Nó lại gần như chứa tất cả những cái gì mà mình mình mình mình mình say mê, mình thích thú và bạn đối với mình cái quyển sách bây giờ nó chỉ là là một cái người bạn mà mỗi lần mở một trang bất kỳ nào ra thì chỉ có thể à.
train	21315	12.60	pseudo_label	họ phải có trong đầu một cái thang đánh giá về chuyện cái thông tin nào là quan trọng xong rồi họ tóm tắt lại và người đọc tóm tắt đấy thì coi như là mình chỉ ghét được cái mà người đã tóm tắt họ đưa ra thôi	họ phải có trong đầu một cáiang đánh giá bởi cái thông tin nào là quan trọng xong rồi họ tóm cả lại và người nóóm tác đấy thì coi như là mình chỉ ghét được cái mà người đã tóm tại họ bây giờ ra thôi	họ phải có trong đầu một cái thang đánh giá về chính cái thông tin nào là quan trọng xong rồi họ tóm t lại và người nó toóm t tác đấy thì coi như là mình chỉ ghét được cái mà người đã tóm tát họ đưa ra thôi	họ phải có trong đầu một cái ph đánh giá về chuyển cái thông tin nào là quan trọng xong rồi họ tóm t lại và người đọc tóm t đấy thì coi như là mình chỉ ghét được cái mà người đã t t họ đưa ra thôi	họ phải có trong đầu một cái thang đánh giá về chuyện cái thông tin nào là quan trọng trong lời họ tóm tắt lại và người đọc tóm tắt đấy thì coi như là mình chỉ ghét được cái mà người đã tóm tắt họ đưa ra thôi	họ phải có trong đầu một cái thang đánh giá về chuyện cái thông tin nào là quan trọng xong rồi họ tóm tắt lại và người đọc tóm tắt đấy thì coi như là mình chỉ ghép được cái mà người đã tóm tắt họ đưa ra thôi	HỌ PHẢI CÓ TRONG ĐẦU MỘT CÁIANG ĐÁNH GIÁ BỞI CÁI THÔNG TIN NÀO LÀ QUAN TRỌNG XONG RỒI HỌ TÓM CẢ LẠI VÀ NGƯỜI NÓÓM TÁC ĐẤY THÌ COI NHƯ LÀ MÌNH CHỈ GHÉT ĐƯỢC CÁI MÀ NGƯỜI ĐÃ TÓM TẠI HỌ BÂY GIỜ RA THÔI	HỌ PHẢI CÓ TRONG ĐẦU MỘT CÁI THANG ĐÁNH GIÁ VỀ CHÍNH CÁI THÔNG TIN NÀO LÀ QUAN TRỌNG XONG RỒI HỌ TÓM T LẠI VÀ NGƯỜI NÓ TOÓM T TÁC ĐẤY THÌ COI NHƯ LÀ MÌNH CHỈ GHÉT ĐƯỢC CÁI MÀ NGƯỜI ĐÃ TÓM TÁT HỌ ĐƯA RA THÔI	HỌ PHẢI CÓ TRONG ĐẦU MỘT CÁI PH ĐÁNH GIÁ VỀ CHUYỂN CÁI THÔNG TIN NÀO LÀ QUAN TRỌNG XONG RỒI HỌ TÓM T LẠI VÀ NGƯỜI ĐỌC TÓM T ĐẤY THÌ COI NHƯ LÀ MÌNH CHỈ GHÉT ĐƯỢC CÁI MÀ NGƯỜI ĐÃ T T HỌ ĐƯA RA THÔI	họ phải có trong đầu một cái thang đánh giá về chuyện cái thông tin nào là quan trọng trong lời họ tóm tắt lại và người đọc tóm tắt đấy thì coi như là mình chỉ ghét được cái mà người đã tóm tắt họ đưa ra thôi.	Họ phải có trong đầu một cái thang đánh giá về chuyện cái thông tin nào là quan trọng xong rồi họ tóm tắt lại và người đọc tóm tắt đấy thì coi như là mình chỉ ghép được cái mà người đã tóm tắt họ đưa ra thôi.
train	21328	11.10	pseudo_label	sáu mươi phần trăm dna giống hệt với con người tức là sáu mươi phần trăm dna của con người là chuối chứ không phải là bảy mươi phần trăm là nước các thứ này nọ đấy thì mình thấy là đôi khi	sáu mươi phần trămin này việc với con người tức là sáu mươi phần trăm tiên này của mình của con người là ch chú trước mày là bảy mươi phần trăm lần nước các thứ đề nó hỏi đấy thì mình thấy là đôi khi	sáu mươi phần trăm bn giống việt với con người tức là sáu mươi phần trăm dann của con người là chuối chứ không phải là bảy mươi phần trăm là nước các thứ viên nói đấy thì mình thấy là đôi khi	sáu mươi phần trăm da đúngẹ với con người tức là sáu mươi phần trăm d nay của việt của con người là chú ấy chứ không mày là bảy mươi phần trăm lần nước các thứ thì nói đấy thì mình thấy là đôi khi	sáu mươi phần trăm đi en ây giống hệt với con người tức là sáu mươi phần trăm đi en ây của con người là chuối chứ không phải là bảy mươi phần trăm là nước các thứ này đó à đấy thì mình thấy là đôi khi	sáu mươi phần trăm dnây giống hệ với con người tức là sáu mươi phần trămna của việt của con người là chuối chứ không phải là bảy mươi phần trăm là nước các thứ hai nọ đấy thì mình thấy là đôi khi	SÁU MƯƠI PHẦN TRĂMIN NÀY VIỆC VỚI CON NGƯỜI TỨC LÀ SÁU MƯƠI PHẦN TRĂM TIÊN NÀY CỦA MÌNH CỦA CON NGƯỜI LÀ CH CHÚ TRƯỚC MÀY LÀ BẢY MƯƠI PHẦN TRĂM LẦN NƯỚC CÁC THỨ ĐỀ NÓ HỎI ĐẤY THÌ MÌNH THẤY LÀ ĐÔI KHI	SÁU MƯƠI PHẦN TRĂM BN GIỐNG VIỆT VỚI CON NGƯỜI TỨC LÀ SÁU MƯƠI PHẦN TRĂM DANN CỦA CON NGƯỜI LÀ CHUỐI CHỨ KHÔNG PHẢI LÀ BẢY MƯƠI PHẦN TRĂM LÀ NƯỚC CÁC THỨ VIÊN NÓI ĐẤY THÌ MÌNH THẤY LÀ ĐÔI KHI	SÁU MƯƠI PHẦN TRĂM DA ĐÚNGẸ VỚI CON NGƯỜI TỨC LÀ SÁU MƯƠI PHẦN TRĂM D NAY CỦA VIỆT CỦA CON NGƯỜI LÀ CHÚ ẤY CHỨ KHÔNG MÀY LÀ BẢY MƯƠI PHẦN TRĂM LẦN NƯỚC CÁC THỨ THÌ NÓI ĐẤY THÌ MÌNH THẤY LÀ ĐÔI KHI	sáu mươi phần trăm đi en ây giống hệt với con người tức là sáu mươi phần trăm đi en ây của con người là chuối chứ không phải là bảy mươi phần trăm là nước các thứ này đó à đấy thì mình thấy là đôi khi.	Sáu mươi phần trăm dnây giống hệ với con người tức là sáu mươi phần trămna của Việt của con người là chuối chứ không phải là bảy mươi phần trăm là nước các thứ hai nọ đấy thì mình thấy là đôi khi.
train	21338	11.40	pseudo_label	bởi vì cái điều kiện ấy một người nói với mình là hãy làm sách đi hay là mình tự nói với mình hãy có một cái gì tác động nào bên ngoài chúng ta không bao giờ biết được	bởi vì cái điều kiện ấy một người nó với mình hay làmạch đi hay là mình tự nó với mình hãy có một cái gì tác động là bên ngoài ta không bao giờ biết được	bởi vì cái điều kiện ấy một người nói với mình có hãy làm sách đi hay là mình tự nói với mình hay có một cái gì tác động là bên ngoài ta không bao giờ biết được	bởi vì cái điều kiện ấy một người nói với mình hãy làm sách đi hay là mình tự nói với mình hãy có một cái gì tác động là bên ngoài và không bao giờ biết được	bởi vì cái điều kiện ấy một người nói với mình là hãy làm sách đi hay là mình tự nói với mình hãy có một cái gì tác động nào bên ngoài chúng ta không bao giờ biết được	bởi vì cái điều kiện ấy một người nói với mình là hãy làm sách đi hay là mình tự nói với mình ãy có một cái gì tác động nào bên ngoài chúng ta không bao giờ biết được	BỞI VÌ CÁI ĐIỀU KIỆN ẤY MỘT NGƯỜI NÓ VỚI MÌNH HAY LÀMẠCH ĐI HAY LÀ MÌNH TỰ NÓ VỚI MÌNH HÃY CÓ MỘT CÁI GÌ TÁC ĐỘNG LÀ BÊN NGOÀI TA KHÔNG BAO GIỜ BIẾT ĐƯỢC	BỞI VÌ CÁI ĐIỀU KIỆN ẤY MỘT NGƯỜI NÓI VỚI MÌNH CÓ HÃY LÀM SÁCH ĐI HAY LÀ MÌNH TỰ NÓI VỚI MÌNH HAY CÓ MỘT CÁI GÌ TÁC ĐỘNG LÀ BÊN NGOÀI TA KHÔNG BAO GIỜ BIẾT ĐƯỢC	BỞI VÌ CÁI ĐIỀU KIỆN ẤY MỘT NGƯỜI NÓI VỚI MÌNH HÃY LÀM SÁCH ĐI HAY LÀ MÌNH TỰ NÓI VỚI MÌNH HÃY CÓ MỘT CÁI GÌ TÁC ĐỘNG LÀ BÊN NGOÀI VÀ KHÔNG BAO GIỜ BIẾT ĐƯỢC	bởi vì cái điều kiện ấy một người nói với mình là hãy làm sách đi hay là mình tự nói với mình hãy có một cái gì tác động nào bên ngoài chúng ta không bao giờ biết được.	Bởi vì cái điều kiện ấy, một người nói với mình là hãy làm sách đi, hay là mình tự nói với mình,ãy có một cái gì tác động nào bên ngoài chúng ta không bao giờ biết được.
train	21361	11.40	pseudo_label	chúng ta không thể cưỡng cầu được rằng là mọi thứ đã được sinh ra cái nào khớp với nhau thì khớp với nhau mà cái nào nó đã đẩy nhau thì nó đẩy nhau nó tự có quy luật của nó chúng ta	chúng ta không thểững cầu được rằng là mọi thứ đã được sinh ra cái nàoớ với nhau thìốc với nhau mà cái nào nó đã đầy nhau thì nó đẩ nhau nó nó tự có kh quy luật của nó chúng ta	chúng ta không thể c cầu được rằng là mọi thứ đã được sinh ra cái nào khớ với nhau thì cấp với nhau mà cái nào nó đã đẩy nhau thì nó đẩ nhau nó tự có quy luật của nó chúng ta	chúng ta không thể cỡng cầu được rằng là mọi thứ đã được sinh ra cái nào khớ với nhau thành không với nhau mà cái nào nó đã đẩy nhau thì nó đẻ nhau nó nó tự có quy luật của nó chúng ta	chúng ta không thể cưỡng cầu được rằng là mọi thứ đã được sinh ra cái nào khớp với nhau thì khớp với nhau mà cái nào nó đã đẩy nhau thì nó đẩy nhau nó nó tự có quy luật của nó chúng ta	chúng ta không thể cưỡng cầu được rằng là mọi thứ đã được sinh ra cái nào khớp với nhau thì khớp với nhau mà cái nào nó đã đẩy nhau thì nó đẩy nhau nó nó tự có quy luật của nó chúng ta	CHÚNG TA KHÔNG THỂỮNG CẦU ĐƯỢC RẰNG LÀ MỌI THỨ ĐÃ ĐƯỢC SINH RA CÁI NÀOỚ VỚI NHAU THÌỐC VỚI NHAU MÀ CÁI NÀO NÓ ĐÃ ĐẦY NHAU THÌ NÓ ĐẨ NHAU NÓ NÓ TỰ CÓ KH QUY LUẬT CỦA NÓ CHÚNG TA	CHÚNG TA KHÔNG THỂ C CẦU ĐƯỢC RẰNG LÀ MỌI THỨ ĐÃ ĐƯỢC SINH RA CÁI NÀO KHỚ VỚI NHAU THÌ CẤP VỚI NHAU MÀ CÁI NÀO NÓ ĐÃ ĐẨY NHAU THÌ NÓ ĐẨ NHAU NÓ TỰ CÓ QUY LUẬT CỦA NÓ CHÚNG TA	CHÚNG TA KHÔNG THỂ CỠNG CẦU ĐƯỢC RẰNG LÀ MỌI THỨ ĐÃ ĐƯỢC SINH RA CÁI NÀO KHỚ VỚI NHAU THÀNH KHÔNG VỚI NHAU MÀ CÁI NÀO NÓ ĐÃ ĐẨY NHAU THÌ NÓ ĐẺ NHAU NÓ NÓ TỰ CÓ QUY LUẬT CỦA NÓ CHÚNG TA	chúng ta không thể cưỡng cầu được rằng là mọi thứ đã được sinh ra cái nào khớp với nhau thì khớp với nhau mà cái nào nó đã đẩy nhau thì nó đẩy nhau nó nó tự có quy luật của nó chúng ta.	Chúng ta không thể cưỡng cầu được rằng là mọi thứ đã được sinh ra cái nào khớp với nhau thì khớp với nhau, mà cái nào nó đã đẩy nhau thì nó đẩy nhau, nó nó tự có quy luật của nó chúng ta.
train	21386	12.60	pseudo_label	một trong những cái ước mơ từ thời trẻ của mình mà bây giờ vẫn có đấy là làm thế nào để chúng ta sống ở mỗi nơi một chút và chúng ta có thể quan sát cái đời sống ở đấy nếm nó một chút xong đấy lại đi chỗ khác chúng ta cứ	một trong những cáiước mơ từ thời trẻ của mình mà bây giờ vẫn có đấy là làm thế nào để chúng ta sống ở mỗi năm một chút và chúng ta có thể quan sá cái đời sống ở đấyế nó một chút trong đấy lại đi chung khác chúng ta cứ	một trong những cái ước mơ từ thời trẻ của mình mà bây giờ vẫn có đấy là làm cái nào để chúng ta sống ở mỗi nơi một chút và chúng ta có thể quan sát cái đời sống ở đấy nếm nó một chút xong này lại đi chỗ khác chúng ta cứ	một trong những cái ước mơ từ thời trẻ của mình và bây giờ vẫn có đấy là làm thế nào để chúng ta sống ở mỗi nơi một chút và chúng ta có thể quan sá cái đời sống ở đấy nếm nó một chút xong đấy lại đi chỗ khác chúng ta cứ	một trong những cái ước mơ từ thời trẻ của mình mà bây giờ vẫn có đấy là làm thế nào để chúng ta sống ở mỗi nơi một chút và chúng ta có thể quan sát cái đời sống ở đấy nếm nó một chút xong lại lại đi chỗ khác chúng ta cứ	một trong những cái ước mơ từ thời trẻ của mình mà bây giờ vẫn có đấy là làm thế nào để chúng ta sống ở mỗi nơi một chút và chúng ta có thể quan sát cái đời sống ở đấy nếm nó một chút x xong đấy lại đi chỗ khác chúng ta cứ	MỘT TRONG NHỮNG CÁIƯỚC MƠ TỪ THỜI TRẺ CỦA MÌNH MÀ BÂY GIỜ VẪN CÓ ĐẤY LÀ LÀM THẾ NÀO ĐỂ CHÚNG TA SỐNG Ở MỖI NĂM MỘT CHÚT VÀ CHÚNG TA CÓ THỂ QUAN SÁ CÁI ĐỜI SỐNG Ở ĐẤYẾ NÓ MỘT CHÚT TRONG ĐẤY LẠI ĐI CHUNG KHÁC CHÚNG TA CỨ	MỘT TRONG NHỮNG CÁI ƯỚC MƠ TỪ THỜI TRẺ CỦA MÌNH MÀ BÂY GIỜ VẪN CÓ ĐẤY LÀ LÀM CÁI NÀO ĐỂ CHÚNG TA SỐNG Ở MỖI NƠI MỘT CHÚT VÀ CHÚNG TA CÓ THỂ QUAN SÁT CÁI ĐỜI SỐNG Ở ĐẤY NẾM NÓ MỘT CHÚT XONG NÀY LẠI ĐI CHỖ KHÁC CHÚNG TA CỨ	MỘT TRONG NHỮNG CÁI ƯỚC MƠ TỪ THỜI TRẺ CỦA MÌNH VÀ BÂY GIỜ VẪN CÓ ĐẤY LÀ LÀM THẾ NÀO ĐỂ CHÚNG TA SỐNG Ở MỖI NƠI MỘT CHÚT VÀ CHÚNG TA CÓ THỂ QUAN SÁ CÁI ĐỜI SỐNG Ở ĐẤY NẾM NÓ MỘT CHÚT XONG ĐẤY LẠI ĐI CHỖ KHÁC CHÚNG TA CỨ	một trong những cái ước mơ từ thời trẻ của mình mà bây giờ vẫn có đấy là làm thế nào để chúng ta sống ở mỗi nơi một chút và chúng ta có thể quan sát cái đời sống ở đấy nếm nó một chút xong lại lại đi chỗ khác chúng ta cứ.	Một trong những cái ước mơ từ thời trẻ của mình mà bây giờ vẫn có đấy là làm thế nào để chúng ta sống ở mỗi nơi một chút, và chúng ta có thể quan sát cái đời sống ở đấy nếm nó một chút. X xong đấy lại đi chỗ khác. chúng ta cứ.
train	21390	10.20	pseudo_label	nên là cảm ơn chị hôm nay đã đến với trà cúc miên man cảm ơn chị ờ cảm ơn tất cả mọi người đã theo dõi cuộc trò chuyện của chúng tôi	nên là cảm ơniếm hôm nay đã đến vớiá cụiên mạng cảm ơn chínhỳ cảm ơn tất cả cả mọi người đã theo dõi cuộc trò chuyện của chúng tôi	nên là cảm ơn trí hôm nay đã đến với chả c miền m cảm ơn chị thùy vị cảm ơn tất cả mọi người đã theo dõi cuộc trò chuyện của chúng tôi	nên là cảm ơn ch hôm nay đã đến với tr c m nguyên m mạng cảm ơn chịỳ cảm ơn tất cả mọi người đã theo dõi cuộc trò chuyện của chúng tôi	nên là cám ơn chí hôm nay đã đến với a trà cúc miên man cám ơn chị minh ừ à cám ơn tất cả mọi người đã theo dõi cuộc trò chuyện của chúng tôi	nên là cảm ơn chị hôm nay đã đến với trà cúc miên man cảm ơn cảm ơn tất cả mọi người đã theo dõi cuộc trò chuyện của chúng tôi	NÊN LÀ CẢM ƠNIẾM HÔM NAY ĐÃ ĐẾN VỚIÁ CỤIÊN MẠNG CẢM ƠN CHÍNHỲ CẢM ƠN TẤT CẢ CẢ MỌI NGƯỜI ĐÃ THEO DÕI CUỘC TRÒ CHUYỆN CỦA CHÚNG TÔI	NÊN LÀ CẢM ƠN TRÍ HÔM NAY ĐÃ ĐẾN VỚI CHẢ C MIỀN M CẢM ƠN CHỊ THÙY VỊ CẢM ƠN TẤT CẢ MỌI NGƯỜI ĐÃ THEO DÕI CUỘC TRÒ CHUYỆN CỦA CHÚNG TÔI	NÊN LÀ CẢM ƠN CH HÔM NAY ĐÃ ĐẾN VỚI TR C M NGUYÊN M MẠNG CẢM ƠN CHỊỲ CẢM ƠN TẤT CẢ MỌI NGƯỜI ĐÃ THEO DÕI CUỘC TRÒ CHUYỆN CỦA CHÚNG TÔI	nên là cám ơn chí hôm nay đã đến với a trà cúc miên man cám ơn chị minh ừ à cám ơn tất cả mọi người đã theo dõi cuộc trò chuyện của chúng tôi.	Nên là cảm ơn chị hôm nay đã đến với Trà Cúc Miên Man cảm ơn cảm ơn tất cả mọi người đã theo dõi cuộc trò chuyện của chúng tôi.
train	21850	13.30	pseudo_label	mà mix của rất nhiều yếu tố chứ nó không chỉ đơn thuần chỉ là yếu tố cảm xúc hay yếu tố thu hút mình hoàn toàn có thể khởi phát cái tâm yêu thương đó với mọi người nhưng đồng thời mình cũng từng tước đi cái quyền cái cơ hội	mà mix của rất nhiều yếu yếu tố cho nó không chỉ đơn thuần cho là yếu tố cảm xúc yếu tổ th thu hút mình hoàn toàn có thể sợ phát cái tâm yêu thương đó với mọi người nhưng đồng thời mình cũng từng trước đi cái quyền cái cơ hội	mà mix rất nhiều yếu tố chứ nó không chỉ đơn thuần chỉ là yếu tố cảm xúc hãy yếu tổ thu hút mình hoàn toàn có thể khởi phát cái tâm yêu thương đó với mọi người nhưng đồng thời mình cũng từng t đi cái quyền cái cơ hội	mà m mix của rất nhiều yếu tố chứ nó không chỉ đơn thu chỉ là yếu tố cảm xúc hiểu tố thu hút mình hoàn toàn có thể khởi phát cái tâm yêu thương đó với mọi người nhưng đồng thời mình cũng từng trước đi cái quyền cái cơ hội	mà mích của rất nhiều yếu tố chứ nó không chỉ đơn thuần chỉ là yếu tố cảm xúc và yếu tố thu hút mình hoàn toàn có thể khởi phát cái tâm yêu thương đó với mọi người nhưng đồng thời mình cũng từng tước đi cái quyền cái cơ hội	mài của rất nhiều yếu tố chứ nó không chỉ đơn thuần chỉ là yếu tố cảm xúc hay yếu tố thu hút mình hoàn toàn có thể khởi phát cái tâm yêu thương đó với mọi người nhưng đồng thời mình cũng từng tước đi cái quyền cái cơ hội	MÀ MIX CỦA RẤT NHIỀU YẾU YẾU TỐ CHO NÓ KHÔNG CHỈ ĐƠN THUẦN CHO LÀ YẾU TỐ CẢM XÚC YẾU TỔ TH THU HÚT MÌNH HOÀN TOÀN CÓ THỂ SỢ PHÁT CÁI TÂM YÊU THƯƠNG ĐÓ VỚI MỌI NGƯỜI NHƯNG ĐỒNG THỜI MÌNH CŨNG TỪNG TRƯỚC ĐI CÁI QUYỀN CÁI CƠ HỘI	MÀ MIX RẤT NHIỀU YẾU TỐ CHỨ NÓ KHÔNG CHỈ ĐƠN THUẦN CHỈ LÀ YẾU TỐ CẢM XÚC HÃY YẾU TỔ THU HÚT MÌNH HOÀN TOÀN CÓ THỂ KHỞI PHÁT CÁI TÂM YÊU THƯƠNG ĐÓ VỚI MỌI NGƯỜI NHƯNG ĐỒNG THỜI MÌNH CŨNG TỪNG T ĐI CÁI QUYỀN CÁI CƠ HỘI	MÀ M MIX CỦA RẤT NHIỀU YẾU TỐ CHỨ NÓ KHÔNG CHỈ ĐƠN THU CHỈ LÀ YẾU TỐ CẢM XÚC HIỂU TỐ THU HÚT MÌNH HOÀN TOÀN CÓ THỂ KHỞI PHÁT CÁI TÂM YÊU THƯƠNG ĐÓ VỚI MỌI NGƯỜI NHƯNG ĐỒNG THỜI MÌNH CŨNG TỪNG TRƯỚC ĐI CÁI QUYỀN CÁI CƠ HỘI	mà mích của rất nhiều yếu tố chứ nó không chỉ đơn thuần chỉ là yếu tố cảm xúc và yếu tố thu hút mình hoàn toàn có thể khởi phát cái tâm yêu thương đó với mọi người nhưng đồng thời mình cũng từng tước đi cái quyền cái cơ hội.	Mài của rất nhiều yếu tố chứ nó không chỉ đơn thuần chỉ là yếu tố cảm xúc hay yếu tố thu hút, mình hoàn toàn có thể khởi phát cái tâm yêu thương đó với mọi người, nhưng đồng thời mình cũng từng tước đi cái quyền, cái cơ hội.
train	21873	12.50	pseudo_label	kết hợp với lại những cái trải nghiệm mà cơ thể mình được khoan khoái thoải mái khi mà mình được ăn được chăm sóc được vỗ về được âu yếm rồi các thứ lúc nhỏ thì nó mới	kết hợp với lại những cái trải nghiệm mà cơ thể mình được hoànái thoải mái khi mà mình được ăn đượcăm sóc được gổ về được âuế rồi các thứ lúc nhỏ thì nó mới	kết hợp với lại những cái trải nghiệm mà cơ thể mình được hoang khoái thoải mái khi mà mình được ăn được chăm sóc được gỗ về được âu yếm nó các thứ lúc nhỏ thì nó mới	kết hợp với lại những cái trải nghiệm mà cơ thể mình được kho khoái thoải mái khi mà mình được ăn được chăm sóc được vỗ về được âu ếm rồi các thứ lúc nhỏ thì nó mới	kết hợp với lại những cái trải nghiệm mà cơ thể mình được khoan khoái thoải mái khi mà mình được ăn được chăm sóc được vỗ về được âu yếm rồi các thứ lúc nhỏ thì nó mới	kết hợp với lại những cái trải nghiệm mà cơ thể mình được khoan khoái thoải mái khi mà mình được ăn được chăm sóc được vỗ về được âu yếm và các thứ lúc nhỏ thì nó mới	KẾT HỢP VỚI LẠI NHỮNG CÁI TRẢI NGHIỆM MÀ CƠ THỂ MÌNH ĐƯỢC HOÀNÁI THOẢI MÁI KHI MÀ MÌNH ĐƯỢC ĂN ĐƯỢCĂM SÓC ĐƯỢC GỔ VỀ ĐƯỢC ÂUẾ RỒI CÁC THỨ LÚC NHỎ THÌ NÓ MỚI	KẾT HỢP VỚI LẠI NHỮNG CÁI TRẢI NGHIỆM MÀ CƠ THỂ MÌNH ĐƯỢC HOANG KHOÁI THOẢI MÁI KHI MÀ MÌNH ĐƯỢC ĂN ĐƯỢC CHĂM SÓC ĐƯỢC GỖ VỀ ĐƯỢC ÂU YẾM NÓ CÁC THỨ LÚC NHỎ THÌ NÓ MỚI	KẾT HỢP VỚI LẠI NHỮNG CÁI TRẢI NGHIỆM MÀ CƠ THỂ MÌNH ĐƯỢC KHO KHOÁI THOẢI MÁI KHI MÀ MÌNH ĐƯỢC ĂN ĐƯỢC CHĂM SÓC ĐƯỢC VỖ VỀ ĐƯỢC ÂU ẾM RỒI CÁC THỨ LÚC NHỎ THÌ NÓ MỚI	kết hợp với lại những cái trải nghiệm mà cơ thể mình được khoan khoái thoải mái khi mà mình được ăn được chăm sóc được vỗ về được âu yếm rồi các thứ lúc nhỏ thì nó mới.	Kết hợp với lại những cái trải nghiệm mà cơ thể mình được khoan khoái, thoải mái khi mà mình được ăn, được chăm sóc, được vỗ về, được âu yếm và các thứ lúc nhỏ thì nó mới.
train	21885	13.20	pseudo_label	ôm ấp họ đúng không nếu mình tình cảm với họ thì nó sẽ như thế nào nó có mối liên hệ không chị minh vừa mới chạm tới một cái chủ đề của một cái nhánh tâm lý học khác nó gọi là ivlusine pyclocy tâm lý học tiến hóa	á đúng không nếu mình tình cảm với họ thì nó sẽ như thế nào nó có mù liên hệ không chị minh vừa mới chạm tới một cái chủ đề của một cái nhắn tâm lý học khác nó gọi là eoueniài coo tâm lý học tiếngò	oôm ấp họ đúng không nếu mình tình cảm với họ thì nó sẽ như thế nào có mối giai lên hệ không chị minh vừa mới chạm tới một cái chủ đề của một cái nhá tâm lý học khác nó gọi là evoluon aiyc tâm lý học tiếngn hóa	ômấp họ đúng không nếu mình tình cảm với họ thì nó sẽ như thế nào nó có một cái thứ lên hệ không chị minh vừa mới chạm tới một cái chủ đề của một cái nh nhánh tâm lý học khác nó gọi là evelutioni sàiosy tâm lý học tiếng hóa	ôm ấp họ đúng không nếu mình tình cảm với họ thì nó sẽ như thế nào và có mối dưới liên hệ không chị minh vừa mới chạm tới một cái chủ đề của một cái nhánh tâm lý học khác nó gọi là tâm lý học tiến hóa	ô ấp họ đúng không nếu mình tình cảm với họ thì nó sẽ như thế nào và có mối giới liên hệ không chị minh vừa mới chạm tới một cái chủ đề của một cái nhánh tâm lý học khác nó gọi là vô lu sinha ri sài cô rô si tâm lý học tiến hóa	Á ĐÚNG KHÔNG NẾU MÌNH TÌNH CẢM VỚI HỌ THÌ NÓ SẼ NHƯ THẾ NÀO NÓ CÓ MÙ LIÊN HỆ KHÔNG CHỊ MINH VỪA MỚI CHẠM TỚI MỘT CÁI CHỦ ĐỀ CỦA MỘT CÁI NHẮN TÂM LÝ HỌC KHÁC NÓ GỌI LÀ EOUENIÀI COO TÂM LÝ HỌC TIẾNGÒ	OÔM ẤP HỌ ĐÚNG KHÔNG NẾU MÌNH TÌNH CẢM VỚI HỌ THÌ NÓ SẼ NHƯ THẾ NÀO CÓ MỐI GIAI LÊN HỆ KHÔNG CHỊ MINH VỪA MỚI CHẠM TỚI MỘT CÁI CHỦ ĐỀ CỦA MỘT CÁI NHÁ TÂM LÝ HỌC KHÁC NÓ GỌI LÀ EVOLUON AIYC TÂM LÝ HỌC TIẾNGN HÓA	ÔMẤP HỌ ĐÚNG KHÔNG NẾU MÌNH TÌNH CẢM VỚI HỌ THÌ NÓ SẼ NHƯ THẾ NÀO NÓ CÓ MỘT CÁI THỨ LÊN HỆ KHÔNG CHỊ MINH VỪA MỚI CHẠM TỚI MỘT CÁI CHỦ ĐỀ CỦA MỘT CÁI NH NHÁNH TÂM LÝ HỌC KHÁC NÓ GỌI LÀ EVELUTIONI SÀIOSY TÂM LÝ HỌC TIẾNG HÓA	ôm ấp họ đúng không nếu mình tình cảm với họ thì nó sẽ như thế nào và có mối dưới liên hệ không chị minh vừa mới chạm tới một cái chủ đề của một cái nhánh tâm lý học khác nó gọi là tâm lý học tiến hóa.	Ô ấp họ đúng không? Nếu mình tình cảm với họ thì nó sẽ như thế nào và có mối giới liên hệ không? Chị Minh vừa mới chạm tới một cái chủ đề của một cái nhánh tâm lý học khác nó gọi là vô Lu sinha ri Sài cô rô si tâm lý học tiến hóa.
train	21900	14.00	pseudo_label	ờ ở đây thì em sẽ quay về một cái quan điểm của tâm lý học nhân bản và kể cả tâm lý học tích cực đó là con người chúng ta sẽ có một cái xu hướng tạm gọi là xu hướng hướng thử	ở đây thì em sẽ quay về một cái quan điểm của tâm lý học nhân bản và kể các tâm lý học tích cực đó làm con người chúng ta sẽ có một cái xu hướng gọi là xu hướng hướngụ	ờ ở đây thì em sẽ quay về một cái cái quan điểm của tâm lý học nhân bản và kể cả tâm lý học tích cực đó là con người chúng ta sẽ có một cái xu hướng tạm gọi là xu hướng hướng th	ở đây thì em sẽ quay về một cái cái quan điểm của tâm lý học nhân bản và kể cả tâm lý học tích cực đó là con người chúng ta sẽ có một cái xu hướng tạm gọi là xu hướng hướng th	ầm ở đây thì em sẽ quay về một cái cái quan điểm ờ của tâm lý học nhân bản và kể cả tâm lý học tích cực đó là con người chúng ta sẽ có một cái xu hướng tạm gọi là xu hướng hướng thưởng	ờ ở đây thì em sẽ quay về một cái cái quan điểm của tâm lý học nhân bản và kể cả tâm lý học tích cực đó là con người chúng ta sẽ có một cái xu hướng tạm gọi là xu hướng hướng thượng	Ở ĐÂY THÌ EM SẼ QUAY VỀ MỘT CÁI QUAN ĐIỂM CỦA TÂM LÝ HỌC NHÂN BẢN VÀ KỂ CÁC TÂM LÝ HỌC TÍCH CỰC ĐÓ LÀM CON NGƯỜI CHÚNG TA SẼ CÓ MỘT CÁI XU HƯỚNG GỌI LÀ XU HƯỚNG HƯỚNGỤ	Ờ Ở ĐÂY THÌ EM SẼ QUAY VỀ MỘT CÁI CÁI QUAN ĐIỂM CỦA TÂM LÝ HỌC NHÂN BẢN VÀ KỂ CẢ TÂM LÝ HỌC TÍCH CỰC ĐÓ LÀ CON NGƯỜI CHÚNG TA SẼ CÓ MỘT CÁI XU HƯỚNG TẠM GỌI LÀ XU HƯỚNG HƯỚNG TH	Ở ĐÂY THÌ EM SẼ QUAY VỀ MỘT CÁI CÁI QUAN ĐIỂM CỦA TÂM LÝ HỌC NHÂN BẢN VÀ KỂ CẢ TÂM LÝ HỌC TÍCH CỰC ĐÓ LÀ CON NGƯỜI CHÚNG TA SẼ CÓ MỘT CÁI XU HƯỚNG TẠM GỌI LÀ XU HƯỚNG HƯỚNG TH	ầm ở đây thì em sẽ quay về một cái cái quan điểm ờ của tâm lý học nhân bản và kể cả tâm lý học tích cực đó là con người chúng ta sẽ có một cái xu hướng tạm gọi là xu hướng hướng thưởng.	Ờ ở đây thì em sẽ quay về một cái cái quan điểm của tâm lý học nhân bản, và kể cả tâm lý học tích cực đó là con người chúng ta sẽ có một cái xu hướng, tạm gọi là xu hướng hướng thượng.
train	21922	14.20	pseudo_label	ví dụ như nói về cái một cái mô hình gọi là selform pashi của một cái nhà tâm lý học đi đầu trong cái hướng này đó là christen nefe thì bà ấy cho rằng là để chúng ta có cái lòng tự trắc ẩn mà hướng trắc ẩn mà hướng về phía mình á	ví dụ như nói về cái một cái mô hình gọi là sẽ coma sinh của một cái nhà tâm lý học đi đầu trong cái hướng này đó là chienes đi thì đấy cho rằng là để chúng ta có cái lòng tựắc ở mà hướng tácẩn mà hướng về phí mình	ví dụ như nói về cái một cái mô hình gọi là sef compaon của một cái nhà tâm lý học đi đầu trong cái hướng này đó là christon nes đi thì bởi cho rằng là để chúng ta có cái lòng tự trắc ẩn mà hướng tác ẩn mà hướng về phía mình á	ví dụ như nói về cái một cái mô hình gọi là se conation của một cái nhà tâm lý học đi đầu trong cái hướng này đó là christon ne đi thì bảy cho rằng là để chúng ta có cái lòng tự tr ở mà hướng tẩn mà hướng về phía mình	thí dụ như nói về cái một cái mô hình gọi là sét phòng phát sinh của một cái nhà tâm lý học đi đầu trong cái cái cái hướng này đó là chris serns đi thì bà ấy cho rằng là để chúng ta có cái lòng tự trắc ẩn mà hướng trắc ẩn mà hướng về phía mình á	ví dụ như nói về cái một cái mô hình gọi là se còngát sinh của một cái nhà tâm lý học đi đầu trong cái cái cái hướng này đó là rít từ nép đi thì bà ấy cho rằng là để chúng ta có cái lòng tự trắc ẩn mà hướng tắc ẩn mà hướng về phía mình á	VÍ DỤ NHƯ NÓI VỀ CÁI MỘT CÁI MÔ HÌNH GỌI LÀ SẼ COMA SINH CỦA MỘT CÁI NHÀ TÂM LÝ HỌC ĐI ĐẦU TRONG CÁI HƯỚNG NÀY ĐÓ LÀ CHIENES ĐI THÌ ĐẤY CHO RẰNG LÀ ĐỂ CHÚNG TA CÓ CÁI LÒNG TỰẮC Ở MÀ HƯỚNG TÁCẨN MÀ HƯỚNG VỀ PHÍ MÌNH	VÍ DỤ NHƯ NÓI VỀ CÁI MỘT CÁI MÔ HÌNH GỌI LÀ SEF COMPAON CỦA MỘT CÁI NHÀ TÂM LÝ HỌC ĐI ĐẦU TRONG CÁI HƯỚNG NÀY ĐÓ LÀ CHRISTON NES ĐI THÌ BỞI CHO RẰNG LÀ ĐỂ CHÚNG TA CÓ CÁI LÒNG TỰ TRẮC ẨN MÀ HƯỚNG TÁC ẨN MÀ HƯỚNG VỀ PHÍA MÌNH Á	VÍ DỤ NHƯ NÓI VỀ CÁI MỘT CÁI MÔ HÌNH GỌI LÀ SE CONATION CỦA MỘT CÁI NHÀ TÂM LÝ HỌC ĐI ĐẦU TRONG CÁI HƯỚNG NÀY ĐÓ LÀ CHRISTON NE ĐI THÌ BẢY CHO RẰNG LÀ ĐỂ CHÚNG TA CÓ CÁI LÒNG TỰ TR Ở MÀ HƯỚNG TẨN MÀ HƯỚNG VỀ PHÍA MÌNH	thí dụ như nói về cái một cái mô hình gọi là sét phòng phát sinh của một cái nhà tâm lý học đi đầu trong cái cái cái hướng này đó là chris serns đi thì bà ấy cho rằng là để chúng ta có cái lòng tự trắc ẩn mà hướng trắc ẩn mà hướng về phía mình á.	Ví dụ như nói về cái một cái mô hình gọi là se còngát sinh của một cái nhà tâm lý học đi đầu trong cái cái cái hướng này, đó là rít từ nép đi thì bà ấy cho rằng là để chúng ta có cái lòng tự trắc ẩn mà hướng tắc ẩn mà hướng về phía mình á.
train	21925	14.20	pseudo_label	chú tâm để mình biết được toàn bộ các cái diễn biến xung quanh ví dụ em thấy con rùi nó đang bay bay hay tất cả các thứ gì đó và đôi khi là mình có một cái phản xạ tự nhiên là mình muốn quơ hay là mình muốn đập hay là mình muốn đuổi nó đi gì đó thì cái đó là mình thấy mình thấy tất cả các diễn biến thân tâm của mình	chú tâm để mình biết được toàn bộ các cái diễn biến xung quanh với cái conù năngayay bay theo tất cả các thứ gì đó đôi khi là mình có một cái phạàng tự nhiên là mình muốn hay là muốn đọc hay là muốnụ nó đi gì đó thì cái đó là mình thấy mình thấy tất cả cáciệm biến thân tâm của mình	chú tâm để mình biết được toàn bộ các cái diễn cũng biến xung quanh đi thấy con rui n bay bay bay hay tất cả các thứ gì đó và đôi khi là mình có một cái phản xạ tự nhiên là mình muốn quên hay là mình muốn đọcập hay là mình muốn đui nó đi gì đó thì cái đó là mình thấy mình thấy tất cả các diện biến thân tâm của mình	chú tâm để mình biết được toàn bộ các cái diễn biến xung quanh bây phải con r ri đang bayay bay theo tất cả các thứ gì đó và đôi khi là mình có một cái phản xạ tự nhiên là mình muốn qu hay là muốnập hay là mìnhũổi nó đi gì đó thì cái đó là mình thấy mình thấy tất cả cáciệm biến thân tâm của mình	ờ chú tâm để mình biết được toàn bộ các diễn biến xung quanh ví dụ như em thấy con ruồi nó ăn bay bay bay tất cả các thứ gì đó đôi khi mình có một phản xạ tự nhiên mình muốn quê hay mình muốn đập hay mình muốn đuổi nó đi vậy đó thì cái đó mình thấy mình thấy tất cả các diễn biến thân tâm của mình	ch chú tâm để mình biết được toàn bộ các cái diễn biến xung quanh í dụ em thấy con ruồi nó đang bay bay bay hay tất cả các thứ gì đó và đôi khi là mình có một cái phản xạ tự nhiên là mình muốn quơ hay là mình muốn đập hay là mình muốn đuổi nó đi gì đó thì cái đó là mình thấy mình thấy tất cả các diễn biến thân tâm của mình	CHÚ TÂM ĐỂ MÌNH BIẾT ĐƯỢC TOÀN BỘ CÁC CÁI DIỄN BIẾN XUNG QUANH VỚI CÁI CONÙ NĂNGAYAY BAY THEO TẤT CẢ CÁC THỨ GÌ ĐÓ ĐÔI KHI LÀ MÌNH CÓ MỘT CÁI PHẠÀNG TỰ NHIÊN LÀ MÌNH MUỐN HAY LÀ MUỐN ĐỌC HAY LÀ MUỐNỤ NÓ ĐI GÌ ĐÓ THÌ CÁI ĐÓ LÀ MÌNH THẤY MÌNH THẤY TẤT CẢ CÁCIỆM BIẾN THÂN TÂM CỦA MÌNH	CHÚ TÂM ĐỂ MÌNH BIẾT ĐƯỢC TOÀN BỘ CÁC CÁI DIỄN CŨNG BIẾN XUNG QUANH ĐI THẤY CON RUI N BAY BAY BAY HAY TẤT CẢ CÁC THỨ GÌ ĐÓ VÀ ĐÔI KHI LÀ MÌNH CÓ MỘT CÁI PHẢN XẠ TỰ NHIÊN LÀ MÌNH MUỐN QUÊN HAY LÀ MÌNH MUỐN ĐỌCẬP HAY LÀ MÌNH MUỐN ĐUI NÓ ĐI GÌ ĐÓ THÌ CÁI ĐÓ LÀ MÌNH THẤY MÌNH THẤY TẤT CẢ CÁC DIỆN BIẾN THÂN TÂM CỦA MÌNH	CHÚ TÂM ĐỂ MÌNH BIẾT ĐƯỢC TOÀN BỘ CÁC CÁI DIỄN BIẾN XUNG QUANH BÂY PHẢI CON R RI ĐANG BAYAY BAY THEO TẤT CẢ CÁC THỨ GÌ ĐÓ VÀ ĐÔI KHI LÀ MÌNH CÓ MỘT CÁI PHẢN XẠ TỰ NHIÊN LÀ MÌNH MUỐN QU HAY LÀ MUỐNẬP HAY LÀ MÌNHŨỔI NÓ ĐI GÌ ĐÓ THÌ CÁI ĐÓ LÀ MÌNH THẤY MÌNH THẤY TẤT CẢ CÁCIỆM BIẾN THÂN TÂM CỦA MÌNH	ờ chú tâm để mình biết được toàn bộ các diễn biến xung quanh ví dụ như em thấy con ruồi nó ăn bay bay bay tất cả các thứ gì đó đôi khi mình có một phản xạ tự nhiên mình muốn quê hay mình muốn đập hay mình muốn đuổi nó đi vậy đó thì cái đó mình thấy mình thấy tất cả các diễn biến thân tâm của mình.	Ch chú tâm để mình biết được toàn bộ các cái diễn biến xung quanh,í dụ em thấy con ruồi nó đang bay bay bay hay tất cả các thứ gì đó, và đôi khi là mình có một cái phản xạ tự nhiên là mình muốn quơ, hay là mình muốn đập hay là mình muốn đuổi nó đi gì đó, thì cái đó là mình thấy mình thấy tất cả các diễn biến thân tâm của mình.
train	21926	13.40	pseudo_label	và mình đáp ứng nó một cách thật sự là tử tế thì em nghĩ là với cái mô hình đó chúng ta hoàn toàn có thể cho chính mình cái cái appression và mình thích thì bây giờ mình có thể làm một cái bài tập trong cái trường phái tham vấn	và mình n đá ứng đó một cách thực sự làử tế thì em nghĩ là với cái mô hình đó chúng tâm hoàn toàn thể cho chính mình cái ofetion và mình thích khi bây giờ mình có thể là một cái bài tập trong cái trường phải tham vấn	và mình đáp ứng nó một cách thật sự là tử tế thì em nghĩ là với cái mô hình đó chúng ta hoàn toàn thể cho chính mình cái afation và mình thích thì bây giờ mình có thể làm một cái bài tập trong cái trường phái tham vấn	và mình đáp ứng nó một cách thật sự là tựử tế thì em nghĩ là với cái mô hình đó chúng ta hoàn toàn thể cho chính mình cái aftion và mình thích thì bây giờ mình có thể là một cái bài tập trong cái trường ph tham vấn	và mình đáp ứng nó một cách thực sự là tử tế thì em nghĩ là với cái mô hình đó chúng ta hoàn toàn sẽ cho chính mình cái cái ập phát sển và mình thích thì bây giờ mình có thể làm một cái bài tập trong cái trường phải tham vấn	và mình đáp ứng nó một cách thật sự là tử tế thì em nghĩ là với cái mô hình đó chúng ta hoàn toàn thể cho chính mình cái cái cái ập ph phát sừ và mình thích thì bây giờ mình có thể làm một cái bài tập trong cái trường phái tham vấn	VÀ MÌNH N ĐÁ ỨNG ĐÓ MỘT CÁCH THỰC SỰ LÀỬ TẾ THÌ EM NGHĨ LÀ VỚI CÁI MÔ HÌNH ĐÓ CHÚNG TÂM HOÀN TOÀN THỂ CHO CHÍNH MÌNH CÁI OFETION VÀ MÌNH THÍCH KHI BÂY GIỜ MÌNH CÓ THỂ LÀ MỘT CÁI BÀI TẬP TRONG CÁI TRƯỜNG PHẢI THAM VẤN	VÀ MÌNH ĐÁP ỨNG NÓ MỘT CÁCH THẬT SỰ LÀ TỬ TẾ THÌ EM NGHĨ LÀ VỚI CÁI MÔ HÌNH ĐÓ CHÚNG TA HOÀN TOÀN THỂ CHO CHÍNH MÌNH CÁI AFATION VÀ MÌNH THÍCH THÌ BÂY GIỜ MÌNH CÓ THỂ LÀM MỘT CÁI BÀI TẬP TRONG CÁI TRƯỜNG PHÁI THAM VẤN	VÀ MÌNH ĐÁP ỨNG NÓ MỘT CÁCH THẬT SỰ LÀ TỰỬ TẾ THÌ EM NGHĨ LÀ VỚI CÁI MÔ HÌNH ĐÓ CHÚNG TA HOÀN TOÀN THỂ CHO CHÍNH MÌNH CÁI AFTION VÀ MÌNH THÍCH THÌ BÂY GIỜ MÌNH CÓ THỂ LÀ MỘT CÁI BÀI TẬP TRONG CÁI TRƯỜNG PH THAM VẤN	và mình đáp ứng nó một cách thực sự là tử tế thì em nghĩ là với cái mô hình đó chúng ta hoàn toàn sẽ cho chính mình cái cái ập phát sển và mình thích thì bây giờ mình có thể làm một cái bài tập trong cái trường phải tham vấn.	Và mình đáp ứng nó một cách thật sự là tử tế thì em nghĩ là với cái mô hình đó chúng ta hoàn toàn thể cho chính mình cái cái cái ập ph phát sừ, và mình thích thì bây giờ mình có thể làm một cái bài tập trong cái trường phái tham vấn.
train	22388	15.00	pseudo_label	một nhân vật rất là xuất sắc mà có thể đóng được rất là nhiều loại vai có thể nói là ông ba vân đã ảnh hưởng rất là lớn đến sự nghiệp của cô bởi vì con nhớ là sau cái vở đó cô và ông ba vân có thu rất là nhiều những cái dĩa và một cái dĩa	một nhân vật rất là xuất sắc mà có thể đóng được rất là nhiều lại vai có thể nói là ông ba quân đã ảnh hưởng rất là lớn đến sự nghiệp của cô bởi vì sau nhớ là sau cái vở đó cô vào ba vân có th thu rất là nhiều những cái dễ và một cái gì mà	một nhân vật rất là xuất sắc mà có thể đóng được rất là nhiều lại vai có thể nói là ông bao vân ảnh hưởng rất là lớn đến sự nghiệp của cô bởi vì con nhớ nhớ là sau cái vở đó cô vọng ba vân có thu rất là nhiều những cái đ nghĩa mà một cái gì mà	một nhân vật rất là xuất sắc mà có thể đóng được rất là nhiều lại vai có thể nói là không bao vân đã ảnh hưởng rất là lớn đến sự nghiệp của cô bởi vì con nhớ nhớ là sau cái vở đó cô vọng ba vân có thu rất là nhiều những cái nghĩa mà một cái gì á mà	một mà nhân vật rất là xuất sắc mà có thể đóng được rất nhiều loại vai có thể nói là ông ba vân đã ảnh hưởng rất là lớn đến sự nghiệp của cô bởi vì con nhớ là sau cái vở đó cô và ông ba vân có thu rất là nhiều những cái dĩa mà một cái dĩa mà	một nhân vật rất là xuất sắc mà có thể đóng được rất là nhiều loại vai có thể nói là ông ba vân đã ảnh hưởng rất là lớn đến sự nghiệp của cô bởi vì con nhớ là sau cái vở ở đó cô và ông ba vân có thu rất là nhiều những cái đ dĩa mà một cái dĩa mà	MỘT NHÂN VẬT RẤT LÀ XUẤT SẮC MÀ CÓ THỂ ĐÓNG ĐƯỢC RẤT LÀ NHIỀU LẠI VAI CÓ THỂ NÓI LÀ ÔNG BA QUÂN ĐÃ ẢNH HƯỞNG RẤT LÀ LỚN ĐẾN SỰ NGHIỆP CỦA CÔ BỞI VÌ SAU NHỚ LÀ SAU CÁI VỞ ĐÓ CÔ VÀO BA VÂN CÓ TH THU RẤT LÀ NHIỀU NHỮNG CÁI DỄ VÀ MỘT CÁI GÌ MÀ	MỘT NHÂN VẬT RẤT LÀ XUẤT SẮC MÀ CÓ THỂ ĐÓNG ĐƯỢC RẤT LÀ NHIỀU LẠI VAI CÓ THỂ NÓI LÀ ÔNG BAO VÂN ẢNH HƯỞNG RẤT LÀ LỚN ĐẾN SỰ NGHIỆP CỦA CÔ BỞI VÌ CON NHỚ NHỚ LÀ SAU CÁI VỞ ĐÓ CÔ VỌNG BA VÂN CÓ THU RẤT LÀ NHIỀU NHỮNG CÁI Đ NGHĨA MÀ MỘT CÁI GÌ MÀ	MỘT NHÂN VẬT RẤT LÀ XUẤT SẮC MÀ CÓ THỂ ĐÓNG ĐƯỢC RẤT LÀ NHIỀU LẠI VAI CÓ THỂ NÓI LÀ KHÔNG BAO VÂN ĐÃ ẢNH HƯỞNG RẤT LÀ LỚN ĐẾN SỰ NGHIỆP CỦA CÔ BỞI VÌ CON NHỚ NHỚ LÀ SAU CÁI VỞ ĐÓ CÔ VỌNG BA VÂN CÓ THU RẤT LÀ NHIỀU NHỮNG CÁI NGHĨA MÀ MỘT CÁI GÌ Á MÀ	một mà nhân vật rất là xuất sắc mà có thể đóng được rất nhiều loại vai có thể nói là ông ba vân đã ảnh hưởng rất là lớn đến sự nghiệp của cô bởi vì con nhớ là sau cái vở đó cô và ông ba vân có thu rất là nhiều những cái dĩa mà một cái dĩa mà.	Một nhân vật rất là xuất sắc mà có thể đóng được rất là nhiều loại vai. Có thể nói là ông Ba Vân đã ảnh hưởng rất là lớn đến sự nghiệp của cô, bởi vì con nhớ là sau cái vở ở đó cô và ông Ba Vân có thu rất là nhiều những cái đ dĩa mà một cái dĩa mà.
train	22390	14.70	pseudo_label	có duyên nhất là cái câu ông sáng tạo tác giả thì không có viết nha ổng sáng tạo khi đưa bài lên thâu đĩa nè thằng nhỏ chạy á bớ người ta bắt nó lại nó móc túi quá hay cái người sống	có gì là cáiồná vào tác giả thì không qua viết gì ổnganh tạo khi đưa bà lênâuẻ này thì nói chạyớ người ta nói nói lại nó mấtú cái người đóắm	coi dinh là cái cầuồn sáng t tác giả thì không có dết ổng sáng tạo khi đưa bài lên th theo đĩa ngọ chạy bó người ta bắt nó l nó móc tú quá khi người	có d là cái con sáng tạo tác giả thì không có viết nha ổng sáng bảo khi đưa bài lên theo đ địa này thì ngọ chớ người ta má nó lại nó má tê cái gì sao	có duyên nhất là cái cậu cũng sáng tạo tác giả thì không có viết nghe ông sáng tạo khi đưa bài lên thôn lĩa này hàng nhỏ trả lời bớ người ta bắt nó lại nó móc túi ha ha hả hà hà cái người đó sống	có duy nhất là cái cậu ổng sáng tạo tác giả thì không có giết nha ổng sáng tạo khi đưa bài lên theo đĩa nè thằng nhỏ chạy á bớt người ta bắt nó lại nó móc túi quá cái người hả sống	CÓ GÌ LÀ CÁIỒNÁ VÀO TÁC GIẢ THÌ KHÔNG QUA VIẾT GÌ ỔNGANH TẠO KHI ĐƯA BÀ LÊNÂUẺ NÀY THÌ NÓI CHẠYỚ NGƯỜI TA NÓI NÓI LẠI NÓ MẤTÚ CÁI NGƯỜI ĐÓẮM	COI DINH LÀ CÁI CẦUỒN SÁNG T TÁC GIẢ THÌ KHÔNG CÓ DẾT ỔNG SÁNG TẠO KHI ĐƯA BÀI LÊN TH THEO ĐĨA NGỌ CHẠY BÓ NGƯỜI TA BẮT NÓ L NÓ MÓC TÚ QUÁ KHI NGƯỜI	CÓ D LÀ CÁI CON SÁNG TẠO TÁC GIẢ THÌ KHÔNG CÓ VIẾT NHA ỔNG SÁNG BẢO KHI ĐƯA BÀI LÊN THEO Đ ĐỊA NÀY THÌ NGỌ CHỚ NGƯỜI TA MÁ NÓ LẠI NÓ MÁ TÊ CÁI GÌ SAO	có duyên nhất là cái cậu cũng sáng tạo tác giả thì không có viết nghe ông sáng tạo khi đưa bài lên thôn lĩa này hàng nhỏ trả lời bớ người ta bắt nó lại nó móc túi ha ha hả hà hà cái người đó sống.	Có duy nhất là cái cậu ổng sáng tạo, tác giả thì không có giết nha. ổng sáng tạo khi đưa bài lên theo đĩa nè, thằng nhỏ chạy á bớt người ta bắt nó lại nó móc túi quá cái người hả sống.
train	22409	14.10	pseudo_label	cô phải hát ra một cái một cô gái ở quê lên thị thành thì bị một anh chàng đếm đàn anh dụ dỗ ảnh tước mất trinh tiết xong rồi ảnh đẩy ra đường sau này cổ vinh gian lại là cổ bắt đầu tìm anh chàng này cổ trả thù	cô phải hátang một cái một cô gáiê lêniền thành thì mày bánàngiế đàn ra dụỗết mất trên tiếng xong là bảy ra sao lìổang là cổ bắt đầuiệm chàng màyổ caồng	cô phải hát g một cái một cô gái ở quê lên thị thành tại vị anh chàng đàng nó ảnh dụ dổ ảnh t mất kinh tiếng xong rồi anh đẩy ra đường sau nàyì vổ sinhinh giang lại c bắt đầu có tiệm ch này của cá th	cô phải hát ra một cái một cô gái gái ở quê lên th thành thìuy anh triế đàn nó ảnh dụỗ ảnhướ mất trên viết xong rồi anh đẩy ra sau liềuủ d giang lại cổ bắt đầu có tìm chiệũ cá thân	cô phải hát ra một cái một cô gái ở quê lên thị thành thì bị một anh chàng đánh đàn ánh điệu võ anh tước mất trinh tiết xong anh đẩy ra đường sau này của vinh giang lại là cổ bắt đầu có tìm con chàng này của trà thùng	cô phải hát gai một cái một cô gái ở quê lên thị thành tại bị anh chàng đú đàn á ảnh dụ dỗ ảnhước mắtinh tiết xong rồi ảnh đẩy ra đường sau này củainh giang lại là cổ bắt đầu có tìm anh chàng nàyỗ trả thù	CÔ PHẢI HÁTANG MỘT CÁI MỘT CÔ GÁIÊ LÊNIỀN THÀNH THÌ MÀY BÁNÀNGIẾ ĐÀN RA DỤỖẾT MẤT TRÊN TIẾNG XONG LÀ BẢY RA SAO LÌỔANG LÀ CỔ BẮT ĐẦUIỆM CHÀNG MÀYỔ CAỒNG	CÔ PHẢI HÁT G MỘT CÁI MỘT CÔ GÁI Ở QUÊ LÊN THỊ THÀNH TẠI VỊ ANH CHÀNG ĐÀNG NÓ ẢNH DỤ DỔ ẢNH T MẤT KINH TIẾNG XONG RỒI ANH ĐẨY RA ĐƯỜNG SAU NÀYÌ VỔ SINHINH GIANG LẠI C BẮT ĐẦU CÓ TIỆM CH NÀY CỦA CÁ TH	CÔ PHẢI HÁT RA MỘT CÁI MỘT CÔ GÁI GÁI Ở QUÊ LÊN TH THÀNH THÌUY ANH TRIẾ ĐÀN NÓ ẢNH DỤỖ ẢNHƯỚ MẤT TRÊN VIẾT XONG RỒI ANH ĐẨY RA SAU LIỀUỦ D GIANG LẠI CỔ BẮT ĐẦU CÓ TÌM CHIỆŨ CÁ THÂN	cô phải hát ra một cái một cô gái ở quê lên thị thành thì bị một anh chàng đánh đàn ánh điệu võ anh tước mất trinh tiết xong anh đẩy ra đường sau này của vinh giang lại là cổ bắt đầu có tìm con chàng này của trà thùng.	Cô phải hát gai một cái một cô gái ở quê lên thị Thành tại bị anh chàng đú đàn á, ảnh dụ dỗ ảnhước mắtinh tiết xong rồi ảnh đẩy ra đường. sau này củainh Giang lại là cổ bắt đầu có tìm anh chàng nàyỗ trả thù.
train	22416	11.20	pseudo_label	nó từng bước nó thay đổi mãi nó đi từ bước này nó lăn qua tới bước khác vì cái người mà bị cô chỉ vào mặt á là một cái anh ma cô	nó từngến nó thay đổi mà nó đi từ bước này nóắng qua tới khác vì cái người mà bị cô chỉ vào mặt á là một cái mà cô	nó từng bớt nó thay đổi mạn nó đi từ bước nn nó lăng quá tới pháp vì cái người mà bị cô chỉ vào mặt là một cái anh m cô	nó từng b bước nó thay đổi mãi nó đi từ bước này nó lăng qua tới mới ph vì cái người mà bị cô chỉòng mặt là một cái anha cô dạ	nó từng bước nó thay đổi mãi nó đi từ bước này nó lăn qua tới bước khác lăn lănănănăn vì cái người mà bị cô chỉ vào mặt á là một cái anh ma cô dạ	nó từng bước nó thay đổi mãi nó đi từ bước này nó lăn qua tới mức khác vì cái người mà bị cô chỉ vào mặt á là một cái anh ma cô	NÓ TỪNGẾN NÓ THAY ĐỔI MÀ NÓ ĐI TỪ BƯỚC NÀY NÓẮNG QUA TỚI KHÁC VÌ CÁI NGƯỜI MÀ BỊ CÔ CHỈ VÀO MẶT Á LÀ MỘT CÁI MÀ CÔ	NÓ TỪNG BỚT NÓ THAY ĐỔI MẠN NÓ ĐI TỪ BƯỚC NN NÓ LĂNG QUÁ TỚI PHÁP VÌ CÁI NGƯỜI MÀ BỊ CÔ CHỈ VÀO MẶT LÀ MỘT CÁI ANH M CÔ	NÓ TỪNG B BƯỚC NÓ THAY ĐỔI MÃI NÓ ĐI TỪ BƯỚC NÀY NÓ LĂNG QUA TỚI MỚI PH VÌ CÁI NGƯỜI MÀ BỊ CÔ CHỈÒNG MẶT LÀ MỘT CÁI ANHA CÔ DẠ	nó từng bước nó thay đổi mãi nó đi từ bước này nó lăn qua tới bước khác lăn lănănănăn vì cái người mà bị cô chỉ vào mặt á là một cái anh ma cô dạ.	Nó từng bước nó thay đổi mãi, nó đi từ bước này, nó lăn qua tới mức khác vì cái người mà bị cô chỉ vào mặt á là một cái anh ma cô.
train	22444	13.80	pseudo_label	nó là sân khấu nó phải sân khấu nó thì nó mới đặt lên luôn em đem nó quay hình cô lấy ví dụ như em nói ví dụ như anh lâm sang cũng tạ tốn còn đồ long đao á	đó là sân khấu nó phải sang khấuiền nhỏ mới đặt kiểu lương cho đè má bị hình cô nói dụim nói dụ như năm sang ở túũ đồong đau	nó là sân khấu nó phải sân khấu thì nó mới đặt k lươngương em đem đã quyi hình cô n dụ như nói ví dụ như anh thanh xem muốn tạ tấu còn bộ đồ g đ	nó là sân khấu nó phải sân khấu thì nó mới đặt cải lương em đem đó quen hình cô nói dụ như nói ví dụ như anh thanh sang đúng th tấn một đồ gâm đao	nó là sân khấu nó phải sân khấu nếu thì nó mới đạt chuẩn luôn em đem nó mới ghi hình cô lấy ví dụ như em nói ví dụ như anh thanh sang đúng tạ tốn tầm đồ đâm đau	nó là sân khấu nó phải sân khấu biết th thì nó mới đặtĩnh luôn em đem nó em quay hình cô nấy ví dụ như em nói ví dụ như anh anh xem đúng tạ tốn còn một đồ đông đau	ĐÓ LÀ SÂN KHẤU NÓ PHẢI SANG KHẤUIỀN NHỎ MỚI ĐẶT KIỂU LƯƠNG CHO ĐÈ MÁ BỊ HÌNH CÔ NÓI DỤIM NÓI DỤ NHƯ NĂM SANG Ở TÚŨ ĐỒONG ĐAU	NÓ LÀ SÂN KHẤU NÓ PHẢI SÂN KHẤU THÌ NÓ MỚI ĐẶT K LƯƠNGƯƠNG EM ĐEM ĐÃ QUYI HÌNH CÔ N DỤ NHƯ NÓI VÍ DỤ NHƯ ANH THANH XEM MUỐN TẠ TẤU CÒN BỘ ĐỒ G Đ	NÓ LÀ SÂN KHẤU NÓ PHẢI SÂN KHẤU THÌ NÓ MỚI ĐẶT CẢI LƯƠNG EM ĐEM ĐÓ QUEN HÌNH CÔ NÓI DỤ NHƯ NÓI VÍ DỤ NHƯ ANH THANH SANG ĐÚNG TH TẤN MỘT ĐỒ GÂM ĐAO	nó là sân khấu nó phải sân khấu nếu thì nó mới đạt chuẩn luôn em đem nó mới ghi hình cô lấy ví dụ như em nói ví dụ như anh thanh sang đúng tạ tốn tầm đồ đâm đau.	Nó là sân khấu, nó phải sân khấu biết th thì nó mới đặtĩnh luôn Em đem nó em quay hình, cô nấy ví dụ như em nói ví dụ như anh anh xem đúng tạ tốn còn một đồ đông đau.
train	22465	14.80	pseudo_label	đồ của popo thì bây giờ nó thật ra nhiều lắm nhiều người biết lắm đây bà già bây giờ không còn được đội những cái đồ đẹp này nữa để ta làm thì bây giờ ta làm cho diễn viên trẻ nó xài đây là một cái anh chàng con trai nữa	đồ củaoo thì bây giờ nói thật ra nhiều lắm dù biết lắmen già bây giờ không còn gó đổi nữa cái đồ đẹp mình nữa để ta làm thì bây giờ ta làm cho diễn viên trẻ nó sao đây là một cái anh chàng conai vậy	đồ có một mo thì bây giờ nó thật ra nhiều lắm vừa mấy lắm đ và và bây giờ không còn được đ nữa cái đồ đẹp này nữa để ta làm thì bây người ta làm cho diễn viên trẻ xong đây là một cái anh chàng con trai nghĩa	ờ cooo thì bây giờ nó thật ra nhiều lắm nhiều với lắm đen bà già bây giờ không còn đ đổi những cái đồ đẹp này nữa để ta làm thì bây người ta làm cho diễn miêu k nó đây là một cái anh tr con tr	đồ của bo bo thì bây giờ nó thật ra nhiều lắm nhiều người biết lắm đây bà gà bây giờ không còn được đổi những cái đồ đẹp này nữa để ta làm thì bây giờ ta làm cho diễn viên trẻ nó sai đây là một cái anh chàng con trai nhé	đồ của bô bo thì bây giờ nó thật ra nhiều lắm nhiều người biết lắm đây bà gà bây giờ không còn được đội những cái đồ đẹp này nữa để ta làm thì bây giờ ta làm cho diễn viên trẻ nó xài đây là một cái anh chàng con traié	ĐỒ CỦAOO THÌ BÂY GIỜ NÓI THẬT RA NHIỀU LẮM DÙ BIẾT LẮMEN GIÀ BÂY GIỜ KHÔNG CÒN GÓ ĐỔI NỮA CÁI ĐỒ ĐẸP MÌNH NỮA ĐỂ TA LÀM THÌ BÂY GIỜ TA LÀM CHO DIỄN VIÊN TRẺ NÓ SAO ĐÂY LÀ MỘT CÁI ANH CHÀNG CONAI VẬY	ĐỒ CÓ MỘT MO THÌ BÂY GIỜ NÓ THẬT RA NHIỀU LẮM VỪA MẤY LẮM Đ VÀ VÀ BÂY GIỜ KHÔNG CÒN ĐƯỢC Đ NỮA CÁI ĐỒ ĐẸP NÀY NỮA ĐỂ TA LÀM THÌ BÂY NGƯỜI TA LÀM CHO DIỄN VIÊN TRẺ XONG ĐÂY LÀ MỘT CÁI ANH CHÀNG CON TRAI NGHĨA	Ờ COOO THÌ BÂY GIỜ NÓ THẬT RA NHIỀU LẮM NHIỀU VỚI LẮM ĐEN BÀ GIÀ BÂY GIỜ KHÔNG CÒN Đ ĐỔI NHỮNG CÁI ĐỒ ĐẸP NÀY NỮA ĐỂ TA LÀM THÌ BÂY NGƯỜI TA LÀM CHO DIỄN MIÊU K NÓ ĐÂY LÀ MỘT CÁI ANH TR CON TR	đồ của bo bo thì bây giờ nó thật ra nhiều lắm nhiều người biết lắm đây bà gà bây giờ không còn được đổi những cái đồ đẹp này nữa để ta làm thì bây giờ ta làm cho diễn viên trẻ nó sai đây là một cái anh chàng con trai nhé.	Đồ của bô bo thì bây giờ nó thật ra nhiều lắm, nhiều người biết lắm đây bà gà bây giờ không còn được đội những cái đồ đẹp này nữa, để ta làm thì bây giờ ta làm cho diễn viên trẻ nó xài. Đây là một cái anh chàng con traié.
train	22483	13.30	pseudo_label	anh cái nghề của anh anh kinh doanh này kia anh đối tác này kia mà anh đương đầu với họ đâu có dễ đâu có dễ còn bà hả sướng tay lắm bà ở nhà bà phê phê bà thức thì bà làm	anh cái về của anh chúanh này kia đâuá này kia máươngầu đó có diễná có vậy bà x sửàng bà nhà bà hay phê bà thích thì bà là	anh cái lè anh đi chung danh này khi anh nấu tác này kia rồi mà đưaương l với họở rốt cái diễn ch có vị còn bà xứng c bà nhà bà ph ph bà thích thì bà là	anh cái lẹ của anh chúanh này kia anh đối tác này kia rồi bảương đầu vớiọốc có dễ đâu có chị b bà hả x tay bà ở nhà bà phải phê và thích thì bà là	anh cái nghề của anh kinh doanh này kia anh đối tác này kia mà anh đương đầu với họ đâu có dễ đâu có dễ còn bà hả sững tài lắm bà ở nhà bà phê phê bà thích thì bà làm	anh cứ nghề của anh anh kinh doanh này kia anh đối tác này kia mà anh đương đầu với họ đâu có dễ đâu có dễ còn bà hả sướng t tay lắm bà ở nhà bà phê phê bà thích thì bà làm	ANH CÁI VỀ CỦA ANH CHÚANH NÀY KIA ĐÂUÁ NÀY KIA MÁƯƠNGẦU ĐÓ CÓ DIỄNÁ CÓ VẬY BÀ X SỬÀNG BÀ NHÀ BÀ HAY PHÊ BÀ THÍCH THÌ BÀ LÀ	ANH CÁI LÈ ANH ĐI CHUNG DANH NÀY KHI ANH NẤU TÁC NÀY KIA RỒI MÀ ĐƯAƯƠNG L VỚI HỌỞ RỐT CÁI DIỄN CH CÓ VỊ CÒN BÀ XỨNG C BÀ NHÀ BÀ PH PH BÀ THÍCH THÌ BÀ LÀ	ANH CÁI LẸ CỦA ANH CHÚANH NÀY KIA ANH ĐỐI TÁC NÀY KIA RỒI BẢƯƠNG ĐẦU VỚIỌỐC CÓ DỄ ĐÂU CÓ CHỊ B BÀ HẢ X TAY BÀ Ở NHÀ BÀ PHẢI PHÊ VÀ THÍCH THÌ BÀ LÀ	anh cái nghề của anh kinh doanh này kia anh đối tác này kia mà anh đương đầu với họ đâu có dễ đâu có dễ còn bà hả sững tài lắm bà ở nhà bà phê phê bà thích thì bà làm.	Anh cứ nghề của anh, anh kinh doanh này kia, anh đối tác này kia mà anh đương đầu với họ đâu có dễ, đâu có dễ, còn bà hả sướng t tay lắm bà ở nhà bà phê phê bà thích thì bà làm.
train	2129	11.90	pseudo_label	tức là cái đấy sau khi mà em làm ba d một thời gian dài á em muốn chuyển qua làm clip reactor thì em có thấy là cái công việc ba d ở việt nam nó có một cái	là cái sau khi mà em làman đem một thời gian dài á em muốn chuyển gọi làmretor thì em có thấy là cái cái công việc mà ở việt nam nó có một cái	thật sau khi mà em làm bandy một thời gian dài em muốn chuyển qua làm cre btor thì em có thấy là cái cái công việc mà d ở việt nam nó có một cái	mar cái đấy sau khi mà em làm ba đêm một thời gian dài á em muốn chuyển anh làm caer thì em có thấy là cái công việc ba đề ở việt nam nó có một cái	sau khi mà em làm ba đê một thời gian dài á em muốn chuyển qua làm trẻ yêu trẻ ra tời thì em có thấy là cái cái công việc ba đê ở việt nam nó có một cái	và cái đấy sau khi mà em làm ba đê một thời gian dài em muốn chuyển qua làmờ rítờ rát tơ thì em có thấy là cái cái công việc ba đê ở việt nam nó có một cái	LÀ CÁI SAU KHI MÀ EM LÀMAN ĐEM MỘT THỜI GIAN DÀI Á EM MUỐN CHUYỂN GỌI LÀMRETOR THÌ EM CÓ THẤY LÀ CÁI CÁI CÔNG VIỆC MÀ Ở VIỆT NAM NÓ CÓ MỘT CÁI	THẬT SAU KHI MÀ EM LÀM BANDY MỘT THỜI GIAN DÀI EM MUỐN CHUYỂN QUA LÀM CRE BTOR THÌ EM CÓ THẤY LÀ CÁI CÁI CÔNG VIỆC MÀ D Ở VIỆT NAM NÓ CÓ MỘT CÁI	MAR CÁI ĐẤY SAU KHI MÀ EM LÀM BA ĐÊM MỘT THỜI GIAN DÀI Á EM MUỐN CHUYỂN ANH LÀM CAER THÌ EM CÓ THẤY LÀ CÁI CÔNG VIỆC BA ĐỀ Ở VIỆT NAM NÓ CÓ MỘT CÁI	sau khi mà em làm ba đê một thời gian dài á em muốn chuyển qua làm trẻ yêu trẻ ra tời thì em có thấy là cái cái công việc ba đê ở việt nam nó có một cái.	Và cái đấy sau khi mà em làm ba đê một thời gian dài, em muốn chuyển qua làmờ rítờ rát tơ thì em có thấy là cái cái công việc ba đê ở Việt Nam nó có một cái.
train	26277	11.80	pseudo_label	xin chào mọi người chào mừng mọi người đến một tập khác của med hôm nay khách mời của chúng ta là thảo đan thảo đan là một video adis và credit breatter đang ở việt nam thực ra tung biết tới thảo đan gần đây qua dự án music video của suboy	xin chào mọi người chàoừng mọi người đến một tập khác của my hôm nay khách mời chúng ta làảoa đang là một vier đang ở việt nam thực ra coid tớian gần đây qua dự án ha video của subo	xin chào mọi người chào mừng mọi người đến một tập khác tụi md hôm nay khách mời người chúng ta là thảo d rõ đang là một vies ds và c dater đang người việt nam thực ra tôi biết tới thờiảo đang gần đây qua dự án ms video của supory	xin xin chào mọi người chào mừng mọi người đến một tập khác của madd hôm nay khách mời người chúng ta là thda đang là một vies is c dreer đang ở việt nam thực ra không biết tới theo đang gần đây qua dự án tham s video của supo	xin chào mọi người chào mừng mọi người đến một tập khác của em e đi hôm nay khách mời chúng ta là thảo đan thảo đan là một vi dao a đít và cây tơ rét tơ ở đan về việt nam thực ra cũng biết tới thảo đan gần đây qua dự án âm nhuếc vi đi ô của xu bôi	xin chào mọi người chào mừng mọi người đến một tập khác của eme đi h hôm nay khách mời chúng ta là thảo đ thảo đang là một viô o đít và cờ rờ retơ đang ở việt nam thực ra tôi biết tới thảo đ đang gần đây qua dự án mi vidô của su v	XIN CHÀO MỌI NGƯỜI CHÀOỪNG MỌI NGƯỜI ĐẾN MỘT TẬP KHÁC CỦA MY HÔM NAY KHÁCH MỜI CHÚNG TA LÀẢOA ĐANG LÀ MỘT VIER ĐANG Ở VIỆT NAM THỰC RA COID TỚIAN GẦN ĐÂY QUA DỰ ÁN HA VIDEO CỦA SUBO	XIN CHÀO MỌI NGƯỜI CHÀO MỪNG MỌI NGƯỜI ĐẾN MỘT TẬP KHÁC TỤI MD HÔM NAY KHÁCH MỜI NGƯỜI CHÚNG TA LÀ THẢO D RÕ ĐANG LÀ MỘT VIES DS VÀ C DATER ĐANG NGƯỜI VIỆT NAM THỰC RA TÔI BIẾT TỚI THỜIẢO ĐANG GẦN ĐÂY QUA DỰ ÁN MS VIDEO CỦA SUPORY	XIN XIN CHÀO MỌI NGƯỜI CHÀO MỪNG MỌI NGƯỜI ĐẾN MỘT TẬP KHÁC CỦA MADD HÔM NAY KHÁCH MỜI NGƯỜI CHÚNG TA LÀ THDA ĐANG LÀ MỘT VIES IS C DREER ĐANG Ở VIỆT NAM THỰC RA KHÔNG BIẾT TỚI THEO ĐANG GẦN ĐÂY QUA DỰ ÁN THAM S VIDEO CỦA SUPO	xin chào mọi người chào mừng mọi người đến một tập khác của em e đi hôm nay khách mời chúng ta là thảo đan thảo đan là một vi dao a đít và cây tơ rét tơ ở đan về việt nam thực ra cũng biết tới thảo đan gần đây qua dự án âm nhuếc vi đi ô của xu bôi.	Xin chào mọi người chào mừng mọi người đến một tập khác của eme đi. H hôm nay, khách mời chúng ta là Thảo Đ, Thảo đang là một viô o đít và Cờ rờ retơ đang ở Việt Nam. Thực ra, tôi biết tới Thảo Đ đang gần đây qua dự án mi vidô của su V.
train	26299	15.00	pseudo_label	thì em muốn làm những thứ mà có ý nghĩa với bản thân mình hơn thì đối với em thì những paul jack mà em sẽ làm được ở việt nam thì nó có ý nghĩa cho em hơn lúc mà làm ở các công ty như trước rồi ở mỹ thì thực ra là làm thì giúp em traping rất hay nhưng mà	thì em muốn là những thứ màỏi ý nghĩa với bản thân mình hơn thì đối với thì nhữngò trước mà em sẽ làm vào ở việt nam thì nó có ý nghĩa choen hơn lúc mà làm ở các công tyông rồi ở mỹ thì thực ra là làm thì sự iniin rất hay nhưng mà	thì em muốn là những thứ mà có ý nghĩa với bản thân mình hơn thì đối vớien thì những projee mà em sẽ làm ở ở việt nam thì nó có ý nghĩa cho em hơn lúc mà làm ở các công ty như trước rồi ở mỹ thì thực ra là làm thì dẫn in trrsting rất hay nhưng mà	thì em muốn là những thứ mà có ý nghĩa với bản thân mình hơn thì đối với em thì pj đấy sẽ làm ở d việt nam thì nó có ý nghĩa cho em hơn lúc mà làm ở các công tyut rồi ở b thì thực ra là làm thì sẽ e trstin rất hay nhưng mà	thì em muốn làm những thứ mà có ý nghĩa với bản thân mình hơn thì đối với em thì những pha chết mà em sẽ làm được được việt nam thì nó có ý nghĩa cho em hơn lúc mà làm ở các công ty như trước rồi ở mỹ thực ra là làm thì rất xúc tinh rất hay nhưng mà	thì em muốn là những thứ mà có ý nghĩa với bản thân mình hơn thì đối với em thì như po chết mà em sẽ làm ở việc việt nam thì nó có ý nghĩa cho em hơn lúc mà làm ở các công ty như như trước rồi ở mỹ thì thực ra là làm thì rất em trít tinh rất hay nhưng mà	THÌ EM MUỐN LÀ NHỮNG THỨ MÀỎI Ý NGHĨA VỚI BẢN THÂN MÌNH HƠN THÌ ĐỐI VỚI THÌ NHỮNGÒ TRƯỚC MÀ EM SẼ LÀM VÀO Ở VIỆT NAM THÌ NÓ CÓ Ý NGHĨA CHOEN HƠN LÚC MÀ LÀM Ở CÁC CÔNG TYÔNG RỒI Ở MỸ THÌ THỰC RA LÀ LÀM THÌ SỰ INIIN RẤT HAY NHƯNG MÀ	THÌ EM MUỐN LÀ NHỮNG THỨ MÀ CÓ Ý NGHĨA VỚI BẢN THÂN MÌNH HƠN THÌ ĐỐI VỚIEN THÌ NHỮNG PROJEE MÀ EM SẼ LÀM Ở Ở VIỆT NAM THÌ NÓ CÓ Ý NGHĨA CHO EM HƠN LÚC MÀ LÀM Ở CÁC CÔNG TY NHƯ TRƯỚC RỒI Ở MỸ THÌ THỰC RA LÀ LÀM THÌ DẪN IN TRRSTING RẤT HAY NHƯNG MÀ	THÌ EM MUỐN LÀ NHỮNG THỨ MÀ CÓ Ý NGHĨA VỚI BẢN THÂN MÌNH HƠN THÌ ĐỐI VỚI EM THÌ PJ ĐẤY SẼ LÀM Ở D VIỆT NAM THÌ NÓ CÓ Ý NGHĨA CHO EM HƠN LÚC MÀ LÀM Ở CÁC CÔNG TYUT RỒI Ở B THÌ THỰC RA LÀ LÀM THÌ SẼ E TRSTIN RẤT HAY NHƯNG MÀ	thì em muốn làm những thứ mà có ý nghĩa với bản thân mình hơn thì đối với em thì những pha chết mà em sẽ làm được được việt nam thì nó có ý nghĩa cho em hơn lúc mà làm ở các công ty như trước rồi ở mỹ thực ra là làm thì rất xúc tinh rất hay nhưng mà.	Thì em muốn là những thứ mà có ý nghĩa với bản thân mình hơn, thì đối với em thì như Po chết mà em sẽ làm ở việc Việt Nam thì nó có ý nghĩa cho em hơn. lúc mà làm ở các công ty như như trước rồi ở Mỹ thì thực ra là làm thì rất em trít tinh rất hay, nhưng mà
train	26300	14.80	pseudo_label	bác sĩ ở mỹ thì bảo là nó là gon thôi vì thực ra nó không phải là mắt mà nó là một cái phần của brand của em bị diamode nên là nó làm cho không nhìn tức là em không nhìn thấy trong festival mà nó không express	sẽ ở mấy thìal là nó là gon thôi cáiư ra nó không phải là mắt mà nói là một cái phần của pam của em bị gama nên là nó nó làm cho không nhìn tức là em không nhìn thấy trong fietion của mà nó không e	bác sĩ ở mỹk bảo là nó là gon thôi thì thực ra nó không phải là mắt mà nó là một cái phần của team của em bị danmat nên là nó nó làm cho không thì tức là em không nhìn thấy trong pretion của em mà nó không epst	bác sẽ đấy khi bảo là cái là gon thôi cái thực ra nó không phải là m mắt mà nói là một cái phần của pan của em d games nên là nó làm cho khôngị tức là em không nhìn thấy trong f stion của em và nó không ef	bác sĩ hồ nếch thì bảo là nó là gong thôi vì thực ra nó không phải là mắt mà nó là một cái phần của rên của em bị đơ mớt nên là nó nó làm cho không nhìn tức là em không nhìn thấy trong truyền sách trần của em mà nó không xây dựng	bác sĩ ở mỹ thì bảo là nó là gon thôi vì thời gian nó không phải là mắt mà nó là một cái phần củaờ rêm của em bị đam mết nên là nó nó làm cho không nhìn tức là em không nhìn thấy trong phờ sế x trường quay mà nó không ế sít	SẼ Ở MẤY THÌAL LÀ NÓ LÀ GON THÔI CÁIƯ RA NÓ KHÔNG PHẢI LÀ MẮT MÀ NÓI LÀ MỘT CÁI PHẦN CỦA PAM CỦA EM BỊ GAMA NÊN LÀ NÓ NÓ LÀM CHO KHÔNG NHÌN TỨC LÀ EM KHÔNG NHÌN THẤY TRONG FIETION CỦA MÀ NÓ KHÔNG E	BÁC SĨ Ở MỸK BẢO LÀ NÓ LÀ GON THÔI THÌ THỰC RA NÓ KHÔNG PHẢI LÀ MẮT MÀ NÓ LÀ MỘT CÁI PHẦN CỦA TEAM CỦA EM BỊ DANMAT NÊN LÀ NÓ NÓ LÀM CHO KHÔNG THÌ TỨC LÀ EM KHÔNG NHÌN THẤY TRONG PRETION CỦA EM MÀ NÓ KHÔNG EPST	BÁC SẼ ĐẤY KHI BẢO LÀ CÁI LÀ GON THÔI CÁI THỰC RA NÓ KHÔNG PHẢI LÀ M MẮT MÀ NÓI LÀ MỘT CÁI PHẦN CỦA PAN CỦA EM D GAMES NÊN LÀ NÓ LÀM CHO KHÔNGỊ TỨC LÀ EM KHÔNG NHÌN THẤY TRONG F STION CỦA EM VÀ NÓ KHÔNG EF	bác sĩ hồ nếch thì bảo là nó là gong thôi vì thực ra nó không phải là mắt mà nó là một cái phần của rên của em bị đơ mớt nên là nó nó làm cho không nhìn tức là em không nhìn thấy trong truyền sách trần của em mà nó không xây dựng.	Bác sĩ ở Mỹ thì bảo là nó là gon thôi, vì thời gian nó không phải là mắt, mà nó là một cái phần củaờ rêm của em bị đam mết nên là nó nó làm cho không nhìn, tức là em không nhìn thấy trong phờ sế x trường quay mà nó không ế sít.
train	26312	13.80	pseudo_label	rất là to và nó dễ hơn là nếu mà em đi kiểu em không biết forbes hoặc là từ cái ngày em từ new york về thì em đã làm những dự án nào ngày đầu tiên em về việt nam ngày hôm đó	rất là to và nó dễ hơn nhưng mà nếu mà mv xã em không biết soy đó không đối cái là em tựe yor về em đã làm những dự án ngày đầu tiên em về việt nam ngày không đó	rất là to và nó dễ hơn là nếu mà m đi kiểuè em không biết for by đâu là cái mà từ cái ngày em từng new york về thì em đã làm những dự án đâu ngày đầu tiên em về việt nam ngày hôm đó	rất là to và nó dễ hơn là nếu mà m đi kiểu em không biết fory đâu không từ cái ngày em từe york về gì em đã làm những dự án không ngày đầu tiên em về việt nam ngày không có	rất là to và nó dễ hơn là nếu mà em đi kéo em không biết pho ri đa gạch ai vào máy tính lệnh rồi cái ngày em từ new york về thì em đã làm những dự án nào ngày đầu tiên em về việt nam ngày hôm đó	rất là to và nó dễ hơn là nếu mà em đi kéo em không biết phói đaừ cái ngày em từ nióc về thì em đã làm những dự án nào ngày đầu tiên em về việt nam ngày hôm đó	RẤT LÀ TO VÀ NÓ DỄ HƠN NHƯNG MÀ NẾU MÀ MV XÃ EM KHÔNG BIẾT SOY ĐÓ KHÔNG ĐỐI CÁI LÀ EM TỰE YOR VỀ EM ĐÃ LÀM NHỮNG DỰ ÁN NGÀY ĐẦU TIÊN EM VỀ VIỆT NAM NGÀY KHÔNG ĐÓ	RẤT LÀ TO VÀ NÓ DỄ HƠN LÀ NẾU MÀ M ĐI KIỂUÈ EM KHÔNG BIẾT FOR BY ĐÂU LÀ CÁI MÀ TỪ CÁI NGÀY EM TỪNG NEW YORK VỀ THÌ EM ĐÃ LÀM NHỮNG DỰ ÁN ĐÂU NGÀY ĐẦU TIÊN EM VỀ VIỆT NAM NGÀY HÔM ĐÓ	RẤT LÀ TO VÀ NÓ DỄ HƠN LÀ NẾU MÀ M ĐI KIỂU EM KHÔNG BIẾT FORY ĐÂU KHÔNG TỪ CÁI NGÀY EM TỪE YORK VỀ GÌ EM ĐÃ LÀM NHỮNG DỰ ÁN KHÔNG NGÀY ĐẦU TIÊN EM VỀ VIỆT NAM NGÀY KHÔNG CÓ	rất là to và nó dễ hơn là nếu mà em đi kéo em không biết pho ri đa gạch ai vào máy tính lệnh rồi cái ngày em từ new york về thì em đã làm những dự án nào ngày đầu tiên em về việt nam ngày hôm đó.	Rất là to và nó dễ hơn là nếu mà em đi kéo em không biết phói đaừ cái ngày em từ Nióc về thì em đã làm những dự án nào. Ngày đầu tiên em về Việt Nam ngày hôm đó.
train	26344	12.70	pseudo_label	à là ba triệu à hai bà trưng s là một trong id justin nhất tại vì thực ra là những thứ họ nói bà triệu hai bà trưng em cứ ngồi ip và tạm thời là hai bà trưng	là ba triệu hai ba chuyênay là một trong aia trướcing nhất tại vì thực ra là những thứ họ nói phải trợ hay và chữ em inrao mình cơ quáeer mở cảm thấy là haiợ trường	là bà triệu hai bài trs ph là một trong d truing nhất tại vì thứ ra là những thứ họ nói phải triệu hay bà m mình b xongm cứ v f sho với tạm thời là hai baer tr	làm tài triệu hai bà chương f là một trong aid tring nhất tại vì cứ ra là những thứ họ nói và triệu hay ba to em mìnhrosin con f s với tạ thời là haier tr	ờ là bà triệu à hai bà trưng sai là một trong những ai đi xuyên chết tốt nhất tại vì thứ ra là những thứ họ nói bà triệu hai bà trưng em nhìn tập sâu mười ngày cướp quan trẻ chưa về kinh phía dạ bật đạn thợ là hai bà trưng	làà triệu hai bà trưng s là một trong ai đi inu xinh nhất tại vì thực ra là những thứ họ nóià triệu hai bà trưng emọc sông ngon d giải cho b tạm thời làai bà trưng	LÀ BA TRIỆU HAI BA CHUYÊNAY LÀ MỘT TRONG AIA TRƯỚCING NHẤT TẠI VÌ THỰC RA LÀ NHỮNG THỨ HỌ NÓI PHẢI TRỢ HAY VÀ CHỮ EM INRAO MÌNH CƠ QUÁEER MỞ CẢM THẤY LÀ HAIỢ TRƯỜNG	LÀ BÀ TRIỆU HAI BÀI TRS PH LÀ MỘT TRONG D TRUING NHẤT TẠI VÌ THỨ RA LÀ NHỮNG THỨ HỌ NÓI PHẢI TRIỆU HAY BÀ M MÌNH B XONGM CỨ V F SHO VỚI TẠM THỜI LÀ HAI BAER TR	LÀM TÀI TRIỆU HAI BÀ CHƯƠNG F LÀ MỘT TRONG AID TRING NHẤT TẠI VÌ CỨ RA LÀ NHỮNG THỨ HỌ NÓI VÀ TRIỆU HAY BA TO EM MÌNHROSIN CON F S VỚI TẠ THỜI LÀ HAIER TR	ờ là bà triệu à hai bà trưng sai là một trong những ai đi xuyên chết tốt nhất tại vì thứ ra là những thứ họ nói bà triệu hai bà trưng em nhìn tập sâu mười ngày cướp quan trẻ chưa về kinh phía dạ bật đạn thợ là hai bà trưng.	 làà Triệu Hai Bà Trưng S là một trong ai đi inu xinh nhất tại vì thực ra là những thứ họ nóià Triệu Hai Bà Trưng emọc sông ngon d giải cho b tạm thời làai Bà Trưng.
validation	2915	13.00	pseudo_label	cái tốt ở trang sca là tất cả thầy cô giáo đều vẫn đang part ong the field tức là họ không phải là những người mà nghỉ hưu rồi rồi đi dạy mà là họ vẫn đang làm trong nghề nên là thật ra cái connection mà biết ở new york nó tức	cái tốt ở trang a là tất cả thấy cô giáo đều vẫn đangát động tậpe tức là họ không phải là những người màỉ hi rồi rồi đi mà là họ làm vẫn đang làm cho nghề nên là thực ra cái conetion mà biết ởew yor nó tức	cái tốt ở tr l hay là tất cả cái cô giáo đều vẫn đang pard được kh tức là họ không phải là những người mà h rồi rồi đi dạy mà là họ vẫn đang làm trong nghề nên là thực ra cái cnection là biết new york tức	cái tốt ở trong s ngay là tất cả cái cô giáo đều vẫn đang p động cà fiêu tức là họ không phải là những người mà nghỉ heu rồi đi dạy mà là họ vẫn đang làm trong nghề nên là thực ra cái connetion là biết new yor mà tức	cái tốt của trắng s vi ây là tất cả thầy cô giáo đều vẫn đang phơi động về phía tức là họ không phải là những người mà nghỉ hưu rồi rồi đi dạy mà là họ vẫn đang làm trong nghề nên là thử ra cái kần nếch sừn mà biến đổi ở niu doóc nói tất	cái tốt ở trắng ét vây là tất cả thầy cô giáo đều vẫn đang pát đồng và phiêu tức là họ không phải là những người mà nghỉ hưu rồi rồi đi dạy mà là họ làm vẫn đang làm trong nghề nên là thực ra cái căn nếừn mà biết ở niu doóc nó tức	CÁI TỐT Ở TRANG A LÀ TẤT CẢ THẤY CÔ GIÁO ĐỀU VẪN ĐANGÁT ĐỘNG TẬPE TỨC LÀ HỌ KHÔNG PHẢI LÀ NHỮNG NGƯỜI MÀỈ HI RỒI RỒI ĐI MÀ LÀ HỌ LÀM VẪN ĐANG LÀM CHO NGHỀ NÊN LÀ THỰC RA CÁI CONETION MÀ BIẾT ỞEW YOR NÓ TỨC	CÁI TỐT Ở TR L HAY LÀ TẤT CẢ CÁI CÔ GIÁO ĐỀU VẪN ĐANG PARD ĐƯỢC KH TỨC LÀ HỌ KHÔNG PHẢI LÀ NHỮNG NGƯỜI MÀ H RỒI RỒI ĐI DẠY MÀ LÀ HỌ VẪN ĐANG LÀM TRONG NGHỀ NÊN LÀ THỰC RA CÁI CNECTION LÀ BIẾT NEW YORK TỨC	CÁI TỐT Ở TRONG S NGAY LÀ TẤT CẢ CÁI CÔ GIÁO ĐỀU VẪN ĐANG P ĐỘNG CÀ FIÊU TỨC LÀ HỌ KHÔNG PHẢI LÀ NHỮNG NGƯỜI MÀ NGHỈ HEU RỒI ĐI DẠY MÀ LÀ HỌ VẪN ĐANG LÀM TRONG NGHỀ NÊN LÀ THỰC RA CÁI CONNETION LÀ BIẾT NEW YOR MÀ TỨC	cái tốt của trắng s vi ây là tất cả thầy cô giáo đều vẫn đang phơi động về phía tức là họ không phải là những người mà nghỉ hưu rồi rồi đi dạy mà là họ vẫn đang làm trong nghề nên là thử ra cái kần nếch sừn mà biến đổi ở niu doóc nói tất.	Cái tốt ở trắng ét Vây là tất cả thầy cô giáo đều vẫn đang pát đồng và phiêu, tức là họ không phải là những người mà nghỉ hưu rồi rồi đi dạy, mà là họ làm vẫn đang làm trong nghề, nên là thực ra cái căn nếừn mà biết ở Niu Doóc nó tức.
train	31695	11.80	pseudo_label	không quan trọng lắm nhưng mà kỹ thuật số thì nó tiện hơn video nhiều view hơn hay là nhiều subscribe như subscriber làm nhà phê bình hay là làm phim làm phim chủ động hay là bị động	không còn trọng lắm nhiều cái thuật số nó tiền hơn video nhiều view hơn hay là nhiềuier như sắp steser làmóm f phê mình hay là làm phim làm phim chủ động hay là bị động	không còn trọng lắm nhưng một cái đật số thì nó tiện hơn video nhiều view hơn hay là nhiều sub scier như sub srber làm nhạc phê bình hay là làm phim làm phim chủ động hay là bị động	không quan trọng lắm nhưng mà cái cả số về nó tiện hơn video nhiều view hơn hay là nhiều srier như s sier làm nhà phê bình hay là làm phim làm phim s đ động hay là bị động	không quan trọng lắm nhưng mà kỹ thuật số thì nó tiện hơn video nhiều view hơn hay là nhiều subscribe nhiều subscribe làm nhạc phê bình hay làm phim làm phim chủ động hay là bị động	không quan trọng lắm nhưng mà kỹ thuật số để nó tiện hơn video nhiều video hơn hay là nhiều subscriber nhiều subsribeber làm nhà phê bình hay là làm phim làm phim chủ động hay là bị động	KHÔNG CÒN TRỌNG LẮM NHIỀU CÁI THUẬT SỐ NÓ TIỀN HƠN VIDEO NHIỀU VIEW HƠN HAY LÀ NHIỀUIER NHƯ SẮP STESER LÀMÓM F PHÊ MÌNH HAY LÀ LÀM PHIM LÀM PHIM CHỦ ĐỘNG HAY LÀ BỊ ĐỘNG	KHÔNG CÒN TRỌNG LẮM NHƯNG MỘT CÁI ĐẬT SỐ THÌ NÓ TIỆN HƠN VIDEO NHIỀU VIEW HƠN HAY LÀ NHIỀU SUB SCIER NHƯ SUB SRBER LÀM NHẠC PHÊ BÌNH HAY LÀ LÀM PHIM LÀM PHIM CHỦ ĐỘNG HAY LÀ BỊ ĐỘNG	KHÔNG QUAN TRỌNG LẮM NHƯNG MÀ CÁI CẢ SỐ VỀ NÓ TIỆN HƠN VIDEO NHIỀU VIEW HƠN HAY LÀ NHIỀU SRIER NHƯ S SIER LÀM NHÀ PHÊ BÌNH HAY LÀ LÀM PHIM LÀM PHIM S Đ ĐỘNG HAY LÀ BỊ ĐỘNG	không quan trọng lắm nhưng mà kỹ thuật số thì nó tiện hơn video nhiều view hơn hay là nhiều subscribe nhiều subscribe làm nhạc phê bình hay làm phim làm phim chủ động hay là bị động.	Không quan trọng lắm, nhưng mà kỹ thuật số để nó tiện hơn, video, nhiều video hơn hay là nhiều subscriber, nhiều subsribeber làm nhà phê bình hay là làm phim làm phim chủ động hay là bị động.
train	31704	14.50	pseudo_label	anh chia tay người yêu sau anh tìm với người mới đúng không chắc chắn kiểu gì anh cũng sẽ phải sử dụng những áo văn cũ kiểu như là trong quá trình mình quen ấy rồi cũng sẽ phải đến những cái giai đoạn như kiểu là em ăn cơm trưa hay là em dạo này em hôm nay thế nào á	còn anh cũng chia tay người yêu xong anh tìm với người mới chắc chắn kiểu gì ai cũngả phảiử nhà vẫn cũng kiểu như trong quá trình mình quen ấy rồi cũng sẽ phải đến những cái giai đoạn ăn như kiểu là em ăn cư chưaạo này em hôm nay thế nào ấy	con anh chia tay anh người yêu sau anh tí với người mới không chắc chắn kiểu gì anh cũng sẽ phải sử dụng văn cũng kiểu như là trong quá trình mình quen ấy rồi cũng sẽ phải đến những cái giai đoạn như kiểu là em ăn cơm chưaưa hay là d đấy em uống hôm nay thế nào	con anh chia tay người yêu so anh tìm với người mới không chắc chắn kiểu gì anh cũng sao phải sử nhà văn cũ kiểu như là trong quá trình mình quenên ấy rồi cũng sẽ phải đến những cái giai đoạn như kiểu là em ăn cơm chưa hay là emạo đấy em hôm nay thế nào	còn anh chia tay người yêu cho hình tìm người mới đúng không chắc chắn kiểu gì anh cũng sẽ phải sử dụng những áng văn cũ kiểu như là trong quá trình mình quen ý rồi cũng sẽ phải đến những giai đoạn như kiểu là em ăn cơm trưa hay là em dọn em hôm nay thế nào	con anh chia tay người yêu sau anh tìm với người mới đúng không chắc chắn kiểu gì ấy cũng sẽ phải sử dụng những cái án văn cũ kiểu như là trong quá trình mình quen hết rồi cũng sẽ phải đến những cái giai đoạn như kiểu là em ăn cơm trưa hay là em dạo em hôm nay thế nào á	CÒN ANH CŨNG CHIA TAY NGƯỜI YÊU XONG ANH TÌM VỚI NGƯỜI MỚI CHẮC CHẮN KIỂU GÌ AI CŨNGẢ PHẢIỬ NHÀ VẪN CŨNG KIỂU NHƯ TRONG QUÁ TRÌNH MÌNH QUEN ẤY RỒI CŨNG SẼ PHẢI ĐẾN NHỮNG CÁI GIAI ĐOẠN ĂN NHƯ KIỂU LÀ EM ĂN CƯ CHƯAẠO NÀY EM HÔM NAY THẾ NÀO ẤY	CON ANH CHIA TAY ANH NGƯỜI YÊU SAU ANH TÍ VỚI NGƯỜI MỚI KHÔNG CHẮC CHẮN KIỂU GÌ ANH CŨNG SẼ PHẢI SỬ DỤNG VĂN CŨNG KIỂU NHƯ LÀ TRONG QUÁ TRÌNH MÌNH QUEN ẤY RỒI CŨNG SẼ PHẢI ĐẾN NHỮNG CÁI GIAI ĐOẠN NHƯ KIỂU LÀ EM ĂN CƠM CHƯAƯA HAY LÀ D ĐẤY EM UỐNG HÔM NAY THẾ NÀO	CON ANH CHIA TAY NGƯỜI YÊU SO ANH TÌM VỚI NGƯỜI MỚI KHÔNG CHẮC CHẮN KIỂU GÌ ANH CŨNG SAO PHẢI SỬ NHÀ VĂN CŨ KIỂU NHƯ LÀ TRONG QUÁ TRÌNH MÌNH QUENÊN ẤY RỒI CŨNG SẼ PHẢI ĐẾN NHỮNG CÁI GIAI ĐOẠN NHƯ KIỂU LÀ EM ĂN CƠM CHƯA HAY LÀ EMẠO ĐẤY EM HÔM NAY THẾ NÀO	còn anh chia tay người yêu cho hình tìm người mới đúng không chắc chắn kiểu gì anh cũng sẽ phải sử dụng những áng văn cũ kiểu như là trong quá trình mình quen ý rồi cũng sẽ phải đến những giai đoạn như kiểu là em ăn cơm trưa hay là em dọn em hôm nay thế nào.	Con anh chia tay người yêu sau anh tìm với người mới, đúng không, chắc chắn kiểu gì ấy cũng sẽ phải sử dụng những cái án văn cũ. kiểu như là trong quá trình mình quen hết rồi cũng sẽ phải đến những cái giai đoạn như kiểu là em ăn cơm trưa hay là em dạo em hôm nay thế nào á.
train	31708	13.00	pseudo_label	bây giờ nếu mà trong em nói là sang tập thứ hai luôn này có bao giờ nghĩ về chuyện bắt đầu bắt đầu như một buổi nhậu thật sự rồi chị ạ	bây nếu mà trò em nói xong tập thứ hai luôn rồi có bao giờ nghĩ vềữa ngồi mà không bắt đầu như một buổiậu thật sự rồi chị ạ	bây giờ nếu mà trong em nói sang tập thứ hai luôn này có bao giờ nghĩ về chuyện đúng mà món bắt như một buổi nhậu thật sự rồi chứ ạ	bây giờ nếu mà tr em nói sang tập thứ hai luôn này có bao giờ nghĩ về chỗáian đầu như một buổi nh nhau thật sự rồi chị ạ	bây giờ nếu mà cho mấy em nói là sang tập thứ hai luôn này có bao giờ nghĩ về chuyện bây giờ bắt đầu như một buổi nhậu thực sự rồi chị ạ	bây giờ nếu mà cho em nói là xong tập thứ hai luôn này có bao giờ nghĩ về chuyện bắt đầu bắt đầu như một buổi nhậu thực sự rồi chị ạ	BÂY NẾU MÀ TRÒ EM NÓI XONG TẬP THỨ HAI LUÔN RỒI CÓ BAO GIỜ NGHĨ VỀỮA NGỒI MÀ KHÔNG BẮT ĐẦU NHƯ MỘT BUỔIẬU THẬT SỰ RỒI CHỊ Ạ	BÂY GIỜ NẾU MÀ TRONG EM NÓI SANG TẬP THỨ HAI LUÔN NÀY CÓ BAO GIỜ NGHĨ VỀ CHUYỆN ĐÚNG MÀ MÓN BẮT NHƯ MỘT BUỔI NHẬU THẬT SỰ RỒI CHỨ Ạ	BÂY GIỜ NẾU MÀ TR EM NÓI SANG TẬP THỨ HAI LUÔN NÀY CÓ BAO GIỜ NGHĨ VỀ CHỖÁIAN ĐẦU NHƯ MỘT BUỔI NH NHAU THẬT SỰ RỒI CHỊ Ạ	bây giờ nếu mà cho mấy em nói là sang tập thứ hai luôn này có bao giờ nghĩ về chuyện bây giờ bắt đầu như một buổi nhậu thực sự rồi chị ạ.	Bây giờ, nếu mà cho em nói là xong tập thứ hai luôn này, có bao giờ nghĩ về chuyện? bắt đầu bắt đầu như một buổi nhậu thực sự rồi chị ạ.
train	31709	13.30	pseudo_label	có thế nó mới lạ em cũng hỏi đi anh cân hết tầm này rồi hai chai rồi bon lắm mồm bắt đầu bon rồi	có mình không mấy em quá đi anh cầneầm này ai trai rồi boo màu bắt đầu bo	có thế năm mười lăm th em hỏi tí anh c net tầm này li trai rồi bo lắm màuồm bắt đầu bo là	có thế là mườiăm th à em có hỏi đi anh cnet tầm này ai trai rồi bo á màu mớia bon	có thế nó mới là át tơ òa ơ ờ ngơ ngác câu hỏi đi anh cân hết thập này là ai trai rồi bon lắm mùa bắt đầu bon rồi	có thế đâu mười lăm từ áo hờ ờ em hỏi đi anh cân hết tầm này là hai chai rồi bon lắm mồ bắt đầu bon	CÓ MÌNH KHÔNG MẤY EM QUÁ ĐI ANH CẦNEẦM NÀY AI TRAI RỒI BOO MÀU BẮT ĐẦU BO	CÓ THẾ NĂM MƯỜI LĂM TH EM HỎI TÍ ANH C NET TẦM NÀY LI TRAI RỒI BO LẮM MÀUỒM BẮT ĐẦU BO LÀ	CÓ THẾ LÀ MƯỜIĂM TH À EM CÓ HỎI ĐI ANH CNET TẦM NÀY AI TRAI RỒI BO Á MÀU MỚIA BON	có thế nó mới là át tơ òa ơ ờ ngơ ngác câu hỏi đi anh cân hết thập này là ai trai rồi bon lắm mùa bắt đầu bon rồi.	Có thế đâu mười lăm từ áo hờ ờ em hỏi đi, anh cân hết, tầm này là hai chai rồi bon lắm, mồ bắt đầu bon.
train	31711	10.90	pseudo_label	huy my ơi bây giờ hả muốn lên đỉnh hả về lấy cái roi đánh test test vào mông một cái là lên đỉnh liền nhưng mà nó nhưng mà nếu như mà đối với lại huy my chuyện đó nó không phải	hai ơi bây giờả muốn lênỉnhả về lấy rồi đánh tet te vào một một cái là lênỉnh liền nhưng mà nhưng màứa như mà đối với là cái nay chị đó nó không phải	huy ơi bây dở hả muốn lên đỉnh hả về lấy cái đó đánh te tép vào mong một cái là lên đỉnh liệt nhưng mà nhưng mà nếu như mà đối với lại chuyện đó nó không phải	uyai bây giờ hả muốn lên đỉnh hả về lấy cái cái r rồi đánh cái te và mong một cái là lên đỉnh liền nhưng mà nó nhưng mà nếu như mà đối với lại người chuyện đó nó không phải	huy mê ơi bây giờ ở hả muốn lên đỉnh hả dễ lấy cái cái roi đánh tét tét vào mong một cái là lên đỉnh liền nhưng mà nó như mộc nếu như mà đối với lại huy mê chuyện đó nó hổng phải	huy m ơi bây giờ hả muốn lên đỉnh hả về lấy cái cái roi đánh tét tép vào mông một cái là lên đỉnhiền nhưng mà nó nhưng mà nếu như mà đối với lại him m chuyện đó nó không phải	HAI ƠI BÂY GIỜẢ MUỐN LÊNỈNHẢ VỀ LẤY RỒI ĐÁNH TET TE VÀO MỘT MỘT CÁI LÀ LÊNỈNH LIỀN NHƯNG MÀ NHƯNG MÀỨA NHƯ MÀ ĐỐI VỚI LÀ CÁI NAY CHỊ ĐÓ NÓ KHÔNG PHẢI	HUY ƠI BÂY DỞ HẢ MUỐN LÊN ĐỈNH HẢ VỀ LẤY CÁI ĐÓ ĐÁNH TE TÉP VÀO MONG MỘT CÁI LÀ LÊN ĐỈNH LIỆT NHƯNG MÀ NHƯNG MÀ NẾU NHƯ MÀ ĐỐI VỚI LẠI CHUYỆN ĐÓ NÓ KHÔNG PHẢI	UYAI BÂY GIỜ HẢ MUỐN LÊN ĐỈNH HẢ VỀ LẤY CÁI CÁI R RỒI ĐÁNH CÁI TE VÀ MONG MỘT CÁI LÀ LÊN ĐỈNH LIỀN NHƯNG MÀ NÓ NHƯNG MÀ NẾU NHƯ MÀ ĐỐI VỚI LẠI NGƯỜI CHUYỆN ĐÓ NÓ KHÔNG PHẢI	huy mê ơi bây giờ ở hả muốn lên đỉnh hả dễ lấy cái cái roi đánh tét tét vào mong một cái là lên đỉnh liền nhưng mà nó như mộc nếu như mà đối với lại huy mê chuyện đó nó hổng phải.	Huy m ơi, bây giờ hả muốn lên đỉnh hả? về lấy cái cái roi đánh tét tép vào mông một cái là lên đỉnhiền, nhưng mà nó nhưng mà nếu như mà đối với lại Him m chuyện đó nó không phải.
train	31716	14.50	pseudo_label	từng có suy nghĩ đấy nhưng mà thực ra khi mà nhìn mọi người làm ấy thì nhận ra là có những cái mình nên xem thì hay hơn nhưng mà bây giờ thử thì ok mọc lăng thôi cũng muốn thử một lần nhưng mà	từng có suy nghĩ đấy nhưng mà thực ra khi mà nhìn mọi người làm ấy thì nhận ra là có những cái mình nên xem hay đâu không tự nhưng mà cái là là thì thì cáiọc lần thôi cũng muốn lại món trọng cũng muốn một lần một lần nhưng màỉ	từng có suy nghĩ đấy nhưng mà thực ra khi mà nhìn mọi người làm ấy thì mới nhận ra là có những cái mình nên xem thì hay hơn nhưng mà là thì thì ok mọc lăng thôi cũng muốn lại hoàn toàn cũng muốn thử một lần nhưng mà	từng có suy nghĩ đấy nhưng mà thực khi mà nhìn mọi người làm ấy thì nhận ra là có những cái mình nên xem xem mình hay hơi từ nhưng mà cứ là là dạ mọi thì okọcăng thôi cũng muốn quán tâm cũng muốn từ một lần nhưng mà	từng có suy nghĩ đấy nhưng mà thực ra khi mà nhìn mọi người làm ấy thì mình nhận ra có những cái mình nên xem thay hơn nhìn cái lăng biển biển tử thì thì ok mộc lăng hói cũng muốn cũng muốn thử một lần nhưng mà	từng có suy nghĩ đấy nhưng mà thực ra khi mà nhìn mọi người làm ấy thì nhận ra là có những cái mình nên xem thì hay hơn đó nhưng mà cứ ạừ thì o kk mócẫn cũng muốn đấy qu thú cũng muốn th từ một lần nhưng mà	TỪNG CÓ SUY NGHĨ ĐẤY NHƯNG MÀ THỰC RA KHI MÀ NHÌN MỌI NGƯỜI LÀM ẤY THÌ NHẬN RA LÀ CÓ NHỮNG CÁI MÌNH NÊN XEM HAY ĐÂU KHÔNG TỰ NHƯNG MÀ CÁI LÀ LÀ THÌ THÌ CÁIỌC LẦN THÔI CŨNG MUỐN LẠI MÓN TRỌNG CŨNG MUỐN MỘT LẦN MỘT LẦN NHƯNG MÀỈ	TỪNG CÓ SUY NGHĨ ĐẤY NHƯNG MÀ THỰC RA KHI MÀ NHÌN MỌI NGƯỜI LÀM ẤY THÌ MỚI NHẬN RA LÀ CÓ NHỮNG CÁI MÌNH NÊN XEM THÌ HAY HƠN NHƯNG MÀ LÀ THÌ THÌ OK MỌC LĂNG THÔI CŨNG MUỐN LẠI HOÀN TOÀN CŨNG MUỐN THỬ MỘT LẦN NHƯNG MÀ	TỪNG CÓ SUY NGHĨ ĐẤY NHƯNG MÀ THỰC KHI MÀ NHÌN MỌI NGƯỜI LÀM ẤY THÌ NHẬN RA LÀ CÓ NHỮNG CÁI MÌNH NÊN XEM XEM MÌNH HAY HƠI TỪ NHƯNG MÀ CỨ LÀ LÀ DẠ MỌI THÌ OKỌCĂNG THÔI CŨNG MUỐN QUÁN TÂM CŨNG MUỐN TỪ MỘT LẦN NHƯNG MÀ	từng có suy nghĩ đấy nhưng mà thực ra khi mà nhìn mọi người làm ấy thì mình nhận ra có những cái mình nên xem thay hơn nhìn cái lăng biển biển tử thì thì ok mộc lăng hói cũng muốn cũng muốn thử một lần nhưng mà.	Từng có suy nghĩ đấy, nhưng mà thực ra khi mà nhìn mọi người làm ấy thì nhận ra là có những cái mình nên xem thì hay hơn đó nhưng mà cứ ạỪ thì o kk mócẫn, cũng muốn đấy, Qu thú cũng muốn th từ một lần, nhưng mà.
train	31720	13.60	pseudo_label	cũng muốn lắm nhưng mà chưa có dự định gì để chia sẻ huy có chia sẻ gì về dự định của huy cho nó có hay ai không chúc mừng nhà tài trợ chia	cũng muốnăm nhưng mà chưa có rất đình nhìn chia sẻ vì có chia sẻ gì mình giai định cứ cho nói hai không đây	cũng muốn lắm nhưng mà hôm chưa có rất đi gì chia sẻ có chia sẻ gì mình sẽ định cửích cho nó hay không bằng vâng tay tr	cũng mỗi lăm hoặc là chưa có gia đình gì chia sẻ emuy có chia sẻ gì mình sẽ định củainh cho nó hai không phần nhà tài tr	món lăm nhưng mà cũng chưa có dự định gì để chia sẻ hy vỹ có chia sẻ gì vì dự định của hy vỹ cho nó võ hoa không chúc mừng à nhà tài trợ chia chia chia chiu	muốn lắm nhưng mà chưa có dự định gì để chia sẻ huy có chia sẻ gì về dự định cử huy cho nó có hay hay không chúc mừng nhà thấy chợ chia chia chia	CŨNG MUỐNĂM NHƯNG MÀ CHƯA CÓ RẤT ĐÌNH NHÌN CHIA SẺ VÌ CÓ CHIA SẺ GÌ MÌNH GIAI ĐỊNH CỨ CHO NÓI HAI KHÔNG ĐÂY	CŨNG MUỐN LẮM NHƯNG MÀ HÔM CHƯA CÓ RẤT ĐI GÌ CHIA SẺ CÓ CHIA SẺ GÌ MÌNH SẼ ĐỊNH CỬÍCH CHO NÓ HAY KHÔNG BẰNG VÂNG TAY TR	CŨNG MỖI LĂM HOẶC LÀ CHƯA CÓ GIA ĐÌNH GÌ CHIA SẺ EMUY CÓ CHIA SẺ GÌ MÌNH SẼ ĐỊNH CỦAINH CHO NÓ HAI KHÔNG PHẦN NHÀ TÀI TR	món lăm nhưng mà cũng chưa có dự định gì để chia sẻ hy vỹ có chia sẻ gì vì dự định của hy vỹ cho nó võ hoa không chúc mừng à nhà tài trợ chia chia chia chiu.	Muốn lắm, nhưng mà chưa có dự định gì để chia sẻ, Huy có chia sẻ gì về dự định cử Huy cho nó có hay hay không? Chúc mừng nhà thấy chợ chia chia chia.
train	36483	14.00	pseudo_label	chuyển đổi cho tặng giao dịch giữa hai người với nhau có rất nhiều người có một cái ác cảm nhất định với cái cụm từ nft và cái ngành nthy nói nói chung thì em thấy gần đây bên nước ngoài có vài cái dự án đó bắt đầu không có dùng chữ nft nữa	chuyện đổi cho tạao dịch giữa hai người với nhau có rất nhiều người có một cái á cảm nhất định với cái cụ tượng emy và cái ngành nói chung thì em thấy gầnè bên nước mà có vài cái dự án nó bắt đầu không có dùng chỗ nein nữa	chuyển đổi cho tặng giao dịch giữa hai người với nhau có rất nhiều người có một cái ac cảm nhất định với cái cụm từ an nett và cái ngành này nót nó nó chung thì em thấy gần đây ở bên nước ngoài có vài cái dự án nó bắt đầu không có dùng sự nett nữa	chuyển đổi cho tặng giao dịch giữa hai người với nhau có rất nhiều người có một cái á cảm nhất định với cái cụ từ anett và cái ngành nàyt nó nó chung thì em thấy gần đây bên nước ngoài có vài cái dự án nó bắt đầu không có dùng chữ anett nữa	chuyển đổi cho tận giao dịch giữa hai người với nhau dạ có rất nhiều người có một cái ác cảm nhất định với cái cụm từ en ép thi và cái ngành en ép thi nói nói chung thì em thấy gần đây bên nước ngoài có vài dự án nó bắt đầu không có dùng một sự en ép thi nữa	chuyển đổi cho tặng giao dịch giữa hai người với nhau ạ có rất nhiều người có một cái ác cảm nhất định với cái cụm từ nép và cái ngành nó nói chung thì em thấy gần đây bên nước ngoài có vài cái dự án đó bắt đầu không có dùng chữ n ép t nữa	CHUYỆN ĐỔI CHO TẠAO DỊCH GIỮA HAI NGƯỜI VỚI NHAU CÓ RẤT NHIỀU NGƯỜI CÓ MỘT CÁI Á CẢM NHẤT ĐỊNH VỚI CÁI CỤ TƯỢNG EMY VÀ CÁI NGÀNH NÓI CHUNG THÌ EM THẤY GẦNÈ BÊN NƯỚC MÀ CÓ VÀI CÁI DỰ ÁN NÓ BẮT ĐẦU KHÔNG CÓ DÙNG CHỖ NEIN NỮA	CHUYỂN ĐỔI CHO TẶNG GIAO DỊCH GIỮA HAI NGƯỜI VỚI NHAU CÓ RẤT NHIỀU NGƯỜI CÓ MỘT CÁI AC CẢM NHẤT ĐỊNH VỚI CÁI CỤM TỪ AN NETT VÀ CÁI NGÀNH NÀY NÓT NÓ NÓ CHUNG THÌ EM THẤY GẦN ĐÂY Ở BÊN NƯỚC NGOÀI CÓ VÀI CÁI DỰ ÁN NÓ BẮT ĐẦU KHÔNG CÓ DÙNG SỰ  NETT NỮA	CHUYỂN ĐỔI CHO TẶNG GIAO DỊCH GIỮA HAI NGƯỜI VỚI NHAU CÓ RẤT NHIỀU NGƯỜI CÓ MỘT CÁI Á CẢM NHẤT ĐỊNH VỚI CÁI CỤ TỪ ANETT VÀ CÁI NGÀNH NÀYT NÓ NÓ CHUNG THÌ EM THẤY GẦN ĐÂY BÊN NƯỚC NGOÀI CÓ VÀI CÁI DỰ ÁN NÓ BẮT ĐẦU KHÔNG CÓ DÙNG CHỮ ANETT NỮA	chuyển đổi cho tận giao dịch giữa hai người với nhau dạ có rất nhiều người có một cái ác cảm nhất định với cái cụm từ en ép thi và cái ngành en ép thi nói nói chung thì em thấy gần đây bên nước ngoài có vài dự án nó bắt đầu không có dùng một sự en ép thi nữa.	Chuyển đổi cho tặng giao dịch giữa hai người với nhau.ạ có rất nhiều người có một cái ác cảm nhất định với cái cụm từ nép và cái ngành  nó nói chung thì em thấy gần đây bên nước ngoài có vài cái dự án đó bắt đầu không có dùng chữ n ép t nữa.
train	36492	10.60	pseudo_label	em nghĩ mình đã mất một phần nửa người khán giả không thực ra nếu mà mình đi sâu thì nó kiểu nó siêu sâu luôn và nó đòi hỏi một cái thời gian tìm tòi rất là rất là clazi	em nghĩ mà đã mắt một phần nữa không thực ra nếu mà mình đi sâu thì nó nóiêu sâu luôn và nó hỏi một cái thời gian tìmò rất là rất là ca gì	em nghĩ mình đã mắt một phần n người không thực ra nếu mà mình đi sâu thì nó kiểu nó siêu x sâu luôn và nó còn hỏi một cái thời gian tìm tò rất là rất là cray	em nghĩ yêu mình đã mắc một phầnứa người không thực ra nếu mà mình đi sâu thì nó kiểu nó siêu sâu luôn và nó tò hỏi một cái thời gian tìm gọi rất là rất là cayyy	em nghĩ mình đã mất một phần nữa người khác giả hông thực ra nếu mình đi sâu thì nó kiểu nó siêu sâu luôn và nó thòi hỏi một thời gian tìm tòi rất là rất là phê duy	em nghĩ mình đã mất một phần nửa người khán giả không thực ra nếu mà mình đi sâu thì nó kiểu nó siêu sâu luôn và nó đòi hỏi một cái thời gian tìm tòi rất là rất làay	EM NGHĨ MÀ ĐÃ MẮT MỘT PHẦN NỮA KHÔNG THỰC RA NẾU MÀ MÌNH ĐI SÂU THÌ NÓ NÓIÊU SÂU LUÔN VÀ NÓ HỎI MỘT CÁI THỜI GIAN TÌMÒ RẤT LÀ RẤT LÀ CA GÌ	EM NGHĨ MÌNH ĐÃ MẮT MỘT PHẦN N NGƯỜI KHÔNG THỰC RA NẾU MÀ MÌNH ĐI SÂU THÌ NÓ KIỂU NÓ SIÊU X SÂU LUÔN VÀ NÓ CÒN HỎI MỘT CÁI THỜI GIAN TÌM TÒ RẤT LÀ RẤT LÀ CRAY	EM NGHĨ YÊU MÌNH ĐÃ MẮC MỘT PHẦNỨA NGƯỜI KHÔNG THỰC RA NẾU MÀ MÌNH ĐI SÂU THÌ NÓ KIỂU NÓ SIÊU SÂU LUÔN VÀ NÓ TÒ HỎI MỘT CÁI THỜI GIAN TÌM GỌI RẤT LÀ RẤT LÀ CAYYY	em nghĩ mình đã mất một phần nữa người khác giả hông thực ra nếu mình đi sâu thì nó kiểu nó siêu sâu luôn và nó thòi hỏi một thời gian tìm tòi rất là rất là phê duy.	Em nghĩ mình đã mất một phần nửa người khán giả, không thực ra, nếu mà mình đi sâu thì nó kiểu nó siêu sâu luôn và nó đòi hỏi một cái thời gian tìm tòi rất là rất làay.
train	36498	14.70	pseudo_label	không ai tin là bạn đã uống cho được một trăm triệu bạn có thể là chụp tấm hình bạn đang cầm cái ly ok cũng có thể là làm mượn ly được bạn nói là tôi cầm cái bill tôi đã trả tiền cho cái đó ok vẫn có thể phát được nhưng nếu mà là	không ai tin là bạn nó uống uốngao được trăm triệu bạn có thể là chụp tâm hình và đangầm cái ly ok cũng có thể là làượ ly được bạn nói là cái tôi cầm cáii tôi đó trả tiền chứ cái đó ok vẫn có thể phát được nhưng nếu mà là	không ai tin là bạn đã uống ch được trăm triệu bạn có thể là chụp tâmấm hình bạn lăn trong cái ly ok cũng có thể là là mượn h ly được bạn nói là tôi cầm cái bi tôi đã trả tiền cho cái đó ok vẫn có thể phát được nhưng nếu mà là	không ai tin là bạn đã uống trượ trăm triệu bạn có thể là chụp t hình bảo đang trong cái ly ok cũng có thể là là bượ ly được bạn nói là vô cầm cái b bu tôi đã trả tiền cho cái đó ok vẫn có thể phát được nhưng nếu mà là	không ai tin là bạn đã uống chai rượu trăm triệu bạn có thể là chụp tấm hình bạn đang cầm cái ly ô kê cũng có thể là làm mượn ly được à bạn nói là tôi cầm cái biu tôi đã trả tiền cho cái đó ô kê vẫn có thể phát được nhưng nếu mà lợn	không ai tin là bạn đã uống chai được một trăm triệu bạn có thể là chụp tấm hình bạn đang cầm một cái ly ô kê cũng có thể là làm mượn ly được à bạn nói là tôi cầm cái bi tôi đã trả tiền cho cái đó ôkê vẫn có thể phát được nhưng nếu mà là	KHÔNG AI TIN LÀ BẠN NÓ UỐNG UỐNGAO ĐƯỢC TRĂM TRIỆU BẠN CÓ THỂ LÀ CHỤP TÂM HÌNH VÀ ĐANGẦM CÁI LY OK CŨNG CÓ THỂ LÀ LÀƯỢ LY ĐƯỢC BẠN NÓI LÀ CÁI TÔI CẦM CÁII TÔI ĐÓ TRẢ TIỀN CHỨ CÁI ĐÓ OK VẪN CÓ THỂ PHÁT ĐƯỢC NHƯNG NẾU MÀ LÀ	KHÔNG AI TIN LÀ BẠN ĐÃ UỐNG CH ĐƯỢC TRĂM TRIỆU BẠN CÓ THỂ LÀ CHỤP TÂMẤM HÌNH BẠN LĂN TRONG CÁI LY OK CŨNG CÓ THỂ LÀ LÀ MƯỢN H LY ĐƯỢC BẠN NÓI LÀ TÔI CẦM CÁI BI TÔI ĐÃ TRẢ TIỀN CHO CÁI ĐÓ OK VẪN CÓ THỂ PHÁT ĐƯỢC NHƯNG NẾU MÀ LÀ	KHÔNG AI TIN LÀ BẠN ĐÃ UỐNG TRƯỢ TRĂM TRIỆU BẠN CÓ THỂ LÀ CHỤP T HÌNH BẢO ĐANG TRONG CÁI LY OK CŨNG CÓ THỂ LÀ LÀ BƯỢ LY ĐƯỢC BẠN NÓI LÀ VÔ CẦM CÁI B BU TÔI ĐÃ TRẢ TIỀN CHO CÁI ĐÓ OK VẪN CÓ THỂ PHÁT ĐƯỢC NHƯNG NẾU MÀ LÀ	không ai tin là bạn đã uống chai rượu trăm triệu bạn có thể là chụp tấm hình bạn đang cầm cái ly ô kê cũng có thể là làm mượn ly được à bạn nói là tôi cầm cái biu tôi đã trả tiền cho cái đó ô kê vẫn có thể phát được nhưng nếu mà lợn.	Không ai tin là bạn đã uống chai được một trăm triệu, Bạn có thể là chụp tấm hình bạn đang cầm một cái ly Ô kê cũng có thể là làm mượn ly được à Bạn nói là tôi cầm cái bi. tôi đã trả tiền cho cái đó  Ôkê vẫn có thể phát được, nhưng nếu mà là
train	36505	15.00	pseudo_label	công nghệ v a và thứ hai là cái công nghệ pr nó đang được đặt lên trên chạy trên cái nền tảng là blockchain và nâng cao một chút nữa là ví dụ ai có cái nft thì mới có thể đi vào được cái val gary hoặc v a concert đó để mà	công nghệv a và thứ hai là cái công nghệia nó đang được đặt lên trên chạy trên cái nềnảng là blockchai và nâng cao một chút nữa là ví dụ ai có cái an shy thì mới có thể đi vào được cái vi galare conort đó để mà	công nghệ vi a và thứ hai là cái con nghệ pia nó đang được đặt lên trên chạy trên cái nền tảng là blockchain và nâng cao một chút nữa là ví dụ ai có cái m nft thì mới có thể đi vào được cái vi gal o pe a conccert đó để mà	công nghệ vi a mà thứ hai là cái công nghệ p nó đang được đặt lên cho chạy trên cái nềnảng là blockchenn và nâng cao một chút nữa là ví dụ ai có cái ant thì mới có thể đi vào được cái viagalori học p a conct đó để mà	con ngại vi a và thứ hai là cái con ngại vi a nó đang được đặt lên trên chạy trên cái nền tảng là lốc trên và nâng cao một chút nữa là ví dụ ai có cái en ép ti thì mới có thể đi vào được cái vi a ga la ri hoặc vi a con sợt đó để mà	công nghệ v a mà thứ hai là cái công nghệ vi a nó đang được đặt lên trên chạy trên cái nền tảng là bờ lóc trên và nâng cao một chút nữa là ví dụ ai có cái en ép ti thì mới có thể đi vào được cái a gaa ri hoặc vi a con sart đó để mà	CÔNG NGHỆV A VÀ THỨ HAI LÀ CÁI CÔNG NGHỆIA NÓ ĐANG ĐƯỢC ĐẶT LÊN TRÊN CHẠY TRÊN CÁI NỀNẢNG LÀ BLOCKCHAI VÀ NÂNG CAO MỘT CHÚT NỮA LÀ VÍ DỤ AI CÓ CÁI AN SHY THÌ MỚI CÓ THỂ ĐI VÀO ĐƯỢC CÁI VI GALARE CONORT ĐÓ ĐỂ MÀ	CÔNG NGHỆ VI A VÀ THỨ HAI LÀ CÁI CON NGHỆ PIA NÓ ĐANG ĐƯỢC ĐẶT LÊN TRÊN CHẠY TRÊN CÁI NỀN TẢNG LÀ BLOCKCHAIN VÀ NÂNG CAO MỘT CHÚT NỮA LÀ VÍ DỤ AI CÓ CÁI M NFT THÌ MỚI CÓ THỂ ĐI VÀO ĐƯỢC CÁI VI GAL O PE A CONCCERT ĐÓ ĐỂ MÀ	CÔNG NGHỆ VI A MÀ THỨ HAI LÀ CÁI CÔNG NGHỆ P NÓ ĐANG ĐƯỢC ĐẶT LÊN CHO CHẠY TRÊN CÁI NỀNẢNG LÀ BLOCKCHENN VÀ NÂNG CAO MỘT CHÚT NỮA LÀ VÍ DỤ AI CÓ CÁI ANT THÌ MỚI CÓ THỂ ĐI VÀO ĐƯỢC CÁI VIAGALORI HỌC P A CONCT ĐÓ ĐỂ MÀ	con ngại vi a và thứ hai là cái con ngại vi a nó đang được đặt lên trên chạy trên cái nền tảng là lốc trên và nâng cao một chút nữa là ví dụ ai có cái en ép ti thì mới có thể đi vào được cái vi a ga la ri hoặc vi a con sợt đó để mà.	Công nghệ V a mà thứ hai là cái công nghệ vi a nó đang được đặt lên trên chạy trên cái nền tảng là bờ lóc trên, và nâng cao một chút nữa là ví dụ ai có cái en ép ti thì mới có thể đi vào được cái a gaa ri hoặc Vi a con sart đó để mà.
train	36515	10.10	pseudo_label	cái điều đầu tiên hết là cái cái user của nft việt nam thật ra không nhiều người việt nam chỉ thích là mua thấp bán cao thôi bán thấp vậy	cái điều đầu tiên hết là cáiuer của anúpti việt nam thật ra không nhiều người việt nam chị thích là mùắp báạo cà ơnấp	cái điều đầu tiên hết là cái ser của ant việt nam thật ra không nhiều người việt nam chỉ thích là mua thấp quán cao đ cao b thấp gia	cái điều đầu tiên hết là cái cái ser của anot việt nam thật ra không nhiều người việt nam chỉ thích là mua thấp bán cao cao văn th cho	cái điều đầu tiên hết là cái cái a nhiêu sờ của aướt ti việt nam thật ra không nhiều dạ ờ người việt nam chỉ thích là mua thấp vắng cao thôi mua cao vắng thấp dợ hả	cái điều đầu tiên hết là cái cáiu sờ của em ép ti việt nam thật ra không nhiềuờ người việt nam chỉ thích là mua thấp bán cao thôi âng cao bán thấpạ	CÁI ĐIỀU ĐẦU TIÊN HẾT LÀ CÁIUER CỦA ANÚPTI VIỆT NAM THẬT RA KHÔNG NHIỀU NGƯỜI VIỆT NAM CHỊ THÍCH LÀ MÙẮP BÁẠO CÀ ƠNẤP	CÁI ĐIỀU ĐẦU TIÊN HẾT LÀ CÁI SER CỦA ANT VIỆT NAM THẬT RA KHÔNG NHIỀU NGƯỜI VIỆT NAM CHỈ THÍCH LÀ MUA THẤP QUÁN CAO Đ CAO B THẤP GIA	CÁI ĐIỀU ĐẦU TIÊN HẾT LÀ CÁI CÁI SER CỦA ANOT VIỆT NAM THẬT RA KHÔNG NHIỀU NGƯỜI VIỆT NAM CHỈ THÍCH LÀ MUA THẤP BÁN CAO CAO VĂN TH CHO	cái điều đầu tiên hết là cái cái a nhiêu sờ của aướt ti việt nam thật ra không nhiều dạ ờ người việt nam chỉ thích là mua thấp vắng cao thôi mua cao vắng thấp dợ hả.	Cái điều đầu tiên hết là cái cáiu sờ của em ép ti Việt Nam thật ra không nhiềuỜ người Việt Nam chỉ thích là mua thấp bán cao thôi,âng cao bán thấpạ.
train	36523	13.40	pseudo_label	thời gian đầu thì vì thật sự là dep ra một cái dự án về nfp pl và đặc biệt là mình tự dep trong cái giai đoạn sau này thì bắt đầu sục cốt	thời gian đầu á thì vì thật sự là de ra một cái dự án về anup blofor á và đặc biệt là mình tự đe trong cái giai đoạn sau này thì bắt đầuụ cố	trong thời gian đầu thì vì thật sự là dp ra một cái dự án về an nup b blgform và đặc biệt là mình tự dep trong cái giai đoạn sau này thì bắt đầu sụ cốt	thời gian đầu thì vì thật sự làe ra một cái dự án về ano p blofor và đặc biệt là mình tựe trong một cái giai đoạn sau này thì bắt đầu sụ cố	thời gian đầu á thì à vị thật sự là đáp ra một cái dự án về a neo tiểu lắp phom và đặc biệt là mình tự đáp trong cái giai đoạn sau này thì bắt đầu sụp cốt	những thời gian đầu thì vì thật sự là đép ra một cái dự án về ét tiờ lóc pho và đặc biệt là mình tự đép trong cái giai đoạn sau này thì bắt đầu sụ cốt	THỜI GIAN ĐẦU Á THÌ VÌ THẬT SỰ LÀ DE RA MỘT CÁI DỰ ÁN VỀ ANUP BLOFOR Á VÀ ĐẶC BIỆT LÀ MÌNH TỰ ĐE TRONG CÁI GIAI ĐOẠN SAU NÀY THÌ BẮT ĐẦUỤ CỐ	TRONG THỜI GIAN ĐẦU THÌ VÌ THẬT SỰ LÀ DP RA MỘT CÁI DỰ ÁN VỀ AN NUP B BLGFORM VÀ ĐẶC BIỆT LÀ MÌNH TỰ DEP TRONG CÁI GIAI ĐOẠN SAU NÀY THÌ BẮT ĐẦU SỤ CỐT	THỜI GIAN ĐẦU THÌ VÌ THẬT SỰ LÀE RA MỘT CÁI DỰ ÁN VỀ ANO P BLOFOR VÀ ĐẶC BIỆT LÀ MÌNH TỰE TRONG MỘT CÁI GIAI ĐOẠN SAU NÀY THÌ BẮT ĐẦU SỤ CỐ	thời gian đầu á thì à vị thật sự là đáp ra một cái dự án về a neo tiểu lắp phom và đặc biệt là mình tự đáp trong cái giai đoạn sau này thì bắt đầu sụp cốt.	Những thời gian đầu thì vì thật sự là đép ra một cái dự án về  ét tiờ lóc pho, và đặc biệt là mình tự đép trong cái giai đoạn sau này thì bắt đầu sụ cốt.
train	36528	11.80	pseudo_label	sẵn anh nhấn anh nói web ba anh giải thích luôn web ba cho người nha ok mọi người thì vẫn hay nói là ở web ba web hai nó khác nhau như thế nào thì	ạn anh ngắn anh nóieb ba giải thích l lo web ba choện ok mọi người thì vẫn hay nói là ởeb báeb hai nó khác nhau như thế nào thì	sẵn anh nhắn anh nói web ba d thích l web ba cho nguy ok mọi người thì vẫn hay nó là ở web ba web haiin nó khác nhau như thế nào thì	x anh ngắn anh nói webo anh giải thích luôn web ba cho thậtuy ok mọi người thì vẫn hay nói là ở web ba webf nó khác nhau như thế nào thì	sẵn anh nhấn anh nói goép ba đi anh vợ thích luôn goép ba cho người ở nhà mọi người thì vẫn hay nói là goép ba goép hai nó khác nhau như thế nào thì	sẵn anh nhắn anh nói quét ba đi anh giải thích luôn quét ba cho người nha ô kê à mọi người thì vẫn hay nói là ởwép ba wép hai nó khác nhau như thế nào thì	ẠN ANH NGẮN ANH NÓIEB BA GIẢI THÍCH L LO WEB BA CHOỆN OK MỌI NGƯỜI THÌ VẪN HAY NÓI LÀ ỞEB BÁEB HAI NÓ KHÁC NHAU NHƯ THẾ NÀO THÌ	SẴN ANH NHẮN ANH NÓI WEB BA D THÍCH L WEB BA CHO NGUY OK MỌI NGƯỜI THÌ VẪN HAY NÓ LÀ Ở WEB BA WEB HAIIN NÓ KHÁC NHAU NHƯ THẾ NÀO THÌ	X ANH NGẮN ANH NÓI WEBO ANH GIẢI THÍCH LUÔN WEB BA CHO THẬTUY OK MỌI NGƯỜI THÌ VẪN HAY NÓI LÀ Ở WEB BA WEBF NÓ KHÁC NHAU NHƯ THẾ NÀO THÌ	sẵn anh nhấn anh nói goép ba đi anh vợ thích luôn goép ba cho người ở nhà mọi người thì vẫn hay nói là goép ba goép hai nó khác nhau như thế nào thì.	Sẵn anh nhắn, anh nói quét ba đi, anh giải thích luôn quét ba cho người nha ô kê à mọi người thì vẫn hay nói là ởwép ba,wép hai nó khác nhau như thế nào thì
train	41286	12.40	pseudo_label	thường là umpi hút thuốc điều này những tấm hình dưới hai mươi tuổi dạ điều đó là trái trâu rồi có những điều đó từng hút thuốc uống bia rồi bây giờ sẽ là một chương tiếp theo cuộc đời của mọi người này	còn thì không điều là những rất hình diễn hai mươi dạ đó trên ngoài cái cầu hay có những nhất là tại không phải cũng về rồi bây giờ sẽ là buổiưởng tiếp theo cuộc đời mọi này	là công ty b thúcc điều là những t hình như hai mươi là rất khi mà để ở ch trâu có những cách tính có uống việt rồi bây giờ sẽ là một trường tiếp theo cuộc đời của mọi người này	còn là công ty thuốc đều là những ta hành viên hai mươi thôi dạ đó tin mà điều ch câu rồi có những cái nó tình ph uốngia là bây giờ sẽ là buổi trường tiếp theo cuộc đời mọi người này	thường là ung thư thuốc để điều là những tấm hình dưới hai mươi tấu kí dạ điều đã từng là điều chay trâu đều có những đều đã từng hút thuốc bún bia rồi bây giờ sẽ là một chương tiếp theo cuộc đời mọi người này	v i hút thuốc là nhữngấm hình dưới hai mươi ch trâu đều có những huống thuốcúia rồi bây giờ sẽ là một chương tiếp theo cuộc đời của mọi người này	CÒN THÌ KHÔNG ĐIỀU LÀ NHỮNG RẤT HÌNH DIỄN HAI MƯƠI DẠ ĐÓ TRÊN NGOÀI CÁI CẦU HAY CÓ NHỮNG NHẤT LÀ TẠI KHÔNG PHẢI CŨNG VỀ RỒI BÂY GIỜ SẼ LÀ BUỔIƯỞNG TIẾP THEO CUỘC ĐỜI MỌI NÀY	LÀ CÔNG TY B THÚCC ĐIỀU LÀ NHỮNG T HÌNH NHƯ HAI MƯƠI LÀ RẤT KHI MÀ ĐỂ Ở CH TRÂU CÓ NHỮNG CÁCH TÍNH CÓ UỐNG VIỆT RỒI BÂY GIỜ SẼ LÀ MỘT TRƯỜNG TIẾP THEO CUỘC ĐỜI CỦA MỌI NGƯỜI NÀY	CÒN LÀ CÔNG TY THUỐC ĐỀU LÀ NHỮNG TA HÀNH VIÊN HAI MƯƠI THÔI DẠ ĐÓ TIN MÀ ĐIỀU CH CÂU RỒI CÓ NHỮNG CÁI NÓ TÌNH PH UỐNGIA LÀ BÂY GIỜ SẼ LÀ BUỔI TRƯỜNG TIẾP THEO CUỘC ĐỜI MỌI NGƯỜI NÀY	thường là ung thư thuốc để điều là những tấm hình dưới hai mươi tấu kí dạ điều đã từng là điều chay trâu đều có những đều đã từng hút thuốc bún bia rồi bây giờ sẽ là một chương tiếp theo cuộc đời mọi người này.	V,i hút thuốc là nhữngấm hình dưới hai mươi ch trâu đều có những huống thuốcúia rồi bây giờ sẽ là một chương tiếp theo cuộc đời của mọi người này.
train	41293	11.60	pseudo_label	điều gì khiến anh văn tự hào nhất trong bức ảnh này và siêu năng lực của mình sẽ là gì thì cái giai đoạn này là cái giai đoạn khoảng tầm hai không hai hai cái giai đoạn này cái giai đoạn mà tim	điều gì chuyện anh vọng tự hào nhấtữa ảnh này số phụích gì thì cái giai đoạn anh nghĩa là cái giai đoạn á khoán tầm hai không hai hai cái như tài thế giai đoạn mà tin	điều gì khiến thanh v văn tự hào nhất trong bữa ảnh này và số người chuẩn bị vừa là gì thì cái giai đoạn này là cái giai đoạn khoảng tầm hai không hai hai thì giai đoạn cái giai đoạn mà tim	điều gì khiến thanh văn tự hào nhất trong bức ảnh này là s quyết bị là gì thì cái giai đoạn nghĩa là cái giai là anh khoảng tâmầm ph không hai hai kiểu như vậy cái giai đoạn mà tin	điều gì khiến anh văn tự hào nhất trong bức ảnh này và siêu năng lực của mình rất là gì thì cái giai đoạn này là cái giai đoạn phản tầm mà hai không hai hai cái giai đoạn này là cái giai đoạn mà tim	điều gì khiến anh v văn tự hào nhất trong bức ảnh này và siêu năng lực của mình sẽ là gì ì cái giai đoạn này là cái giai đoạn khoảng tầm hai nghìn không hai hai cái giai đoạn này là cái giai đoạn mà tim	ĐIỀU GÌ CHUYỆN ANH VỌNG TỰ HÀO NHẤTỮA ẢNH NÀY SỐ PHỤÍCH GÌ THÌ CÁI GIAI ĐOẠN ANH NGHĨA LÀ CÁI GIAI ĐOẠN Á KHOÁN TẦM HAI KHÔNG HAI HAI CÁI NHƯ TÀI THẾ GIAI ĐOẠN MÀ TIN	ĐIỀU GÌ KHIẾN THANH V VĂN TỰ HÀO NHẤT TRONG BỮA ẢNH NÀY VÀ SỐ NGƯỜI CHUẨN BỊ VỪA LÀ GÌ THÌ CÁI GIAI ĐOẠN NÀY LÀ CÁI GIAI ĐOẠN KHOẢNG TẦM HAI KHÔNG HAI HAI THÌ GIAI ĐOẠN CÁI GIAI ĐOẠN MÀ TIM	ĐIỀU GÌ KHIẾN THANH VĂN TỰ HÀO NHẤT TRONG BỨC ẢNH NÀY LÀ S QUYẾT BỊ LÀ GÌ THÌ CÁI GIAI ĐOẠN NGHĨA LÀ CÁI GIAI LÀ ANH KHOẢNG TÂMẦM PH KHÔNG HAI HAI KIỂU NHƯ VẬY CÁI GIAI ĐOẠN MÀ TIN	điều gì khiến anh văn tự hào nhất trong bức ảnh này và siêu năng lực của mình rất là gì thì cái giai đoạn này là cái giai đoạn phản tầm mà hai không hai hai cái giai đoạn này là cái giai đoạn mà tim.	Điều gì khiến anh V văn tự hào nhất trong bức ảnh này và siêu năng lực của mình sẽ là gì?ì cái giai đoạn này là cái giai đoạn khoảng tầm hai nghìn không hai hai? cái giai đoạn này là cái giai đoạn mà tim?
train	41294	12.40	pseudo_label	team tech của việc xem là đông nhất thì hồi đó giờ là anh chưa có kinh nghiệm trong vai trò quản lý một cái team lớn như vậy chỉ có đa số hai ba bạn thôi thì anh nghĩ đó cũng là một cái điều anh tự hào ở đây	cái te của vi là nó nhất thì hồi nói giờ anh chưa có có kinh nghiệm trên vai trò quản lý là cáiam mà lớn như vậy chỉ nó đa số hai mà bản anh nghĩ đó của một cái điều anh tựào ở đây	kim khách của việc xí là năm nhất thì hồi nói giờ anh chưa có có kinh nghiệm cái vai ch quản lý một cái team mà lớn như như vậy chỉ là đ số hai và bạn không thì nghĩ đó cũng một cái điệu anh tự ra ở đây	k thch của vi x là đông nhất thì hồi nói giờ anh chưa có có kinh nghiệm nhưng vai châu quản lý là cái te mà lớn như vậy chỉ đa số hai ba bạn kho anh nghĩ đó cũng là cái điều anh tự hào ở đây	tim thắt của việc xe là đông nhất thì hồi đó giờ anh chưa có có kinh nghiệm trên vai trò quản lý một cái phim mà lớn như vậy chỉ đỡ số hai ba bạn thôi thì anh nghĩ đó cũng là một cái điều anh tự hào ở đây	ti thắc của việcê ra đông nhất thì hồi đó giờ anh chưa có có kinh nghiệm trên vai trò quản lý một cái sim mà lớn như vậy chỉ đó đa số hai bả bạn của anh để nghị đó có một cái điều anh tự hào ở đây	CÁI TE CỦA VI LÀ NÓ NHẤT THÌ HỒI NÓI GIỜ ANH CHƯA CÓ CÓ KINH NGHIỆM TRÊN VAI TRÒ QUẢN LÝ LÀ CÁIAM MÀ LỚN NHƯ VẬY CHỈ NÓ ĐA SỐ HAI MÀ BẢN ANH NGHĨ ĐÓ CỦA MỘT CÁI ĐIỀU ANH TỰÀO Ở ĐÂY	KIM KHÁCH CỦA VIỆC XÍ LÀ NĂM NHẤT THÌ HỒI NÓI GIỜ ANH CHƯA CÓ CÓ KINH NGHIỆM CÁI VAI CH QUẢN LÝ MỘT CÁI TEAM MÀ LỚN NHƯ NHƯ VẬY CHỈ LÀ Đ SỐ HAI VÀ BẠN KHÔNG THÌ NGHĨ ĐÓ CŨNG MỘT CÁI ĐIỆU ANH TỰ RA Ở ĐÂY	K THCH CỦA VI X LÀ ĐÔNG NHẤT THÌ HỒI NÓI GIỜ ANH CHƯA CÓ CÓ KINH NGHIỆM NHƯNG VAI CHÂU QUẢN LÝ LÀ CÁI TE MÀ LỚN NHƯ VẬY CHỈ ĐA SỐ HAI BA BẠN KHO ANH NGHĨ ĐÓ CŨNG LÀ CÁI ĐIỀU ANH TỰ HÀO Ở ĐÂY	tim thắt của việc xe là đông nhất thì hồi đó giờ anh chưa có có kinh nghiệm trên vai trò quản lý một cái phim mà lớn như vậy chỉ đỡ số hai ba bạn thôi thì anh nghĩ đó cũng là một cái điều anh tự hào ở đây.	Ti thắc của việcê ra đông nhất thì hồi đó giờ anh chưa có có kinh nghiệm trên vai trò quản lý một cái sim mà lớn như vậy, chỉ đó đa số hai bả bạn của anh để nghị đó có một cái điều anh tự hào ở đây.
train	41303	13.10	pseudo_label	mình bật mẹ mình luôn chưa bật con mình chưa bao nhiêu bật mẹ mình vài lần trong khoảng hai mươi ngày nay rồi những ngày gần đây thì mình bắt đầu kiềm lại mình thấy nó là	mình bậ mẽ mình luôn chưa bỏ con mình có quê mình chưa đâu nhưng nhưng bậẽ em bậ m mẹ mìnhài lần trong khoảng hai mươi nhà rồi những ngày g gần này cho mình bắt đầu kè lại mình thấy nó là	mình bật mẹ mình luôn chưa b con mình cô kh mình chưa là g nhưng mình bật v b vật mẹ mình vài lần trong khoảng hai mươi ngày này rồi những ngày gần này thì mình bắt đầu kè lại mình thấy nó là	mình vật mẽ mình luôn chưa bắt con mà mình chưa ở đó nhưng mà mình bật và b vật m mẹ mình vài lần trong khoảng hai mươi nhà nào những ngày gần đây thì mình bắt đầu k lại mình thấy nó là	mình bật mẹ mình luôn chưa bật con mình mình cô biết mình chưa bật câu mình bật mẹ mình bật mẹ mình vài lần trong khoảng hai mươi ngày nay rồi những ngày gần đây thì mình bắt đầu kìm lại mình thấy nó là	mình bật mẹ mình luôn chưa bật con mình mình chưa có anh mình bật về em mình bật mẹ mình một vài lần trong khoảng hai mươi ngày nay rồi những ngày gần đây thì mình bắt đầu kìm lại mình thấy nó là	MÌNH BẬ MẼ MÌNH LUÔN CHƯA BỎ CON MÌNH CÓ QUÊ MÌNH CHƯA ĐÂU NHƯNG NHƯNG BẬẼ EM BẬ M MẸ MÌNHÀI LẦN TRONG KHOẢNG HAI MƯƠI NHÀ RỒI NHỮNG NGÀY G GẦN NÀY CHO MÌNH BẮT ĐẦU KÈ LẠI MÌNH THẤY NÓ LÀ	MÌNH BẬT MẸ MÌNH LUÔN CHƯA B CON MÌNH CÔ KH MÌNH CHƯA LÀ G NHƯNG MÌNH BẬT V B VẬT MẸ MÌNH VÀI LẦN TRONG KHOẢNG HAI MƯƠI NGÀY NÀY RỒI NHỮNG NGÀY GẦN NÀY THÌ MÌNH BẮT ĐẦU KÈ LẠI MÌNH THẤY NÓ LÀ	MÌNH VẬT MẼ MÌNH LUÔN CHƯA BẮT CON MÀ MÌNH CHƯA Ở ĐÓ NHƯNG MÀ MÌNH BẬT VÀ B VẬT M MẸ MÌNH VÀI LẦN TRONG KHOẢNG HAI MƯƠI NHÀ NÀO NHỮNG NGÀY GẦN ĐÂY THÌ MÌNH BẮT ĐẦU K LẠI MÌNH THẤY NÓ LÀ	mình bật mẹ mình luôn chưa bật con mình mình cô biết mình chưa bật câu mình bật mẹ mình bật mẹ mình vài lần trong khoảng hai mươi ngày nay rồi những ngày gần đây thì mình bắt đầu kìm lại mình thấy nó là.	Mình bật mẹ mình luôn chưa bật con mình, mình chưa có anh mình bật về em mình bật mẹ mình một vài lần trong khoảng hai mươi ngày nay rồi, những ngày gần đây thì mình bắt đầu kìm lại, mình thấy nó là.
train	41305	10.90	pseudo_label	không một cánh tay nào giơ lên với anh thì nó không mất đi đâu cả khi mà có rồi nó chỉ cất đi thôi mình ưu tiên những cái khác thôi mà khi cần thì nó vẫn sẽ vẫn sẽ ở đó có gia đình là có thêm chứ không có mất đi	không một tr chuyện tạiọ giờ l với anh thì nó không mất đi đâu khi mà có rồi nó chỉất đi thôi mìnhu tiền những cái khác thôi mà khi cần thì nó vẫn sẽ cũng sợ ở đó có gia đình lại có thêm chứ không có mất đi	không một cảnh tayây nào d liền với anh thì nó không mất đi đâu khi mà có rồi nó chỉ cất đi thôi mình tiên những cái khác thôi mà khi cần thì nó vẫn sẽ vẫn sợ ở đó có gia đình là có thêm chứ không có mất đi	không một cả tay nào d lên với anh thì nó không mất đi đâu khi mà có rồi nó chỉ cất đi thôi mìnhưu tiên những cái khác thôi mà khi cần thì nó vẫn sẽ vẫn sợ ở đó có gia đình là có thêm chứ không có mất đi	không một cạnh tay nào giơ lên với anh thì nó không mất đi rồi ạ khi mà có rồi nó chỉ cất đi thôi mình ưu tiên những cái khác thôi mà khi cần thì nó vẫn sẽ vẫn sẽ ở đó có gia đình là có thêm chứ không có mất đi	không một cánh tay nào giơ l lên với anh thì nó không mất đi đâu khi mà có rồi nó chỉ cất đi thôi mình ưu tiên những cái khác thôi mà khi cần thì nó vẫn sẽ vẫn sẽ ở đó có gia đình là có thêm chứ không có mất đi	KHÔNG MỘT TR CHUYỆN TẠIỌ GIỜ L VỚI ANH THÌ NÓ KHÔNG MẤT ĐI ĐÂU KHI MÀ CÓ RỒI NÓ CHỈẤT ĐI THÔI MÌNHU TIỀN NHỮNG CÁI KHÁC THÔI MÀ KHI CẦN THÌ NÓ VẪN SẼ CŨNG SỢ Ở ĐÓ CÓ GIA ĐÌNH LẠI CÓ THÊM CHỨ KHÔNG CÓ MẤT ĐI	KHÔNG MỘT CẢNH TAYÂY NÀO D LIỀN VỚI ANH THÌ NÓ KHÔNG MẤT ĐI ĐÂU KHI MÀ CÓ RỒI NÓ CHỈ CẤT ĐI THÔI MÌNH  TIÊN NHỮNG CÁI KHÁC THÔI MÀ KHI CẦN THÌ NÓ VẪN SẼ VẪN SỢ Ở ĐÓ CÓ GIA ĐÌNH LÀ CÓ THÊM CHỨ KHÔNG CÓ MẤT ĐI	KHÔNG MỘT CẢ TAY NÀO D LÊN VỚI ANH THÌ NÓ KHÔNG MẤT ĐI ĐÂU KHI MÀ CÓ RỒI NÓ CHỈ CẤT ĐI THÔI MÌNHƯU TIÊN NHỮNG CÁI KHÁC THÔI MÀ KHI CẦN THÌ NÓ VẪN SẼ VẪN SỢ Ở ĐÓ CÓ GIA ĐÌNH LÀ CÓ THÊM CHỨ KHÔNG CÓ MẤT ĐI	không một cạnh tay nào giơ lên với anh thì nó không mất đi rồi ạ khi mà có rồi nó chỉ cất đi thôi mình ưu tiên những cái khác thôi mà khi cần thì nó vẫn sẽ vẫn sẽ ở đó có gia đình là có thêm chứ không có mất đi.	Không một cánh tay nào giơ l lên, với anh thì nó không mất đi đâu, Khi mà có rồi, nó chỉ cất đi thôi, mình ưu tiên những cái khác thôi, mà khi cần thì nó vẫn sẽ vẫn sẽ ở đó, có gia đình là có thêm chứ không có mất đi.
train	41312	15.00	pseudo_label	ở nhà và quán xuyến gia đình và giữ tiền nhà mình mình suy nghĩ một chút về mặt giới hạn khi mà có gia đình liệu mình sẽ có một số cái hành động mình muốn nhưng mà mình không thể làm được huy muốn ra nước ngoài huy làm nhưng mà huy đang có vợ đang có con	ở nhàảnến gia đình và điều tiền mình mình suy nghĩ một chút về mặt giới hạn nha khi mà có gia đình giữ mình sẽ có một số cái hành động mìnhu nhưng mà mình không thể làm được vì muốn ra nó ngoài người lại nhưng mà hơi đây có ver đang có con	ở nhà quán sá gia đình và giữ tiền thì mình mình suy nghĩ một chút về mặt giới hạn á khi mà có gia đình liệu mình sẽ có một số cái hành động mình muốn nhưng mà mình không thể làm được thì muốnôn ra nước ngoài vậy lại nhưng mà huy đang có vợ đang có con	ở nhà qu x gia đình và giữ tiền thì mình mình suy nghĩ một chút về mặt giới hạn á khi mà có gia đình liệu mình sẽ có một số cái hành động mình muốn nhưng mà mình không thể làm được thì muốn ra nước ngoài về lại nhưng mà người đây có vở đang có con	ở nhà quán xuyến gia đình và giữ tiền hiện mình mình sẽ nghĩ một chút về mặt giới hạn nhé khi mà có gia đình liệu mình sẽ có một số cái hành động mình muốn nhưng mà mình không thể làm được huy muốn ra nước ngoài huy là nhưng mà huy đang có vợ đang có con	ở nhà và quán xuyến gia đình và giữ tiền nhà mình mình suy nghĩ một chút về mặt giới hạn khi mà có gia đình liệu mình sẽ có một số cái hành động mình muốn nhưng mà mình không thể làm được huy muốn ra nước ngoài hay làm nhưng mà huy đang có vợ đang có con	Ở NHÀẢNẾN GIA ĐÌNH VÀ ĐIỀU TIỀN MÌNH MÌNH SUY NGHĨ MỘT CHÚT VỀ MẶT GIỚI HẠN NHA KHI MÀ CÓ GIA ĐÌNH GIỮ MÌNH SẼ CÓ MỘT SỐ CÁI HÀNH ĐỘNG MÌNHU NHƯNG MÀ MÌNH KHÔNG THỂ LÀM ĐƯỢC VÌ MUỐN RA NÓ NGOÀI NGƯỜI LẠI NHƯNG MÀ HƠI ĐÂY CÓ VER ĐANG CÓ CON	Ở NHÀ QUÁN SÁ GIA ĐÌNH VÀ GIỮ TIỀN THÌ MÌNH MÌNH SUY NGHĨ MỘT CHÚT VỀ MẶT GIỚI HẠN Á KHI MÀ CÓ GIA ĐÌNH LIỆU MÌNH SẼ CÓ MỘT SỐ CÁI HÀNH ĐỘNG MÌNH MUỐN NHƯNG MÀ MÌNH KHÔNG THỂ LÀM ĐƯỢC THÌ MUỐNÔN RA NƯỚC NGOÀI VẬY LẠI NHƯNG MÀ HUY ĐANG CÓ VỢ ĐANG CÓ CON	Ở NHÀ QU X GIA ĐÌNH VÀ GIỮ TIỀN THÌ MÌNH MÌNH SUY NGHĨ MỘT CHÚT VỀ MẶT GIỚI HẠN Á KHI MÀ CÓ GIA ĐÌNH LIỆU MÌNH SẼ CÓ MỘT SỐ CÁI HÀNH ĐỘNG MÌNH MUỐN NHƯNG MÀ MÌNH KHÔNG THỂ LÀM ĐƯỢC THÌ MUỐN RA NƯỚC NGOÀI VỀ LẠI NHƯNG MÀ NGƯỜI ĐÂY CÓ VỞ ĐANG CÓ CON	ở nhà quán xuyến gia đình và giữ tiền hiện mình mình sẽ nghĩ một chút về mặt giới hạn nhé khi mà có gia đình liệu mình sẽ có một số cái hành động mình muốn nhưng mà mình không thể làm được huy muốn ra nước ngoài huy là nhưng mà huy đang có vợ đang có con.	Ở nhà và quán xuyến, gia đình và giữ tiền nhà mình, mình suy nghĩ một chút về mặt giới hạn, khi mà có gia đình, liệu mình sẽ có một số cái hành động mình muốn, nhưng mà mình không thể làm được Huy muốn ra nước ngoài hay làm, nhưng mà huy đang có vợ, đang có con.
train	41313	14.40	pseudo_label	và vợ con huy đang mong muốn một cuộc sống ổn định thì liệu đó có phải là giới hạn đối với những cái việc mà mình đang mong muốn để phát triển năng lực hay không về bản chất nếu như mình đang không có vợ con mình đang chỉ là mình thôi thì mình hoàn toàn có thể có những cái sự lựa chọn	và họ cóuy đang mong muốn một cuộc sống ổ định thì liệu đó có phải là giới hạn đối với những cái việc mà mình đang mong muốn thể điểm lượng vì bản chất nếu như mình đang không có vợ con mình đang chỉ là mình thôi thì mình hoàn toàn có thể có những cái sự lựa chọn	và gọi con huy đang mong muốn một cuộc sống ổn định thì liệu đó có phải là giới hạn đối với những cái việc mà mình đang mong muốn thể hiện năng lượng không về bản chất nếu như mình đang không có vợ con mình đang chỉ là mình thôi thì mình hoàn toàn có thể có những cái sự lựa chọn	và gọi có huy đang mong muốn một cuộc sống ổ định thì liệu đó có phải là giới hạn đối với những cái việc mà mình đang mong thích người hay không về bản chất nếu như mình đang không có vở con mình đang chỉ là mình thôi thì mình hoàn toàn có thể có những cái sự lựa chọn	và vợ con khi đang mong muốn một cuộc sống ổn định thì liệu đó có phải là giới hạn đối với những cái việc mà mình đang mong muốn tác động hơn không về bản chất nếu như mình đang không có vợ con mình đang chỉ là mình thôi thì mình hoàn toàn có thể có những sự lựa chọn	và vợ con huy đang mong muốn một cuộc sống ổn định thì liệu đó có phải là giới hạn đối với những cái việc mà mình đang mong muốn phát triển năng lượng hay không ề bản chất nếu như mình đang không có vợ con mình đang chỉ là mình thôi thì mình hoàn toàn có thể có những cái sự lựa chọn	VÀ HỌ CÓUY ĐANG MONG MUỐN MỘT CUỘC SỐNG Ổ ĐỊNH THÌ LIỆU ĐÓ CÓ PHẢI LÀ GIỚI HẠN ĐỐI VỚI NHỮNG CÁI VIỆC MÀ MÌNH ĐANG MONG MUỐN THỂ ĐIỂM LƯỢNG VÌ BẢN CHẤT NẾU NHƯ MÌNH ĐANG KHÔNG CÓ VỢ CON MÌNH ĐANG CHỈ LÀ MÌNH THÔI THÌ MÌNH HOÀN TOÀN CÓ THỂ CÓ NHỮNG CÁI SỰ LỰA CHỌN	VÀ GỌI CON HUY ĐANG MONG MUỐN MỘT CUỘC SỐNG ỔN ĐỊNH THÌ LIỆU ĐÓ CÓ PHẢI LÀ GIỚI HẠN ĐỐI VỚI NHỮNG CÁI VIỆC MÀ MÌNH ĐANG MONG MUỐN THỂ HIỆN NĂNG LƯỢNG KHÔNG VỀ BẢN CHẤT NẾU NHƯ MÌNH ĐANG KHÔNG CÓ VỢ CON MÌNH ĐANG CHỈ LÀ MÌNH THÔI THÌ MÌNH HOÀN TOÀN CÓ THỂ CÓ NHỮNG CÁI SỰ LỰA CHỌN	VÀ GỌI CÓ HUY ĐANG MONG MUỐN MỘT CUỘC SỐNG Ổ ĐỊNH THÌ LIỆU ĐÓ CÓ PHẢI LÀ GIỚI HẠN ĐỐI VỚI NHỮNG CÁI VIỆC MÀ MÌNH ĐANG MONG THÍCH NGƯỜI HAY KHÔNG VỀ BẢN CHẤT NẾU NHƯ MÌNH ĐANG KHÔNG CÓ VỞ CON MÌNH ĐANG CHỈ LÀ MÌNH THÔI THÌ MÌNH HOÀN TOÀN CÓ THỂ CÓ NHỮNG CÁI SỰ LỰA CHỌN	và vợ con khi đang mong muốn một cuộc sống ổn định thì liệu đó có phải là giới hạn đối với những cái việc mà mình đang mong muốn tác động hơn không về bản chất nếu như mình đang không có vợ con mình đang chỉ là mình thôi thì mình hoàn toàn có thể có những sự lựa chọn.	Và vợ con Huy đang mong muốn một cuộc sống ổn định thì liệu đó có phải là giới hạn đối với những cái việc mà mình đang mong muốn phát triển năng lượng hay không?ề bản chất, nếu như mình đang không có vợ con, mình đang chỉ là mình thôi, thì mình hoàn toàn có thể có những cái sự lựa chọn.
train	5328	14.10	pseudo_label	là sẽ tập trung tốt hơn khi mà làm những công việc quan trọng vào buổi sáng cho nên là đến bây giờ thì mình chuyển hoàn toàn sang là các công việc quan trọng thì có lẽ là làm vào buổi sáng và dậy sớm để làm được việc đấy thì muốn dậy sớm thì chắc chắn là không thể nào thức khuya được rồi	và sẽ tập trung tốt hơn khi mà làm những cái công việc quan trọng của buổi sáng cho nên là đến bây giờ thì mình chuyển hoàn toàn chắc là các công việc quan trọng thì có lẽ là là làm khoảng buổi sáng và ra sử để làm được việc đấy thì bố hệ sớm thì chắc chắn là không thể đóúc này được rồi	là sẽ tập trung tốt hơn khi mà làm những cái công việc quan trọng vào buổi sáng cho nên là đến bây giờ thì mình chuyển hoàn toàn rằng là các công việc quan trọng thì có lẽ là làm vòng buổi sáng và dạyớ để làm được việc đấy thì một d sớm thì chắc chắn là không thể đó thúc quy được rồi	là sẽ tập trung tốt hơn khi mà làm những cái công việc quan trọng của buổi sáng cho nên là đến bây giờ thì mình chuyển hoàn toàn rằng là các công việc quan trọng thì có lẽ là là là khoảng buổi sáng và tại sao để làm được việc đấy thì bố dễ sớm thì chắc chắn là không thể nào thúc lên được rồi	là sẽ tập trung tốt hơn khi mà làm những công việc quan trọng vào buổi sáng cho nên là đến bây giờ thì mình chuyển hoàn toàn sang là các công việc quan trọng thì có lẽ là là làm vào buổi sáng và dậy sớm để làm được việc đấy thì muốn dậy sớm thì chắc chắn là không thể nào thuyết huyền được rồi	là là sẽ tập trung tốt hơn khi mà làm những cái công việc quan trọng ở buổi sáng cho nên là đến bây giờ thì mình chuyển hoàn toàn rằng là các công việc quan trọng thì có lẽ là là làm vào buổi sáng và dậy sớm để làm được việc đấy thì muốn dậy sớm thì chắc chắn là không thể nào thức quyền được rồi	VÀ SẼ TẬP TRUNG TỐT HƠN KHI MÀ LÀM NHỮNG CÁI CÔNG VIỆC QUAN TRỌNG CỦA BUỔI SÁNG CHO NÊN LÀ ĐẾN BÂY GIỜ THÌ MÌNH CHUYỂN HOÀN TOÀN CHẮC LÀ CÁC CÔNG VIỆC QUAN TRỌNG THÌ CÓ LẼ LÀ LÀ LÀM KHOẢNG BUỔI SÁNG VÀ RA SỬ ĐỂ LÀM ĐƯỢC VIỆC ĐẤY THÌ BỐ HỆ SỚM THÌ CHẮC CHẮN LÀ KHÔNG THỂ ĐÓÚC NÀY ĐƯỢC RỒI	LÀ SẼ TẬP TRUNG TỐT HƠN KHI MÀ LÀM NHỮNG CÁI CÔNG VIỆC QUAN TRỌNG VÀO BUỔI SÁNG CHO NÊN LÀ ĐẾN BÂY GIỜ THÌ MÌNH CHUYỂN HOÀN TOÀN RẰNG LÀ CÁC CÔNG VIỆC QUAN TRỌNG THÌ CÓ LẼ LÀ LÀM VÒNG BUỔI SÁNG VÀ DẠYỚ ĐỂ LÀM ĐƯỢC VIỆC ĐẤY THÌ MỘT D SỚM THÌ CHẮC CHẮN LÀ KHÔNG THỂ ĐÓ THÚC QUY ĐƯỢC RỒI	LÀ SẼ TẬP TRUNG TỐT HƠN KHI MÀ LÀM NHỮNG CÁI CÔNG VIỆC QUAN TRỌNG CỦA BUỔI SÁNG CHO NÊN LÀ ĐẾN BÂY GIỜ THÌ MÌNH CHUYỂN HOÀN TOÀN RẰNG LÀ CÁC CÔNG VIỆC QUAN TRỌNG THÌ CÓ LẼ LÀ LÀ LÀ KHOẢNG BUỔI SÁNG VÀ TẠI SAO ĐỂ LÀM ĐƯỢC VIỆC ĐẤY THÌ BỐ DỄ SỚM THÌ CHẮC CHẮN LÀ KHÔNG THỂ NÀO THÚC LÊN ĐƯỢC RỒI	là sẽ tập trung tốt hơn khi mà làm những công việc quan trọng vào buổi sáng cho nên là đến bây giờ thì mình chuyển hoàn toàn sang là các công việc quan trọng thì có lẽ là là làm vào buổi sáng và dậy sớm để làm được việc đấy thì muốn dậy sớm thì chắc chắn là không thể nào thuyết huyền được rồi.	Là là sẽ tập trung tốt hơn khi mà làm những cái công việc quan trọng ở buổi sáng, cho nên là đến bây giờ thì mình chuyển hoàn toàn rằng là các công việc quan trọng thì có lẽ là là làm vào buổi sáng, và dậy sớm để làm được việc đấy, thì muốn dậy sớm thì chắc chắn là không thể nào thức quyền được rồi.
train	41460	15.00	pseudo_label	thì người ta tại thời điểm đấy thì nó còn khá là mới và gần như là cứ học là cảm thấy đam mê cứ học mặc dù gì đó thì đều cảm thấy rất là rất là thích thú với những gì mà mình được xem mình được thấy thì mình là một cái người mà rất là thích lập trình hồi đấy thì cảm giác là mình	thì người ta sẽ ta thể đấy thì nó còn khá là mới và gần như là cứ học là cảm thấyam mê ha mặc có gì đó thì đều cảm thấy rất là rất là thích thú với những gì mà mình được xem mình được thầy thì mình là một cái người mà rất là thíchận trình đâu đấy những cảm giác là mình	thì người ta sẽ tại thể đấy thì nó còn khá là mới và gần như là cứ hoặc là cảm thấy đam mê mặc một gì đó thì đều cảm thấy rất là rất là thích thú với những gì mà mình được xem mình thấy thì mình là một cái người mà rất là tích c trình thôi đấy thì cảm giác là mình	thì người ta tác d đấy thì nó còn khá là mới và gần như là cứ thật là cảm thấy đam mê th mặc một gì đó thì đều cảm thấy rất là rất là thích thú với những gì mà mình được xem mình thấy thì mình là một cái người mà rất là thích tập trình thôi đấy thì cảm giác là mình hợp	ờ thì hôm nay tại hệ miễn đấy thì nó còn khá là mới và à gần như là cứ học là cảm thấy đam mê cứ học hoặc cái gì đó thì để mình cảm thấy rất là rất là thích thú với những gì mà mình được xem mình được thấy à thì mình là một cái người mà rất là thích lập trình thôi đấy thì cảm giác là ờ mình lập	ờ thì tại thời điểm đấy thì nó còn khá là mới và gần như là cứ học là cảm thấy đam mê học mặc một gì đó thì đều cảm thấy rất là rất là thích thú với cả những gì mà mình được xem mình được thấy thì mình là một cái người mà rất là thích lập trình đấy thì cảm giác là mình lập	THÌ NGƯỜI TA SẼ TA THỂ ĐẤY THÌ NÓ CÒN KHÁ LÀ MỚI VÀ GẦN NHƯ LÀ CỨ HỌC LÀ CẢM THẤYAM MÊ HA MẶC CÓ GÌ ĐÓ THÌ ĐỀU CẢM THẤY RẤT LÀ RẤT LÀ THÍCH THÚ VỚI NHỮNG GÌ MÀ MÌNH ĐƯỢC XEM MÌNH ĐƯỢC THẦY THÌ MÌNH LÀ MỘT CÁI NGƯỜI MÀ RẤT LÀ THÍCHẬN TRÌNH ĐÂU ĐẤY NHỮNG CẢM GIÁC LÀ MÌNH	THÌ NGƯỜI TA SẼ TẠI THỂ ĐẤY THÌ NÓ CÒN KHÁ LÀ MỚI VÀ GẦN NHƯ LÀ CỨ HOẶC LÀ CẢM THẤY ĐAM MÊ MẶC MỘT GÌ ĐÓ THÌ ĐỀU CẢM THẤY RẤT LÀ RẤT LÀ THÍCH THÚ VỚI NHỮNG GÌ MÀ MÌNH ĐƯỢC XEM MÌNH THẤY THÌ MÌNH LÀ MỘT CÁI NGƯỜI MÀ RẤT LÀ TÍCH C TRÌNH THÔI ĐẤY THÌ CẢM GIÁC LÀ MÌNH	THÌ NGƯỜI TA TÁC D ĐẤY THÌ NÓ CÒN KHÁ LÀ MỚI VÀ GẦN NHƯ LÀ CỨ THẬT LÀ CẢM THẤY ĐAM MÊ TH MẶC MỘT GÌ ĐÓ THÌ ĐỀU CẢM THẤY RẤT LÀ RẤT LÀ THÍCH THÚ VỚI NHỮNG GÌ MÀ MÌNH ĐƯỢC XEM MÌNH THẤY THÌ MÌNH LÀ MỘT CÁI NGƯỜI MÀ RẤT LÀ THÍCH TẬP TRÌNH THÔI ĐẤY THÌ CẢM GIÁC LÀ MÌNH HỢP	ờ thì hôm nay tại hệ miễn đấy thì nó còn khá là mới và à gần như là cứ học là cảm thấy đam mê cứ học hoặc cái gì đó thì để mình cảm thấy rất là rất là thích thú với những gì mà mình được xem mình được thấy à thì mình là một cái người mà rất là thích lập trình thôi đấy thì cảm giác là ờ mình lập.	Ờ thì tại thời điểm đấy thì nó còn khá là mới, và gần như là cứ học là cảm thấy đam mê, học mặc một gì đó thì đều cảm thấy rất là rất là thích thú với cả những gì mà mình được xem, mình được thấy thì mình là một cái người mà rất là thích lập trình, đấy thì cảm giác là mình lập.
train	41481	14.80	pseudo_label	thì tiếp tục lên và đến bây giờ thì nó là câu chuyện của bảy trăm người thì câu chuyện bảy trăm người bây giờ nó lại là làm sao để chúng ta có thể lên được một nghìn người và cái bài toán teaming point tại thời điểm hiện tại thì mọi người đều đang nhìn thấy là làm sao chúng ta có thể giải quyết được những cái thách thức	thì thì tiếp tục lên và đến bây giờ thì đó là câu chuyện có bảy trăm người thì câu chuyện bảy trong người bây giờ nó đang là làm sao để chúng ta vào thứ đây được một nghìn người và cái bài bán thì cáiittia thôi tại từ hiện tại thì một người liệu ta mình thấy là làm sao chúng ta có thể giải quyết được những cái thá thức	ờ thì thì tiếp tục lên và đến bây giờ thì nó là câu chuyện khoảng bảy trăm mươi thì câu trước bảy trăm ngườiư bây giờ nó lại là làm sao để chúng ta có thể đâyem được một nghìn người và cái bài cố bán cái pipinpoin tại thời điểm tại mọi người liệu ra nhìn thấy là làm sao chúng ta có thể giải quyết được những cái thách thức	thì thì tiếp tục lên và đến bây giờ thì nó là câu chuyện là khoảng bảy trăm người những câu chuyện bảy trăm người bây giờ nó lại là làm sao để chúng ta có thể đây là một nghìn ng người và cái bài cốán thì cái titinin thôi tại thời hiện tại mọi người đều ta nhìn thấy là làm sao chúng ta có thể giải quyết được những cái thách thức	ờ thì thì tiếp tục lên và đến bây giờ thì đó là câu chuyện ờ của bảy trăm người thì câu chuyện bảy trăm người bây giờ nó lại là làm sao để chúng ta có thể lên được một nghìn người ờ và cái bài toán cái cái cái tít pin poi tại điển tại thì mọi người đều đang nhìn thấy là làm sao chúng ta có thể giải quyết được những cái thách thức	ờ thì thì tiếp tục lên và đến bây giờ thì đó là câu chuyệnẩ bảy trăm người thì câu chuyện bảy trăm người bây giờ nó lại là làm sao để chúng ta có thể thấy là một nghìn ngườiờ và cái bài toán cái cái tí pin po tại thời điểm tại thì mọi người đang nhìn thấy là làm sao chúng ta có thể giải quyết được những cái thách thức	THÌ THÌ TIẾP TỤC LÊN VÀ ĐẾN BÂY GIỜ THÌ ĐÓ LÀ CÂU CHUYỆN CÓ BẢY TRĂM NGƯỜI THÌ CÂU CHUYỆN BẢY TRONG NGƯỜI BÂY GIỜ NÓ ĐANG LÀ LÀM SAO ĐỂ CHÚNG TA VÀO THỨ ĐÂY ĐƯỢC MỘT NGHÌN NGƯỜI VÀ CÁI BÀI BÁN THÌ CÁIITTIA THÔI TẠI TỪ HIỆN TẠI THÌ MỘT NGƯỜI LIỆU TA MÌNH THẤY LÀ LÀM SAO CHÚNG TA CÓ THỂ GIẢI QUYẾT ĐƯỢC NHỮNG CÁI THÁ THỨC	Ờ THÌ THÌ TIẾP TỤC LÊN VÀ ĐẾN BÂY GIỜ THÌ NÓ LÀ CÂU CHUYỆN KHOẢNG BẢY TRĂM MƯƠI THÌ CÂU TRƯỚC BẢY TRĂM NGƯỜIƯ BÂY GIỜ NÓ LẠI LÀ LÀM SAO ĐỂ CHÚNG TA CÓ THỂ ĐÂYEM ĐƯỢC MỘT NGHÌN NGƯỜI VÀ CÁI BÀI CỐ BÁN CÁI PIPINPOIN TẠI THỜI ĐIỂM TẠI MỌI NGƯỜI LIỆU RA NHÌN THẤY LÀ LÀM SAO CHÚNG TA CÓ THỂ GIẢI QUYẾT ĐƯỢC NHỮNG CÁI THÁCH THỨC	THÌ THÌ TIẾP TỤC LÊN VÀ ĐẾN BÂY GIỜ THÌ NÓ LÀ CÂU CHUYỆN LÀ KHOẢNG BẢY TRĂM NGƯỜI NHỮNG CÂU CHUYỆN BẢY TRĂM NGƯỜI BÂY GIỜ NÓ LẠI LÀ LÀM SAO ĐỂ CHÚNG TA CÓ THỂ ĐÂY LÀ MỘT NGHÌN NG NGƯỜI VÀ CÁI BÀI CỐÁN THÌ CÁI TITININ THÔI TẠI THỜI HIỆN TẠI MỌI NGƯỜI ĐỀU TA NHÌN THẤY LÀ LÀM SAO CHÚNG TA CÓ THỂ GIẢI QUYẾT ĐƯỢC NHỮNG CÁI THÁCH THỨC	ờ thì thì tiếp tục lên và đến bây giờ thì đó là câu chuyện ờ của bảy trăm người thì câu chuyện bảy trăm người bây giờ nó lại là làm sao để chúng ta có thể lên được một nghìn người ờ và cái bài toán cái cái cái tít pin poi tại điển tại thì mọi người đều đang nhìn thấy là làm sao chúng ta có thể giải quyết được những cái thách thức.	Ờ thì thì tiếp tục lên và đến bây giờ thì đó là câu chuyệnẩ bảy trăm người. thì câu chuyện bảy trăm người, bây giờ nó lại là làm sao để chúng ta có thể thấy là một nghìn ngườiờ và cái bài toán cái cái tí pin po tại thời điểm tại thì mọi người đang nhìn thấy là làm sao chúng ta có thể giải quyết được những cái thách thức.
train	41517	13.50	pseudo_label	tám người thì thôi họ viết những cái nội dung email nó rất là gay gắt thôi đừng bao giờ liên hệ với chúng tôi nữa chúng tôi không quan tâm đến dịch vụ này chỉ có vài người là họ có lịch sự	tám người thì thu họ viết những cái nội dung điai rất là ngay khách thôi thì bao giờ liên hệ với chúng tôi nữa chúng tôi không quan thật được dịch vụ này chỉ có vài người là có lịch sự	tám người thì th họ viết những cái nội dung email nó rất là haygác là thôi đừng bao giờ liên hệ với chúng tôi nữa chúng tôi không quan tâm đến dịch vụ này chỉ có hai người là họ có lịch sự	tám người người thì còn họ viết những cái cái nội dung như in nào rất là ngay cách là thôi đừng bao giờ liên hệ của chúng tôi nữa chúng tôi không quan to đến dịch vụ này chỉ có vài người là họ có lịch sức	tám người thì thôi họ viết những cái cái nội dung email nó rất là gay gắt là thôi đừng bao giờ liên hệ với chúng tôi nữa ờ chúng tôi không quan tâm đến dịch vụ này là chỉ có vài người là họ có lịch sự	tám người thì thôi họ viết những cái cái nội dung i meo nó rất là gay gắt là thôi đừng bao giờ liên hệ với chúng tôi nữa chúng tôi không quan tâm được dịch vụ này chỉ có vài người là họ có lịch sự	TÁM NGƯỜI THÌ THU HỌ VIẾT NHỮNG CÁI NỘI DUNG ĐIAI RẤT LÀ NGAY KHÁCH THÔI THÌ BAO GIỜ LIÊN HỆ VỚI CHÚNG TÔI NỮA CHÚNG TÔI KHÔNG QUAN THẬT ĐƯỢC DỊCH VỤ NÀY CHỈ CÓ VÀI NGƯỜI LÀ CÓ LỊCH SỰ	TÁM NGƯỜI THÌ TH HỌ VIẾT NHỮNG CÁI NỘI DUNG EMAIL NÓ RẤT LÀ HAYGÁC LÀ THÔI ĐỪNG BAO GIỜ LIÊN HỆ VỚI CHÚNG TÔI NỮA CHÚNG TÔI KHÔNG QUAN TÂM ĐẾN DỊCH VỤ NÀY CHỈ CÓ HAI NGƯỜI LÀ HỌ CÓ LỊCH SỰ	TÁM NGƯỜI NGƯỜI THÌ CÒN HỌ VIẾT NHỮNG CÁI CÁI NỘI DUNG NHƯ IN NÀO RẤT LÀ NGAY CÁCH LÀ THÔI ĐỪNG BAO GIỜ LIÊN HỆ CỦA CHÚNG TÔI NỮA CHÚNG TÔI KHÔNG QUAN TO ĐẾN DỊCH VỤ NÀY CHỈ CÓ VÀI NGƯỜI LÀ HỌ CÓ LỊCH SỨC	tám người thì thôi họ viết những cái cái nội dung email nó rất là gay gắt là thôi đừng bao giờ liên hệ với chúng tôi nữa ờ chúng tôi không quan tâm đến dịch vụ này là chỉ có vài người là họ có lịch sự.	Tám người thì thôi, họ viết những cái cái nội dung I meo nó rất là gay gắt là thôi, đừng bao giờ liên hệ với chúng tôi nữa chúng tôi không quan tâm được dịch vụ này chỉ có vài người là họ có lịch sự.
train	41551	15.00	pseudo_label	chắc chắn là có ở trước mười lăm năm thì không thể nào mà không sai lầm được mặc dù là mình cũng không mong muốn thì bối cảnh thì nó cũng có khá là khá là khác nhau và có một vài trường hợp hơi đáng tiếc thì mình nghĩ là cái bối cảnh đầu tiên đấy là khi mà mình tuyển dụng	chắc chắn là có chứ mười lăm năm mình không thể nào mà khôngel làm việc bao giờ mình cũng không mong muốn thì mỗi cả thì nó cũng có khále khá là khác nhau với ta bộ vài trường hợp hơi đá tiếp thì mình nghĩ là cái bố cả đầu tiên đấy là khi mà mìnhển dụng	chắc chắn là có lo trước mười lăm năm thì không thể nào mà không không làm việc mặc rồi là mình cũng không mong muốn thì bối cảnh thì nó cũng có khá là là khác nhau phải có một vài trường hợp hơi đáng tiếp thì mình nghĩ là cái bối cảnh đầu tiên đấy là khi mà mình tuyển dụng	chắc chắn là có ở chứ mười lăm năm thì không thể nào mà làm việc mặc dù là mình cũng không mong thì bữa cảnh thì nó cũng có là khá là khá là khác nhau và có bộ vài trường hợp hơi đáng tiếp thì mình nghĩ là cái bối cảnh đầu tiên đấy là khi mà mình tuyển dụng	chắc chắn là có ở trước mười lăm năm thì không thể nào mà không không sai lầm được mặc dù là mình không mong muốn thì bối cảnh thì nó cũng có khá là khá là khác nhau mới có một vài trường hợp hơi đáng tiếc thì mình nghĩ là cái bối cảnh đầu tiên đấy là khi mà mình tuyển dụng	chắc chắn là có từ chứ mười lăm năm thì không thể nào mà không không sai lầm được ặc dù là mình cũng không mong muốn thì bối cảnh thì nó cũng có khá là khá là khác nhau phải có một vài trường hợp hơi đáng tiếc thì mình nghĩ là cái bối cảnh đầu tiên đấy là khi mà mình tuyển dụng	CHẮC CHẮN LÀ CÓ CHỨ MƯỜI LĂM NĂM MÌNH KHÔNG THỂ NÀO MÀ KHÔNGEL LÀM VIỆC BAO GIỜ MÌNH CŨNG KHÔNG MONG MUỐN THÌ MỖI CẢ THÌ NÓ CŨNG CÓ KHÁLE KHÁ LÀ KHÁC NHAU VỚI TA BỘ VÀI TRƯỜNG HỢP HƠI ĐÁ TIẾP THÌ MÌNH NGHĨ LÀ CÁI BỐ CẢ ĐẦU TIÊN ĐẤY LÀ KHI MÀ MÌNHỂN DỤNG	CHẮC CHẮN LÀ CÓ LO TRƯỚC MƯỜI LĂM NĂM THÌ KHÔNG THỂ NÀO MÀ KHÔNG KHÔNG LÀM VIỆC MẶC RỒI LÀ MÌNH CŨNG KHÔNG MONG MUỐN THÌ BỐI CẢNH THÌ NÓ CŨNG CÓ KHÁ LÀ LÀ KHÁC NHAU PHẢI CÓ MỘT VÀI TRƯỜNG HỢP HƠI ĐÁNG TIẾP THÌ MÌNH NGHĨ LÀ CÁI BỐI CẢNH ĐẦU TIÊN ĐẤY LÀ KHI MÀ MÌNH TUYỂN DỤNG	CHẮC CHẮN LÀ CÓ Ở CHỨ MƯỜI LĂM NĂM THÌ KHÔNG THỂ NÀO MÀ LÀM VIỆC MẶC DÙ LÀ MÌNH CŨNG KHÔNG MONG THÌ BỮA CẢNH THÌ NÓ CŨNG CÓ LÀ KHÁ LÀ KHÁ LÀ KHÁC NHAU VÀ CÓ BỘ VÀI TRƯỜNG HỢP HƠI ĐÁNG TIẾP THÌ MÌNH NGHĨ LÀ CÁI BỐI CẢNH ĐẦU TIÊN ĐẤY LÀ KHI MÀ MÌNH TUYỂN DỤNG	chắc chắn là có ở trước mười lăm năm thì không thể nào mà không không sai lầm được mặc dù là mình không mong muốn thì bối cảnh thì nó cũng có khá là khá là khác nhau mới có một vài trường hợp hơi đáng tiếc thì mình nghĩ là cái bối cảnh đầu tiên đấy là khi mà mình tuyển dụng.	Chắc chắn là có từ chứ mười lăm năm thì không thể nào mà không không sai lầm được,ặc dù là mình cũng không mong muốn thì bối cảnh thì nó cũng có khá là khá là khác nhau, phải có một vài trường hợp hơi đáng tiếc thì mình nghĩ là cái bối cảnh đầu tiên đấy là khi mà mình tuyển dụng.
train	41555	11.90	pseudo_label	cái này đúng là một trong những thách thức của một tổ chức lớn ấy thì mình nghĩ rằng là cái đầu tiên đấy là cái quá trình on boarding đúng không khi mà mình đưa một cái người mới vào tổ chức thì mình làm những hoạt động gì	cái này đúng là một cái trong thá thức của một tổức lớn ấy thì mình nghĩ rằng là cái đầu tiên đấy là cái quá trình aoing đúng không khi mà mình đưa một cái người mới vào tổức thì mình làm được cái hoạt động gì	cái này đúng là một trong cái thách thức của một cái tổ chức lớn thì mình nghĩ rằng là cái đầu tiên đấy là cái quá trình apoding đúng không khi mà mình đưa một cái người mới vào tổ chức thì mình làm được cái hoạt động gì	cái này đúng là một trong thách thức của một tổ chức lớn ấy thì mình nghĩ rằng là cái đầu tiên đấy là cái quá trình ooinh đúng không khi mà mình đưa một cái người mới vào tổ chútức thì mình làm những cái hoạt động gì	ờ cái này đúng là một trong những thách thức của ờ một tổ chức lớn ý thì à mình nghĩ rằng là cái đầu tiên đấy là cái quá trình on bo đinh đúng không khi mà mình ờ đưa một cái người mới vào tổ chức thì à mình làm những cái hoạt động gì	cái này đúng là một trong những thách thức của tổ chức lớn thì mình nghĩ rằng là cái đầu tiên đấy là cái quá trình bo điinh đúng không khi mà mình đưa một cái người mới vào tổ chức thì mình làm những cái hoạt động gì	CÁI NÀY ĐÚNG LÀ MỘT CÁI TRONG THÁ THỨC CỦA MỘT TỔỨC LỚN ẤY THÌ MÌNH NGHĨ RẰNG LÀ CÁI ĐẦU TIÊN ĐẤY LÀ CÁI QUÁ TRÌNH AOING ĐÚNG KHÔNG KHI MÀ MÌNH ĐƯA MỘT CÁI NGƯỜI MỚI VÀO TỔỨC THÌ MÌNH LÀM ĐƯỢC CÁI HOẠT ĐỘNG GÌ	CÁI NÀY ĐÚNG LÀ MỘT TRONG CÁI THÁCH THỨC CỦA MỘT CÁI TỔ CHỨC LỚN THÌ MÌNH NGHĨ RẰNG LÀ CÁI ĐẦU TIÊN ĐẤY LÀ CÁI QUÁ TRÌNH APODING ĐÚNG KHÔNG KHI MÀ MÌNH ĐƯA MỘT CÁI NGƯỜI MỚI VÀO TỔ CHỨC THÌ MÌNH LÀM ĐƯỢC CÁI HOẠT ĐỘNG GÌ	CÁI NÀY ĐÚNG LÀ MỘT TRONG THÁCH THỨC CỦA MỘT TỔ CHỨC LỚN ẤY THÌ MÌNH NGHĨ RẰNG LÀ CÁI ĐẦU TIÊN ĐẤY LÀ CÁI QUÁ TRÌNH OOINH ĐÚNG KHÔNG KHI MÀ MÌNH ĐƯA MỘT CÁI NGƯỜI MỚI VÀO TỔ CHÚTỨC THÌ MÌNH LÀM NHỮNG CÁI HOẠT ĐỘNG GÌ	ờ cái này đúng là một trong những thách thức của ờ một tổ chức lớn ý thì à mình nghĩ rằng là cái đầu tiên đấy là cái quá trình on bo đinh đúng không khi mà mình ờ đưa một cái người mới vào tổ chức thì à mình làm những cái hoạt động gì.	Cái này đúng là một trong những thách thức của tổ chức lớn thì mình nghĩ rằng là cái đầu tiên đấy là cái quá trình bo điinh đúng không? Khi mà mình đưa một cái người mới vào tổ chức thì mình làm những cái hoạt động gì?
validation	4602	15.00	pseudo_label	đấy cái đội thứ hai mà chúng ta nói đến đấy là cái đội gọi là accoumanator hay là một số chỗ khác thì gọi là castrom sạc sex vân vân là để mà giúp khách hàng họ có thể thành công khi mà dùng những cái sản phẩm dịch vụ của mình thì	đấy cái đầu thứ hai mà chúng st ta nói đến đây là cái độ gọi là aamanaer hay là một số chỗ khác thì gọi là các phẩm sặt xét nóân là để mà giúp khách hàng hoặc có thể là thành công khi mà dùng những cái sản phẩm dịch vụ của mình thì	đấy cái độ thứ hai mà chúng ta nói đến là cái đội gọi là acammenter hay là một số chỗ khác thì gọi là các sm sạche nó vân là để mà giúp khách hàng họ có thể là thành công khi mà dùng những cái sản phẩm dịch b của mình thì	đấy cái độ thứ hai mà chúng ta nói đến nó là cái độ gọi là a cimmenta hay là một số chỗ khác thì gọi là ca phẩm s sét v vân là để mà giúp khách hàng họ có thể là thành công khi mà dùng những cái sản phẩm dịch vụ của mình thì	đấy à cái đội thứ hai mà chúng ta nói đến là cái đội gọi là à cao me nơ chờ hay là một số chỗ khác thì gọi là ca sầm sặc sét vân bân ờ là để mà giúp khách hàng họ có thể thành công khi mà dùng những cái sản phẩm chính phủ của mình ờ thì	ờ cái đội thứ hai mà chúng ta nói đến là cái đội gọi là c cao mê ni chờ hay là một số chỗ khác thì gọi là các sầm sạc sét vân vânờ là để mà giúp khách hàng họ có thể là thành công khi mà dùng những cái sản phẩm dịch vụ của mìnhờ thì	ĐẤY CÁI ĐẦU THỨ HAI MÀ CHÚNG ST TA NÓI ĐẾN ĐÂY LÀ CÁI ĐỘ GỌI LÀ AAMANAER HAY LÀ MỘT SỐ CHỖ KHÁC THÌ GỌI LÀ CÁC PHẨM SẶT XÉT NÓÂN LÀ ĐỂ MÀ GIÚP KHÁCH HÀNG HOẶC CÓ THỂ LÀ THÀNH CÔNG KHI MÀ DÙNG NHỮNG CÁI SẢN PHẨM DỊCH VỤ CỦA MÌNH THÌ	ĐẤY CÁI ĐỘ THỨ HAI MÀ CHÚNG TA NÓI ĐẾN LÀ CÁI ĐỘI GỌI LÀ ACAMMENTER HAY LÀ MỘT SỐ CHỖ KHÁC THÌ GỌI LÀ CÁC SM SẠCHE NÓ VÂN LÀ ĐỂ MÀ GIÚP KHÁCH HÀNG HỌ CÓ THỂ LÀ THÀNH CÔNG KHI MÀ DÙNG NHỮNG CÁI SẢN PHẨM DỊCH B CỦA MÌNH THÌ	ĐẤY CÁI ĐỘ THỨ HAI MÀ CHÚNG TA NÓI ĐẾN NÓ LÀ CÁI ĐỘ GỌI LÀ A CIMMENTA HAY LÀ MỘT SỐ CHỖ KHÁC THÌ GỌI LÀ CA PHẨM S SÉT V VÂN LÀ ĐỂ MÀ GIÚP KHÁCH HÀNG HỌ CÓ THỂ LÀ THÀNH CÔNG KHI MÀ DÙNG NHỮNG CÁI SẢN PHẨM DỊCH VỤ CỦA MÌNH THÌ	đấy à cái đội thứ hai mà chúng ta nói đến là cái đội gọi là à cao me nơ chờ hay là một số chỗ khác thì gọi là ca sầm sặc sét vân bân ờ là để mà giúp khách hàng họ có thể thành công khi mà dùng những cái sản phẩm chính phủ của mình ờ thì.	Ờ cái đội thứ hai mà chúng ta nói đến là cái đội gọi là  c cao mê ni chờ hay là một số chỗ khác thì gọi là các sầm sạc sét, vân vânờ là để mà giúp khách hàng họ có thể là thành công khi mà dùng những cái sản phẩm dịch vụ của mìnhờ thì.
train	3752	13.90	pseudo_label	chọn tấm này và sau tin vui đó thì đôi khi có những cái cuộc hành trình không có dễ dàng lắm chỉ có ốm nghẹn giai đoạn đó có phương ốm nghén ba tháng đầu thì rất là nặng sau đó thì ốm nghén cũng phải đến sáu bảy tháng thì là phương vẫn nôn	chọn hôm nay và sau trên vui đó thì đôi khi có những cái cuộc hành trình không có dễ dàng lắm chỉ có ốé giai đoạn đó cóôné ba tháng đầu rất làặng sauổ thì ổé cũng phải đến sáu bảy thả đi là phương vẫn luôn	chọn tập nay và sau tin vui đó thì đôi khi có những cái cuộc hành trình không có dễ dàng lắm chỉ có ố nhé giai đoạn đó có hôn nghé ba tháng đầu thì rất là nặng sau đó thì ôm nghén cũng phải đến sáu bảy tháng thì là cô vẫn nôn	chọn tập này và sau trên vui đó thì đôi khi có những cái cuộc hành trình không có nh dễ dàng lắm chỉ có ứng nhé giai đoạn đó cóôné ba tháng đầu rất là nặng sau đó thìômến cũng phải đến sáu bảy tháng thì là ph vẫn luôn	chọn tấm này ưm và sau tin vui đó thì đôi khi có những cái cuộc hành trình không có dễ dàng lắm chỉ có ốm nghén giai đoạn đó có phương ốm nghén ba tháng đầu thì rất là nặng sau đó thì ốm nghén cũng phải đến sáu bảy tháng thì là phương vẫn nôn	ch chọn tối nayừ tại sau tin vui đó thì đôi khi có những cái cuộc hành trình không có dễ dàng lắm chỉ có ốm nghén giai đoạn đó có ốm nghén ba tháng đầu thì rất là nặng sau đó thì ốm nghén cũng phải đến sáu bảy tháng nên là phương vẫn nôn	CHỌN HÔM NAY VÀ SAU TRÊN VUI ĐÓ THÌ ĐÔI KHI CÓ NHỮNG CÁI CUỘC HÀNH TRÌNH KHÔNG CÓ DỄ DÀNG LẮM CHỈ CÓ ỐÉ GIAI ĐOẠN ĐÓ CÓÔNÉ BA THÁNG ĐẦU RẤT LÀẶNG SAUỔ THÌ ỔÉ CŨNG PHẢI ĐẾN SÁU BẢY THẢ ĐI LÀ PHƯƠNG VẪN LUÔN	CHỌN TẬP NAY VÀ SAU TIN VUI ĐÓ THÌ ĐÔI KHI CÓ NHỮNG CÁI CUỘC HÀNH TRÌNH KHÔNG CÓ DỄ DÀNG LẮM CHỈ CÓ Ố NHÉ GIAI ĐOẠN ĐÓ CÓ HÔN NGHÉ BA THÁNG ĐẦU THÌ RẤT LÀ NẶNG SAU ĐÓ THÌ ÔM NGHÉN CŨNG PHẢI ĐẾN SÁU BẢY THÁNG THÌ LÀ CÔ VẪN NÔN	CHỌN TẬP NÀY VÀ SAU TRÊN VUI ĐÓ THÌ ĐÔI KHI CÓ NHỮNG CÁI CUỘC HÀNH TRÌNH KHÔNG CÓ NH DỄ DÀNG LẮM CHỈ CÓ ỨNG NHÉ GIAI ĐOẠN ĐÓ CÓÔNÉ BA THÁNG ĐẦU RẤT LÀ NẶNG SAU ĐÓ THÌÔMẾN CŨNG PHẢI ĐẾN SÁU BẢY THÁNG THÌ LÀ PH VẪN LUÔN	chọn tấm này ưm và sau tin vui đó thì đôi khi có những cái cuộc hành trình không có dễ dàng lắm chỉ có ốm nghén giai đoạn đó có phương ốm nghén ba tháng đầu thì rất là nặng sau đó thì ốm nghén cũng phải đến sáu bảy tháng thì là phương vẫn nôn.	Ch chọn tối nayỪ tại sau tin vui đó thì đôi khi có những cái cuộc hành trình không có dễ dàng lắm, chỉ có ốm nghén giai đoạn đó, có ốm nghén ba tháng đầu thì rất là nặng, sau đó thì ốm nghén cũng phải đến sáu bảy tháng nên là Phương vẫn nôn.
train	42544	12.60	pseudo_label	kháng thương là một chương trình nơi khách mời chia sẻ về cách họ đi qua những tổn thương và họa sĩ sẽ lắng nghe để vẽ lại câu chuyện đó giúp khách mời khám phá sức mạnh bên trong và tự tin hơn trước những thử thách phía trước	ứng thương là bộ chương trình người khách mời chia sẻ tìm cách họ điện qua nhân tổn thương và họ sĩ sẽ lắng nghe tìm để lại câu chuyện nhau từ dụng khách mờien khác sức mạnh bên trong và đầu tin hơn trước những thử thá vi trước	kháng thương là một chương trình nơi khách mời chia sẻ về cách họ đi qua những tổn thương và họa sĩ sẽ lắng nghe theo kể lại câu chuyện đó giúp khách mời khám phá sức mạnh bên trong và tự tin hơn trước những thử thách kiến trước	khá thương là một chương trình ngay khách mời chia sẻ về cách và đi qua những tổn thương và họ sĩ sẽ lắng ngheem sẻ lại câu chuyện đó giúp khách mời khá phá sức và bên trong và tự tin hơn trước những thử thách chiến trước	kháng thương là một chương trình nơi khách mời chia sẻ về cách họ đi qua những tổn thương và họa sĩ sẽ lắng nghe để vẽ lại câu chuyện đó giúp khách mời khám phá sức mạnh bên trong và tự tin hơn trước những thử thách phía trước	kháng thương là một chương trình nơi khách mời chia sẻ về cách họ đi qua những tổn thương và sĩ sẽ lắng ngheêm để lại câu chuyện đó giúp khách mời khám phá sức mạnh bên trong và tự tin hơn trước những thử thách phía trước	ỨNG THƯƠNG LÀ BỘ CHƯƠNG TRÌNH NGƯỜI KHÁCH MỜI CHIA SẺ TÌM CÁCH HỌ ĐIỆN QUA NHÂN TỔN THƯƠNG VÀ HỌ SĨ SẼ LẮNG NGHE TÌM ĐỂ LẠI CÂU CHUYỆN NHAU TỪ DỤNG KHÁCH MỜIEN KHÁC SỨC MẠNH BÊN TRONG VÀ ĐẦU TIN HƠN TRƯỚC NHỮNG THỬ THÁ VI TRƯỚC	KHÁNG THƯƠNG LÀ MỘT CHƯƠNG TRÌNH NƠI KHÁCH MỜI CHIA SẺ VỀ CÁCH HỌ ĐI QUA NHỮNG TỔN THƯƠNG VÀ HỌA SĨ SẼ LẮNG NGHE THEO KỂ LẠI CÂU CHUYỆN ĐÓ GIÚP KHÁCH MỜI KHÁM PHÁ SỨC MẠNH BÊN TRONG VÀ TỰ TIN HƠN TRƯỚC NHỮNG THỬ THÁCH KIẾN TRƯỚC	KHÁ THƯƠNG LÀ MỘT CHƯƠNG TRÌNH NGAY KHÁCH MỜI CHIA SẺ VỀ CÁCH VÀ ĐI QUA NHỮNG TỔN THƯƠNG VÀ HỌ SĨ SẼ LẮNG NGHEEM SẺ LẠI CÂU CHUYỆN ĐÓ GIÚP KHÁCH MỜI KHÁ PHÁ SỨC VÀ BÊN TRONG VÀ TỰ TIN HƠN TRƯỚC NHỮNG THỬ THÁCH CHIẾN TRƯỚC	kháng thương là một chương trình nơi khách mời chia sẻ về cách họ đi qua những tổn thương và họa sĩ sẽ lắng nghe để vẽ lại câu chuyện đó giúp khách mời khám phá sức mạnh bên trong và tự tin hơn trước những thử thách phía trước.	Kháng Thương là một chương trình nơi khách mời chia sẻ về cách họ đi qua những tổn thương, và sĩ sẽ lắng ngheêm để lại câu chuyện đó. giúp khách mời khám phá sức mạnh bên trong và tự tin hơn trước những thử thách phía trước.
train	42546	10.90	pseudo_label	ba rưỡi sau đó thì makeup lúc bốn giờ sau đó tôi lên máy bay và bay chuyến bay bảy giờ và cuối cùng thì cũng đã đến được đây nhưng mà cái cảm giác mà phương nhớ rõ nhất là khi mà phương	baỡ xong đó thì ma up lúc bốn giờ sau đầu tiên lên máy bay và bay chuy b bảy bảy giờ rồi cuối cùng thì cũng đã đến nước đây nhưng mà cái cảm giác mà phương nhớọn nhất là khi mà phương	ba rưỡi sau đó thì make up lúc bốn giờ sau đó tiên lên máy bay vào bay chín bay bảy giờ ch cuối cùng thì cũng đã đến nước đây nhưng mà cái cảm giác mà phương nhớ rõ nhất là khi mà v phương	bà rỡ sau đó thì make up lúc bốn giờ sau đọc t lên máy bay và bay chuyến bay bảy già và cuối cùng thì cũng đã đến đến đây nhưng mà cái cảm giác mà phương nhớ d rõ nhất là khi mà phương	ba rưỡi sau đó thì mết cốc lúc bốn giờ sau đợt tôi lên máy bay và bay chuyến bay bảy giờ rồi cuối cùng thì cũng đã đến được đây nhưng mà cái cảm giác mà phương nhớ rõ nhất là khi mà phương	ba rưỡi sau đó thì mấy cốc lúc bốn giờ sau đó tôi lên máy bay và bay chuyến bay bảy giờ và cuối cùng thì cũng đã đến nước đây nhưng mà cái cảm giác mà phương nhớ rõ nhất là khi mà phương	BAỠ XONG ĐÓ THÌ MA UP LÚC BỐN GIỜ SAU ĐẦU TIÊN LÊN MÁY BAY VÀ BAY CHUY B BẢY BẢY GIỜ RỒI CUỐI CÙNG THÌ CŨNG ĐÃ ĐẾN NƯỚC ĐÂY NHƯNG MÀ CÁI CẢM GIÁC MÀ PHƯƠNG NHỚỌN NHẤT LÀ KHI MÀ PHƯƠNG	BA RƯỠI SAU ĐÓ THÌ MAKE UP LÚC BỐN GIỜ SAU ĐÓ TIÊN LÊN MÁY BAY VÀO BAY CHÍN BAY BẢY GIỜ CH CUỐI CÙNG THÌ CŨNG ĐÃ ĐẾN NƯỚC ĐÂY NHƯNG MÀ CÁI CẢM GIÁC MÀ PHƯƠNG NHỚ RÕ NHẤT LÀ KHI MÀ V PHƯƠNG	BÀ RỠ SAU ĐÓ THÌ MAKE UP LÚC BỐN GIỜ SAU ĐỌC T LÊN MÁY BAY VÀ BAY CHUYẾN BAY BẢY GIÀ VÀ CUỐI CÙNG THÌ CŨNG ĐÃ ĐẾN ĐẾN ĐÂY NHƯNG MÀ CÁI CẢM GIÁC MÀ PHƯƠNG NHỚ D RÕ NHẤT LÀ KHI MÀ PHƯƠNG	ba rưỡi sau đó thì mết cốc lúc bốn giờ sau đợt tôi lên máy bay và bay chuyến bay bảy giờ rồi cuối cùng thì cũng đã đến được đây nhưng mà cái cảm giác mà phương nhớ rõ nhất là khi mà phương.	 ba rưỡi, sau đó thì mấy cốc lúc bốn giờ sau đó tôi lên máy bay và bay chuyến bay bảy giờ và cuối cùng thì cũng đã đến nước đây, nhưng mà cái cảm giác mà Phương nhớ rõ nhất là khi mà Phương.
train	42547	14.80	pseudo_label	lái xe ra khỏi nhà từ nhà đi đến sân bay tự nhiên hương cảm thấy một cái niềm vui nó khó tả hương không biết tại sao cảm thấy rất là thoải mái rất là tự do và cảm thấy rất là hứng khởi cái cảm giác tự nhiên mình lái xe mình	ái xem ra khỏi nhà từ nhà đi đến sân bay tự nhiên luôn cảm thấy một cái niềm vui được có tả cũng không biết tại sao cảm thấy rất là thoải mái rất là tự do và cảm ví rất làứngởi cái cảm giác tự nhiên mìnhái xem mình	lái xe ra khỏi nhà từ nhà đi đến x sân bay tự nhiên h cảm thấy một cái n niềm vui nó khó tả không không biết tại sao cảm thấy rất là thoải mái rất là tự do và cảm thấy rất là hứng kh cái cảm giác tự nhiên mình l xem mình	lái xe ra khỏi nhà từ nhà đi đến sânân bay tự nhiên luôn cảm thấy một cái niềm vui nó không khó tả không không bị tại sao cảm thấy rất là thoải mái rất là tự do và cảm thấy rất là hứng kh cái cảm giác tự nhiên mình lái xem mình	lái xe ra khỏi nhà từ nhà đi đến sân bay tự nhiên phương cảm thấy một cái niềm vui nó khó tả cô không biết tại sao cảm thấy rất là thoải mái rất là tự do và cảm thấy rất là hứng khởi cái cảm giác tự nhiên mình lái xe mình	lái xe ra khỏi nhà từ nhà đi đến sân bay tự nhiên vương cảm thấy một cái niềm vui nó khó tả cô không biết tại saoảm gi thấy rất là thoải mái rất là tự do và cảm thấy rất là hứng khởi cái cảm giác tự nhiên mình lái xe mình	ÁI XEM RA KHỎI NHÀ TỪ NHÀ ĐI ĐẾN SÂN BAY TỰ NHIÊN LUÔN CẢM THẤY MỘT CÁI NIỀM VUI ĐƯỢC CÓ TẢ CŨNG KHÔNG BIẾT TẠI SAO CẢM THẤY RẤT LÀ THOẢI MÁI RẤT LÀ TỰ DO VÀ CẢM VÍ RẤT LÀỨNGỞI CÁI CẢM GIÁC TỰ NHIÊN MÌNHÁI XEM MÌNH	LÁI XE RA KHỎI NHÀ TỪ NHÀ ĐI ĐẾN X SÂN BAY TỰ NHIÊN H CẢM THẤY MỘT CÁI N NIỀM VUI NÓ KHÓ TẢ KHÔNG KHÔNG BIẾT TẠI SAO CẢM THẤY RẤT LÀ THOẢI MÁI RẤT LÀ TỰ DO VÀ CẢM THẤY RẤT LÀ HỨNG KH CÁI CẢM GIÁC TỰ NHIÊN MÌNH L XEM MÌNH	LÁI XE RA KHỎI NHÀ TỪ NHÀ ĐI ĐẾN SÂNÂN BAY TỰ NHIÊN LUÔN CẢM THẤY MỘT CÁI NIỀM VUI NÓ KHÔNG KHÓ TẢ KHÔNG KHÔNG BỊ TẠI SAO CẢM THẤY RẤT LÀ THOẢI MÁI RẤT LÀ TỰ DO VÀ CẢM THẤY RẤT LÀ HỨNG KH CÁI CẢM GIÁC TỰ NHIÊN MÌNH LÁI XEM MÌNH	lái xe ra khỏi nhà từ nhà đi đến sân bay tự nhiên phương cảm thấy một cái niềm vui nó khó tả cô không biết tại sao cảm thấy rất là thoải mái rất là tự do và cảm thấy rất là hứng khởi cái cảm giác tự nhiên mình lái xe mình.	Lái xe ra khỏi nhà, từ nhà đi đến sân bay, tự nhiên vương cảm thấy một cái niềm vui, nó khó tả, cô không biết tại saoảm gi thấy rất là thoải mái, rất là tự do và cảm thấy rất là hứng khởi cái cảm giác tự nhiên mình lái xe mình.
train	42577	14.80	pseudo_label	trở lại là chính mình nhiều hơn vì khi mà mình trở lại là chính mình được thì lúc đó mình sẽ có đầy đủ về trải nghiệm về sự khôn ngoan về sự phân tích về sự phân định về cách nhìn nhận của cuộc sống nhìn nhận về con người nhìn nhận về mọi thứ	ch trở lại là chính mình nhiều hơn vì khi mà mình trở lại là chính minh được thì lúc đó mình sẽ cóầy đủ về trải nghiệm về sự không quan về sự phân tích về sự phân định với cách nhìn nhận của cuộc sống ý nhận với con người nhìn nhận với mọi thứ	trở lại là chính mình nhiều hơn vì khi mà mình trở lại là chính mình được thì lúc đó mình sẽ có đầy đủ về trải nghiệm về sự không ngan về sự phân tích về sự phân định với cách nhìn nhận của cuộc sống vì nh với con người nhìn nhận về mọi thứ	trở lại là chính mình nhiều hơn vì khi mà mình trở lại là chính mình được thì lúc đó mình sẽ có đầy đủ về trải nghiệm về sự khôngung quan về sự phân tích về sự phân định về cách nhìn nhận cái cuộc sống nhìn nhận với con người nhìn nhận về mọi thứ	trở lại là chính mình yêu hơn vì khi mà mình trở lại là chính mình được thì lúc đó mình sẽ có đầy đủ về trải nghiệm về sự khôn ngoan về sự phân tích về sự phân định về cách nhìn nhận cuộc sống nhìn nhận với con người nhìn nhận về mọi thứ	trở lại là chính mình nhiều hơn vì khi mà mình trở lại là chính mình được thì lúc đó mình sẽ có đầy đủ về trải nghiệm về sự khôn ngoan về sự phân tích về sự phân định về cách nhìn nhận của cuộc sống nhìn nhận về con người nhìn nhận về mọi thứ	CH TRỞ LẠI LÀ CHÍNH MÌNH NHIỀU HƠN VÌ KHI MÀ MÌNH TRỞ LẠI LÀ CHÍNH MINH ĐƯỢC THÌ LÚC ĐÓ MÌNH SẼ CÓẦY ĐỦ VỀ TRẢI NGHIỆM VỀ SỰ KHÔNG QUAN VỀ SỰ PHÂN TÍCH VỀ SỰ PHÂN ĐỊNH VỚI CÁCH NHÌN NHẬN CỦA CUỘC SỐNG Ý NHẬN VỚI CON NGƯỜI NHÌN NHẬN VỚI MỌI THỨ	TRỞ LẠI LÀ CHÍNH MÌNH NHIỀU HƠN VÌ KHI MÀ MÌNH TRỞ LẠI LÀ CHÍNH MÌNH ĐƯỢC THÌ LÚC ĐÓ MÌNH SẼ CÓ ĐẦY ĐỦ VỀ TRẢI NGHIỆM VỀ SỰ KHÔNG NGAN VỀ SỰ PHÂN TÍCH VỀ SỰ PHÂN ĐỊNH VỚI CÁCH NHÌN NHẬN CỦA CUỘC SỐNG VÌ NH VỚI CON NGƯỜI NHÌN NHẬN VỀ MỌI THỨ	TRỞ LẠI LÀ CHÍNH MÌNH NHIỀU HƠN VÌ KHI MÀ MÌNH TRỞ LẠI LÀ CHÍNH MÌNH ĐƯỢC THÌ LÚC ĐÓ MÌNH SẼ CÓ ĐẦY ĐỦ VỀ TRẢI NGHIỆM VỀ SỰ KHÔNGUNG QUAN VỀ SỰ PHÂN TÍCH VỀ SỰ PHÂN ĐỊNH VỀ CÁCH NHÌN NHẬN CÁI CUỘC SỐNG NHÌN NHẬN VỚI CON NGƯỜI NHÌN NHẬN VỀ MỌI THỨ	trở lại là chính mình yêu hơn vì khi mà mình trở lại là chính mình được thì lúc đó mình sẽ có đầy đủ về trải nghiệm về sự khôn ngoan về sự phân tích về sự phân định về cách nhìn nhận cuộc sống nhìn nhận với con người nhìn nhận về mọi thứ.	Trở lại là chính mình nhiều hơn, vì khi mà mình trở lại là chính mình được thì lúc đó mình sẽ có đầy đủ về trải nghiệm, về sự khôn ngoan, về sự phân tích, về sự phân định, về cách nhìn nhận của cuộc sống, nhìn nhận về con người, nhìn nhận về mọi thứ.
train	42587	14.00	pseudo_label	ít nhiều một người họa sĩ mà mới chỉ gặp mình đúng một tiếng rưỡi lại vẽ ra được một bức tranh mà miêu tả được ít nhiều là con người của mình thì đó là một sự cảm động rất là lớn lúc này chị sẽ muốn đặt tên cho tác phẩm này là gì	ít nhiều một người họ sĩ nó mớiọng mình đúng một tính dư dự tại vẽ cho đâu có bức tranh màiêuả được ít nhiều là con người của mình thì đó là sựầm đồng rất là lâu lúc này chị sẽ muốn đặtan cho tác phẩm hay là gì	cái nhiều một người ngoạia sĩ nó mới chỉ gặp mình đúng một tính rưỡi vẽ ra đâu một bức tranh mà miêu tả để ít nhiều là con người của mình thì đó là sẽ cảm động rất là lớn lúc này chị sẽ muốn đặt cam cho tác phẩm này là gì	rất nhiều một người ngoại sĩ nó mới chỉ gặp mình đúng một tính dư lại vẽ ra đầu một bức tranh mà miêu tả được ít nhiều lời con người của mình thì đó là sự cảm động rất là đầu lúc này chị sẽ muốn đặt tên cho tác phẩm này là gì	ít nhiều một người họa sĩ mà mới chỉ gặp mình đúng một tính sữa lệ vẽ cho được một bức tranh mà miêu tả được ít nhiều là con người của mình thì đó là sự cảm động rất là lớn lúc này chị sẽ muốn đặt tên cho tác phẩm này là gì	ít nhiều một người ngoạ sĩ nó mới chỉ gặp mình đúng một t tiếng rưỡi lại vẽơi được một bức tranh mà miêu tả được ít nhiều là con người của mình thì đó là một sự cảm động rất là lớn lúc này chị sẽ muốn đặt tên cho tác phẩm này là gì	ÍT NHIỀU MỘT NGƯỜI HỌ SĨ NÓ MỚIỌNG MÌNH ĐÚNG MỘT TÍNH DƯ DỰ TẠI VẼ CHO ĐÂU CÓ BỨC TRANH MÀIÊUẢ ĐƯỢC ÍT NHIỀU LÀ CON NGƯỜI CỦA MÌNH THÌ ĐÓ LÀ SỰẦM ĐỒNG RẤT LÀ LÂU LÚC NÀY CHỊ SẼ MUỐN ĐẶTAN CHO TÁC PHẨM HAY LÀ GÌ	CÁI NHIỀU MỘT NGƯỜI NGOẠIA SĨ NÓ MỚI CHỈ GẶP MÌNH ĐÚNG MỘT TÍNH RƯỠI VẼ RA ĐÂU MỘT BỨC TRANH MÀ MIÊU TẢ ĐỂ ÍT NHIỀU LÀ CON NGƯỜI CỦA MÌNH THÌ ĐÓ LÀ SẼ CẢM ĐỘNG RẤT LÀ LỚN LÚC NÀY CHỊ SẼ MUỐN ĐẶT CAM CHO TÁC PHẨM NÀY LÀ GÌ	RẤT NHIỀU MỘT NGƯỜI NGOẠI SĨ NÓ MỚI CHỈ GẶP MÌNH ĐÚNG MỘT TÍNH DƯ LẠI VẼ RA ĐẦU MỘT BỨC TRANH MÀ MIÊU TẢ ĐƯỢC ÍT NHIỀU LỜI CON NGƯỜI CỦA MÌNH THÌ ĐÓ LÀ SỰ CẢM ĐỘNG RẤT LÀ ĐẦU LÚC NÀY CHỊ SẼ MUỐN ĐẶT TÊN CHO TÁC PHẨM NÀY LÀ GÌ	ít nhiều một người họa sĩ mà mới chỉ gặp mình đúng một tính sữa lệ vẽ cho được một bức tranh mà miêu tả được ít nhiều là con người của mình thì đó là sự cảm động rất là lớn lúc này chị sẽ muốn đặt tên cho tác phẩm này là gì.	Ít nhiều một người ngoạ sĩ nó mới chỉ gặp mình đúng một t tiếng rưỡi, lại vẽơi được một bức tranh mà miêu tả được ít nhiều là con người của mình thì đó là một sự cảm động rất là lớn. Lúc này chị sẽ muốn đặt tên cho tác phẩm này là gì?
validation	4711	11.20	pseudo_label	điểm nào sẽ có một cái ghế để cho mình nghỉ ngơi nghĩa là đôi khi mình chỉ cần một cái ghế để cho mình nghỉ mình có thể ngồi xuống mình nghỉ mình ngắm nghía xung quanh nhưng mà mình cũng không có ở bên trong mình vẫn là một cái cảm giác nó khá là	điểmiềm nào sẽ có một cái thế để cho mình nghĩ người ngày đôi khi mình chỉ cần một cái thế để cho mình nghĩ mình có thể ngồi xuống mìnhỉ mìnhắm ngheung quanh nhưng mình cũng không có ở bên trong mình vẫn là một cái cảm giác nó khá là	điểm nào sẽ có một cái thế để cho mình ngh người đôi khi mình chỉ cần một cái ghế để cho mình nghỉ mình có thể ngồi xuống mình nghỉ mình ngắm n xung quanh nhưng mà mình cũng không có ở bên trong mình vẫn là một cái cảm giác nó khá là	điểm nào sẽ có một cái thế để cho mình nghỉơi mà đôi khi mình chỉ cần một cái ghế để cho mìnhỉ mình có thể ngồi số mình nghỉ mình ngắmí x xung quanh nhưng mà mình cũng không có ở bên trong mình vẫn là một cái cảm giác của nó khá là	điểm nào sẽ có một cái ghế để cho mình nghỉ ngơi thế à đôi khi mình chỉ cần một cái ghế để cho mình nghỉ mình có thể ngồi xuống mình nghỉ mình ngắm nghía xung quanh nhưng mình cũng không có ở bên trong mình vẫn là một cái cảm giác nó khá là	điểm nào sẽ có một cái ghế để cho mình nghỉ ngơi nhưng đôi khi mình chỉ cần một cái ghế để cho mình nghỉ mình có thể ngồi xuống mình nghỉ mình ngắm nghía xung quanh nhưng mà mình cũng không có ở bên trong mình vẫn là một cái cảm giác nó khá là	ĐIỂMIỀM NÀO SẼ CÓ MỘT CÁI THẾ ĐỂ CHO MÌNH NGHĨ NGƯỜI NGÀY ĐÔI KHI MÌNH CHỈ CẦN MỘT CÁI THẾ ĐỂ CHO MÌNH NGHĨ MÌNH CÓ THỂ NGỒI XUỐNG MÌNHỈ MÌNHẮM NGHEUNG QUANH NHƯNG MÌNH CŨNG KHÔNG CÓ Ở BÊN TRONG MÌNH VẪN LÀ MỘT CÁI CẢM GIÁC NÓ KHÁ LÀ	ĐIỂM NÀO SẼ CÓ MỘT CÁI THẾ ĐỂ CHO MÌNH NGH NGƯỜI ĐÔI KHI MÌNH CHỈ CẦN MỘT CÁI GHẾ ĐỂ CHO MÌNH NGHỈ MÌNH CÓ THỂ NGỒI XUỐNG MÌNH NGHỈ MÌNH NGẮM N XUNG QUANH NHƯNG MÀ MÌNH CŨNG KHÔNG CÓ Ở BÊN TRONG MÌNH VẪN LÀ MỘT CÁI CẢM GIÁC NÓ KHÁ LÀ	ĐIỂM NÀO SẼ CÓ MỘT CÁI THẾ ĐỂ CHO MÌNH NGHỈƠI MÀ ĐÔI KHI MÌNH CHỈ CẦN MỘT CÁI GHẾ ĐỂ CHO MÌNHỈ MÌNH CÓ THỂ NGỒI SỐ MÌNH NGHỈ MÌNH NGẮMÍ X XUNG QUANH NHƯNG MÀ MÌNH CŨNG KHÔNG CÓ Ở BÊN TRONG MÌNH VẪN LÀ MỘT CÁI CẢM GIÁC CỦA NÓ KHÁ LÀ	điểm nào sẽ có một cái ghế để cho mình nghỉ ngơi thế à đôi khi mình chỉ cần một cái ghế để cho mình nghỉ mình có thể ngồi xuống mình nghỉ mình ngắm nghía xung quanh nhưng mình cũng không có ở bên trong mình vẫn là một cái cảm giác nó khá là.	Điểm nào sẽ có một cái ghế để cho mình nghỉ ngơi, nhưng đôi khi mình chỉ cần một cái ghế để cho mình nghỉ, mình có thể ngồi xuống, mình nghỉ, mình ngắm nghía xung quanh, nhưng mà mình cũng không có ở bên trong mình vẫn là một cái cảm giác nó khá là.
train	42996	10.50	pseudo_label	kiểu vẫn ngon ngòm chút đó nhưng mình pha ít lắm mình pha ít với chút sữa với cái đường mình uống rất ít thì tự nhiên thấy nó rất là trong veo và mình thấy ở đây đây là cái thức uống hóa ra là người ta thích vì nó như thế này	kiểuồng trước nhưng mìnha ít là mìnhi inac chútữa với cái đường mình cũng rất ít thì tự nhiên thấy nó rất là trongè và mình phải ở đây đây là cáia ra là người ta thích vì nó như thế này	kiểu lòng trước đấy nhưng mình phá ít là mình phải ít chútữaa với cái đường mình cũng rất ít thì mình nhiên thấy nó rất là trongồng w và mình thấy ở đây đây là cái uống hóa ra là người ta thích vì nó như thế này	kiểu nó làm trước đấy nhưng mình ph ít lập mình fi chút sữa cái cái đường mình uống rất ít thì tự nhiên thấy nó rất là tronge và mình phải ở đây đây là cái uống hóa ra là người ta thích vì nó như thế này	kiểu vợ ngọc mòng chưa rác nhưng mình pha ít lắm mình pha ít về chút sữa với chất đường mình uống rất ít thì tự nhiên thấy nó rất là trong veo và mình thấy ở đây đây là cái thức uống hoa ra là người ta thích vì nó như thế này	kiểu v vợ ngòm chút á nhưng mình pha ít mình pha ít với chút sữa với chứ đường mình uống rất ít thì tự nhiên thấy nó rất là trong veoo và mình thấy ở đây đây đây là thức uốngóa ra là người ta thích vì nó như thế này	KIỂUỒNG TRƯỚC NHƯNG MÌNHA ÍT LÀ MÌNHI INAC CHÚTỮA VỚI CÁI ĐƯỜNG MÌNH CŨNG RẤT ÍT THÌ TỰ NHIÊN THẤY NÓ RẤT LÀ TRONGÈ VÀ MÌNH PHẢI Ở ĐÂY ĐÂY LÀ CÁIA RA LÀ NGƯỜI TA THÍCH VÌ NÓ NHƯ THẾ NÀY	KIỂU LÒNG TRƯỚC ĐẤY NHƯNG MÌNH PHÁ ÍT LÀ MÌNH PHẢI ÍT CHÚTỮAA VỚI CÁI ĐƯỜNG MÌNH CŨNG RẤT ÍT THÌ MÌNH NHIÊN THẤY NÓ RẤT LÀ TRONGỒNG W VÀ MÌNH THẤY Ở ĐÂY ĐÂY LÀ CÁI UỐNG HÓA RA LÀ NGƯỜI TA THÍCH VÌ NÓ NHƯ THẾ NÀY	KIỂU NÓ LÀM TRƯỚC ĐẤY NHƯNG MÌNH PH ÍT LẬP MÌNH FI CHÚT SỮA CÁI CÁI ĐƯỜNG MÌNH UỐNG RẤT ÍT THÌ TỰ NHIÊN THẤY NÓ RẤT LÀ TRONGE VÀ MÌNH PHẢI Ở ĐÂY ĐÂY LÀ CÁI UỐNG HÓA RA LÀ NGƯỜI TA THÍCH VÌ NÓ NHƯ THẾ NÀY	kiểu vợ ngọc mòng chưa rác nhưng mình pha ít lắm mình pha ít về chút sữa với chất đường mình uống rất ít thì tự nhiên thấy nó rất là trong veo và mình thấy ở đây đây là cái thức uống hoa ra là người ta thích vì nó như thế này.	Kiểu v vợ ngòm chút á, nhưng mình pha ít, mình pha ít với chút sữa với chứ đường mình uống rất ít thì tự nhiên thấy nó rất là trong veoo và mình thấy ở đây đây đây là thức uốngóa ra là người ta thích vì nó như thế này.
train	43077	15.00	pseudo_label	cái điều này là cái điều mà mà nó khác với lại một cái một cái mv sau khi mà mv sau là quỳnh lúc mà quỳnh ra một cái bảng master mình không chỉnh sửa mình làm y chang như vậy luôn mình không cắt bớt bất kỳ một cái gì tại vì cái đó là mv nhưng mà là phim thì nó cần cái cảm xúc	cái điều này là cái điều mà nó khác với lại một cái một mv sâu khi mà mv sau là quỳnh lúc mà quỳ ra một cái bạn maer mình không chỉ s sử mình làm eang như vậy luôn mình không cắtậ bất kỳ một cái gì thì vì cái đó là mv nhưng mà là phim thì nó cần khi cảm xúc	cái điều này là cái điều mà nó khác với lại một cái một cái mv sau khi mà mv sau là quỳnh lúc mà quỳnh ra một cái bạn master mình không chỉnh sử mình lập y chang như vậy lúc mình không cắt bấtớt bất kỳ một cái gì thì việc cái đó là mv nhưng mà là phim thì nó cần cái cảm xúc	cái điều này là cái điều mà mà nó khác với lại một cái một cái mv sau khi mà emv sau quá là mình lúc màỳ ra một cái bạn matster mình không chỉnh sử mình lập y chang nhưng mà luôn mình không cắt bất bất kỳ một cái gì thì việc cái đó là mv nhưng mà là phim thì nó cần cái cảm xúc	cái điều này là cái điều mà mà mà nó khác với lại một cái một cái em vi sau khi mà em vi sau á là quỳnh lúc mà quỳnh ra một cái bảng mát tơ mình không chỉnh sửa mình làm y chang như vậy luôn mình không cắt bớt bất kỳ một cái gì thì vì cái đó là em vi nhưng mà là phim thì nó cần cái cảm xúc	cái điều này là cái điều mà mà mà nó khác với lại một cái một cái em vi s sau khi mà em vi sâu á là quỳnh lúc mà quỳnh ra một cái bả bản mát tơ mình không chỉnh sửa mình làm y chang như vậy luôn mình không cắt bất bất kỳ một cái gì tại vì cái đó là em vi nhưng mà là phim thì nó cần cái cảm xúc	CÁI ĐIỀU NÀY LÀ CÁI ĐIỀU MÀ NÓ KHÁC VỚI LẠI MỘT CÁI MỘT MV SÂU KHI MÀ MV SAU LÀ QUỲNH LÚC MÀ QUỲ RA MỘT CÁI BẠN MAER MÌNH KHÔNG CHỈ S SỬ MÌNH LÀM EANG NHƯ VẬY LUÔN MÌNH KHÔNG CẮTẬ BẤT KỲ MỘT CÁI GÌ THÌ VÌ CÁI ĐÓ LÀ MV NHƯNG MÀ LÀ PHIM THÌ NÓ CẦN KHI CẢM XÚC	CÁI ĐIỀU NÀY LÀ CÁI ĐIỀU MÀ NÓ KHÁC VỚI LẠI MỘT CÁI MỘT CÁI MV SAU KHI MÀ MV SAU LÀ QUỲNH LÚC MÀ QUỲNH RA MỘT CÁI BẠN MASTER MÌNH KHÔNG CHỈNH SỬ MÌNH LẬP Y CHANG NHƯ VẬY LÚC MÌNH KHÔNG CẮT BẤTỚT BẤT KỲ MỘT CÁI GÌ THÌ VIỆC CÁI ĐÓ LÀ MV NHƯNG MÀ LÀ PHIM THÌ NÓ CẦN CÁI CẢM XÚC	CÁI ĐIỀU NÀY LÀ CÁI ĐIỀU MÀ MÀ NÓ KHÁC VỚI LẠI MỘT CÁI MỘT CÁI MV SAU KHI MÀ EMV SAU QUÁ LÀ MÌNH LÚC MÀỲ RA MỘT CÁI BẠN MATSTER MÌNH KHÔNG CHỈNH SỬ MÌNH LẬP Y CHANG NHƯNG MÀ LUÔN MÌNH KHÔNG CẮT BẤT BẤT KỲ MỘT CÁI GÌ THÌ VIỆC CÁI ĐÓ LÀ MV NHƯNG MÀ LÀ PHIM THÌ NÓ CẦN CÁI CẢM XÚC	cái điều này là cái điều mà mà mà nó khác với lại một cái một cái em vi sau khi mà em vi sau á là quỳnh lúc mà quỳnh ra một cái bảng mát tơ mình không chỉnh sửa mình làm y chang như vậy luôn mình không cắt bớt bất kỳ một cái gì thì vì cái đó là em vi nhưng mà là phim thì nó cần cái cảm xúc.	Cái điều này là cái điều mà mà mà nó khác với lại một cái một cái em vi s sau, khi mà em vi sâu á là Quỳnh lúc mà Quỳnh ra một cái bả bản mát tơ, mình không chỉnh sửa, mình làm y chang như vậy luôn, mình không cắt bất bất kỳ một cái gì tại vì cái đó là em vi, nhưng mà là phim thì nó cần cái cảm xúc.
train	43078	12.30	pseudo_label	và với cái phim mình mình nên đôi khi rằng bởi vì mình cũng rất là cắn rứt là mọi người đã làm rất là tốt rồi nhưng mà mình phải hy sinh mình phải hy sinh hy sinh cái gì thì mình phải chọn	và với cái thì mình nên đôi khi là bởi vì mình cũng rất làắn nhất mọi người đã làm cho cái tốt rồi nhưng mà mình phải hy sinh mình phảiy sinhy sinh cái gì thì mình phải chọn	và với cái phim mình mình mình nên đôi khi là nãy vì mình cũng rất là cắn rất mọi người đã làm rất là tốt rồi nhưng mà mình phải hy sinh mà bản hy sinh hy sinh cái gì mình phải chọn	và với cái phim mình nên đôi khi là bởi vì mình cũng rất làắnắn rất là mọi người đã làm rất là tốt rồi nhưng mà mình phải hy sinh mình phải hy sinh thi sinh cái gì thì mình phải chọn	và với cái phim mình mình mình nên đôi khi rằng bởi vì mình cũng rất là cắn rứt là mọi người đã làm rất là tốt rồi nhưng mà mình phải hy sinh mình phải hy sinh hy sinh cái gì mình phải chọn	và với cái phim mình mình mình nên đôi khi rằng bởi vì mình cũng rất là cắnứt là mọi người đã làm rất là tốt rồi nhưng mà mình phải hy sinh mình phải hy sinh hy sinh cái gì mình phải chọn	VÀ VỚI CÁI THÌ MÌNH NÊN ĐÔI KHI LÀ BỞI VÌ MÌNH CŨNG RẤT LÀẮN NHẤT MỌI NGƯỜI ĐÃ LÀM CHO CÁI TỐT RỒI NHƯNG MÀ MÌNH PHẢI HY SINH MÌNH PHẢIY SINHY SINH CÁI GÌ THÌ MÌNH PHẢI CHỌN	VÀ VỚI CÁI PHIM MÌNH MÌNH MÌNH NÊN ĐÔI KHI LÀ NÃY VÌ MÌNH CŨNG RẤT LÀ CẮN RẤT MỌI NGƯỜI ĐÃ LÀM RẤT LÀ TỐT RỒI NHƯNG MÀ MÌNH PHẢI HY SINH MÀ BẢN HY SINH HY SINH CÁI GÌ MÌNH PHẢI CHỌN	VÀ VỚI CÁI PHIM MÌNH NÊN ĐÔI KHI LÀ BỞI VÌ MÌNH CŨNG RẤT LÀẮNẮN RẤT LÀ MỌI NGƯỜI ĐÃ LÀM RẤT LÀ TỐT RỒI NHƯNG MÀ MÌNH PHẢI HY SINH MÌNH PHẢI HY SINH THI SINH CÁI GÌ THÌ MÌNH PHẢI CHỌN	và với cái phim mình mình mình nên đôi khi rằng bởi vì mình cũng rất là cắn rứt là mọi người đã làm rất là tốt rồi nhưng mà mình phải hy sinh mình phải hy sinh hy sinh cái gì mình phải chọn.	Và với cái phim mình mình mình nên đôi khi rằng bởi vì mình cũng rất là cắnứt là mọi người đã làm rất là tốt rồi, nhưng mà mình phải hy sinh, mình phải hy sinh, hy sinh cái gì mình phải chọn.
train	43088	12.20	pseudo_label	những người bạn của mình đi nước ngoài họ cũng như thế thôi họ cũng rất là đắn đo có về không và mình tưởng tượng được cho nên huy nói cái là mình xây dựng ban đầu là với không khí trầm tư	những người bạn mình đi nước ngoài hạn họ cũng như thế rồi họ cũng rất là đang đó có về không và mình tưởng tượng đượcen nên nói cái là phải xây dựng ban đầu là cái khôngí chầm tư	những người bạn của mình đến nước ngoài chẳng hạn họ cũng như thế rồi họ cũng rất là đ đo có về không và mình tưởng tượng được cho nên h nói cái là mình xây dựng ban đầu là với không khí trầm tư	những người bạn của mình đi nước ngoài hạn họ cũng như thế rồi họ cũng rất là đá đo có về không và mình mình tưởng tượng được cho nàyy nó cái là mình xây dựngan đầu là cái không khí trong mục tư	những người bạn của mình đi nước ngoài họ cũng như thế thôi họ cũng rất đắn đo có vì không và mình tưởng tượng được cho lê huy nói cái là mình xây dựng ban đầu là với không khí trầm tư	những người bạn của mình đi nước ngoài chẳng hạn họ cũng như thế thôi họ cũng rất là đắn đo có về hay không và mình mình tưởng tượng được cho nên huy nó cái là mình xây dựng ban đầu là cái không khí trầm tư	NHỮNG NGƯỜI BẠN MÌNH ĐI NƯỚC NGOÀI HẠN HỌ CŨNG NHƯ THẾ RỒI HỌ CŨNG RẤT LÀ ĐANG ĐÓ CÓ VỀ KHÔNG VÀ MÌNH TƯỞNG TƯỢNG ĐƯỢCEN NÊN NÓI CÁI LÀ PHẢI XÂY DỰNG BAN ĐẦU LÀ CÁI KHÔNGÍ CHẦM TƯ	NHỮNG NGƯỜI BẠN CỦA MÌNH ĐẾN NƯỚC NGOÀI CHẲNG HẠN HỌ CŨNG NHƯ THẾ RỒI HỌ CŨNG RẤT LÀ Đ ĐO CÓ VỀ KHÔNG VÀ MÌNH TƯỞNG TƯỢNG ĐƯỢC CHO NÊN H NÓI CÁI LÀ MÌNH XÂY DỰNG BAN ĐẦU LÀ VỚI KHÔNG KHÍ TRẦM TƯ	NHỮNG NGƯỜI BẠN CỦA MÌNH ĐI NƯỚC NGOÀI HẠN HỌ CŨNG NHƯ THẾ RỒI HỌ CŨNG RẤT LÀ ĐÁ ĐO CÓ VỀ KHÔNG VÀ MÌNH MÌNH TƯỞNG TƯỢNG ĐƯỢC CHO NÀYY NÓ CÁI LÀ MÌNH XÂY DỰNGAN ĐẦU LÀ CÁI KHÔNG KHÍ TRONG MỤC TƯ	những người bạn của mình đi nước ngoài họ cũng như thế thôi họ cũng rất đắn đo có vì không và mình tưởng tượng được cho lê huy nói cái là mình xây dựng ban đầu là với không khí trầm tư.	Những người bạn của mình đi nước ngoài chẳng hạn, họ cũng như thế thôi, Họ cũng rất là đắn đo có về hay không, và mình mình tưởng tượng được cho nên Huy nó cái là mình xây dựng ban đầu là cái không khí trầm tư.
train	43099	14.20	pseudo_label	mình sẽ phải cố gắng dồn hết cái sự tập trung tưởng tượng ra để từ đó sẽ nuôi tự đó sẽ tạo ra cảm hứng chứ không phải là lúc nào mình cũng sẵn sàng ửng quá uống sáng này quá phải ngồi vào nhạc là hứng liền không có đôi khi ngồi vô	mình sẽ phải cố gắngồn hệ cái sự tập trung tưởng tượng ra để từ đó sẽôi tự đó cho tạo ra cảm hứng chứ không phải là lúc nào mình cũng sẵnàng phẩm cũng mình cũng quá cũng xác là cũng qua cái cuộc cònại là thứiền không có đôi khi mườile	mình sẽ phải cố gắng dồn hết cái sự tập trung tưởng tượng ra để từ đó sẽ nuôi tự đó sẽ tạo ra cảm hứng chứ không phải là lúc nào mình cũng sẵn sàng hôm nế h cũng sang này cũng có vừa nhẹ là rất tiền xong có đôi khi mù vôồ	mình sẽ phải cố gắng rồn hết cái sự tập trung tưởng tượng ra để từ đó sẽ nôi tự đó sẽ tạo ra cảm hứng chứ không phải là lúc nào mình cũng sẵn sàng nay h hướng cũng quá cũng sao này cũng qua câu và nhạc là đúng liền không có đôi khi ngồi vô	mình sẽ phải cố gắng dồn hết cái sự tập trung tưởng tượng ra để từ đó sẽ nuôi tự đó sẽ tạo cảm hứng chứ không phải là lúc nào mình cũng sẵn sàng ở hôm nay hứng quắc hông sang hãy hưng hứng quắc hoàn vườn nhạc là hưng liền hông có đôi khi ngồi vô	mình sẽ phải cố gắng dồn hết cái sự tập trung tưởng tượng ra để từ đó sẽ nuôi tự đó sẽ tạo ra cảm hứng chứ không phải là lúc nào mình cũng sẵn sàng ứngung này hứng quá cũng sáng này ung hứng quá phảiôi và nhạc làứng liền không có đôi khi ngồi vô	MÌNH SẼ PHẢI CỐ GẮNGỒN HỆ CÁI SỰ TẬP TRUNG TƯỞNG TƯỢNG RA ĐỂ TỪ ĐÓ SẼÔI TỰ ĐÓ CHO TẠO RA CẢM HỨNG CHỨ KHÔNG PHẢI LÀ LÚC NÀO MÌNH CŨNG SẴNÀNG PHẨM CŨNG MÌNH CŨNG QUÁ CŨNG XÁC LÀ CŨNG QUA CÁI CUỘC CÒNẠI LÀ THỨIỀN KHÔNG CÓ ĐÔI KHI MƯỜILE	MÌNH SẼ PHẢI CỐ GẮNG DỒN HẾT CÁI SỰ TẬP TRUNG TƯỞNG TƯỢNG RA ĐỂ TỪ ĐÓ SẼ NUÔI TỰ ĐÓ SẼ TẠO RA CẢM HỨNG CHỨ KHÔNG PHẢI LÀ LÚC NÀO MÌNH CŨNG SẴN SÀNG HÔM NẾ H CŨNG SANG NÀY CŨNG CÓ VỪA NHẸ LÀ RẤT TIỀN XONG CÓ ĐÔI KHI MÙ VÔỒ	MÌNH SẼ PHẢI CỐ GẮNG RỒN HẾT CÁI SỰ TẬP TRUNG TƯỞNG TƯỢNG RA ĐỂ TỪ ĐÓ SẼ NÔI TỰ ĐÓ SẼ TẠO RA CẢM HỨNG CHỨ KHÔNG PHẢI LÀ LÚC NÀO MÌNH CŨNG SẴN SÀNG NAY H HƯỚNG CŨNG QUÁ CŨNG SAO NÀY CŨNG QUA CÂU VÀ NHẠC LÀ ĐÚNG LIỀN KHÔNG CÓ ĐÔI KHI NGỒI VÔ	mình sẽ phải cố gắng dồn hết cái sự tập trung tưởng tượng ra để từ đó sẽ nuôi tự đó sẽ tạo cảm hứng chứ không phải là lúc nào mình cũng sẵn sàng ở hôm nay hứng quắc hông sang hãy hưng hứng quắc hoàn vườn nhạc là hưng liền hông có đôi khi ngồi vô.	Mình sẽ phải cố gắng dồn hết cái sự tập trung tưởng tượng ra để từ đó sẽ nuôi tự đó sẽ tạo ra cảm hứng chứ không phải là lúc nào mình cũng sẵn sàng ứngung này hứng  quá,  cũng sáng này ung hứng quá, phảiôi và nhạc làứng liền, không có đôi khi ngồi vô.
train	43115	12.60	pseudo_label	mình nghĩ là cũng có thể là dự án nó bắt đầu chày được rồi và quỳnh thấy đang khá là vui rồi sang năm sẽ có dự định về album rồi con search các thứ các thứ	mình nghĩ là cũng có thể là dự nó bắt đầuai được rồi mà mình ngay đang khá là bo về sang năm sẽ có thể định để album rồi conớ các thứ nhất thế	mình nghĩ là cũng có thể là dự án nó bắt đầu chảy được rồi và mình đang khá là vui rồi sang năm sẽ có gia định gì album với concart các thứ nước thiết	có nghĩ là cũng có thể dự án nó bắt đầu chảy được rồi và mình đây đang khá là vui về sang năm sẽ có gia định vì album rồi con sert các thứ nhất ý	quỳnh nghĩ là cũng có thể dự án nó bắt đầu chạy được rồi và quỳnh thấy đang khá là vui về sang năm sẽ có dự định về âm bom rồi còn sớt các thứ	quỳnh nghĩ là cũng có thể là dự án nó bắt đầu ch chạy được rồi và quỳnh thấy đang khá là vui rồi về sang năm sẽ có dự định về a bum rồi về con sớt các thứ	MÌNH NGHĨ LÀ CŨNG CÓ THỂ LÀ DỰ NÓ BẮT ĐẦUAI ĐƯỢC RỒI MÀ MÌNH NGAY ĐANG KHÁ LÀ BO VỀ SANG NĂM SẼ CÓ THỂ ĐỊNH ĐỂ ALBUM RỒI CONỚ CÁC THỨ NHẤT THẾ	MÌNH NGHĨ LÀ CŨNG CÓ THỂ LÀ DỰ ÁN NÓ BẮT ĐẦU CHẢY ĐƯỢC RỒI VÀ MÌNH ĐANG KHÁ LÀ VUI RỒI SANG NĂM SẼ CÓ GIA ĐỊNH GÌ ALBUM VỚI CONCART CÁC THỨ NƯỚC THIẾT	CÓ NGHĨ LÀ CŨNG CÓ THỂ DỰ ÁN NÓ BẮT ĐẦU CHẢY ĐƯỢC RỒI VÀ MÌNH ĐÂY ĐANG KHÁ LÀ VUI VỀ SANG NĂM SẼ CÓ GIA ĐỊNH VÌ ALBUM RỒI CON SERT CÁC THỨ NHẤT Ý	quỳnh nghĩ là cũng có thể dự án nó bắt đầu chạy được rồi và quỳnh thấy đang khá là vui về sang năm sẽ có dự định về âm bom rồi còn sớt các thứ.	Quỳnh nghĩ là cũng có thể là dự án nó bắt đầu ch chạy được rồi, và Quỳnh thấy đang khá là vui rồi về sang năm sẽ có dự định về a bum rồi về con sớt các thứ.
validation	431	10.70	pseudo_label	thì từ cái khoảng thời gian hai năm trước lúc mà phim rạp nó chiếu cho tới bây giờ nó cũng không có dám về thì có rất nhiều vấn đề mà nó không thể về được thì nó nó mình cũng hiểu trong cái tâm trạng của mọi người	thì từ cái khoảng thời gian hai năm trước lúc mà phimra nóiếu cho tới bây giờ nó cũng không cóám về thì có rất là nhiều vấn đề nó không thể về được thì đó nó nó mình cũng hiểu trong cái tâm trạng của mọi người	thì từ cái khoảng thời gian hai năm trước lúc màre rm nó chiếu cho tới bây giờ nó cũng không có dám về thì có rất là nhiều vấn đề nó không thể về được thì nó mình không hiểu trong những cái tâm trạng của mọi người	thì từ cái khoảng thời gian hai năm trước lúc mà fro mới chiếu cho tới bây giờ nó cũng không có dám về thì có rất là nhiều vấn đề nó không thể về được thì mình cũng hiểu trong cái tâm trạng của mọi người	thì từ cái khoảng thời gian hai năm trước lúc mà phim rò mới chiếu cho tới bây giờ nó cũng không có dám về thì còn rất nhiều vấn đề mà nó không thể về được thì nó nó nó mình cũng hiểu giù cái tâm trạng của mọi người	thì từ cái khoảng thời gian hai năm trước lúc mà phim rà mới chiếu cho tới bây giờ nó cũng không có dám về thì có rất nhiều vấn đề mà nó không thể về được thì nó nó nó nó mình cũng hiểu trong cái tâm trạng của mọi người	THÌ TỪ CÁI KHOẢNG THỜI GIAN HAI NĂM TRƯỚC LÚC MÀ PHIMRA NÓIẾU CHO TỚI BÂY GIỜ NÓ CŨNG KHÔNG CÓÁM VỀ THÌ CÓ RẤT LÀ NHIỀU VẤN ĐỀ NÓ KHÔNG THỂ VỀ ĐƯỢC THÌ ĐÓ NÓ NÓ MÌNH CŨNG HIỂU TRONG CÁI TÂM TRẠNG CỦA MỌI NGƯỜI	THÌ TỪ CÁI KHOẢNG THỜI GIAN HAI NĂM TRƯỚC LÚC MÀRE RM NÓ CHIẾU CHO TỚI BÂY GIỜ NÓ CŨNG KHÔNG CÓ DÁM VỀ THÌ CÓ RẤT LÀ NHIỀU VẤN ĐỀ NÓ KHÔNG THỂ VỀ ĐƯỢC THÌ NÓ MÌNH KHÔNG HIỂU TRONG NHỮNG CÁI TÂM TRẠNG CỦA MỌI NGƯỜI	THÌ TỪ CÁI KHOẢNG THỜI GIAN HAI NĂM TRƯỚC LÚC MÀ FRO MỚI CHIẾU CHO TỚI BÂY GIỜ NÓ CŨNG KHÔNG CÓ DÁM VỀ THÌ CÓ RẤT LÀ NHIỀU VẤN ĐỀ NÓ KHÔNG THỂ VỀ ĐƯỢC THÌ MÌNH CŨNG HIỂU TRONG CÁI TÂM TRẠNG CỦA MỌI NGƯỜI	thì từ cái khoảng thời gian hai năm trước lúc mà phim rò mới chiếu cho tới bây giờ nó cũng không có dám về thì còn rất nhiều vấn đề mà nó không thể về được thì nó nó nó mình cũng hiểu giù cái tâm trạng của mọi người.	Thì từ cái khoảng thời gian hai năm trước, lúc mà phim rà mới chiếu cho tới bây giờ nó cũng không có dám về, thì có rất nhiều vấn đề mà nó không thể về được, thì nó nó nó nó mình cũng hiểu trong cái tâm trạng của mọi người.
train	54123	12.90	pseudo_label	xin mời các bạn đến với dubbe tạ trong tiếng anh gọi là dum beo nhưng mà chúng tôi cũng rất là mong là qua việc gặp tạ chúng tôi sẽ trở nên thông minh hơn và đấy là tất cả những gì mà chúng ta sẽ trò chuyện trong dum beo và chúng ta sẽ đến với chủ đề thứ hai	xin mừng các bạn đến với đameoụ tạo trong tiếng anh gọi là đong đâu nhưng mà chúng tôi rất là mong là kho qua về tập tạo chúng tôi sẽ trở đến thôngính hơn chúng chúng là tất giản gì và chúng ta sẽ chọn trong năm năm và chúng ta sẽ đến với chủ đề chú hai hành	xin mừng các bạn đến với đam đ tại trong tiếng anh gọi là đ đ nhưng mà chúng tôi thì rất là mong là qua cái tập đại chúng tôi sẽ trở nên thông minh hơn và muốn là tất cả việc chúng ta sẽ chọn chuyện ng đ đầu và chúng ta sẽ đến một với chủ đề chú hai	chi mừng các bạn đến với đam mê th tạo trong tiếng anh gọi là đamao nhưng mà chúng tôi rất là mong là qua việc tậpạ tôi sẽ trở đến thông minh hơn và mình là tất cả những gì và chúng ta sẽ chọn chuyệnống đâm nào và chúng ta sẽ đến cái chủ đề tr hát hay	xin mời các bạn đến với đăm bèo cụ tạ trong tiếng anh gọi là đăm bèo nhưng mà chúng tôi cũng rất là mong là qua việc tập tạ chúng tôi sẽ trở nên thông minh hơn và đấy là tất cả những gì mà chúng ta sẽ trò chuyện trong đăm đèo và chúng ta sẽ đến với chủ đề thứ hai	chin mừng các bạn đến với đăm beo c thực tạ trong tiếng anh gọi là đăm beo nhưng mà chúng tôi rất là mong là qua việc cập tạ chúng tôi sẽ trở nên thông minh hơn và đấy là tất cả những gì mà chúng ta sẽ trò chuyện trong đăm đeo và chúng ta sẽ đến với chủ đề thứ hai	XIN MỪNG CÁC BẠN ĐẾN VỚI ĐAMEOỤ TẠO TRONG TIẾNG ANH GỌI LÀ ĐONG ĐÂU NHƯNG MÀ CHÚNG TÔI RẤT LÀ MONG LÀ KHO QUA VỀ TẬP TẠO CHÚNG TÔI SẼ TRỞ ĐẾN THÔNGÍNH HƠN CHÚNG CHÚNG LÀ TẤT GIẢN GÌ VÀ CHÚNG TA SẼ CHỌN TRONG NĂM NĂM VÀ CHÚNG TA SẼ ĐẾN VỚI CHỦ ĐỀ CHÚ HAI HÀNH	XIN MỪNG CÁC BẠN ĐẾN VỚI ĐAM Đ TẠI TRONG TIẾNG ANH GỌI LÀ Đ Đ NHƯNG MÀ CHÚNG TÔI THÌ RẤT LÀ MONG LÀ QUA CÁI TẬP ĐẠI CHÚNG TÔI SẼ TRỞ NÊN THÔNG MINH HƠN VÀ MUỐN LÀ TẤT CẢ VIỆC CHÚNG TA SẼ CHỌN CHUYỆN NG Đ ĐẦU VÀ CHÚNG TA SẼ ĐẾN MỘT VỚI CHỦ ĐỀ CHÚ HAI	CHI MỪNG CÁC BẠN ĐẾN VỚI ĐAM MÊ TH TẠO TRONG TIẾNG ANH GỌI LÀ ĐAMAO NHƯNG MÀ CHÚNG TÔI RẤT LÀ MONG LÀ QUA VIỆC TẬPẠ TÔI SẼ TRỞ ĐẾN THÔNG MINH HƠN VÀ MÌNH LÀ TẤT CẢ NHỮNG GÌ VÀ CHÚNG TA SẼ CHỌN CHUYỆNỐNG ĐÂM NÀO VÀ CHÚNG TA SẼ ĐẾN CÁI CHỦ ĐỀ TR HÁT HAY	xin mời các bạn đến với đăm bèo cụ tạ trong tiếng anh gọi là đăm bèo nhưng mà chúng tôi cũng rất là mong là qua việc tập tạ chúng tôi sẽ trở nên thông minh hơn và đấy là tất cả những gì mà chúng ta sẽ trò chuyện trong đăm đèo và chúng ta sẽ đến với chủ đề thứ hai.	Chin mừng các bạn đến với đăm beo c thực tạ trong tiếng Anh gọi là đăm beo, nhưng mà chúng tôi rất là mong là qua việc cập tạ. chúng tôi sẽ trở nên thông minh hơn, và đấy là tất cả những gì mà chúng ta sẽ trò chuyện trong đăm đeo và chúng ta sẽ đến với chủ đề thứ hai.
train	54130	14.40	pseudo_label	thì nghĩ là không phải là về mativation tiếng việt mình nói là động động lực á không phải động lực theo nghĩa là cái phần mà discrin hơn là phải kỷ luật là phải xách đít lô đi tập có mấy lần ghi lớp từ	thì nghĩ là không phải là về màvtion tiếng việt mà nói lắm động lực á không phải động lực theo nghĩ là cái phần mà diíchin hơn là phải khiạch chỉ lật là phảiắcất lớn đi tập cóợ gì lớp từ	thì nghĩ là không phải là về m chivation tiếng việt mình nổi nó động lực á không phải động lực theo nghĩ là cái phần mà dis lin hơn là phải chỉ luật là phải sắc nícht l đi tậpập có mấy là ghi l từ	chị nghĩa là không phải là về mtivvtion tiếng việt mà nói đâu động động lực á không phải động lực theo nghĩ là cái phần mà đi xin hơn là phảiách chỉ lật là phải s đứ lo điập có mấy là gh lớp từ	chị nghĩ là không phải là về mô ti vây sơn tiếng việt mình nối động động lực á không phải động lực theo nghỉ là cái phần mà đi sít lin hơn là phải kỷ luật chỉ luật là phải xách đích lô đi đập có mấy lần ghi lớn từ	thì nghĩ là không phải là về mơi vây sơn tiếng việt mình nói động động lực á không phải động lực theo nghĩ là cái phần mà đi xích li hơn là phải k cái luật kỷ luật là phải xách đít lừa đi đi tập có mấy lần ghi lớ từ	THÌ NGHĨ LÀ KHÔNG PHẢI LÀ VỀ MÀVTION TIẾNG VIỆT MÀ NÓI LẮM ĐỘNG LỰC Á KHÔNG PHẢI ĐỘNG LỰC THEO NGHĨ LÀ CÁI PHẦN MÀ DIÍCHIN HƠN LÀ PHẢI KHIẠCH CHỈ LẬT LÀ PHẢIẮCẤT LỚN ĐI TẬP CÓỢ GÌ LỚP TỪ	THÌ NGHĨ LÀ KHÔNG PHẢI LÀ VỀ M CHIVATION TIẾNG VIỆT MÌNH NỔI NÓ ĐỘNG LỰC Á KHÔNG PHẢI ĐỘNG LỰC THEO NGHĨ LÀ CÁI PHẦN MÀ DIS LIN HƠN LÀ PHẢI CHỈ LUẬT LÀ PHẢI SẮC NÍCHT L ĐI TẬPẬP CÓ MẤY LÀ GHI L TỪ	CHỊ NGHĨA LÀ KHÔNG PHẢI LÀ VỀ MTIVVTION TIẾNG VIỆT MÀ NÓI ĐÂU ĐỘNG ĐỘNG LỰC Á KHÔNG PHẢI ĐỘNG LỰC THEO NGHĨ LÀ CÁI PHẦN MÀ ĐI XIN HƠN LÀ PHẢIÁCH CHỈ LẬT LÀ PHẢI S ĐỨ LO ĐIẬP CÓ MẤY LÀ GH LỚP TỪ	chị nghĩ là không phải là về mô ti vây sơn tiếng việt mình nối động động lực á không phải động lực theo nghỉ là cái phần mà đi sít lin hơn là phải kỷ luật chỉ luật là phải xách đích lô đi đập có mấy lần ghi lớn từ.	Thì nghĩ là không phải là về mơi vây Sơn tiếng Việt mình nói động động lực á, không phải động lực theo nghĩ là cái phần mà đi xích li hơn là phải k cái luật, kỷ luật là phải xách đít lừa đi đi tập có mấy lần ghi lớ từ.
train	54142	12.60	pseudo_label	là mình cũng bảo kiểu nâng tạ bao nhiêu nhá tức là mình cũng muốn nhìn cái mục tiêu của người ta để trở thành cái động lực cho mình làm việc ở công ty cũng thế chứ mình cũng nhìn thấy top năm công ty media ở việt nam ấy	là mình cũng bảo kiểu nâng tạo bao nhiêu nhở tức là mình cũng muốn nhìn cái mục tiêu của người ta để trở thành cái động lực cho mình làm việc công ty cũng thế trước mình cũng nhìn thấy to năm công tyedia ở việt nam	là mình cũng bảo kiểu nâng tạo bao nhiêu nhá tức là mình cũng muốn nhìn cái mục tiêu của người ta để trở thành cái động lực cho mình làm việc công ty cũng thế chứ mình cũng nhìn thấy topp ra công ty viediaia ở việt nam	là mình cũng vào kiểu nâng tạo bao nhiêuở tức là mình cũng muốn nhìn cái mục tiêu của người ta để trở thành cái động lực cho mình làm việc công ty cũng thế chứ mình cũng nhìn thấy to năm công tyeddia ở việt nam	là mình cũng bảo ừ kiểu nâng tạ bao nhiêu nhờ tức là mình cũng muốn nhìn cái mục tiêu của người ta để trở thành cái động lực cho mình làm việc ở công ty cũng thế chứ mình cũng nhìn thấy top năm công ty media ở việt nam	là mình cũng bảo ừ kiểu nâng t tạo bao nhiêu ấy nhở tức là mình cũng muốn nhìn cái mục tiêu của người ta để trở thành cái động lực cho mình là làm việc ở công ty cũng thế chứ mình cũng nhìn thấy top năm công ty mia ở việt nam	LÀ MÌNH CŨNG BẢO KIỂU NÂNG TẠO BAO NHIÊU NHỞ TỨC LÀ MÌNH CŨNG MUỐN NHÌN CÁI MỤC TIÊU CỦA NGƯỜI TA ĐỂ TRỞ THÀNH CÁI ĐỘNG LỰC CHO MÌNH LÀM VIỆC CÔNG TY CŨNG THẾ TRƯỚC MÌNH CŨNG NHÌN THẤY TO NĂM CÔNG TYEDIA Ở VIỆT NAM	LÀ MÌNH CŨNG BẢO KIỂU NÂNG TẠO BAO NHIÊU NHÁ TỨC LÀ MÌNH CŨNG MUỐN NHÌN CÁI MỤC TIÊU CỦA NGƯỜI TA ĐỂ TRỞ THÀNH CÁI ĐỘNG LỰC CHO MÌNH LÀM VIỆC CÔNG TY CŨNG THẾ CHỨ MÌNH CŨNG NHÌN THẤY TOPP RA CÔNG TY VIEDIAIA Ở VIỆT NAM	LÀ MÌNH CŨNG VÀO KIỂU NÂNG TẠO BAO NHIÊUỞ TỨC LÀ MÌNH CŨNG MUỐN NHÌN CÁI MỤC TIÊU CỦA NGƯỜI TA ĐỂ TRỞ THÀNH CÁI ĐỘNG LỰC CHO MÌNH LÀM VIỆC CÔNG TY CŨNG THẾ CHỨ MÌNH CŨNG NHÌN THẤY TO NĂM CÔNG TYEDDIA Ở VIỆT NAM	là mình cũng bảo ừ kiểu nâng tạ bao nhiêu nhờ tức là mình cũng muốn nhìn cái mục tiêu của người ta để trở thành cái động lực cho mình làm việc ở công ty cũng thế chứ mình cũng nhìn thấy top năm công ty media ở việt nam.	Là mình cũng bảo ừ kiểu nâng t tạo bao nhiêu ấy nhở, tức là mình cũng muốn nhìn cái mục tiêu của người ta để trở thành cái động lực cho mình, Là làm việc ở công ty cũng thế chứ, mình cũng nhìn thấy top năm công ty Mia ở Việt Nam.
train	54165	13.10	pseudo_label	xong rồi ồ cái gì sai cái gì sai nhích lên một tí cũng được bằng cái gì đấy thêm bài ư thêm cái gì đấy đi để mà nhìn thì nó lên đấy thì theo dõi rất là kỹ cái biển cái biểu đồ đấy để biết là à ok	xong phải cái gì sai cái gì sai nhất cái một tí cũng được bằng cái gì đấy thêm bàiư thêm cái gì đấy đi để mà nhìn thấy nó lên đấy thì theo dõi rất là kỹ cáiiển cái điều đồ đấy đẹp biết là à ok	xong rồi cái gì sai cái gì sai nhất cho một tí cũng được bằng một cái gì đấy thêm bài thêm cái gì đấy đi để mà nhìn thấy nó lên đấy thì theo dõi rất là kỹ cái biển cái biểu đồồ đấy để biết là à ok	sao mới ờ cái gì sai cái gì sai nhất cho một tí cũng được bằng một cái gì đấy thêm bài ư thêm cái gì đấy thì để mà nhìn thấy nó lên đấy thì theo dõi rất là kỹ cáiiển cáiiểuồ đấy đẹp biết là à ok	xong rồi ồ cái gì sai cái gì sai nhích một tí cũng được bằng cái gì đấy thêm bài thêm cái gì đấy đi để mà nhìn thấy nó lên thế thì theo dõi rất là kỹ cái biển cái cái biểu đồ đấy để biết là à ok	xao mày ờ cái gì sai cái gì sai nhích cái một tí cũng được bằng cái gì đấy thêm bài ư thêm cái gì đấy đi để mà nhìn thấy nó lên đấy thì theo dõi rất là kỹ cái biển cái biểu đồ đấy để biết là à ô kê	XONG PHẢI CÁI GÌ SAI CÁI GÌ SAI NHẤT CÁI MỘT TÍ CŨNG ĐƯỢC BẰNG CÁI GÌ ĐẤY THÊM BÀIƯ THÊM CÁI GÌ ĐẤY ĐI ĐỂ MÀ NHÌN THẤY NÓ LÊN ĐẤY THÌ THEO DÕI RẤT LÀ KỸ CÁIIỂN CÁI ĐIỀU ĐỒ ĐẤY ĐẸP BIẾT LÀ À OK	XONG RỒI  CÁI GÌ SAI CÁI GÌ SAI NHẤT CHO MỘT TÍ CŨNG ĐƯỢC BẰNG MỘT CÁI GÌ ĐẤY THÊM BÀI THÊM CÁI GÌ ĐẤY ĐI ĐỂ MÀ NHÌN THẤY NÓ LÊN ĐẤY THÌ THEO DÕI RẤT LÀ KỸ CÁI BIỂN CÁI BIỂU ĐỒỒ ĐẤY ĐỂ BIẾT LÀ À OK	SAO MỚI Ờ CÁI GÌ SAI CÁI GÌ SAI NHẤT CHO MỘT TÍ CŨNG ĐƯỢC BẰNG MỘT CÁI GÌ ĐẤY THÊM BÀI Ư THÊM CÁI GÌ ĐẤY THÌ ĐỂ MÀ NHÌN THẤY NÓ LÊN ĐẤY THÌ THEO DÕI RẤT LÀ KỸ CÁIIỂN CÁIIỂUỒ ĐẤY ĐẸP BIẾT LÀ À OK	xong rồi ồ cái gì sai cái gì sai nhích một tí cũng được bằng cái gì đấy thêm bài thêm cái gì đấy đi để mà nhìn thấy nó lên thế thì theo dõi rất là kỹ cái biển cái cái biểu đồ đấy để biết là à ok.	Xao mày ờ cái gì sai, cái gì sai nhích cái một tí cũng được bằng cái gì đấy, thêm bài ư, thêm cái gì đấy đi để mà nhìn thấy nó lên đấy thì theo dõi rất là kỹ cái biển cái biểu đồ đấy để biết là à ô kê.
train	54174	11.50	pseudo_label	một cái video cứ như thế từ từ thì tự dưng là mình sẽ phát triển model morticong of cano	một cái videoới như thế từ từ thì tự dư là mình sẽ phát triển feroaleo khỏe điểm của	một cái videoeo cứ như thế từ từ thì tự dưng là mình sẽ phát triển ftional the shoa s qu	một cái video cứ như thế từ từ cái tự dưng là mình sẽ phát triển feootione sho acc tai	một cái video cứ như thế từ từ thì tượng rưng là mình sẽ phát triển	một cái vi đ đi ô cứ như thế từ từ thì tự dưng là mình sẽ phát triển phờ mỹ và mô đôây sen mô ôâyên vật châu anh ápừ sờơn xít ta đừ ph	MỘT CÁI VIDEOỚI NHƯ THẾ TỪ TỪ THÌ TỰ DƯ LÀ MÌNH SẼ PHÁT TRIỂN FEROALEO KHỎE ĐIỂM CỦA	MỘT CÁI VIDEOEO CỨ NHƯ THẾ TỪ TỪ THÌ TỰ DƯNG LÀ MÌNH SẼ PHÁT TRIỂN FTIONAL THE SHOA S QU	MỘT CÁI VIDEO CỨ NHƯ THẾ TỪ TỪ CÁI TỰ DƯNG LÀ MÌNH SẼ PHÁT TRIỂN FEOOTIONE SHO ACC TAI	một cái video cứ như thế từ từ thì tượng rưng là mình sẽ phát triển.	Một cái vi đ đi ô cứ như thế, từ từ thì tự dưng là mình sẽ phát triển Phờ Mỹ và mô đôây sen mô  Ôâyên vật Châu anh ápừ sờơn xít Ta Đừ ph.
train	54178	14.30	pseudo_label	và mình phải biết là cái cái step nhỏ mình sẽ làm mà mình cũng sẽ đạt tới nó mà tới nó không thì mình cũng phải yêu thương cái gì đó trong cái thời gian mình làm chậm không phải làm chậm mà làm hoài thì nó hay đâu thì làm chậm mà phải yêu thương nó hoài	và hay biết là cái cái cách nhỏ mình sẽ làm mình cũng sẽ đạt tới nó mà tới nó không thì mình cũng phải in thương cái gì đó trong cái thời gian mình mình làmậmm không phải làmậm mà l làmài cho nó hay đâu thì làmậm mà phảiim thương nó nóầy	và mình hay biết là cái cái stp nhỏ mình sẽ làm mình cũng sẽ đạt tới nó và tới nó không thì mình cũng phải t cái gì đó trong cái thời gian mình mình làm chậm không phải là mà làm hoài cho nó hay đâu thì làm chạm là phải inimt nó vậy	và mình phải biết là cái cái ste nhỏ mình sẽ làm mình cũng sẽ đạt tới nó và tới nó không thì mình cũng phải yêup cái gì đó trong cái thời gian mình mình làm chạậmm không phải là chỗ mà làm ngoài kiểu nó hay đâu thì làm chạm mà phảiimt luônầy	và mình phải biết là cái cái sờ tép nhỏ mình sẽ làm mà mình cũng sẽ đạt tới nó và tới nó không thì mình cũng phải in thu cái gì đó trong cái thời gian mình ờ mình làm chậm không phải làm chậm mà làm hoài thì nó hay đâu thì làm chậm mà phải in thu cái nó hoài	mà mình phải biết là cái cái sờ tép nhỏ mình sẽ làm mà mình cũng sẽ đạt tới nó và tới nó không thì mình cũng phải in thua cái gì đó trong cái thời gian mình mình làm chậm không phải làm chậm mà làm hoài thì nó hay đâu thì làm chậm mà phải im thuu của nóài	VÀ HAY BIẾT LÀ CÁI CÁI CÁCH NHỎ MÌNH SẼ LÀM MÌNH CŨNG SẼ ĐẠT TỚI NÓ MÀ TỚI NÓ KHÔNG THÌ MÌNH CŨNG PHẢI  IN THƯƠNG CÁI GÌ ĐÓ TRONG CÁI THỜI GIAN MÌNH MÌNH LÀMẬMM KHÔNG PHẢI LÀMẬM MÀ L LÀMÀI CHO NÓ HAY ĐÂU THÌ LÀMẬM MÀ PHẢIIM THƯƠNG NÓ NÓẦY	VÀ MÌNH HAY BIẾT LÀ CÁI CÁI STP NHỎ MÌNH SẼ LÀM MÌNH CŨNG SẼ ĐẠT TỚI NÓ VÀ TỚI NÓ KHÔNG THÌ MÌNH CŨNG PHẢI T CÁI GÌ ĐÓ TRONG CÁI THỜI GIAN MÌNH MÌNH LÀM CHẬM KHÔNG PHẢI LÀ MÀ LÀM HOÀI CHO NÓ HAY ĐÂU THÌ LÀM CHẠM LÀ PHẢI INIMT NÓ VẬY	VÀ MÌNH PHẢI BIẾT LÀ CÁI CÁI STE NHỎ MÌNH SẼ LÀM MÌNH CŨNG SẼ ĐẠT TỚI NÓ VÀ TỚI NÓ KHÔNG THÌ MÌNH CŨNG PHẢI YÊUP CÁI GÌ ĐÓ TRONG CÁI THỜI GIAN MÌNH MÌNH LÀM CHẠẬMM KHÔNG PHẢI LÀ CHỖ MÀ LÀM NGOÀI KIỂU NÓ HAY ĐÂU THÌ LÀM CHẠM MÀ PHẢIIMT LUÔNẦY	và mình phải biết là cái cái sờ tép nhỏ mình sẽ làm mà mình cũng sẽ đạt tới nó và tới nó không thì mình cũng phải in thu cái gì đó trong cái thời gian mình ờ mình làm chậm không phải làm chậm mà làm hoài thì nó hay đâu thì làm chậm mà phải in thu cái nó hoài.	Mà mình phải biết là cái cái sờ tép nhỏ, mình sẽ làm mà mình cũng sẽ đạt tới nó, và tới nó không thì mình cũng phải in thua cái gì đó trong cái thời gian mình mình làm chậm, không phải làm chậm mà làm hoài thì nó hay đâu thì làm chậm mà phải im thuu của nóài.
validation	6042	11.50	pseudo_label	kiểu max excill để không đi ấy nhưng mà bây giờ mình biết cái phần thưởng của mình khi mà mình tập xong tức là trong não mình nó tự tiết ra những cái hormones và mình cảm thấy là kiểu sau đấy mình rất là	kiểua xi này không đi nhưng mà bây giờ mình biết cái phầnượng của mình khi mà mình tập xong tức là trong não mình nó tự tết ra những cái homo mà mình cảm thấy là kiểu sau đấy mình rất là	kiểu b xxc để không đi ấy nhưng mà bây giờ mình biết cái phần thưởng của mình khi mà mình tập xong tức là trong não mình nó tự tiếtc ra những cái hormone và mình cảm thấy là kiểu sau đấy mình rất là	kiểu mexxki này không đi ấy nhưng mà bây giờ mình biết cái phần th của mình khi mà mình tập xong tức là trong não mình nó tự t ra những cái homon mà mình cảm thấy là kiểu sau đấy mình rất là	kiểu mếch x cừu để không đi ấy nhưng mà bây giờ mình biết cái phần thưởng của mình khi mà mình tập xong tức là trong não mình nó tự tiếp ra những cái hóc môn mà mình cảm thấy là kiểu sau đấy mình rất là	kiểu mế xích kiu để không đi ý nhưng mà bây giờ mình biết cái phần thưởng của mình khi mà mình tập xong rất là trong não mình nó tự tiết ra những cái hoócr môn và mình cảm thấy là kiểu sau đến mình rất là	KIỂUA XI NÀY KHÔNG ĐI NHƯNG MÀ BÂY GIỜ MÌNH BIẾT CÁI PHẦNƯỢNG CỦA MÌNH KHI MÀ MÌNH TẬP XONG TỨC LÀ TRONG NÃO MÌNH NÓ TỰ TẾT RA NHỮNG CÁI HOMO MÀ MÌNH CẢM THẤY LÀ KIỂU SAU ĐẤY MÌNH RẤT LÀ	KIỂU B XXC ĐỂ KHÔNG ĐI ẤY NHƯNG MÀ BÂY GIỜ MÌNH BIẾT CÁI PHẦN THƯỞNG CỦA MÌNH KHI MÀ MÌNH TẬP XONG TỨC LÀ TRONG NÃO MÌNH NÓ TỰ TIẾTC RA NHỮNG CÁI HORMONE VÀ MÌNH CẢM THẤY LÀ KIỂU SAU ĐẤY MÌNH RẤT LÀ	KIỂU MEXXKI NÀY KHÔNG ĐI ẤY NHƯNG MÀ BÂY GIỜ MÌNH BIẾT CÁI PHẦN TH CỦA MÌNH KHI MÀ MÌNH TẬP XONG TỨC LÀ TRONG NÃO MÌNH NÓ TỰ T RA NHỮNG CÁI HOMON MÀ MÌNH CẢM THẤY LÀ KIỂU SAU ĐẤY MÌNH RẤT LÀ	kiểu mếch x cừu để không đi ấy nhưng mà bây giờ mình biết cái phần thưởng của mình khi mà mình tập xong tức là trong não mình nó tự tiếp ra những cái hóc môn mà mình cảm thấy là kiểu sau đấy mình rất là.	Kiểu mế xích kiu để không đi ý, nhưng mà bây giờ mình biết cái phần thưởng của mình, khi mà mình tập xong rất là trong não, mình, nó tự tiết ra những cái hoócr môn và mình cảm thấy là kiểu sau đến mình rất là.
train	54209	13.60	pseudo_label	nếu mình nói về một cái cấp độ khoa học á thì sẽ cần có những cái nghiên cứu kéo dài thời gian và đúng chuẩn để ra một cái kết luận là có stress hay nhiều hơn hay không vì vì nếu mình chỉ tuyên bố không thì nó chỉ là một cái lời tuyên bố thôi	nếu mình nói là cái cấp độ khoa học á thì sẽ từng có những cái nghiên cứ ké dài thời gian và đúng chuẩn để lại ra một cái kết lượng là có stes hay nhiều hơn hay không tại vì vì nếu mình chỉ tiên bố không á thì nó chỉ là cái lời chuyênim bố thôi	nếu mình nói về một cái góc độộ khoa học á thì sẽ cần có những cái nghiên cứu kéo dài thời gian và đúng chuẩn để để ra một cái kết luận là có stcress theo nhiều hơn hay không tại vì vì nếu mình chỉ tiên bố không á thì nó chỉ là một cái lời tiên bố thôi	nếu mình nói là một cái gócộ khoa học thì sẽ cần có những cái nghiên cứu kéo dài thời gian và đúng chuẩn để để ra một cái kết luận là có stc hay nhiều hơn hay không tại vì vì nếu mình chỉ t bố không mất thì nó chỉ là một cái lời t bố thôi	nếu mình nói về một cái cấp độ khoa học ớ thì sẽ cần có những cái nghiên cứu kéo dài thời gian và đúng chuẩn để để ra một cái kết luận là có stress nhiều hơn hay không vì vì ờ nếu mình chỉ tuyên bố không thì nó chỉ là lời tuyên bố thôi	nếu mình nói về một cái cấp độ khoa học thì sẽ cần có những cái nghiên cứu kéo dài thời gian và đúng chuẩn để để ra một cái kết luận là có st trétss hay nhiều hơn hay không vì vì nếu mình chỉ tuyên bố không á thì nó chỉ là một cái lời tuyên bố thôi	NẾU MÌNH NÓI LÀ CÁI CẤP ĐỘ KHOA HỌC Á THÌ SẼ TỪNG CÓ NHỮNG CÁI NGHIÊN CỨ KÉ DÀI THỜI GIAN VÀ ĐÚNG CHUẨN ĐỂ LẠI RA MỘT CÁI KẾT LƯỢNG LÀ CÓ STES HAY NHIỀU HƠN HAY KHÔNG TẠI VÌ VÌ NẾU MÌNH CHỈ TIÊN BỐ KHÔNG Á THÌ NÓ CHỈ LÀ CÁI LỜI CHUYÊNIM BỐ THÔI	NẾU MÌNH NÓI VỀ MỘT CÁI GÓC ĐỘỘ KHOA HỌC Á THÌ SẼ CẦN CÓ NHỮNG CÁI NGHIÊN CỨU KÉO DÀI THỜI GIAN VÀ ĐÚNG CHUẨN ĐỂ ĐỂ RA MỘT CÁI KẾT LUẬN LÀ CÓ STCRESS THEO NHIỀU HƠN HAY KHÔNG TẠI VÌ VÌ NẾU MÌNH CHỈ TIÊN BỐ KHÔNG Á THÌ NÓ CHỈ LÀ MỘT CÁI LỜI TIÊN BỐ THÔI	NẾU MÌNH NÓI LÀ MỘT CÁI GÓCỘ KHOA HỌC THÌ SẼ CẦN CÓ NHỮNG CÁI NGHIÊN CỨU KÉO DÀI THỜI GIAN VÀ ĐÚNG CHUẨN ĐỂ ĐỂ RA MỘT CÁI KẾT LUẬN LÀ CÓ STC HAY NHIỀU HƠN HAY KHÔNG TẠI VÌ VÌ NẾU MÌNH CHỈ T BỐ KHÔNG MẤT THÌ NÓ CHỈ LÀ MỘT CÁI LỜI T BỐ THÔI	nếu mình nói về một cái cấp độ khoa học ớ thì sẽ cần có những cái nghiên cứu kéo dài thời gian và đúng chuẩn để để ra một cái kết luận là có stress nhiều hơn hay không vì vì ờ nếu mình chỉ tuyên bố không thì nó chỉ là lời tuyên bố thôi.	Nếu mình nói về một cái cấp độ khoa học thì sẽ cần có những cái nghiên cứu kéo dài thời gian và đúng chuẩn để để ra một cái kết luận là có st trétss hay nhiều hơn hay không, vì vì nếu mình chỉ tuyên bố không á thì nó chỉ là một cái lời tuyên bố thôi.
train	54249	15.00	pseudo_label	bạn nữ bạn sẽ sẽ stress và khi stress thì đâu có ham muốn có ham muốn thì làm sao mà cảm thấy thỏa mãn hay là soi trào gì được nó trở thành một cái chuyện phải làm á khi mà bạn nữ đau hoặc là không có cảm thấy thoải mái thì bạn nam bạn	bạn nữ em sẽ sẽ stes và fi stes thì đâu có hai muốn hay không có hai muốn thì làm sao mà cảm thấyải bạn hay làôi trào gì đồậy lựa lựa trở thành một cái chuyện phải làm á khi mà bạn nữ đâu hoặc là không có cảm thấy phần trọng hơn thoải mái thì bạn nam bạn	bạn nữ và em sẽ sẽ s stép và ph str thì đâu có hai muốn hay không có hai muốn thì làm sao mà cảm thấy thỏa mãn hay là xôi trào gì được dạ trở thành một cái chuyện phải làm á khi mà bạn đủ ở đâu hoặc là không có cảm thấy như trời thoải mái thì bạn nam bạn	bạn nữ bạn sẽ có thể sẽ stc và khi stces thì đâu có haiú hay không có hai muốn thì làm sao mà cảm thấy thoả mã hay là soôi tr gì được vậy là trở thành một cái chuyện phải làm khi mà bạn nữ đâu hoặc là không có cảm thấy trời thoải mái thì bạn nam bạn	bạn nữ bạn sẽ sẽ sẽ stress và khi stress thì đâu có ham muốn thì không có ham muốn thì làm sao mà cảm thấy thỏa mãn hay là sôi trào gì được nó nó trở thành một cái chuyện phải làm á khi mà bạn nữ đau hoặc là không có cảm thấy thoải mái thì bạn nam bạn cũng	bạn nữ bạn sẽ sẽ sẽ st tréts và khi st trét thì đâu có ham muốn thì h không có ham muốn thì làm sao mà cảm thấy tho mã ánn hay là sôi trào gì được nó nó trở thành một cái chuyện phải làm khi mà bạn nữ đâu hoặc là không có cảm thấy thoải mái thì bạn nam bạn	BẠN NỮ EM SẼ SẼ STES VÀ FI STES THÌ ĐÂU CÓ HAI MUỐN HAY KHÔNG CÓ HAI MUỐN THÌ LÀM SAO MÀ CẢM THẤYẢI BẠN HAY LÀÔI TRÀO GÌ ĐỒẬY LỰA LỰA TRỞ THÀNH MỘT CÁI CHUYỆN PHẢI LÀM Á KHI MÀ BẠN NỮ ĐÂU HOẶC LÀ KHÔNG CÓ CẢM THẤY PHẦN TRỌNG HƠN THOẢI MÁI THÌ BẠN NAM BẠN	BẠN NỮ VÀ EM SẼ SẼ S STÉP VÀ PH STR THÌ ĐÂU CÓ HAI MUỐN HAY KHÔNG CÓ HAI MUỐN THÌ LÀM SAO MÀ CẢM THẤY THỎA MÃN HAY LÀ XÔI TRÀO GÌ ĐƯỢC DẠ TRỞ THÀNH MỘT CÁI CHUYỆN PHẢI LÀM Á KHI MÀ BẠN ĐỦ Ở ĐÂU HOẶC LÀ KHÔNG CÓ CẢM THẤY NHƯ TRỜI THOẢI MÁI THÌ BẠN NAM BẠN	BẠN NỮ BẠN SẼ CÓ THỂ SẼ STC VÀ KHI STCES THÌ ĐÂU CÓ HAIÚ HAY KHÔNG CÓ HAI MUỐN THÌ LÀM SAO MÀ CẢM THẤY THOẢ MÃ HAY LÀ SOÔI TR GÌ ĐƯỢC VẬY LÀ TRỞ THÀNH MỘT CÁI CHUYỆN PHẢI LÀM KHI MÀ BẠN NỮ ĐÂU HOẶC LÀ KHÔNG CÓ CẢM THẤY TRỜI THOẢI MÁI THÌ BẠN NAM BẠN	bạn nữ bạn sẽ sẽ sẽ stress và khi stress thì đâu có ham muốn thì không có ham muốn thì làm sao mà cảm thấy thỏa mãn hay là sôi trào gì được nó nó trở thành một cái chuyện phải làm á khi mà bạn nữ đau hoặc là không có cảm thấy thoải mái thì bạn nam bạn cũng.	Bạn nữ bạn sẽ sẽ sẽ st tréts, và khi st trét thì đâu có ham muốn thì h không có ham muốn thì làm sao mà cảm thấy tho mã ánn hay là sôi trào gì được nó nó trở thành một cái chuyện phải làm, khi mà bạn nữ đâu hoặc là không có cảm thấy thoải mái thì bạn nam bạn.
train	54256	10.80	pseudo_label	cái câu cái câu chuyện mà giả sử các bạn nữ cảm thấy khô trong cái mối quan hệ rằng chắc là bạn này không thích mình mặc mình không đủ hấp dẫn rồi rồi với tất cả những cái suy nghĩ	cái câu cái câu chuyện mà giả sử các bạn nữ cảm thấy khô trong cái mối quan hệ rằng chắc là bạn không thích mình mình không đủấp dẫn rồi rồi với tất cả những cái suy nghĩ	cái câu cái câu chuyện mà giả sử các bạn nữ cảm thấy hô trong cái mối quan hệ rằng chắc là bạn này không thích mình nên mình không đủ hấp dẫn rồi rồi với tất cả những cái suy nghĩ	cái câu cái câu chuyện mà giả sử các bạn nữ cảm thấy khô trong cái mối quan hệ rằng chắc là bạn thích mình mình không đủấp dẫn rồi rồi với tất cả những cái suy nghĩ	cái câu cái câu chuyện mà giả sử cái bạn nữ cảm thấy khô trong máu quan hệ rằng chắc là bạn này không thích mình hoặc mình không đủ hấp dẫn rồi rồi với tất cả những cái suy nghĩ	cái câu cái câu chuyện mà giả sử cái bạn nữ cảm thấy khô trong cái mối quan hệ rằng chắc là bạn này không thích mình mình không đủ hấp dẫn rồi rồi với tất cả những cái suy nghĩ	CÁI CÂU CÁI CÂU CHUYỆN MÀ GIẢ SỬ CÁC BẠN NỮ CẢM THẤY KHÔ TRONG CÁI MỐI QUAN HỆ RẰNG CHẮC LÀ BẠN KHÔNG THÍCH MÌNH MÌNH KHÔNG ĐỦẤP DẪN RỒI RỒI VỚI TẤT CẢ NHỮNG CÁI SUY NGHĨ	CÁI CÂU CÁI CÂU CHUYỆN MÀ GIẢ SỬ CÁC BẠN NỮ CẢM THẤY HÔ TRONG CÁI MỐI QUAN HỆ RẰNG CHẮC LÀ BẠN NÀY KHÔNG THÍCH MÌNH NÊN MÌNH KHÔNG ĐỦ HẤP DẪN RỒI RỒI VỚI TẤT CẢ NHỮNG CÁI SUY NGHĨ	CÁI CÂU CÁI CÂU CHUYỆN MÀ GIẢ SỬ CÁC BẠN NỮ CẢM THẤY KHÔ TRONG CÁI MỐI QUAN HỆ RẰNG CHẮC LÀ BẠN THÍCH MÌNH MÌNH KHÔNG ĐỦẤP DẪN RỒI RỒI VỚI TẤT CẢ NHỮNG CÁI SUY NGHĨ	cái câu cái câu chuyện mà giả sử cái bạn nữ cảm thấy khô trong máu quan hệ rằng chắc là bạn này không thích mình hoặc mình không đủ hấp dẫn rồi rồi với tất cả những cái suy nghĩ.	Cái câu cái câu chuyện mà giả sử cái bạn nữ cảm thấy khô trong cái mối quan hệ rằng chắc là bạn này không thích mình mình không đủ hấp dẫn, rồi rồi với tất cả những cái suy nghĩ.
train	54268	14.30	pseudo_label	với loài người nói chung á sách còn có một cái mà những cái loài khác không có đó là cái tính giải trí chỉ có loài người mới sử dụng sách để giải trí ừ ha chứ những phần lớn những cái sinh vật khác thì họ	vớiò người nói chung á sách còn có một cái mà những cái lời khác không có đó là cái tính giải trí chỉ cóài người mới sử dụng sách để giải trí ừ ha trí những cái những phần lớn những cái cái sinh vật khác thì họ	với loài người nói chung á s sẽ còn có một cái mà những cái lời khác không có đó là cái tính dễ trí chỉ có loài người mới sử dụng s sách để giải trí ừ ha những những phần lớn những cái sinh vật khác thì họ	với loài người nói chung á x còn có một cái mà những cái lời khác không có đó là cái tính giải trí chỉ có loài người mới sử dụng s để giải trí ừ tiế những hình những phần lớn những cái cái sinh vật khác thì họ	với loài người nói chung á sách còn có một cái mà những cái loài khác không có đó là cái tính giải trí chỉ có loài người mới sử dụng sách để giải trí ừ ha chứ những cái những phần lớn những cái cái sinh vật khác thì họ	với loài người nói chung á xét còn có một cái mà những cái loài khác không có đó là cái tính giải trí chỉ có loài người mới sử dụng xét để giải trí ừ ha chứ những những phần lớn những cái cái sinh vật khác thì họ	VỚIÒ NGƯỜI NÓI CHUNG Á SÁCH CÒN CÓ MỘT CÁI MÀ NHỮNG CÁI LỜI KHÁC KHÔNG CÓ ĐÓ LÀ CÁI TÍNH GIẢI TRÍ CHỈ CÓÀI NGƯỜI MỚI SỬ DỤNG SÁCH ĐỂ GIẢI TRÍ Ừ HA TRÍ NHỮNG CÁI NHỮNG PHẦN LỚN NHỮNG CÁI CÁI SINH VẬT KHÁC THÌ HỌ	VỚI LOÀI NGƯỜI NÓI CHUNG Á S SẼ CÒN CÓ MỘT CÁI MÀ NHỮNG CÁI LỜI KHÁC KHÔNG CÓ ĐÓ LÀ CÁI TÍNH DỄ TRÍ CHỈ CÓ LOÀI NGƯỜI MỚI SỬ DỤNG S SÁCH ĐỂ GIẢI TRÍ Ừ HA NHỮNG NHỮNG PHẦN LỚN NHỮNG CÁI SINH VẬT KHÁC THÌ HỌ	VỚI LOÀI NGƯỜI NÓI CHUNG Á X CÒN CÓ MỘT CÁI MÀ NHỮNG CÁI LỜI KHÁC KHÔNG CÓ ĐÓ LÀ CÁI TÍNH GIẢI TRÍ CHỈ CÓ LOÀI NGƯỜI MỚI SỬ DỤNG S ĐỂ GIẢI TRÍ Ừ TIẾ NHỮNG HÌNH NHỮNG PHẦN LỚN NHỮNG CÁI CÁI SINH VẬT KHÁC THÌ HỌ	với loài người nói chung á sách còn có một cái mà những cái loài khác không có đó là cái tính giải trí chỉ có loài người mới sử dụng sách để giải trí ừ ha chứ những cái những phần lớn những cái cái sinh vật khác thì họ.	Với loài người nói chung á xét còn có một cái mà những cái loài khác không có đó là cái tính giải trí, chỉ có loài người mới sử dụng xét để giải trí ừ ha chứ những những phần lớn những cái cái sinh vật khác thì họ.
train	54292	13.00	pseudo_label	những cái sự đụng chạm khác những cái tương tác những cái xúc chạm khác hoặc là thậm chí là có thể hay không có thể việc sử dụng những cái công cụ hỗ trợ sử dụng đồ chơi	những cái sựụ chạ khác những cái tương tác những cái xuất chạ khác hoặc là thậm chí là có thể hay không có thể thì sử dụng những cái công cụ hỗ trợ sử dụng đồ chơi	những cái sự đụng chạm khác những cái tương tác những cái xúc chạm khác hoặc là thậm chí là có thể hay không có thể sử dụng những cái công cụ hỗ trợ sử dụng đồ chơi	những cái sựụ chạm khác những cái tương tác những cái ph chạm khác hoặc là thậm chí là có thể hay không có thể việc sử dụng những cái công cụ hỗ trợ sử dụng đồ chơi	những cái sự đụng chạm khác những cái tương tác những cái ờ xúc chạm khác hoặc là thậm chí là có thể hay không có thể việc sử dụng những cái công cụ hỗ trợ sử dụng đồ chơi	những cái sự đụng chạm khác những cái tương tác những cái xúc chạm khác hoặc là thậm chí là có thể hay không có thể việc sử dụng những cái công cụ hỗ trợ sử dụng đồ chơi	NHỮNG CÁI SỰỤ CHẠ KHÁC NHỮNG CÁI TƯƠNG TÁC NHỮNG CÁI XUẤT CHẠ KHÁC HOẶC LÀ THẬM CHÍ LÀ CÓ THỂ HAY KHÔNG CÓ THỂ THÌ SỬ DỤNG NHỮNG CÁI CÔNG CỤ HỖ TRỢ SỬ DỤNG ĐỒ CHƠI	NHỮNG CÁI SỰ ĐỤNG CHẠM KHÁC NHỮNG CÁI TƯƠNG TÁC NHỮNG CÁI XÚC CHẠM KHÁC HOẶC LÀ THẬM CHÍ LÀ CÓ THỂ HAY KHÔNG CÓ THỂ SỬ DỤNG NHỮNG CÁI CÔNG CỤ HỖ TRỢ SỬ DỤNG ĐỒ CHƠI	NHỮNG CÁI SỰỤ CHẠM KHÁC NHỮNG CÁI TƯƠNG TÁC NHỮNG CÁI PH CHẠM KHÁC HOẶC LÀ THẬM CHÍ LÀ CÓ THỂ HAY KHÔNG CÓ THỂ VIỆC SỬ DỤNG NHỮNG CÁI CÔNG CỤ HỖ TRỢ SỬ DỤNG ĐỒ CHƠI	những cái sự đụng chạm khác những cái tương tác những cái ờ xúc chạm khác hoặc là thậm chí là có thể hay không có thể việc sử dụng những cái công cụ hỗ trợ sử dụng đồ chơi.	Những cái sự đụng chạm khác, những cái tương tác, những cái xúc chạm khác, hoặc là thậm chí là có thể hay không có thể việc sử dụng những cái công cụ hỗ trợ sử dụng đồ chơi.
train	54318	14.00	pseudo_label	hiển nhiên trong cái đời sống của mỗi người cái chuyện mình có thể làm đó là mình gia tăng cái sự bao dung hơn với chính mình và mình có trách nhiệm trong cái chuyện sử dụng những cái cách thức để mình ứng phó với stress	iển nhiên trong cái cái đời sống của mọi người cái chuyện mình có thể là á đó là gia tăng sự bao dung hơn với chính mình và mình có trách nhiệm trong cái chuyện sử dụng những cái cách thức để mình cũng có cái st	hiển nhiên trong cái đời sống của mọi người cái chuyện mình có thể làm á đó là mình giaao tăng cái sự bao dung hơn với chính mình và mình có trách nhiệm trong cái chuyện sử dụng những cái cách thức để mình uống cóó cái sc	hiển nhiên trong cái đời sống của mỗi người cái chuyện mình có thể làm mắt đó là mìnha tăng cái sự bao dung hơn với chính mình và mình có trách nhiệm trong cái chuyện sử dụng những cái cách thức để mình có với stces	ờ hiển nhiên trong cái cái đời sống của mỗi người cái chuyện mình có thể làm á đó là mình gia tăng cái sự bao dung hơn với chính mình và mình có trách nhiệm trong cái chuyện sử dụng những cái cách thức để mình ứng phó với stress	ờ hiển nhiên trong cái cái đời sống của mỗi người cái chuyện mình có thể làm á đó là mình gia tăng cái cái sự bao dung hơn với chính mình và mình có trách nhiệm trong cái chuyện sử dụng những cách thức để ứng phó với s tre	IỂN NHIÊN TRONG CÁI CÁI ĐỜI SỐNG CỦA MỌI NGƯỜI CÁI CHUYỆN MÌNH CÓ THỂ LÀ Á ĐÓ LÀ GIA TĂNG SỰ BAO DUNG HƠN VỚI CHÍNH MÌNH VÀ MÌNH CÓ TRÁCH NHIỆM TRONG CÁI CHUYỆN SỬ DỤNG NHỮNG CÁI CÁCH THỨC ĐỂ MÌNH CŨNG CÓ CÁI ST	HIỂN NHIÊN TRONG CÁI ĐỜI SỐNG CỦA MỌI NGƯỜI CÁI CHUYỆN MÌNH CÓ THỂ LÀM Á ĐÓ LÀ MÌNH GIAAO TĂNG CÁI SỰ BAO DUNG HƠN VỚI CHÍNH MÌNH VÀ MÌNH CÓ TRÁCH NHIỆM TRONG CÁI CHUYỆN SỬ DỤNG NHỮNG CÁI CÁCH THỨC ĐỂ MÌNH UỐNG CÓÓ CÁI SC	HIỂN NHIÊN TRONG CÁI ĐỜI SỐNG CỦA MỖI NGƯỜI CÁI CHUYỆN MÌNH CÓ THỂ LÀM MẮT ĐÓ LÀ MÌNHA TĂNG CÁI SỰ BAO DUNG HƠN VỚI CHÍNH MÌNH VÀ MÌNH CÓ TRÁCH NHIỆM TRONG CÁI CHUYỆN SỬ DỤNG NHỮNG CÁI CÁCH THỨC ĐỂ MÌNH CÓ VỚI STCES	ờ hiển nhiên trong cái cái đời sống của mỗi người cái chuyện mình có thể làm á đó là mình gia tăng cái sự bao dung hơn với chính mình và mình có trách nhiệm trong cái chuyện sử dụng những cái cách thức để mình ứng phó với stress.	Ờ hiển nhiên, trong cái cái đời sống của mỗi người, cái chuyện mình có thể làm á đó là mình gia tăng cái cái sự bao dung hơn với chính mình, và mình có trách nhiệm trong cái chuyện sử dụng những cách thức để ứng phó với s tre.
validation	6062	15.00	pseudo_label	giới tính ở việt nam đi đâu phải là cái câu chuyện mới mẻ gì đâu đúng không nhưng mà đến bây giờ chúng ta vẫn chưa có những cái chính sách nào quá rõ ràng trong việc này cả cho nên là cầu mong đi mọi người kiểu bùng lên đi mọi người tham gia vào các cuộc livestream khi mà hả chính phủ nè quốc hội nè	giáo dục giới tính ở việt nam đi đâu phải là cái câu chuyện mới mẹ đâu đúng không nhưng mà đến bây giờ chúng ta vẫn chưa có những cái chính sách đầu quá rõ ràng cho việc này cả cho nên là cầu mong đi mọi người kiểuùng lên để mọi người tham gia và các cuộc liream khi mà hả chínhủ nào quáẹ	giới dục giới tính ở việt nam đi đâu phải là cái câu chuyện mới mẻ ở đâu đúng không nhưng mà đến bây giờ chúng ta vẫn chưa có những cái chính sách đầu quá rõ ràng trong việc này cả cho nên là cầu không đi mọi người kiểu bùng lên đi mọi người tham gia và các cuộc livestream khi mà hả chính tủ nào quá h hội nè	với một như tính ở việt nam đi đâu phải là cái câu chuyện mới mẻ hay đạo đúng không nhưng mà đến bây giờ chúng ta vẫn chưa có những cái chính sách nào quá rõ ràng trong việc này cả cho nên là cầu m mong đi mọi người kiểu vùng lên để mọi người tham gia và các cuộc listream khi mà hả chính cũủ nào quá hội nghe	giới tính ở việt nam đi đâu phải là cái câu chuyện mới mẻ ở đâu đúng không nhưng đến bây giờ chúng ta vẫn chưa có những chính sách nào quá rõ ràng trong việc này cả cho nên là cầu mong cho mọi người kiểu vùng lên để mọi người tham gia vào các cuộc livestream khi mà hả chính phủ nào quốc hội nhà đầu	giới một giới tính ở việt nam đi đâu phải là cái câu chuyện mới mẻ đâu đúng không nhưng mà đến bây giờ chúng ta vẫn chưa có những cái chính sách nào quá rõ ràng trong việc này cả cho nên là cầu mong đi mọi người kiểu bùng lên để mọi người tham gia vào các cuộc laiờrime khi mà hả chính phủ nè quốc hội nè	GIÁO DỤC GIỚI TÍNH Ở VIỆT NAM ĐI ĐÂU PHẢI LÀ CÁI CÂU CHUYỆN MỚI MẸ ĐÂU ĐÚNG KHÔNG NHƯNG MÀ ĐẾN BÂY GIỜ CHÚNG TA VẪN CHƯA CÓ NHỮNG CÁI CHÍNH SÁCH ĐẦU QUÁ RÕ RÀNG CHO VIỆC NÀY CẢ CHO NÊN LÀ CẦU MONG ĐI MỌI NGƯỜI KIỂUÙNG LÊN ĐỂ MỌI NGƯỜI THAM GIA VÀ CÁC CUỘC LIREAM KHI MÀ HẢ CHÍNHỦ NÀO QUÁẸ	GIỚI DỤC GIỚI TÍNH Ở VIỆT NAM ĐI ĐÂU PHẢI LÀ CÁI CÂU CHUYỆN MỚI MẺ Ở ĐÂU ĐÚNG KHÔNG NHƯNG MÀ ĐẾN BÂY GIỜ CHÚNG TA VẪN CHƯA CÓ NHỮNG CÁI CHÍNH SÁCH ĐẦU QUÁ RÕ RÀNG TRONG VIỆC NÀY CẢ CHO NÊN LÀ CẦU KHÔNG ĐI MỌI NGƯỜI KIỂU BÙNG LÊN ĐI MỌI NGƯỜI THAM GIA VÀ CÁC CUỘC LIVESTREAM KHI MÀ HẢ CHÍNH TỦ NÀO QUÁ H HỘI NÈ	VỚI MỘT NHƯ TÍNH Ở VIỆT NAM ĐI ĐÂU PHẢI LÀ CÁI CÂU CHUYỆN MỚI MẺ HAY ĐẠO ĐÚNG KHÔNG NHƯNG MÀ ĐẾN BÂY GIỜ CHÚNG TA VẪN CHƯA CÓ NHỮNG CÁI CHÍNH SÁCH NÀO QUÁ RÕ RÀNG TRONG VIỆC NÀY CẢ CHO NÊN LÀ CẦU M MONG ĐI MỌI NGƯỜI KIỂU VÙNG LÊN ĐỂ MỌI NGƯỜI THAM GIA VÀ CÁC CUỘC LISTREAM KHI MÀ HẢ CHÍNH CŨỦ NÀO QUÁ HỘI NGHE	giới tính ở việt nam đi đâu phải là cái câu chuyện mới mẻ ở đâu đúng không nhưng đến bây giờ chúng ta vẫn chưa có những chính sách nào quá rõ ràng trong việc này cả cho nên là cầu mong cho mọi người kiểu vùng lên để mọi người tham gia vào các cuộc livestream khi mà hả chính phủ nào quốc hội nhà đầu.	Giới một giới tính ở Việt Nam đi đâu phải là cái câu chuyện mới mẻ đâu, đúng không? Nhưng mà đến bây giờ chúng ta vẫn chưa có những cái chính sách nào quá rõ ràng trong việc này cả, cho nên là cầu mong đi mọi người kiểu bùng lên để mọi người tham gia vào các cuộc laiờrime khi mà hả chính phủ nè, Quốc hội nè.
train	54470	13.10	pseudo_label	vào phan run thì làm thế nào thoát khỏi phan john có thể là mình có những cái khát khao mong muốn đi xa trong tình yêu mà không được thỏa đáng thì mình bức xúc hay là mình cảm thấy thiệt thòi nhưng mà tới một lúc nào đó mình cũng sẽ thấy rằng là	vào fen zon thì làm nào thoátỏi fan rồi có thể là mình có những cái khácao mong muốn đi xa trong tình yêu mà không được thỏ đá thì mình bước xúc hay là mình cảm thấyiệt thôi nhưng mà tới một lúc nào đó mình sẽ thấy rằng là	vào fan zon thì làm thế nào thoát khỏi frzon có thể là mình có những cái khác khao mong muốn đi xa trong tình yêu mà không được thỏ đáng thì mình bước xúc hay là mình cảm thấy kệtp thôi nhưng mà tới một lúc nào đó mình cũng sẽ thấy rằng là	vào fanzon để làm thế nào thoát khỏi phan d có thể là mình có những cái kh khao mong muốn đi xa trong tình yêu mà không được th đáng thì mình bước xúc hay là mình cảm thấy thì thôi nhưng mà tới một lúc nào đó mình cũng cũng sẽ thấy rằng là	vào phen rôn thì làm thoát khỏi phen rôn có thể là mình có những cái khát khao mong muốn đi xa trong tình yêu mà không được thỏa đáng thì mình bức xúc hay là mình cảm thấy thiệt thòi nhưng mà tới một lúc nào đó mình cũng sẽ thấy rằng là	nào phen dôn thì làm nào thoát khỏi phen dôn có thể là mình có những cái khát khao mong muốn đi xa trong tình yêu mà không được tho đáng thì mình bức xúc hay là mình cảm thấy thiệt thòi nhưng mà tới một lúc nào đó mình cũng sẽ thấy rằng là	VÀO FEN ZON THÌ LÀM NÀO THOÁTỎI FAN RỒI CÓ THỂ LÀ MÌNH CÓ NHỮNG CÁI KHÁCAO MONG MUỐN ĐI XA TRONG TÌNH YÊU MÀ KHÔNG ĐƯỢC THỎ ĐÁ THÌ MÌNH BƯỚC XÚC HAY LÀ MÌNH CẢM THẤYIỆT THÔI NHƯNG MÀ TỚI MỘT LÚC NÀO ĐÓ MÌNH SẼ THẤY RẰNG LÀ	VÀO FAN ZON THÌ LÀM THẾ NÀO THOÁT KHỎI FRZON CÓ THỂ LÀ MÌNH CÓ NHỮNG CÁI KHÁC KHAO MONG MUỐN ĐI XA TRONG TÌNH YÊU MÀ KHÔNG ĐƯỢC THỎ ĐÁNG THÌ MÌNH BƯỚC XÚC HAY LÀ MÌNH CẢM THẤY KỆTP THÔI NHƯNG MÀ TỚI MỘT LÚC NÀO ĐÓ MÌNH CŨNG SẼ THẤY RẰNG LÀ	VÀO FANZON ĐỂ LÀM THẾ NÀO THOÁT KHỎI PHAN D CÓ THỂ LÀ MÌNH CÓ NHỮNG CÁI KH KHAO MONG MUỐN ĐI XA TRONG TÌNH YÊU MÀ KHÔNG ĐƯỢC TH ĐÁNG THÌ MÌNH BƯỚC XÚC HAY LÀ MÌNH CẢM THẤY THÌ THÔI NHƯNG MÀ TỚI MỘT LÚC NÀO ĐÓ MÌNH CŨNG CŨNG SẼ THẤY RẰNG LÀ	vào phen rôn thì làm thoát khỏi phen rôn có thể là mình có những cái khát khao mong muốn đi xa trong tình yêu mà không được thỏa đáng thì mình bức xúc hay là mình cảm thấy thiệt thòi nhưng mà tới một lúc nào đó mình cũng sẽ thấy rằng là.	Nào phen dôn thì làm nào thoát khỏi Phen dôn? có thể là mình có những cái khát khao mong muốn đi xa trong tình yêu mà không được tho đáng thì mình bức xúc hay là mình cảm thấy thiệt thòi, nhưng mà tới một lúc nào đó mình cũng sẽ thấy rằng là
train	54510	14.00	pseudo_label	bị ném vào tình bạn cho một cái john chỉ có dán nhãn là tình bạn thôi không tiến xa thêm được nữa mà rất là nhiều người ở rơi cái trạng thái này nó có thể vào một cái tình cảnh bi đát thì nó cũng là yêu đơn phương đấy chứ nhưng mà	thì vì nếu vào từngạc cho còn cái dồn chỉ có dám nhãn là mình bạn thôi không tiế ra thêm được nữa mà rất là nhiều người ởơi cáiạng thái nó có thể vào một cái tình ảnhnheát thì nó cũng là yêu đơn phương ấy chị nhưng mà	thì mình né vào t b cho bằng cái gon này chỉ có dám nhãn là tình bạn thôi không tiến xa thêm được nữa mà rất là nhiều người ở dư cái trạng thái này nó có thể vào một cái tình cảnh me d thì nó là yêu đơn phương ấy chứ nhưng mà	thì vì ném vào t bạn đi cho bằng cái don này chỉ có d nhãn là mình bạn thôi không tiế sao thêm được nữa và rất là nhiều người ở rơi cái trạng thái này nó có thể vào một cái tình cả medat thì nó lại yêu đơn phương ấy chị nhưng mà	chỉ bị ném vào tình bạn bị cho vào một cái rôn chỉ có dán nhãn là tình bạn thôi không tiến xa thêm được nữa mà rất là nhiều người ở rơi cái trạng thái này nó có thể vào một cái tình cảnh bi đát thì nó là yêu đơn phương ấy nhưng mà	b bị ném vào tình bạn bị choò cái giôn chỉ có dán nhãn là tình bạn thôi không tiến xa thêm được nữa và rất là nhiều người ở rơi cái trạng thái này nó có thể vào một cái tình cảnh bi đát thì nó là yêu đơn phương ấy chứ nhưng mà	THÌ VÌ NẾU VÀO TỪNGẠC CHO CÒN CÁI DỒN CHỈ CÓ DÁM NHÃN LÀ MÌNH BẠN THÔI KHÔNG TIẾ RA THÊM ĐƯỢC NỮA MÀ RẤT LÀ NHIỀU NGƯỜI ỞƠI CÁIẠNG THÁI NÓ CÓ THỂ VÀO MỘT CÁI TÌNH ẢNHNHEÁT THÌ NÓ CŨNG LÀ YÊU ĐƠN PHƯƠNG ẤY CHỊ NHƯNG MÀ	THÌ MÌNH NÉ VÀO T B CHO BẰNG CÁI GON NÀY CHỈ CÓ DÁM NHÃN LÀ TÌNH BẠN THÔI KHÔNG TIẾN XA THÊM ĐƯỢC NỮA MÀ RẤT LÀ NHIỀU NGƯỜI Ở DƯ CÁI TRẠNG THÁI NÀY NÓ CÓ THỂ VÀO MỘT CÁI TÌNH CẢNH ME D THÌ NÓ LÀ YÊU ĐƠN PHƯƠNG ẤY CHỨ NHƯNG MÀ	THÌ VÌ NÉM VÀO T BẠN ĐI CHO BẰNG CÁI DON NÀY CHỈ CÓ D NHÃN LÀ MÌNH BẠN THÔI KHÔNG TIẾ SAO THÊM ĐƯỢC NỮA VÀ RẤT LÀ NHIỀU NGƯỜI Ở RƠI CÁI TRẠNG THÁI NÀY NÓ CÓ THỂ VÀO MỘT CÁI TÌNH CẢ MEDAT THÌ NÓ LẠI YÊU ĐƠN PHƯƠNG ẤY CHỊ NHƯNG MÀ	chỉ bị ném vào tình bạn bị cho vào một cái rôn chỉ có dán nhãn là tình bạn thôi không tiến xa thêm được nữa mà rất là nhiều người ở rơi cái trạng thái này nó có thể vào một cái tình cảnh bi đát thì nó là yêu đơn phương ấy nhưng mà.	B bị ném vào tình bạn bị choò cái giôn chỉ có dán nhãn là tình bạn thôi, không tiến xa thêm được nữa, và rất là nhiều người ở rơi cái trạng thái này nó có thể vào một cái tình cảnh bi đát thì nó là yêu đơn phương ấy chứ, nhưng mà
train	54515	14.50	pseudo_label	cái người mà đã yêu rồi cho bị cho vào fanzon ấy thầy dù mình có nói rằng là hãy trân quý tình bạn này đi thì người ta vẫn thấy không đủ vẫn thấy muốn phải thoát ra khỏi cái feng john thế nhưng mà khi mình nhìn vào cái thế ngược lại đúng là chuyện tình yêu hay kể cả chuyện	cái người mà đã yêu rồi một cho bị cho vào fenzo đấy thầy dù mình có nói rằng là hãy quý tình bạn này đi thì người ta vẫn thấy không đủ vẫn thấy muốn phải thoát ra khỏi cái fanon thế nhưng mà khi mình nhìn vào cái thếược lại đúng là chuyện tình yêu kể cả chuyện	cái người mà đã yêu rồi mà cho bị cho vào fenzon ấy thầy dù mình có nói rằng là hãy trân quý tình bạn này đi thì người ta vẫn thấy không đủ vẫn thấy muốn phải thoát ra khỏi cái fenzon thế nhưng mà khi mình nhìn vào cái thế ngược lại đúng là chuyện tình yêu hay kể cả chuyện	cái người mà đã yêu rồi mà cho bị cho vào fanzon đấy thầy dù mình có nói rằng là hãy chân qu tình bạn này đi thì người ta vẫn thấy không đủ vẫn thấy muốn phải thoát ra khỏi cái fenzon thế nhưng mà khi mình nhìn vào cái thế ngược lại đúng là chuyện tình yêu kể cả chuyện	cái người mà đã yêu rồi mà cho bị cho vào phen rôn ấy thầy dù mình có nói rằng là hãy trân quý tình bạn này đi thì người ta vẫn thấy không đủ vẫn thấy muốn phải thoát ra khỏi cái phen rôn thế nhưng mà khi mình nhìn vào cái thế ngược lại đúng là chuyện tình yêu hay kể cả chuyện	cái người mà đã yêu rồi mà cho bị cho vào phen dôn ấy thầy dù mình có nói rằng là hãy trân quý tình bạn này đi thì người ta vẫn thấy không đủ vẫn thấy muốn phải thoát ra khỏi cái phen dôn thế nhưng mà khi mình nhìn vào cái thế ngược lại đúng là chuyện tình yêu hay kể cả chuyện	CÁI NGƯỜI MÀ ĐÃ YÊU RỒI MỘT CHO BỊ CHO VÀO FENZO ĐẤY THẦY DÙ MÌNH CÓ NÓI RẰNG LÀ HÃY QUÝ TÌNH BẠN NÀY ĐI THÌ NGƯỜI TA VẪN THẤY KHÔNG ĐỦ VẪN THẤY MUỐN PHẢI THOÁT RA KHỎI CÁI FANON THẾ NHƯNG MÀ KHI MÌNH NHÌN VÀO CÁI THẾƯỢC LẠI ĐÚNG LÀ CHUYỆN TÌNH YÊU KỂ CẢ CHUYỆN	CÁI NGƯỜI MÀ ĐÃ YÊU RỒI MÀ CHO BỊ CHO VÀO FENZON ẤY THẦY DÙ MÌNH CÓ NÓI RẰNG LÀ HÃY TRÂN QUÝ TÌNH BẠN NÀY ĐI THÌ NGƯỜI TA VẪN THẤY KHÔNG ĐỦ VẪN THẤY MUỐN PHẢI THOÁT RA KHỎI CÁI FENZON THẾ NHƯNG MÀ KHI MÌNH NHÌN VÀO CÁI THẾ NGƯỢC LẠI ĐÚNG LÀ CHUYỆN TÌNH YÊU HAY KỂ CẢ CHUYỆN	CÁI NGƯỜI MÀ ĐÃ YÊU RỒI MÀ CHO BỊ CHO VÀO FANZON ĐẤY THẦY DÙ MÌNH CÓ NÓI RẰNG LÀ HÃY CHÂN QU TÌNH BẠN NÀY ĐI THÌ NGƯỜI TA VẪN THẤY KHÔNG ĐỦ VẪN THẤY MUỐN PHẢI THOÁT RA KHỎI CÁI FENZON THẾ NHƯNG MÀ KHI MÌNH NHÌN VÀO CÁI THẾ NGƯỢC LẠI ĐÚNG LÀ CHUYỆN TÌNH YÊU KỂ CẢ CHUYỆN	cái người mà đã yêu rồi mà cho bị cho vào phen rôn ấy thầy dù mình có nói rằng là hãy trân quý tình bạn này đi thì người ta vẫn thấy không đủ vẫn thấy muốn phải thoát ra khỏi cái phen rôn thế nhưng mà khi mình nhìn vào cái thế ngược lại đúng là chuyện tình yêu hay kể cả chuyện.	Cái người mà đã yêu rồi mà cho bị cho vào phen dôn ấy thầy, dù mình có nói rằng là hãy trân quý tình bạn này đi thì người ta vẫn thấy không đủ, vẫn thấy muốn phải thoát ra khỏi cái phen dôn, thế nhưng mà khi mình nhìn vào cái thế ngược lại, đúng là chuyện tình yêu hay kể cả chuyện.
train	54537	14.20	pseudo_label	khi mà nhạc sĩ trịnh công sơn phát hiện ra là mình sống chưa có đủ sâu sống vội sống lướt ơ hờ với một số đối tượng thương yêu của mình là anh đã muốn đi làm mới con người mình lại tại sao mà mình lại để cho mình rơi vào cái trạng thái đó	khi mà nhạc sĩ trình côngơn anh phát hiện ra là sống chưa có đủ sâu sống vộiông nước ờờ với một số đối tượng thương yêu của mình là anh đã muốn đi làm mới con người mình lại cho tại sao mà mình là để cho mình rơi vào cái trạng thái đó	khi mà nhạc sĩ trình công sơn phát hiện ra là mình sống chưa có đủ sâu sống vội sống lt ởơ với một số đối tượng thương yêu của mình là anh đã muốn đi làm mới con người mình lại là tại sao mà mình lại để cho mình rơi vào cái trạng thái đó	khi mà nhạc sĩ định công sang phát hiện ra là mình sống chưa có đủ sâu sống vội sống nước với một số đối tượng thương yêu của mình là anh đã muốn đi làm mới con người mình lại tại sao mà mình là để cho mình rơi vào cái trạng thái đó	khi mà nhạc sĩ trịnh công sơn phát hiện ra là mình sống chưa có đủ sâu sống vội sống lướt ơ hờ với một số đối tượng thương yêu của mình là anh đã muốn đi làm mới con người mình lại là tại sao mà mình lại để cho mình rơi vào cái trạng thái đó	khi mà nhạc sĩ trịnh công sơn phát hiện ra là mình sống chưa có đủ sâu sốngóng vội sóng nướct ơ hờ với một số đối tượng thương yêu của mình là anh đã muốn đi làm mới con người mình lại tại sao mà mình lại để cho mình rơi vào cái trạng thái đó	KHI MÀ NHẠC SĨ TRÌNH CÔNGƠN ANH PHÁT HIỆN RA LÀ SỐNG CHƯA CÓ ĐỦ SÂU SỐNG VỘIÔNG NƯỚC ỜỜ VỚI MỘT SỐ ĐỐI TƯỢNG THƯƠNG YÊU CỦA MÌNH LÀ ANH ĐÃ MUỐN ĐI LÀM MỚI CON NGƯỜI MÌNH LẠI CHO TẠI SAO MÀ MÌNH LÀ ĐỂ CHO MÌNH RƠI VÀO CÁI TRẠNG THÁI ĐÓ	KHI MÀ NHẠC SĨ TRÌNH CÔNG SƠN PHÁT HIỆN RA LÀ MÌNH SỐNG CHƯA CÓ ĐỦ SÂU SỐNG VỘI SỐNG LT ỞƠ VỚI MỘT SỐ ĐỐI TƯỢNG THƯƠNG YÊU CỦA MÌNH LÀ ANH ĐÃ MUỐN ĐI LÀM MỚI CON NGƯỜI MÌNH LẠI LÀ TẠI SAO MÀ MÌNH LẠI ĐỂ CHO MÌNH RƠI VÀO CÁI TRẠNG THÁI ĐÓ	KHI MÀ NHẠC SĨ ĐỊNH CÔNG SANG PHÁT HIỆN RA LÀ MÌNH SỐNG CHƯA CÓ ĐỦ SÂU SỐNG VỘI SỐNG NƯỚC VỚI MỘT SỐ ĐỐI TƯỢNG THƯƠNG YÊU CỦA MÌNH LÀ ANH ĐÃ MUỐN ĐI LÀM MỚI CON NGƯỜI MÌNH LẠI TẠI SAO MÀ MÌNH LÀ ĐỂ CHO MÌNH RƠI VÀO CÁI TRẠNG THÁI ĐÓ	khi mà nhạc sĩ trịnh công sơn phát hiện ra là mình sống chưa có đủ sâu sống vội sống lướt ơ hờ với một số đối tượng thương yêu của mình là anh đã muốn đi làm mới con người mình lại là tại sao mà mình lại để cho mình rơi vào cái trạng thái đó.	Khi mà nhạc sĩ Trịnh Công Sơn phát hiện ra là mình sống chưa có đủ sâu, sốngóng vội, sóng nướct ơ hờ với một số đối tượng thương yêu của mình là anh đã muốn đi làm mới con người mình lại tại sao mà mình lại để cho mình rơi vào cái trạng thái đó?
train	54586	11.40	pseudo_label	thì từ đó thầy mới bắt đầu là quan sát chăm sóc chữa lành nó và vượt qua được thế rồi bây giờ thầy có rất rất nhiều những người thân là một phần có thể nói là không thể thiếu trong cuộc đời của mình	thì từ đó thầy mới bắt đầu là quan sát chăm sóc chữa là đó và vàượ qua được bây rồi bây giờ thầy có rất rất nhiều người thân và một phần có thể nói là không thầy thiếu trong cuộc đời của mình	thì từ đó thì mới bắt đầu là quan sát chăm sóc chữa lành và và vượt qua được lý rồi bây giờ thầy có rất nhiều người thân là một phần có thể nói là không thể thiếu trong cuộc đời của mình	thì từ đó thầy mới bắt đầu là quan sát ch sóc chữa lành đó và và vượt qua được bây rồi bây giờ thầy có rất rất nhiều người thân là một phần có thể nói là không thể thiếu trong cuộc đời của mình	thì từ đó thì mới bắt đầu là quan sát chăm sóc chữa lành á và và vượt qua được thế rồi bây giờ thầy có rất nhiều người thân là một phần có thể nói là không thể thiếu trong cuộc đời của mình	thì từ đóầy mới bắt đầu là quan sát chăm sóc chữa lành và và vượt qua được rồi bây giờầy có rất rất nhiều những người thân là một phần có thể nói là không thể thiếu trong cuộc đời của mình	THÌ TỪ ĐÓ THẦY MỚI BẮT ĐẦU LÀ QUAN SÁT CHĂM SÓC CHỮA LÀ ĐÓ VÀ VÀƯỢ QUA ĐƯỢC BÂY RỒI BÂY GIỜ THẦY CÓ RẤT RẤT NHIỀU NGƯỜI THÂN VÀ MỘT PHẦN CÓ THỂ NÓI LÀ KHÔNG THẦY THIẾU TRONG CUỘC ĐỜI CỦA MÌNH	THÌ TỪ ĐÓ THÌ MỚI BẮT ĐẦU LÀ QUAN SÁT CHĂM SÓC CHỮA LÀNH VÀ VÀ VƯỢT QUA ĐƯỢC LÝ RỒI BÂY GIỜ THẦY CÓ RẤT NHIỀU NGƯỜI THÂN LÀ MỘT PHẦN CÓ THỂ NÓI LÀ KHÔNG THỂ THIẾU TRONG CUỘC ĐỜI CỦA MÌNH	THÌ TỪ ĐÓ THẦY MỚI BẮT ĐẦU LÀ QUAN SÁT CH SÓC CHỮA LÀNH ĐÓ VÀ VÀ VƯỢT QUA ĐƯỢC BÂY RỒI BÂY GIỜ THẦY CÓ RẤT RẤT NHIỀU NGƯỜI THÂN LÀ MỘT PHẦN CÓ THỂ NÓI LÀ KHÔNG THỂ THIẾU TRONG CUỘC ĐỜI CỦA MÌNH	thì từ đó thì mới bắt đầu là quan sát chăm sóc chữa lành á và và vượt qua được thế rồi bây giờ thầy có rất nhiều người thân là một phần có thể nói là không thể thiếu trong cuộc đời của mình.	Thì từ đóầy mới bắt đầu là quan sát, chăm sóc, chữa lành và và vượt qua được rồi bây giờầy có rất rất nhiều những người thân là một phần có thể nói là không thể thiếu trong cuộc đời của mình.
train	54598	12.40	pseudo_label	dựa trên một cái từ có sẵn đó là in dipence thì bây giờ là inter depence tức là chúng ta liên lập với nhau để tồn tại vậy thì có những lúc chúng ta cần tách ra để làm mới chính mình	dựa trên một cái từ có sẵn đó là ineenen thì bây giờ inereanen tức là chúng ta liên lập với nhau để tồn tại vậy thì có những lúc chúng ta cầnách ra để làm mới chính mình	dựa trên một cái từ có sẵn đó là independenc thì bây giờ là interdependen tức là chúng ta liên lập với nhau để tồn tại vậy có những lúc chúng ta cần tách ra để làm mới chính mình	dựa trên một cái từ có sẵn đó là in diananen thì bây giờ là in todeananen tức là chúng ta liên l lập với nhau để tồn tại vậy thì có những lúc chúng ta cần tách ra để làm mới chính mình	dựa trên một cái từ có sẵn đó là in đi pen đừn thì bây giờ in tơ đi pen đừn tức là chúng ta liên lập với nhau để tồn tại vậy thì có những lúc chúng ta cần tách ra để làm mới chính mình	dựa trên một cái từ có sẵn đó là in đi pen đừn thì bây giờ là in tơ đ đi pen đừn tức là chúng ta liên lập với nhau để tồn tại vậy thì có những lúc chúng ta cần tách ra để làm mới chính mình	DỰA TRÊN MỘT CÁI TỪ CÓ SẴN ĐÓ LÀ INEENEN THÌ BÂY GIỜ INEREANEN TỨC LÀ CHÚNG TA LIÊN LẬP VỚI NHAU ĐỂ TỒN TẠI VẬY THÌ CÓ NHỮNG LÚC CHÚNG TA CẦNÁCH RA ĐỂ LÀM MỚI CHÍNH MÌNH	DỰA TRÊN MỘT CÁI TỪ CÓ SẴN ĐÓ LÀ INDEPENDENC THÌ BÂY GIỜ LÀ INTERDEPENDEN TỨC LÀ CHÚNG TA LIÊN LẬP VỚI NHAU ĐỂ TỒN TẠI VẬY CÓ NHỮNG LÚC CHÚNG TA CẦN TÁCH RA ĐỂ LÀM MỚI CHÍNH MÌNH	DỰA TRÊN MỘT CÁI TỪ CÓ SẴN ĐÓ LÀ IN DIANANEN THÌ BÂY GIỜ LÀ IN TODEANANEN TỨC LÀ CHÚNG TA LIÊN L LẬP VỚI NHAU ĐỂ TỒN TẠI VẬY THÌ CÓ NHỮNG LÚC CHÚNG TA CẦN TÁCH RA ĐỂ LÀM MỚI CHÍNH MÌNH	dựa trên một cái từ có sẵn đó là in đi pen đừn thì bây giờ in tơ đi pen đừn tức là chúng ta liên lập với nhau để tồn tại vậy thì có những lúc chúng ta cần tách ra để làm mới chính mình.	Dựa trên một cái từ có sẵn đó là in đi pen đừn thì bây giờ là in tơ Đ đi pen Đừn, tức là chúng ta liên lập với nhau để tồn tại, vậy thì có những lúc chúng ta cần tách ra để làm mới chính mình.
train	54599	13.10	pseudo_label	mình làm mới chính mình mình nạp năng lượng đủ đầy mình cảm thấy bình an cảm thấy vui vẻ cảm thấy nhiều năng lượng cảm thấy yêu đời rồi thì mình hãy bước trở ra để kết nối cộng đồng và xã hội bước ra ngoài kia	mình làm mới chính mìnhạ năng lượng đủầy mình cảm thấy mình an cảm thấy vui vẻ cảm thấy nhiều năng lượng cảm thấy yêu đời rồi thì mình hãy bước trở ràng để k kết nối cộng đồng và xã hội bước ra ngoài kia	mình làm mới chính mình mình nạp năng lượng đủ đầy mình cảm thấy bình an cảm thấy vui vẻ cảm thấy nhiều năng lượng cảm thấy yêu đời rồi thì mình hãy bước trở ra để kết nối cộng đồng và xã hội bước ra ngoài kia	mình làm mới chính mình mìnhạp năng lượng đủ đầy mình cảm thấy bình an cảm thấy vui vẻ cảm thấy nhiều năng lượng cảm thấy yêu đời rồi thì mình hãy bước trở ra để kết nối cộng đồng và xã hội bước ra ngoài kia	mình làm mới chính mình mình nạp năng lượng đủ đầy mình cảm thấy bình an cảm thấy vui vẻ cảm thấy nhiều năng lượng cảm thấy yêu đời rồi thì mình hãy bước trở ra để kết nối cộng đồng và xã hội bước ra ngoài kia	mình làm mới chính mình mình nạp năng lượng đủ đầy mình cảm thấy bình an cảm thấy vui vẻ cảm thấy nhiều năng lượng cảm thấy yêu đời rồi thì mình hãy bước trở ra để kết nối cộng đồng và xã hội bước ra ngoài kia	MÌNH LÀM MỚI CHÍNH MÌNHẠ NĂNG LƯỢNG ĐỦẦY MÌNH CẢM THẤY MÌNH AN CẢM THẤY VUI VẺ CẢM THẤY NHIỀU NĂNG LƯỢNG CẢM THẤY YÊU ĐỜI RỒI THÌ MÌNH HÃY BƯỚC TRỞ RÀNG ĐỂ K KẾT NỐI CỘNG ĐỒNG VÀ XÃ HỘI BƯỚC RA NGOÀI KIA	MÌNH LÀM MỚI CHÍNH MÌNH MÌNH NẠP NĂNG LƯỢNG ĐỦ ĐẦY MÌNH CẢM THẤY BÌNH AN CẢM THẤY VUI VẺ CẢM THẤY NHIỀU NĂNG LƯỢNG CẢM THẤY YÊU ĐỜI RỒI THÌ MÌNH HÃY BƯỚC TRỞ RA ĐỂ KẾT NỐI CỘNG ĐỒNG VÀ XÃ HỘI BƯỚC RA NGOÀI KIA	MÌNH LÀM MỚI CHÍNH MÌNH MÌNHẠP NĂNG LƯỢNG ĐỦ ĐẦY MÌNH CẢM THẤY BÌNH AN CẢM THẤY VUI VẺ CẢM THẤY NHIỀU NĂNG LƯỢNG CẢM THẤY YÊU ĐỜI RỒI THÌ MÌNH HÃY BƯỚC TRỞ RA ĐỂ KẾT NỐI CỘNG ĐỒNG VÀ XÃ HỘI BƯỚC RA NGOÀI KIA	mình làm mới chính mình mình nạp năng lượng đủ đầy mình cảm thấy bình an cảm thấy vui vẻ cảm thấy nhiều năng lượng cảm thấy yêu đời rồi thì mình hãy bước trở ra để kết nối cộng đồng và xã hội bước ra ngoài kia.	Mình làm mới chính mình, mình nạp năng lượng đủ đầy, mình cảm thấy bình an, cảm thấy vui vẻ, cảm thấy nhiều năng lượng, cảm thấy yêu đời rồi thì mình hãy bước trở ra để kết nối cộng đồng và xã hội bước ra ngoài kia.
train	55115	14.70	pseudo_label	tại vì nó là một cái nó cứ như một cái rào cản con người ta khi mà tiến đến quan hệ tình dục lần đầu tiên và nó luôn kèm với đau đớn mắt trinh là cứ về chảy máu đúng không xong rồi ví dụ như không chảy máu thì là bắt đầu là	tại vì nó là một cái nó cứ như một cái giào cả con người ta khi mà tiền đến quan hệ tình dục lần đầu tiên và nó luônè với đau đớ mất chỉ là có vẻảy má đúng không xong rồi ví dụ như không thể má thì nó bắt đầu là	tại vì nó là một cái nó cứ như một cái rào cả con người ta khi mà tiế đến quan hệ tình dục lần đầu tiên và nó luôn kèm với đau đớn mất trinh là cứ phải chảy máu đúng không xong rồi ví dụ như không chỉ máu thì là bắt đầu là	tại vì nó là một cái nó cứ như một cái rào cản của người ta khi mà tiế đến quan hệ tình dục lần đầu tiên và nó luôn kèm một với đau đớn mất tr là cứ vẻ ch máu đúng không không xong rồi ví dụ như không trẻ máu thì là bắt đầu là	tại vì nó là một cái nó cứ như một cái rào cản con người ta khi mà tiến đến quan hệ tình dục lần đầu tiên và nó luôn kèm với đau đớn mất trinh là cứ vẻ chảy máu đúng không xong rồi ví dụ như không chảy máu thì là bắt đầu là	tại vì nó là một cái nó cứ như một cái rào cản con người ta khi mà tiến đến quan hệ tình dục lần đầu tiên và nó luôn kèm với đau đớn mắt trinh là cứ phải chảy máu đúng không x xong rồi ví dụ như không chảy máu thì là bắt đầu là	TẠI VÌ NÓ LÀ MỘT CÁI NÓ CỨ NHƯ MỘT CÁI GIÀO CẢ CON NGƯỜI TA KHI MÀ TIỀN ĐẾN QUAN HỆ TÌNH DỤC LẦN ĐẦU TIÊN VÀ NÓ LUÔNÈ VỚI ĐAU ĐỚ MẤT CHỈ LÀ CÓ VẺẢY MÁ ĐÚNG KHÔNG XONG RỒI VÍ DỤ NHƯ KHÔNG THỂ MÁ THÌ NÓ BẮT ĐẦU LÀ	TẠI VÌ NÓ LÀ MỘT CÁI NÓ CỨ NHƯ MỘT CÁI RÀO CẢ CON NGƯỜI TA KHI MÀ TIẾ ĐẾN QUAN HỆ TÌNH DỤC LẦN ĐẦU TIÊN VÀ NÓ LUÔN KÈM VỚI ĐAU ĐỚN MẤT TRINH LÀ CỨ PHẢI CHẢY MÁU ĐÚNG KHÔNG XONG RỒI VÍ DỤ NHƯ KHÔNG CHỈ MÁU THÌ LÀ BẮT ĐẦU LÀ	TẠI VÌ NÓ LÀ MỘT CÁI NÓ CỨ NHƯ MỘT CÁI RÀO CẢN CỦA NGƯỜI TA KHI MÀ TIẾ ĐẾN QUAN HỆ TÌNH DỤC LẦN ĐẦU TIÊN VÀ NÓ LUÔN KÈM MỘT VỚI ĐAU ĐỚN MẤT TR LÀ CỨ VẺ CH MÁU ĐÚNG KHÔNG KHÔNG XONG RỒI VÍ DỤ NHƯ KHÔNG TRẺ MÁU THÌ LÀ BẮT ĐẦU LÀ	tại vì nó là một cái nó cứ như một cái rào cản con người ta khi mà tiến đến quan hệ tình dục lần đầu tiên và nó luôn kèm với đau đớn mất trinh là cứ vẻ chảy máu đúng không xong rồi ví dụ như không chảy máu thì là bắt đầu là.	Tại vì nó là một cái nó cứ như một cái rào cản con người ta khi mà tiến đến quan hệ tình dục lần đầu tiên và nó luôn kèm với đau đớn mắt Trinh là cứ phải chảy máu đúng không? X xong rồi, ví dụ như không chảy máu thì là bắt đầu là.
train	55138	14.80	pseudo_label	trăng trăng thành giỏ man cảm giác lúc đấy là là thậm chí thùy vinh có viết một cái cuốn sách thì cái chương đầu tiên của nó tên là làm tình như thỏ cái thời thỏ là cái loài động vật mà kiểu như là nó kiểu sinh sản nhanh nhất ý	chẳngăng thànhọngát cảm giác lúc đấy là thậm chí thì mình có viết một cái cuốn sách thì cái trường đầu tiên của đó tên là làm tình như thỏ cái thờiò là cáiài động vật mà kiểu như là nó kiểu sinh s sản nhanh nhất ý	chẳng căng thanh gió mát cảm giác lúc đấy là là thậm chí thì mình có viết một cái cuốn sách thì cái chương đầu tiên của nó tên là làm tình như thỏ cái thời hỏi là cái lời động vật mà kiểu như là nó kiểu xinh s sản nhanh nhất ý	trăng thành rõ mát cảm giác lúc đấy là là thậm chí thì mình có viết một cái cuốn sách thì cái chương đầu tiên của nó tên là làm tình như thỏ cái thời th là cáiài động vật mà kiểu như là nó kiểu sinh s nhanh nhất ấy	chẳng trăng thành gió mát cảm giác lúc đấy là là thậm chí thì mình có viết một cái cuốn sách thì cái chương đầu tiên của nó tên là làm tình như thỏ vì cái cái thời thỏ là cái loài động vật mà kiểu như là nó kiểu sinh sản nhanh nhất ý	trắc trăng thanh gió mát cảm giác lúc đấy là là thậm chí thì vinh có viết một cái cuốn sách thì cái chương đầu tiên của nó tên là làm tình như thỏ mình nghĩ cái thời thỏ là cái loài động vật mà kiểu như là nó kiểu sinh sản nhanh nhất ý	CHẲNGĂNG THÀNHỌNGÁT CẢM GIÁC LÚC ĐẤY LÀ THẬM CHÍ THÌ MÌNH CÓ VIẾT MỘT CÁI CUỐN SÁCH THÌ CÁI TRƯỜNG ĐẦU TIÊN CỦA ĐÓ TÊN LÀ LÀM TÌNH NHƯ THỎ CÁI THỜIÒ LÀ CÁIÀI ĐỘNG VẬT MÀ KIỂU NHƯ LÀ NÓ KIỂU SINH S SẢN NHANH NHẤT Ý	CHẲNG CĂNG THANH GIÓ MÁT CẢM GIÁC LÚC ĐẤY LÀ LÀ THẬM CHÍ THÌ MÌNH CÓ VIẾT MỘT CÁI CUỐN SÁCH THÌ CÁI CHƯƠNG ĐẦU TIÊN CỦA NÓ TÊN LÀ LÀM TÌNH NHƯ THỎ CÁI THỜI HỎI LÀ CÁI LỜI ĐỘNG VẬT MÀ KIỂU NHƯ LÀ NÓ KIỂU XINH S SẢN NHANH NHẤT Ý	TRĂNG THÀNH RÕ MÁT CẢM GIÁC LÚC ĐẤY LÀ LÀ THẬM CHÍ THÌ MÌNH CÓ VIẾT MỘT CÁI CUỐN SÁCH THÌ CÁI CHƯƠNG ĐẦU TIÊN CỦA NÓ TÊN LÀ LÀM TÌNH NHƯ THỎ CÁI THỜI TH LÀ CÁIÀI ĐỘNG VẬT MÀ KIỂU NHƯ LÀ NÓ KIỂU SINH S NHANH NHẤT ẤY	chẳng trăng thành gió mát cảm giác lúc đấy là là thậm chí thì mình có viết một cái cuốn sách thì cái chương đầu tiên của nó tên là làm tình như thỏ vì cái cái thời thỏ là cái loài động vật mà kiểu như là nó kiểu sinh sản nhanh nhất ý.	Trắc trăng thanh gió mát, cảm giác lúc đấy là là thậm chí thì Vinh có viết một cái cuốn sách thì cái chương đầu tiên của nó tên là làm tình như thỏ mình nghĩ cái thời thỏ là cái loài động vật mà kiểu như là nó kiểu sinh sản nhanh nhất ý.
train	55164	15.00	pseudo_label	phải hiểu lại về cái chữ chinh tiết ở đây đó cái lần đầu tiên thì cái lần đầu tiên nó luôn luôn đi kèm với rất là nhiều những cái khó khăn và những cái cần phải hiểu với chị cũng muốn đưa chị cảm giác nó có một cái bất bình đẳng giới trong cái vấn đề chinh tiết nên chị mới hay nói đùa là tại sao phụ nữ đàn ông thì	và hiệu lại cái chị trình cái đấy là phải lần đầu tiên thì cái lần đầu tiên là luôn luôn đi kè phải rất là nhiều những cái khó khăn và những cái cần phải hiểu với chị cũngôn đưa chị cảm giác nó có một cái bất bìnhẳngới trong cái vấn đềtioniết nên chị mới hay nói đùa là tại sao phụ nữ đàn ông thì	phải hiểu lại để cái chữ tr t ở đây nó cái lần đầu tiên thì cái lần đầu tiên nó luôn luôn đi kèm thấy rất là nhiều những cái khó khăn và những cái cần phải hiểu với chị cũng muốn đưa chị cảm giác nó có một cái bất bình đẳng giới trong cái vấn đề sinh tiết nên chị mới hay nói đùa là tại sao phụ nữ đàn ông thì	phải h hiểu lại về cái chữ tr tiết ở đấy đó với lần đầu tiên thì cái lần đầu tiên nó luôn luôn đi kèm với rất là nhiều những cái khó khăn và những cái cần phải hiểu với chị cũngôn đưa chị cảm giác nó có một cái bất bình đẳng dư trong cái vấn đề sinh tiết nên chị mới hay nói đùa là tại sao phụ nữ đàn ông thì	phải hiểu lại về cái chữ trinh tiết ở đây đó cái lần đầu tiên thì cái lần đầu tiên nó luôn luôn đi kèm thấy rất là nhiều những cái khó khăn và những cái cần phải hiểu với chị cũng muốn đưa chị cảm giác nào có một cái bất bình đẳng giới trong cái vấn đề trinh tiết nên chị mới hay nói đùa là tại sao phụ nữ đàn ông thì	phải hiểu lại về cái chữ chi tiết ở đấy ra cái lần đầu tiên thì cái lần đầu tiên nó luôn luôn đi kèm với rất là nhiều những cái khó khăn và những cái cần phải hiểu với chị cũng muốn đưa chị cảm giác nó có một cái bất bình đẳng giới trong cái vấn đề chi tiết nên chị mới hay nói đùa là tại sao phụ nữ đàn ông thì	VÀ HIỆU LẠI CÁI CHỊ TRÌNH CÁI ĐẤY LÀ PHẢI LẦN ĐẦU TIÊN THÌ CÁI LẦN ĐẦU TIÊN LÀ LUÔN LUÔN ĐI KÈ PHẢI RẤT LÀ NHIỀU NHỮNG CÁI KHÓ KHĂN VÀ NHỮNG CÁI CẦN PHẢI HIỂU VỚI CHỊ CŨNGÔN ĐƯA CHỊ CẢM GIÁC NÓ CÓ MỘT CÁI BẤT BÌNHẲNGỚI TRONG CÁI VẤN ĐỀTIONIẾT NÊN CHỊ MỚI HAY NÓI ĐÙA LÀ TẠI SAO PHỤ NỮ ĐÀN ÔNG THÌ	PHẢI HIỂU LẠI ĐỂ CÁI CHỮ TR T Ở ĐÂY NÓ CÁI LẦN ĐẦU TIÊN THÌ CÁI LẦN ĐẦU TIÊN NÓ LUÔN LUÔN ĐI KÈM THẤY RẤT LÀ NHIỀU NHỮNG CÁI KHÓ KHĂN VÀ NHỮNG CÁI CẦN PHẢI HIỂU VỚI CHỊ CŨNG MUỐN ĐƯA CHỊ CẢM GIÁC NÓ CÓ MỘT CÁI BẤT BÌNH ĐẲNG GIỚI TRONG CÁI VẤN ĐỀ SINH TIẾT NÊN CHỊ MỚI HAY NÓI ĐÙA LÀ TẠI SAO PHỤ NỮ ĐÀN ÔNG THÌ	PHẢI H HIỂU LẠI VỀ CÁI CHỮ TR TIẾT Ở ĐẤY ĐÓ VỚI LẦN ĐẦU TIÊN THÌ CÁI LẦN ĐẦU TIÊN NÓ LUÔN LUÔN ĐI KÈM VỚI RẤT LÀ NHIỀU NHỮNG CÁI KHÓ KHĂN VÀ NHỮNG CÁI CẦN PHẢI HIỂU VỚI CHỊ CŨNGÔN ĐƯA CHỊ CẢM GIÁC NÓ CÓ MỘT CÁI BẤT BÌNH ĐẲNG DƯ TRONG CÁI VẤN ĐỀ SINH TIẾT NÊN CHỊ MỚI HAY NÓI ĐÙA LÀ TẠI SAO PHỤ NỮ ĐÀN ÔNG THÌ	phải hiểu lại về cái chữ trinh tiết ở đây đó cái lần đầu tiên thì cái lần đầu tiên nó luôn luôn đi kèm thấy rất là nhiều những cái khó khăn và những cái cần phải hiểu với chị cũng muốn đưa chị cảm giác nào có một cái bất bình đẳng giới trong cái vấn đề trinh tiết nên chị mới hay nói đùa là tại sao phụ nữ đàn ông thì.	Phải hiểu lại về cái chữ chi tiết ở đấy ra cái lần đầu tiên thì cái lần đầu tiên nó luôn luôn đi kèm với rất là nhiều những cái khó khăn và những cái cần phải hiểu với chị cũng muốn đưa chị cảm giác nó có một cái bất bình đẳng giới trong cái vấn đề chi tiết nên chị mới hay nói đùa là tại sao phụ nữ đàn ông thì
train	55217	10.90	pseudo_label	nó sẽ xảy ra y như lần đầu tiên ấy thì cái việc mà càng chuẩn bị kỹ mình không có thể dùng câu này cũng là câu của nam này đôi khi lời khuyên của người này thì là voucher hết hạn của người khác	nó sẽ xảy ra ýật lần đầu tiên ấy thì cái việc mà càng chuẩn bị kỹ mình không có thể dùng câu gái là câuần nam này đôi khi lời khuyên một nên là người này thì là bác trời là người khác	nó sẽ xảy ra ý lần đầu tiên ấy thì cái việc mà càng chuẩn bị kỹ mình cũng có thể dùng câu này là câu của nam này đôi khi lời khuyênê một này người này thì là v ch hết hạn người khác	nó sẽ xảy ra ý đặt lần đầu tiên ấy thì cái việc mà càng chuẩnần bị kỹ mình không có thể dùng câuẽ cũng là câu của nam này đôi khi lời khuyên một nàyọ người này thì là vai trở hết hạn người khác	nó sẽ xảy ra ít là cái lần đầu tiên ý thì cái việc mà càng chuẩn bị kỹ mình không có thể dùng câu này là câu của nam này đôi khi lời khuyên của người này thì lại là vào chờ hết hạn người khác ừ ờ	nó sẽ xảy ra y là lần đầu tiên ấy thì cái việc mà càng chuẩn bị kỹ mình không có thể dùng câu này là câu của nam này đôi khi lời khuyên của n người này thì là bao chờ hết hạn người khác	NÓ SẼ XẢY RA ÝẬT LẦN ĐẦU TIÊN ẤY THÌ CÁI VIỆC MÀ CÀNG CHUẨN BỊ KỸ MÌNH KHÔNG CÓ THỂ DÙNG CÂU GÁI LÀ CÂUẦN NAM NÀY ĐÔI KHI LỜI KHUYÊN MỘT NÊN LÀ NGƯỜI NÀY THÌ LÀ BÁC TRỜI LÀ NGƯỜI KHÁC	NÓ SẼ XẢY RA Ý LẦN ĐẦU TIÊN ẤY THÌ CÁI VIỆC MÀ CÀNG CHUẨN BỊ KỸ MÌNH CŨNG CÓ THỂ DÙNG CÂU NÀY LÀ CÂU CỦA NAM NÀY ĐÔI KHI LỜI KHUYÊNÊ MỘT NÀY NGƯỜI NÀY THÌ LÀ V CH HẾT HẠN NGƯỜI KHÁC	NÓ SẼ XẢY RA Ý ĐẶT LẦN ĐẦU TIÊN ẤY THÌ CÁI VIỆC MÀ CÀNG CHUẨNẦN BỊ KỸ MÌNH KHÔNG CÓ THỂ DÙNG CÂUẼ CŨNG LÀ CÂU CỦA NAM NÀY ĐÔI KHI LỜI KHUYÊN MỘT NÀYỌ NGƯỜI NÀY THÌ LÀ VAI TRỞ HẾT HẠN NGƯỜI KHÁC	nó sẽ xảy ra ít là cái lần đầu tiên ý thì cái việc mà càng chuẩn bị kỹ mình không có thể dùng câu này là câu của nam này đôi khi lời khuyên của người này thì lại là vào chờ hết hạn người khác ừ ờ.	Nó sẽ xảy ra y là lần đầu tiên ấy thì cái việc mà càng chuẩn bị kỹ, mình không có thể dùng câu này là câu của nam này. Đôi khi lời khuyên của n người này thì là bao chờ hết hạn người khác.
validation	6165	15.00	pseudo_label	là bọn mình cũng vừa trải qua một cái hành trình rất là dài cùng với cởi mở đi unitur cũng vừa đặt chân đến quay lại thành phố hồ chí minh và cũng được tham gia ngay vào season hai với tư cách là khách mời	là bọn mình cũng vừa trải qua một cái hành trình rất là dài cùng với cởi mở điuyro cũng vừa đặt chân đến quay lại thành ngồi hồ chí minh và cũng được tham gia ngay và seson hai tư cách là khách mời	là bọn mình cũng vừa trải qua một cái hành trình rất là dài cùng với cởi mở đi u n chua cũng vừa đặt chân đến quay lại thành phố hồ chí minh và cũng được tham gia ngay vào seaon hai tư cách là khách mời	là bọn mình cũng vừa trải qua một cái hành trình rất là dài cùng với cởi mở điuny to cũng vừa đặt chân đến quay lại thành hố hồ chí minh và cũng được tham gia ngay vào seson hai tư cách là khách mời	là bọn mình cũng vừa trải qua một cái hành trình rất là dài cùng với cởi mở đi iu ni tua cũng vừa đặt chân đến quay lại thành phố hồ chí minh và cũng được tham gia ngay vào si tường hai với tư cách là khách mời	là bọn mình cũng vừa trải qua một cái hành trình rất là dài c cùng với cởi mở đi u ni chu cũng vừa đặt chân đến quay lại thành phố hồ chí minh và cũng được tham gia ngay vào seần hai với tư cách là khách mời	LÀ BỌN MÌNH CŨNG VỪA TRẢI QUA MỘT CÁI HÀNH TRÌNH RẤT LÀ DÀI CÙNG VỚI CỞI MỞ ĐIUYRO CŨNG VỪA ĐẶT CHÂN ĐẾN QUAY LẠI THÀNH NGỒI HỒ CHÍ MINH VÀ CŨNG ĐƯỢC THAM GIA NGAY VÀ SESON HAI TƯ CÁCH LÀ KHÁCH MỜI	LÀ BỌN MÌNH CŨNG VỪA TRẢI QUA MỘT CÁI HÀNH TRÌNH RẤT LÀ DÀI CÙNG VỚI CỞI MỞ ĐI U N CHUA CŨNG VỪA ĐẶT CHÂN ĐẾN QUAY LẠI THÀNH PHỐ HỒ CHÍ MINH VÀ CŨNG ĐƯỢC THAM GIA NGAY VÀO SEAON HAI TƯ CÁCH LÀ KHÁCH MỜI	LÀ BỌN MÌNH CŨNG VỪA TRẢI QUA MỘT CÁI HÀNH TRÌNH RẤT LÀ DÀI CÙNG VỚI CỞI MỞ ĐIUNY TO CŨNG VỪA ĐẶT CHÂN ĐẾN QUAY LẠI THÀNH HỐ HỒ CHÍ MINH VÀ CŨNG ĐƯỢC THAM GIA NGAY VÀO SESON HAI TƯ CÁCH LÀ KHÁCH MỜI	là bọn mình cũng vừa trải qua một cái hành trình rất là dài cùng với cởi mở đi iu ni tua cũng vừa đặt chân đến quay lại thành phố hồ chí minh và cũng được tham gia ngay vào si tường hai với tư cách là khách mời.	Là bọn mình cũng vừa trải qua một cái hành trình rất là dài, C cùng với cởi mở đi U ni Chu cũng vừa đặt chân đến quay lại Thành phố Hồ Chí Minh và cũng được tham gia ngay vào Seần hai với tư cách là khách mời.
validation	6170	14.00	pseudo_label	này cho trái chuối này clori ho của em hình có cái dạng là giấu nó đi nói thì nói thuốc kia được hết rồi chị nhớ khác	nay cho nên vui ai rồi ngồi thế nói nói rất đừng rồi chị nha luônù trăm	ừ ai cho cái chuối ai llor hal đấu đó nói nói chung được sách rồi chị nhá được l khác của ch	cho em chúuối hai lờiộấu đó nói nói chút đường test chị nhất ở lo cái tác là bốn trăm	này cho chén chuối này cờ lo ri hô của em thì là của cái dạng nháu đó đây nói thì nói luôn đường tết rồi chị nhá lụa lúa khá là nhiều chắc	n này choé chuối này oy hô giáu nó nè nói nói rút nướcách rồi chị nhất của lỗ khác mà chắc	NAY CHO NÊN VUI AI RỒI NGỒI THẾ NÓI NÓI RẤT ĐỪNG RỒI CHỊ NHA LUÔNÙ TRĂM	Ừ AI CHO CÁI CHUỐI AI LLOR HAL ĐẤU ĐÓ NÓI NÓI CHUNG ĐƯỢC SÁCH RỒI CHỊ NHÁ ĐƯỢC L KHÁC CỦA CH	CHO EM CHÚUỐI HAI LỜIỘẤU ĐÓ NÓI NÓI CHÚT ĐƯỜNG TEST CHỊ NHẤT Ở LO CÁI TÁC LÀ BỐN TRĂM	này cho chén chuối này cờ lo ri hô của em thì là của cái dạng nháu đó đây nói thì nói luôn đường tết rồi chị nhá lụa lúa khá là nhiều chắc.	N này choé chuối này,oy hô giáu nó nè nói nói rút nướcách rồi, chị nhất của lỗ khác mà chắc.
validation	6173	12.60	pseudo_label	mình muốn níu giữ cái người đó bằng tình dục giống như anh hay hay nói luôn á nè tức là mình níu giữ họ bằng tình dục và kiểu mình los luôn kiểu mình đánh mất chính mình luôn coi như là em đã có ba năm rưỡi đánh mất em luôn á mọi người	mình muốn nếu dự cái người đó bằng tình dục giống như hay hay nói luôn em tức là mình nếu dự họ tình dục vào kiểu mình l lo luôn kiểu mình chính đánh mất chính mình luôn coi như là em đã có ba nămỡ đánh mất em luôn có mọi người	mình muốn n nếu giữ cái người đó bằng tình dục giống như anh hay hay nói luôn á em tức là mình nếu giữ họ bằng tình dục vào kiểu mình lost luôn kiểu mình chính đánh mất chính mình luôn coi như là em đã có ba năm rưỡi đánh mất em luôn á mọi người thì	mình muốn nếu như cái người đó bằng tình dục giống như anh hay hay nói luôn này tức là mìnhí giữa họ mà tình dục vào kiểu mình lo luôn kiểu mình chính đánh mất chính mình luôn coi như là em đã có ba năm rưỡi đánh mất em luôn có mọi người thì	mình muốn níu giữ cái người đó bằng tình dục giống như anh hay hay nói luôn ý em tức là mình níu giữ họ bằng tình dục và kiểu mình lót luôn kiểu mình đánh mất chính mình luôn coi như là em đã có ba năm rưỡi đánh mất em luôn của mọi người	mình muốn níu giữ cái người đó bằng tình dục giống như anh hay hay nói luôn á em tức là mình níu giữ họ bằng tình dục vào kiểu mình lót luôn kiểu mình chính đánh mất chính mình luôn coi như là em đã có ba năm rưỡi đánh mất em luôn á mọi người	MÌNH MUỐN NẾU DỰ CÁI NGƯỜI ĐÓ BẰNG TÌNH DỤC GIỐNG NHƯ HAY HAY NÓI LUÔN EM TỨC LÀ MÌNH NẾU DỰ HỌ TÌNH DỤC VÀO KIỂU MÌNH L LO LUÔN KIỂU MÌNH CHÍNH ĐÁNH MẤT CHÍNH MÌNH LUÔN COI NHƯ LÀ EM ĐÃ CÓ BA NĂMỠ ĐÁNH MẤT EM LUÔN CÓ MỌI NGƯỜI	MÌNH MUỐN N NẾU GIỮ CÁI NGƯỜI ĐÓ BẰNG TÌNH DỤC GIỐNG NHƯ ANH HAY HAY NÓI LUÔN Á EM TỨC LÀ MÌNH NẾU GIỮ HỌ BẰNG TÌNH DỤC VÀO KIỂU MÌNH LOST LUÔN KIỂU MÌNH CHÍNH ĐÁNH MẤT CHÍNH MÌNH LUÔN COI NHƯ LÀ EM ĐÃ CÓ BA NĂM RƯỠI ĐÁNH MẤT EM LUÔN Á MỌI NGƯỜI THÌ	MÌNH MUỐN NẾU NHƯ CÁI NGƯỜI ĐÓ BẰNG TÌNH DỤC GIỐNG NHƯ ANH HAY HAY NÓI LUÔN NÀY TỨC LÀ MÌNHÍ GIỮA HỌ MÀ TÌNH DỤC VÀO KIỂU MÌNH LO LUÔN KIỂU MÌNH CHÍNH ĐÁNH MẤT CHÍNH MÌNH LUÔN COI NHƯ LÀ EM ĐÃ CÓ BA NĂM RƯỠI ĐÁNH MẤT EM LUÔN CÓ MỌI NGƯỜI THÌ	mình muốn níu giữ cái người đó bằng tình dục giống như anh hay hay nói luôn ý em tức là mình níu giữ họ bằng tình dục và kiểu mình lót luôn kiểu mình đánh mất chính mình luôn coi như là em đã có ba năm rưỡi đánh mất em luôn của mọi người.	Mình muốn níu giữ cái người đó bằng tình dục giống như anh hay hay nói luôn á em tức là mình níu giữ họ bằng tình dục vào kiểu mình lót luôn kiểu mình chính đánh mất chính mình luôn coi như là em đã có ba năm rưỡi, đánh mất em luôn á, mọi người.
train	56740	15.00	pseudo_label	cái cơ hội là một nhiếp ảnh gia được giải một cái giải thưởng quốc tế như thế này trong lịch sử trừ chú ni út là đúng là cái khoảnh khắc chiến tranh quá đặc biệt mai ca là minh muốn nhắc lại là cái thời điểm cách đây cũng hơn mười năm rồi là với dự án the pin choi đúng không	cái cơ hội là mộtiế ảnh ra được giải một cái giảiưởng quốc tế như thế này và trong lịch sửừ chủi ốt là đúng là cái khoảnh khắc chiến tranh quá đặt đặc biệt micar là mình muốn nhắc lại là cái thời điểm cách đây cũng hơn mười năm rồi là với dự anein tro đúng không	cái cơ hội là một nhiếp ảnh ra được giải một cái giải thưởng quốc tế như thế này và trong lịch sử trừ tr ni út là đúng là cái khoảnh khắc chiến tranh quá là đặc biệt micar là thì mình muốn nhắc lại là cái thời điểm cách đây cũng hơn mười năm rồi là với dự án thetingcho đúng không	cái cơ hội là một nhiế ảnh ra được giải một cái giải thưởng quốc tế như thế này ở trong lịch sử trừ chú liút là đúng là cái khoảnh khắc chiến tranh quá đã đặc biệt m mia là thì mình muốn nhắc lại là cái thời điểm cách đây cũng hơn mười năm rồi là với dự ánerting tr đúng không	cái cơ hội là một ừ nhiếp ảnh gia được giải một cái giải thưởng quốc tế như này trong lịch sử trừ chùn ních út là đúng là cái khoảnh khắc chiến tranh quát đặt đặc biệt ở mai ca là thì minh muốn nhắc lại là cái thời điểm cách đây cũng hơn mười năm rồi là ờm với dự án tơ pinh choi	cái cơ hội là một nhiếp ảnh gia được giải một cái giải thưởng quốc tế như này trong lịch sử trừ chú ních út là đúng là cái khoảnh khắc chiến tranh qu quáắt đặc biệt mai ca là thì mình muốn nhắc lại là cái thời điểm cách đây cũng hơn mười năm rồi là với dự ánờinh choi không ạ	CÁI CƠ HỘI LÀ MỘTIẾ ẢNH RA ĐƯỢC GIẢI MỘT CÁI GIẢIƯỞNG QUỐC TẾ NHƯ THẾ NÀY VÀ TRONG LỊCH SỬỪ CHỦI ỐT LÀ ĐÚNG LÀ CÁI KHOẢNH KHẮC CHIẾN TRANH QUÁ ĐẶT ĐẶC BIỆT MICAR LÀ MÌNH MUỐN NHẮC LẠI LÀ CÁI THỜI ĐIỂM CÁCH ĐÂY CŨNG HƠN MƯỜI NĂM RỒI LÀ VỚI DỰ ANEIN TRO ĐÚNG KHÔNG	CÁI CƠ HỘI LÀ MỘT NHIẾP ẢNH RA ĐƯỢC GIẢI MỘT CÁI GIẢI THƯỞNG QUỐC TẾ NHƯ THẾ NÀY VÀ TRONG LỊCH SỬ TRỪ TR NI ÚT LÀ ĐÚNG LÀ CÁI KHOẢNH KHẮC CHIẾN TRANH QUÁ LÀ ĐẶC BIỆT MICAR LÀ THÌ MÌNH MUỐN NHẮC LẠI LÀ CÁI THỜI ĐIỂM CÁCH ĐÂY CŨNG HƠN MƯỜI NĂM RỒI LÀ VỚI DỰ ÁN THETINGCHO ĐÚNG KHÔNG	CÁI CƠ HỘI LÀ MỘT NHIẾ ẢNH RA ĐƯỢC GIẢI MỘT CÁI GIẢI THƯỞNG QUỐC TẾ NHƯ THẾ NÀY Ở TRONG LỊCH SỬ TRỪ CHÚ LIÚT LÀ ĐÚNG LÀ CÁI KHOẢNH KHẮC CHIẾN TRANH QUÁ ĐÃ ĐẶC BIỆT M MIA LÀ THÌ MÌNH MUỐN NHẮC LẠI LÀ CÁI THỜI ĐIỂM CÁCH ĐÂY CŨNG HƠN MƯỜI NĂM RỒI LÀ VỚI DỰ ÁNERTING TR ĐÚNG KHÔNG	cái cơ hội là một ừ nhiếp ảnh gia được giải một cái giải thưởng quốc tế như này trong lịch sử trừ chùn ních út là đúng là cái khoảnh khắc chiến tranh quát đặt đặc biệt ở mai ca là thì minh muốn nhắc lại là cái thời điểm cách đây cũng hơn mười năm rồi là ờm với dự án tơ pinh choi.	Cái cơ hội là một nhiếp ảnh gia được giải một cái giải thưởng quốc tế như này trong lịch sử trừ chú Ních út là đúng là cái khoảnh khắc chiến tranh qu quáắt đặc biệt Mai ca là thì mình muốn nhắc lại là cái thời điểm cách đây cũng hơn mười năm rồi là với dự ánờinh Choi không ạ.
train	56779	13.00	pseudo_label	rất là giỏi mình phải theo chẳng hạn thì em thứ nhất là em không bị những cái đó thứ hai nữa là thì mình cứ vô tư làm cái việc của mình nhưng mà cái lần đầu tiên lần đầu tiên mà em ra nước ngoài trong một cái sự kiện nhiếp ảnh là hai không lẻ tám	rất là giỏi mình phải theo chẳng hạn thì em thứ nhất là em không bị những cái đó thứ hai nữa là thì mình cứ vô tu làm cái việc của mình nhưng mà cái lần đầu tiên lần đầu tiên mà em ra nước ngoài trong một cái sự kiệniế ảnh là hai không lẻ tám	rất là giỏi mình phải theo chẳng hạn thì em thứ nhất là em không bị những cái đó thứ hai nữa là thì mình cứ vô tư làm cái việc của mình nhưng mà cái lần đầu tiên lần đầu tiên mà em ra nước ngoài cho một cái sự kiện nhiếp ảnh là hai không lẻ tám	rất là giỏi mình phải theo chẳng hạn thì em thứ nhất là em không bị những cái đó thứ hai nữa là thì mình cứ vô tư làm cái việc của mình nhưng mà cái lần đầu tiên lần đầu tiên mà em ra nước ngoài cho một cái sự kiện nhiếp ảnh là hai không lẻ tám	ờ rất là giỏi mình phải theo chẳng hạn thì em thứ nhất là em không bị những cái đó thứ hai nữa là thì mình cứ vô tư làm cái việc của mình nhưng mà cái lần đầu tiên lần đầu tiên mà em ra nước ngoài cho một sự kiện nhiếp ảnh là hai không lẻ tám	r rất là giỏi mình phải theo chẳng hạn thì em thứ nhất là em không bị những cái đó thứ hai nữa là thì mình cứ vô tư làm cái việc của mình nhưng mà cái lần đầu tiên lần đầu tiên mà em ra nước ngoài cho một cái sự kiện nhiếp ảnh là hai không lẻ tám	RẤT LÀ GIỎI MÌNH PHẢI THEO CHẲNG HẠN THÌ EM THỨ NHẤT LÀ EM KHÔNG BỊ NHỮNG CÁI ĐÓ THỨ HAI NỮA LÀ THÌ MÌNH CỨ VÔ TU LÀM CÁI VIỆC CỦA MÌNH NHƯNG MÀ CÁI LẦN ĐẦU TIÊN LẦN ĐẦU TIÊN MÀ EM RA NƯỚC NGOÀI TRONG MỘT CÁI SỰ KIỆNIẾ ẢNH LÀ HAI KHÔNG LẺ TÁM	RẤT LÀ GIỎI MÌNH PHẢI THEO CHẲNG HẠN THÌ EM THỨ NHẤT LÀ EM KHÔNG BỊ NHỮNG CÁI ĐÓ THỨ HAI NỮA LÀ THÌ MÌNH CỨ VÔ TƯ LÀM CÁI VIỆC CỦA MÌNH NHƯNG MÀ CÁI LẦN ĐẦU TIÊN LẦN ĐẦU TIÊN MÀ EM RA NƯỚC NGOÀI CHO MỘT CÁI SỰ KIỆN NHIẾP ẢNH LÀ HAI KHÔNG LẺ TÁM	RẤT LÀ GIỎI MÌNH PHẢI THEO CHẲNG HẠN THÌ EM THỨ NHẤT LÀ EM KHÔNG BỊ NHỮNG CÁI ĐÓ THỨ HAI NỮA LÀ THÌ MÌNH CỨ VÔ TƯ LÀM CÁI VIỆC CỦA MÌNH NHƯNG MÀ CÁI LẦN ĐẦU TIÊN LẦN ĐẦU TIÊN MÀ EM RA NƯỚC NGOÀI CHO MỘT CÁI SỰ KIỆN NHIẾP ẢNH LÀ HAI KHÔNG LẺ TÁM	ờ rất là giỏi mình phải theo chẳng hạn thì em thứ nhất là em không bị những cái đó thứ hai nữa là thì mình cứ vô tư làm cái việc của mình nhưng mà cái lần đầu tiên lần đầu tiên mà em ra nước ngoài cho một sự kiện nhiếp ảnh là hai không lẻ tám.	R rất là giỏi, mình phải theo, chẳng hạn thì em thứ nhất là em không bị những cái đó. Thứ hai nữa là thì mình cứ vô tư làm cái việc của mình, nhưng mà cái lần đầu tiên lần đầu tiên mà em ra nước ngoài cho một cái sự kiện nhiếp ảnh là hai không lẻ tám.
train	56781	15.00	pseudo_label	mà có thể kể được bằng nghệ thuật để nói về cái việc là họ đã vượt qua cái khủng hoảng kinh tế đấy như là đại loại như thế nói chung là trong cái ba mươi người đấy thì hai mươi chín người còn lại em không biết tại sao họ chọn em nhưng mà đều là những người mà ở thời điểm đấy là đã làm cho các arc này rồi đã rất là nổi tiếng đã được public	mà có thể kể được bằng nghệ thuật nói về cái việc là họ đãượt qua cái khôngảng kinh tế đấy như là đại lại như thế nói chung ở trong cái ba mươi người đấy thì hai mươi chín người còn là em không biết tại sao hội chọn em nhưng mà đều là những người mà ở thời điểm đấy là đã làm cho các cáienc này rồi đã rất là nổi tiếng đã được toic	mà có thể kể được bằng nghệ thuật nói về cái việc là họ đã vượt qua cái khủ hoảng kinh tế đấy như là đại lại như thế nói chung là trong cái ba mươi người đấy thì hai mươi chín người còn là em không biết tại sao họ chọn em nhưng mà đều là những người mà ở thời điểm đấy là đã làm cho các cái agenc này rồi đã rất là nổi tiếng đã được tub để	mà có thể kể được bằng nghệ thuật vì nói về cái việc là họ đã vượt qua cái kho th kinh tế đấy như là đại lại như thế nói chung mà trong cái ba mươi người đấy thì hai mươi chín người còn là em không biết tại sao họ chọn em nhưng mà đều là những mà ở thời điểm đấy là đã làm cho các cái aenenc này rồi đã rất là nổi tiếng đã được pubic	mà có thể kể được bằng nghệ thuật để nói về cái việc là họ đã vượt qua cái khủng hoảng kinh tế đấy như đại lạ như thế nói chung là trong cái ba mươi người đấy thì hai mươi chín người còn lại em không biết tại sao họ chọn em nhưng mà đều là những người mà ở thời điểm đấy là đã làm cho các ây dần xi này rồi đã rất là nổi tiếng đã được bắp lích	mà có thể kể được bằng nghệ thuật để nói về cái việc là họ đã vượt qua cái khủng hoảng kinh tế đấy nhưng là đại lại như thế nói chung là trong cái ba mươi người đấy thì hai mươi chín người còn lại em không biết tại sao họ chọn em nhưng mà đều là những người mà ở thời điểm đấy là đã làm cho các cái den xi này rồi đã rất là nổi tiếng đã được pắp lích	MÀ CÓ THỂ KỂ ĐƯỢC BẰNG NGHỆ THUẬT NÓI VỀ CÁI VIỆC LÀ HỌ ĐÃƯỢT QUA CÁI KHÔNGẢNG KINH TẾ ĐẤY NHƯ LÀ ĐẠI LẠI NHƯ THẾ NÓI CHUNG Ở TRONG CÁI BA MƯƠI NGƯỜI ĐẤY THÌ HAI MƯƠI CHÍN NGƯỜI CÒN LÀ EM KHÔNG BIẾT TẠI SAO HỘI CHỌN EM NHƯNG MÀ ĐỀU LÀ NHỮNG NGƯỜI MÀ Ở THỜI ĐIỂM ĐẤY LÀ ĐÃ LÀM CHO CÁC CÁIENC NÀY RỒI ĐÃ RẤT LÀ NỔI TIẾNG ĐÃ ĐƯỢC TOIC	MÀ CÓ THỂ KỂ ĐƯỢC BẰNG NGHỆ THUẬT NÓI VỀ CÁI VIỆC LÀ HỌ ĐÃ VƯỢT QUA CÁI KHỦ HOẢNG KINH TẾ ĐẤY NHƯ LÀ ĐẠI LẠI NHƯ THẾ NÓI CHUNG LÀ TRONG CÁI BA MƯƠI NGƯỜI ĐẤY THÌ HAI MƯƠI CHÍN NGƯỜI CÒN LÀ EM KHÔNG BIẾT TẠI SAO HỌ CHỌN EM NHƯNG MÀ ĐỀU LÀ NHỮNG NGƯỜI MÀ Ở THỜI ĐIỂM ĐẤY LÀ ĐÃ LÀM CHO CÁC CÁI AGENC NÀY RỒI ĐÃ RẤT LÀ NỔI TIẾNG ĐÃ ĐƯỢC TUB ĐỂ	MÀ CÓ THỂ KỂ ĐƯỢC BẰNG NGHỆ THUẬT VÌ NÓI VỀ CÁI VIỆC LÀ HỌ ĐÃ VƯỢT QUA CÁI KHO TH KINH TẾ ĐẤY NHƯ LÀ ĐẠI LẠI NHƯ THẾ NÓI CHUNG MÀ TRONG CÁI BA MƯƠI NGƯỜI ĐẤY THÌ HAI MƯƠI CHÍN NGƯỜI CÒN LÀ EM KHÔNG BIẾT TẠI SAO HỌ CHỌN EM NHƯNG MÀ ĐỀU LÀ NHỮNG MÀ Ở THỜI ĐIỂM ĐẤY LÀ ĐÃ LÀM CHO CÁC CÁI AENENC NÀY RỒI ĐÃ RẤT LÀ NỔI TIẾNG ĐÃ ĐƯỢC PUBIC	mà có thể kể được bằng nghệ thuật để nói về cái việc là họ đã vượt qua cái khủng hoảng kinh tế đấy như đại lạ như thế nói chung là trong cái ba mươi người đấy thì hai mươi chín người còn lại em không biết tại sao họ chọn em nhưng mà đều là những người mà ở thời điểm đấy là đã làm cho các ây dần xi này rồi đã rất là nổi tiếng đã được bắp lích.	Mà có thể kể được bằng nghệ thuật để nói về cái việc là họ đã vượt qua cái khủng hoảng kinh tế đấy, nhưng là đại lại như thế, Nói chung là trong cái ba mươi người đấy thì hai mươi chín người còn lại em không biết tại sao họ chọn em, nhưng mà đều là những người mà ở thời điểm đấy là đã làm cho các cái den xi này rồi đã rất là nổi tiếng đã được pắp lích.
train	56822	11.00	pseudo_label	cũng một ý của bạn ấy nói là bạn ấy bạn ấy lật chào bạn tính cộng đồng ừ tức là nhìn thấy rõ cái các cái góc nhìn và tính cộng đồng ở trong đó thì	có một ý của bạn ấy nói làạo đấy bạn như là chào bạn thì tính thế cộng đồng tức nhìn thấy rõ cái các cái góc nhìn và tính cộng đồng ở trong đó thì	cũng một ý của bạn ấy nói là bạn đấy bạn đấy là ch bạn h cộng đồng tức là nhìn thấy rõ cái các cái góc nhìn và tính cộng đồng ở trong đó thì	cũng một ý của bạn ấy nói là bạn ấy bạn em là ch bạn thì tính cái cộng đồng tức là nhìn thấy rõ cái các cái góc nhìn và tính cộng đồng ở trong đó thì	cũng một ý của bạn ấy nói là bạn ấy bạn ấy lật chào bạn tính cộng đồng tôi nhìn thấy rõ các cái góc nhìn và tính cộng đồng ở trong đó thì	cũng một ý của bạn ấy nói là bạn ấy bạn ấy là chào bạn tính tính cộng đồng tức nhìn thấy rõ cái các cái góc nhìn và tính cộng đồng ở trong đó thì	CÓ MỘT Ý CỦA BẠN ẤY NÓI LÀẠO ĐẤY BẠN NHƯ LÀ CHÀO BẠN THÌ TÍNH THẾ CỘNG ĐỒNG TỨC NHÌN THẤY RÕ CÁI CÁC CÁI GÓC NHÌN VÀ TÍNH CỘNG ĐỒNG Ở TRONG ĐÓ THÌ	CŨNG MỘT Ý CỦA BẠN ẤY NÓI LÀ BẠN ĐẤY BẠN ĐẤY LÀ CH BẠN H CỘNG ĐỒNG TỨC LÀ NHÌN THẤY RÕ CÁI CÁC CÁI GÓC NHÌN VÀ TÍNH CỘNG ĐỒNG Ở TRONG ĐÓ THÌ	CŨNG MỘT Ý CỦA BẠN ẤY NÓI LÀ BẠN ẤY BẠN EM LÀ CH BẠN THÌ TÍNH CÁI CỘNG ĐỒNG TỨC LÀ NHÌN THẤY RÕ CÁI CÁC CÁI GÓC NHÌN VÀ TÍNH CỘNG ĐỒNG Ở TRONG ĐÓ THÌ	cũng một ý của bạn ấy nói là bạn ấy bạn ấy lật chào bạn tính cộng đồng tôi nhìn thấy rõ các cái góc nhìn và tính cộng đồng ở trong đó thì.	Cũng một ý của bạn ấy nói là bạn ấy, bạn ấy là chào bạn tính tính cộng đồng tức nhìn thấy rõ cái các cái góc nhìn và tính cộng đồng ở trong đó thì
train	56835	10.50	pseudo_label	nhưng mà thực ra sau này tất cả những dự án em làm đều liên quan đến sõi học thì em cũng không nhận ra đâu nhưng mà kiểu các anh chị khóa trên của em bảo ơ mày toàn là xã học thì mình thấy là có thể mình không tập trung một trăm phần trăm	nhưng mà thực ra sau này tất cả những dự án em làme liên quan sẽ không đấy cũng không nhận ra thôi nhưng mà kiểu các anh chị khó trên của em bảo mà to là sẽ học thì mình thấy là có thể mình không tập trung một trong phần trăm	nhưng mà thực ra sau này tất cả những dự án em làm điều liên quan không em cũng không nhận ra đâu nhưng mà kiểu các anh chị khó xin của em à mẹ ta là giỏii học thì mình thấy là có thể mình không tập trung một trăm phần trăm	nhưng mà thực ra sau này tất cả những dự án em làm điều liên quan sẽ không em cũng không nhận ra đâu nhưng mà kiểu các anh chịu khó trên của em bảoớ mày ta là sợ học thì mình thấy là có thể mình không tập trung một trăm phần trăm	nhưng mà thực ra sau này tất cả những dự án em làm đều liên quan đến sõi học thì em cũng không nhận ra đâu nhưng mà kêu các anh chị khoá trên của em bảo ơ mày ta là sõi học thì mình thấy rằng có thể mình không tập trung một trăm phần trăm	nhưng mà thực ra sau này tất cả những dự án em làm điều liên quan đến xã sẽi học thì em không nhận ra đâu nhưng mà kiểu các anh chịa trên của em bảo ớ mà ta là sõi học thì mình thấy là có thể mình không tập trung một trăm phần trăm	NHƯNG MÀ THỰC RA SAU NÀY TẤT CẢ NHỮNG DỰ ÁN EM LÀME LIÊN QUAN SẼ KHÔNG ĐẤY CŨNG KHÔNG NHẬN RA THÔI NHƯNG MÀ KIỂU CÁC ANH CHỊ KHÓ TRÊN CỦA EM BẢO MÀ TO LÀ SẼ HỌC THÌ MÌNH THẤY LÀ CÓ THỂ MÌNH KHÔNG TẬP TRUNG MỘT TRONG PHẦN TRĂM	NHƯNG MÀ THỰC RA SAU NÀY TẤT CẢ NHỮNG DỰ ÁN EM LÀM ĐIỀU LIÊN QUAN KHÔNG EM CŨNG KHÔNG NHẬN RA ĐÂU NHƯNG MÀ KIỂU CÁC ANH CHỊ KHÓ XIN CỦA EM À MẸ TA LÀ GIỎII HỌC THÌ MÌNH THẤY LÀ CÓ THỂ MÌNH KHÔNG TẬP TRUNG MỘT TRĂM PHẦN TRĂM	NHƯNG MÀ THỰC RA SAU NÀY TẤT CẢ NHỮNG DỰ ÁN EM LÀM ĐIỀU LIÊN QUAN SẼ KHÔNG EM CŨNG KHÔNG NHẬN RA ĐÂU NHƯNG MÀ KIỂU CÁC ANH CHỊU KHÓ TRÊN CỦA EM BẢOỚ MÀY TA LÀ SỢ HỌC THÌ MÌNH THẤY LÀ CÓ THỂ MÌNH KHÔNG TẬP TRUNG MỘT TRĂM PHẦN TRĂM	nhưng mà thực ra sau này tất cả những dự án em làm đều liên quan đến sõi học thì em cũng không nhận ra đâu nhưng mà kêu các anh chị khoá trên của em bảo ơ mày ta là sõi học thì mình thấy rằng có thể mình không tập trung một trăm phần trăm.	Nhưng mà thực ra sau này tất cả những dự án em làm điều liên quan đến xã sẽi học thì em không nhận ra đâu, nhưng mà kiểu các anh chịa trên của em bảo ớ mà ta là sõi học thì mình thấy là có thể mình không tập trung một trăm phần trăm.
validation	6349	13.20	pseudo_label	thì lúc đấy khi mà em giới thiệu về cái hiki comoy thì các em nói nhiều đấy là câu chuyện của các nhân vật chứ không phải là hình ảnh và cái hình ảnh của em cũng không quan trọng là cần chụp đẹp bởi vì lúc đấy câu chuyện nó mới là thứ quan trọng thì tùy vào thời gian mình có	thì lúc đấy khi mà em giớiiệu về cái cái commo thì cái em nói nhiều đấy là câu chuyện của các nhân vật chứ không phải là hình ảnh và cái ảnh em cũng không quan trọng là cần chủ này lúc đấy câu chuyện nó mới là thứ quan trọng thìùy vào thời gian mình có	thì lúc đấy khi mà em giới thiệu về cái commoriy thì cái em nói nhiều đấy là câu chuyện của các nhân vật chứ không phải là hình ảnh và cái hình ngành em không quan trọng là cần trụm đẹp bởi vì lúc đấy câu chuyện nó mới là thứ quan trọng thì tùy vào thời gian mình có	thì lúc đấy khi mà em giới thiệu về cái cái com mo thì cái em nói nhiều đấy là câu chuyện của các nhân vật chứ không phải là hình ảnh và cái ảnh em cũng không quan trọng là cần chủ đẹp bởi vì lúc đấy câu chuyện nó mới là thứ quan trọng thì tùy vào thời gian mình có	thì lúc đấy khi mà em giới thiệu về cái hi kê cô mô ri ý thì các em nói nhiều đấy là câu chuyện của các nhân vật chứ không phải là hình ảnh và cái hình ảnh cũng không quan trọng là cần chụp đẹp bởi vì lúc đấy câu chuyện nó mới là thứ quan trọng thì tùy vào thời gian mình có	thì lúc đấy khi mà em giới thiệu về cái hii cô mo ri thì cái em nói nhiều lại là câu chuyện của các nhân vật chứ không phải là hình ảnh và cái ảnh của em cũng không quan trọng là cần chụp đẹp bởi vì lúc đấy câu chuyện nó mới là thứ quan trọng thì vào thời gian mình có	THÌ LÚC ĐẤY KHI MÀ EM GIỚIIỆU VỀ CÁI CÁI COMMO THÌ CÁI EM NÓI NHIỀU ĐẤY LÀ CÂU CHUYỆN CỦA CÁC NHÂN VẬT CHỨ KHÔNG PHẢI LÀ HÌNH ẢNH VÀ CÁI ẢNH EM CŨNG KHÔNG QUAN TRỌNG LÀ CẦN CHỦ NÀY LÚC ĐẤY CÂU CHUYỆN NÓ MỚI LÀ THỨ QUAN TRỌNG THÌÙY VÀO THỜI GIAN MÌNH CÓ	THÌ LÚC ĐẤY KHI MÀ EM GIỚI THIỆU VỀ CÁI COMMORIY THÌ CÁI EM NÓI NHIỀU ĐẤY LÀ CÂU CHUYỆN CỦA CÁC NHÂN VẬT CHỨ KHÔNG PHẢI LÀ HÌNH ẢNH VÀ CÁI HÌNH NGÀNH EM KHÔNG QUAN TRỌNG LÀ CẦN TRỤM ĐẸP BỞI VÌ LÚC ĐẤY CÂU CHUYỆN NÓ MỚI LÀ THỨ QUAN TRỌNG THÌ TÙY VÀO THỜI GIAN MÌNH CÓ	THÌ LÚC ĐẤY KHI MÀ EM GIỚI THIỆU VỀ CÁI CÁI COM MO THÌ CÁI EM NÓI NHIỀU ĐẤY LÀ CÂU CHUYỆN CỦA CÁC NHÂN VẬT CHỨ KHÔNG PHẢI LÀ HÌNH ẢNH VÀ CÁI ẢNH EM CŨNG KHÔNG QUAN TRỌNG LÀ CẦN CHỦ ĐẸP BỞI VÌ LÚC ĐẤY CÂU CHUYỆN NÓ MỚI LÀ THỨ QUAN TRỌNG THÌ TÙY VÀO THỜI GIAN MÌNH CÓ	thì lúc đấy khi mà em giới thiệu về cái hi kê cô mô ri ý thì các em nói nhiều đấy là câu chuyện của các nhân vật chứ không phải là hình ảnh và cái hình ảnh cũng không quan trọng là cần chụp đẹp bởi vì lúc đấy câu chuyện nó mới là thứ quan trọng thì tùy vào thời gian mình có.	Thì lúc đấy, khi mà em giới thiệu về cái hii cô mo ri thì cái em nói nhiều lại là câu chuyện của các nhân vật chứ không phải là hình ảnh và cái ảnh của em cũng không quan trọng là cần chụp đẹp, bởi vì lúc đấy câu chuyện nó mới là thứ quan trọng thì vào thời gian mình có.
validation	6352	10.10	pseudo_label	cái này thú vị nhá ngoài chuyện em nghe hep nhưng mà em cũng từng ở trên squa rất là nhiều lần á thì thực ra khi mà chị hỏi ai thì em cũng sẽ có một câu trả lời trong đầu mình đúng không	cái này thú vị nhá nói chuyện em nghe haer sip nhưng mà em cũng từng trên x sách quay rất là nhiều lần á thì thực ra khi mà chị hỏi ai thì em cũng sẽ có một câu trả lời trong đầu mình đúng không	cái này thú vị nhá có chuyện em nghe havesếpip nhưng mà em cũng từ ở trên xét của rất là nhiều lần á thì thực ra khi mà chị hỏi một ai thì em cũng sẽ có một câu trả lời trong đầu mình đúng không	cái này thú vị nhá và chị em nghe haer sip nhưng mà em cũng từng ở chia xét quay rất là nhiều lần á thì thực ra khi mà chị hỏi một ai thì em cũng sẽ có một câu trả lời trong đầu mình đúng không	cái này thú vị nhá nói chuyện em nghe hết một sít nhưng mà em cũng từng ở trên sét quay rất nhiều lần á thì thực ra khi mà chị hỏi ai thì cũng sẽ có một câu trả lời trong đầu mình đúng không	cái này thú vị nhá ngoài chuyện em nghe h hết một síp nhưng mà em cũng từng ở trên sế quay rất là nhiều lần nữa thì thực ra khi mà chị hỏi ai thì em cũng sẽ có một câu trả lời trong đầu mình đúng không	CÁI NÀY THÚ VỊ NHÁ NÓI CHUYỆN EM NGHE HAER SIP NHƯNG MÀ EM CŨNG TỪNG TRÊN X SÁCH QUAY RẤT LÀ NHIỀU LẦN Á THÌ THỰC RA KHI MÀ CHỊ HỎI AI THÌ EM CŨNG SẼ CÓ MỘT CÂU TRẢ LỜI TRONG ĐẦU MÌNH ĐÚNG KHÔNG	CÁI NÀY THÚ VỊ NHÁ CÓ CHUYỆN EM NGHE HAVESẾPIP NHƯNG MÀ EM CŨNG TỪ Ở TRÊN XÉT CỦA RẤT LÀ NHIỀU LẦN Á THÌ THỰC RA KHI MÀ CHỊ HỎI MỘT AI THÌ EM CŨNG SẼ CÓ MỘT CÂU TRẢ LỜI TRONG ĐẦU MÌNH ĐÚNG KHÔNG	CÁI NÀY THÚ VỊ NHÁ VÀ CHỊ EM NGHE HAER SIP NHƯNG MÀ EM CŨNG TỪNG Ở CHIA XÉT QUAY RẤT LÀ NHIỀU LẦN Á THÌ THỰC RA KHI MÀ CHỊ HỎI MỘT AI THÌ EM CŨNG SẼ CÓ MỘT CÂU TRẢ LỜI TRONG ĐẦU MÌNH ĐÚNG KHÔNG	cái này thú vị nhá nói chuyện em nghe hết một sít nhưng mà em cũng từng ở trên sét quay rất nhiều lần á thì thực ra khi mà chị hỏi ai thì cũng sẽ có một câu trả lời trong đầu mình đúng không.	Cái này thú vị nhá, ngoài chuyện em nghe h hết một síp, nhưng mà em cũng từng ở trên sế quay rất là nhiều lần nữa, thì thực ra khi mà chị hỏi ai thì em cũng sẽ có một câu trả lời trong đầu mình đúng không?
train	57023	13.80	pseudo_label	cái ý thứ hai nữa là sự tổn thương nó giống như một cái vaccine để nâng cao cái hệ miễn dịch của mình nhưng ở đây rất có ý nghĩa là đôi khi mình thấy tổn thương cần thiết để tăng cường một cái sự miễn dịch tinh thần để đối mặt với những thử thách lớn hơn	cái ý thứ hai nữa là sự tổn thương nó giống như một cái bácin đểâng cao cái hệiện dịch của mình nhưng người đây có cái nghĩa là đôi khi mình thấy tổn thương cần thiết để tăngường cái sựễn dịch tinh thần để đối mặt với những thử thá lớn hơn	cái ý thứ hai nữa là sự tổn thương nó giống như một cái paccin để nâng cao cái hệ miiển dịch của mình nhưng ở đây có có ý nghĩa là đôi khi mình thấy tổn thương cần thiết để tăng cường một cái sự miuy dịch tinh thần để đối mặt với những thử thách lớn hơn	cái ý thứ hai nữa là sự tổn thương nó giống như một cáiắcxin để nâng cao cái hệ mi dịch của mình nhưng ở đây có kh ý nghĩa là đôi khi mình thấy tổn thương cần thiết để tăng c một cái sự miễn dịch tinh thần để đối mặt với những thử thách lớn hơn	ký ý thứ hai nữa là sự tổn thương đến giống như một cái vắc xin để nâng cao cái hệ miễn dịch của mình nhưng ở đây nó có ý nghĩa là đôi khi mình thấy tổn thương cần thiết để tăng cường cái sự miễn dịch tinh thần để đối mặt với những thử thách lớn hơn	cái ý thứ hai nữa là sự tổn thương nó giống như một cái vắc xin để nâng cao cái hệ miễn dịch của mình nhưng ở đây nó có ý nghĩa là đôi khi mình thấy tổn thương cần thiết để tăng cường với sự miễn dịch tinh thần để đối mặt với những thử thách lớn hơn	CÁI Ý THỨ HAI NỮA LÀ SỰ TỔN THƯƠNG NÓ GIỐNG NHƯ MỘT CÁI BÁCIN ĐỂÂNG CAO CÁI HỆIỆN DỊCH CỦA MÌNH NHƯNG NGƯỜI ĐÂY CÓ CÁI NGHĨA LÀ ĐÔI KHI MÌNH THẤY TỔN THƯƠNG CẦN THIẾT ĐỂ TĂNGƯỜNG CÁI SỰỄN DỊCH TINH THẦN ĐỂ ĐỐI MẶT VỚI NHỮNG THỬ THÁ LỚN HƠN	CÁI Ý THỨ HAI NỮA LÀ SỰ TỔN THƯƠNG NÓ GIỐNG NHƯ MỘT CÁI PACCIN ĐỂ NÂNG CAO CÁI HỆ MIIỂN DỊCH CỦA MÌNH NHƯNG Ở ĐÂY CÓ CÓ Ý NGHĨA LÀ ĐÔI KHI MÌNH THẤY TỔN THƯƠNG CẦN THIẾT ĐỂ TĂNG CƯỜNG MỘT CÁI SỰ MIUY DỊCH TINH THẦN ĐỂ ĐỐI MẶT VỚI NHỮNG THỬ THÁCH LỚN HƠN	CÁI Ý THỨ HAI NỮA LÀ SỰ TỔN THƯƠNG NÓ GIỐNG NHƯ MỘT CÁIẮCXIN ĐỂ NÂNG CAO CÁI HỆ MI DỊCH CỦA MÌNH NHƯNG Ở ĐÂY CÓ KH Ý NGHĨA LÀ ĐÔI KHI MÌNH THẤY TỔN THƯƠNG CẦN THIẾT ĐỂ TĂNG C MỘT CÁI SỰ MIỄN DỊCH TINH THẦN ĐỂ ĐỐI MẶT VỚI NHỮNG THỬ THÁCH LỚN HƠN	ký ý thứ hai nữa là sự tổn thương đến giống như một cái vắc xin để nâng cao cái hệ miễn dịch của mình nhưng ở đây nó có ý nghĩa là đôi khi mình thấy tổn thương cần thiết để tăng cường cái sự miễn dịch tinh thần để đối mặt với những thử thách lớn hơn.	Cái ý thứ hai nữa là sự tổn thương nó giống như một cái vắc xin để nâng cao cái hệ miễn dịch của mình, nhưng ở đây nó có ý nghĩa là đôi khi mình thấy tổn thương cần thiết để tăng cường với sự miễn dịch tinh thần để đối mặt với những thử thách lớn hơn.
train	57028	10.60	pseudo_label	ờ chúng ta đã nói với nhau ngay từ đầu đúng không là bản thân những cái cảm giác tiêu cực hoặc là những cảm xúc tiêu cực đấy nó chưa phải là tổn thương nó chưa gây ra những tổn thương đâu	chúng ta đã nói với nhau ngay từ đầu đúng không là bản thân những cái cảm giác tiêu cực hoặc là những cảm xúc tiêu cực đến nó chưa phải là tổn thương nó chưaây ra những tổ thương đâu	chúng ta đã nói với nhau ngay từ đầu đúng không là bản thân những cái cảm giác tiêu cực hoặc là những cảm xúc tiêu cực đến nó chưa phải là tổn thương nó chưa gây ra những tổn thương đâu	chúng ta đã nói với nhau ngay từ đầu đúng không là bản thân những cái cảm giác tiêu cực hoặc là những cảm xúc tiêu cực đấy nó chưa phải là tổn thương nó chưa gây ra những tổn thương đâu	ơ chúng ta đã nói với nhau ngay từ đầu tức là ừ bản thân những cái cảm giác tiêu cực hoặc là những cảm xúc tiêu cực cái nó chưa phải là tổn thương nó chưa gây ra những tổn thương đâu	chúng chúng ta đã nói với nhau ngay từ đầu đúng là bản thân những cái cảm giác tiêu cực hoặc là những cảm xúc tiêu cực đấy nó chưa phải là tổn thương nó chưa gây ra những tổn thương đâu	CHÚNG TA ĐÃ NÓI VỚI NHAU NGAY TỪ ĐẦU ĐÚNG KHÔNG LÀ BẢN THÂN NHỮNG CÁI CẢM GIÁC TIÊU CỰC HOẶC LÀ NHỮNG CẢM XÚC TIÊU CỰC ĐẾN NÓ CHƯA PHẢI LÀ TỔN THƯƠNG NÓ CHƯAÂY RA NHỮNG TỔ THƯƠNG ĐÂU	CHÚNG TA ĐÃ NÓI VỚI NHAU NGAY TỪ ĐẦU ĐÚNG KHÔNG LÀ BẢN THÂN NHỮNG CÁI CẢM GIÁC TIÊU CỰC HOẶC LÀ NHỮNG CẢM XÚC TIÊU CỰC ĐẾN NÓ CHƯA PHẢI LÀ TỔN THƯƠNG NÓ CHƯA GÂY RA NHỮNG TỔN THƯƠNG ĐÂU	CHÚNG TA ĐÃ NÓI VỚI NHAU NGAY TỪ ĐẦU ĐÚNG KHÔNG LÀ BẢN THÂN NHỮNG CÁI CẢM GIÁC TIÊU CỰC HOẶC LÀ NHỮNG CẢM XÚC TIÊU CỰC ĐẤY NÓ CHƯA PHẢI LÀ TỔN THƯƠNG NÓ CHƯA GÂY RA NHỮNG TỔN THƯƠNG ĐÂU	ơ chúng ta đã nói với nhau ngay từ đầu tức là ừ bản thân những cái cảm giác tiêu cực hoặc là những cảm xúc tiêu cực cái nó chưa phải là tổn thương nó chưa gây ra những tổn thương đâu.	Chúng, chúng ta đã nói với nhau ngay từ đầu đúng là bản thân những cái cảm giác tiêu cực hoặc là những cảm xúc tiêu cực đấy nó chưa phải là tổn thương, nó chưa gây ra những tổn thương đâu.
train	57044	10.00	pseudo_label	thì trong trường hợp đó thì lý do tại sao và lời khuyên của chị nhập nếu gặp cái trường hợp người đến thăm người đến xin tư vấn	thì trong trường hợp đó thì lý do tại sao và lờiuyên của chịật nó gặp cái trường hợp người đến tham trời đến sinh tư vấn	thì trong trường hợp đó thì lý do tại sao và lời khuyên của chị nhập nếu gặp cái trường hợp người đến th trở đến xin tư vấn	thì trong trường thật đó thì lý do tại sao và lời khuyên của chị nhập cứ gặp một cái trường hợp người đến th cho đến xin tướ	thì trong trường hợp đó thì lý do tại sao và lời khuyên của chị nhập nếu gặp cái trường hợp người đến hăm người đến xin tư vấn	thì trong trường hợp đó thì lý do tại sao và lời khuyên của chị nếu gặp cái trường hợp người đến thăm người đến xin tư vấn	THÌ TRONG TRƯỜNG HỢP ĐÓ THÌ LÝ DO TẠI SAO VÀ LỜIUYÊN CỦA CHỊẬT NÓ GẶP CÁI TRƯỜNG HỢP NGƯỜI ĐẾN THAM TRỜI ĐẾN SINH TƯ VẤN	THÌ TRONG TRƯỜNG HỢP ĐÓ THÌ LÝ DO TẠI SAO VÀ LỜI KHUYÊN CỦA CHỊ NHẬP NẾU GẶP CÁI TRƯỜNG HỢP NGƯỜI ĐẾN TH TRỞ ĐẾN XIN TƯ VẤN	THÌ TRONG TRƯỜNG THẬT ĐÓ THÌ LÝ DO TẠI SAO VÀ LỜI KHUYÊN CỦA CHỊ NHẬP CỨ GẶP MỘT CÁI TRƯỜNG HỢP NGƯỜI ĐẾN TH CHO ĐẾN XIN TƯỚ	thì trong trường hợp đó thì lý do tại sao và lời khuyên của chị nhập nếu gặp cái trường hợp người đến hăm người đến xin tư vấn.	Thì trong trường hợp đó thì lý do tại sao và lời khuyên của chị nếu gặp cái trường hợp người đến thăm người đến xin tư vấn.
train	57074	10.30	pseudo_label	thì cái tốc độ làm việc của các bạn rồi cái cái thời gian để cho mọi người thật sự là được nghỉ ngơi được trở về với chính mình thật ra nó rất là giới hạn	thì cái tố độ làm việc của các bạn rồi cái cái thời gian để cho mọi người thực sự là đượcỉơi được trở về với chính mình thật ra nó rất là dễ hạn	thì cái tốc độ làm việc của các bạn rồi cái cái cái thời gian để cho mọi người thực sự là được nghỉ ngơi được trở về với chính mình thật ra nó rất là giới hạn	thì cái tốc độ làm việc của các bạn rồi cái cái thời gian để cho mọi mọi người thật sự là được nghỉơi được trở về với chính mình thật ra nó rất là giới hạn	à thì cái tốc độ làm việc của các bạn rồi ờ cái cái ơ cái thời gian để cho mọi người thực sự là được nghỉ ngơi được trở về với chính mình thật ra nó rất là giới hạn	thì cái tốc độ làm việc của các bạn rồi cái cái cái thời gian để cho mọi người thực sự là được nghỉ ngơi được trở về với chính mình th thật ra nó rất là giới hạn	THÌ CÁI TỐ ĐỘ LÀM VIỆC CỦA CÁC BẠN RỒI CÁI CÁI THỜI GIAN ĐỂ CHO MỌI NGƯỜI THỰC SỰ LÀ ĐƯỢCỈƠI ĐƯỢC TRỞ VỀ VỚI CHÍNH MÌNH THẬT RA NÓ RẤT LÀ DỄ HẠN	THÌ CÁI TỐC ĐỘ LÀM VIỆC CỦA CÁC BẠN RỒI CÁI CÁI CÁI THỜI GIAN ĐỂ CHO MỌI NGƯỜI THỰC SỰ LÀ ĐƯỢC NGHỈ NGƠI ĐƯỢC TRỞ VỀ VỚI CHÍNH MÌNH THẬT RA NÓ RẤT LÀ GIỚI HẠN	THÌ CÁI TỐC ĐỘ LÀM VIỆC CỦA CÁC BẠN RỒI CÁI CÁI THỜI GIAN ĐỂ CHO MỌI MỌI NGƯỜI THẬT SỰ LÀ ĐƯỢC NGHỈƠI ĐƯỢC TRỞ VỀ VỚI CHÍNH MÌNH THẬT RA NÓ RẤT LÀ GIỚI HẠN	à thì cái tốc độ làm việc của các bạn rồi ờ cái cái ơ cái thời gian để cho mọi người thực sự là được nghỉ ngơi được trở về với chính mình thật ra nó rất là giới hạn.	Thì cái tốc độ làm việc của các bạn rồi cái cái cái thời gian để cho mọi người thực sự là được nghỉ ngơi, được trở về với chính mình. Th thật ra nó rất là giới hạn.
train	57077	12.20	pseudo_label	đối với nhiều người hay không thì tiên nghĩ là có thể đối với một số người thì nó ở cái mức độ nó gọi là rất là cần luôn thay vì bình thường mình sẽ vẫn sẽ có những cái hoạt động như vậy một cách tự nhiên trong năm	đối với nhiều người hay không thì tiên nghĩ là có thể đối với một số người thì nó ở cái mức độ nó gọi là rất là cần luôn thay vì bình thường mình sẽ vẫn sẽ có những cái hoạt động như vậy một cách tự nhiên trong năm	đối với nhiều người hay không thì tiên nghĩ là có thể đối với một số người thì nó ở cái mức độ nó gọi là rất là cần luôn thay vì bình thường mình sẽ vẫn sẽ có những cái hoạt động như vậy một cách tự nhiên trong năm	đối với nhiều người hay không thì tiên nghĩ là có thể đối với một số người thì nó ở cái mức độ nó gọi là rất là cần luôn thay vì bình thường mình sẽ vẫn sẽ có những cái hoạt động như vậy một cách tự nhiên trong năm	đối với nhiều người hay không thì tiên nghĩ là có thể đối với một số người thì nó ở cái mức độ nó gọi là rất là cần luôn thay vì bình thường mình sẽ vẫn sẽ có những cái hoạt động như vậy một cách tự nhiên trong năm	đối với nhiều người hay không thìiên nghĩ là có thể đối với một số người thì nó ở cái mức độ nó gọi là rất là cần luôn thay vì bình thường mình sẽ vẫn sẽ có những cái hoạt động như vậy một cách tự nhiên trong năm	ĐỐI VỚI NHIỀU NGƯỜI HAY KHÔNG THÌ TIÊN NGHĨ LÀ CÓ THỂ ĐỐI VỚI MỘT SỐ NGƯỜI THÌ NÓ Ở CÁI MỨC ĐỘ NÓ GỌI LÀ RẤT LÀ CẦN LUÔN THAY VÌ BÌNH THƯỜNG MÌNH SẼ VẪN SẼ CÓ NHỮNG CÁI HOẠT ĐỘNG NHƯ VẬY MỘT CÁCH TỰ NHIÊN TRONG NĂM	ĐỐI VỚI NHIỀU NGƯỜI HAY KHÔNG THÌ TIÊN NGHĨ LÀ CÓ THỂ ĐỐI VỚI MỘT SỐ NGƯỜI THÌ NÓ Ở CÁI MỨC ĐỘ NÓ GỌI LÀ RẤT LÀ CẦN LUÔN THAY VÌ BÌNH THƯỜNG MÌNH SẼ VẪN SẼ CÓ NHỮNG CÁI HOẠT ĐỘNG NHƯ VẬY MỘT CÁCH TỰ NHIÊN TRONG NĂM	ĐỐI VỚI NHIỀU NGƯỜI HAY KHÔNG THÌ TIÊN NGHĨ LÀ CÓ THỂ ĐỐI VỚI MỘT SỐ NGƯỜI THÌ NÓ Ở CÁI MỨC ĐỘ NÓ GỌI LÀ RẤT LÀ CẦN LUÔN THAY VÌ BÌNH THƯỜNG MÌNH SẼ VẪN SẼ CÓ NHỮNG CÁI HOẠT ĐỘNG NHƯ VẬY MỘT CÁCH TỰ NHIÊN TRONG NĂM	đối với nhiều người hay không thì tiên nghĩ là có thể đối với một số người thì nó ở cái mức độ nó gọi là rất là cần luôn thay vì bình thường mình sẽ vẫn sẽ có những cái hoạt động như vậy một cách tự nhiên trong năm.	Đối với nhiều người hay không thìiên nghĩ là có thể đối với một số người thì nó ở cái mức độ nó gọi là rất là cần luôn, thay vì bình thường, mình sẽ vẫn sẽ có những cái hoạt động như vậy một cách tự nhiên trong năm.
train	57080	10.50	pseudo_label	bạn bè xuống cái mình mang thức ăn đồ uống tới cái tự nhiên chỗ đó nó ồn y cha như thành phố đó thì có những cái chuyện mà mình cũng vì là mình theo thói quen	bạn bè xuống cái mình mang tức ăn đồ uống tại vì tới tự riêng chỗ đó nó ồ bịa như thành khác đó thì có những cái chuyện mà mình cũng vì là mình theoói quen	bạn bè xuống cái mình mang thức ăn đồ uống tới cái tự duyên chỗ đó nó ồn mỹ cha như thành ph đó thì có những cái chuyện mà mình cũng vì là mình theo thói quen	bạn bè xuống cái mình mang thức ăn đồ uống tới cái tự d chỗ đó nó ồn đi ch như thành phố đó thì có những cái chuyện mà mình cũng vì là mình theo thói quen	bạn bè xuống cái mình mang thức ăn đồ uống tới cái tự nhiên chỗ đó nó ồn y chang như thành phố đó thì có những cái chuyện mà mình cũng vì là mình theo thói quen	bạn bè xuống cái mình mang thức ăn đồ uống tới cái tự nhiên chỗ đó nó ồn y trang như thành phố đó thì có những cái chuyệnờ mà mình cũng vì là mình theo thói quen	BẠN BÈ XUỐNG CÁI MÌNH MANG TỨC ĂN ĐỒ UỐNG TẠI VÌ TỚI TỰ RIÊNG CHỖ ĐÓ NÓ Ồ BỊA NHƯ THÀNH KHÁC ĐÓ THÌ CÓ NHỮNG CÁI CHUYỆN MÀ MÌNH CŨNG VÌ LÀ MÌNH THEOÓI QUEN	BẠN BÈ XUỐNG CÁI MÌNH MANG THỨC ĂN ĐỒ UỐNG TỚI CÁI TỰ DUYÊN CHỖ ĐÓ NÓ ỒN MỸ CHA NHƯ THÀNH PH ĐÓ THÌ CÓ NHỮNG CÁI CHUYỆN MÀ MÌNH CŨNG VÌ LÀ MÌNH THEO THÓI QUEN	BẠN BÈ XUỐNG CÁI MÌNH MANG THỨC ĂN ĐỒ UỐNG TỚI CÁI TỰ D CHỖ ĐÓ NÓ ỒN ĐI CH NHƯ THÀNH PHỐ ĐÓ THÌ CÓ NHỮNG CÁI CHUYỆN MÀ MÌNH CŨNG VÌ LÀ MÌNH THEO THÓI QUEN	bạn bè xuống cái mình mang thức ăn đồ uống tới cái tự nhiên chỗ đó nó ồn y chang như thành phố đó thì có những cái chuyện mà mình cũng vì là mình theo thói quen.	Bạn bè xuống cái mình mang thức ăn đồ uống tới, cái tự nhiên chỗ đó nó ồn y trang như thành phố đó thì có những cái chuyệnờ mà mình cũng vì là mình theo thói quen.
validation	6371	11.60	pseudo_label	và chúng ta diễn dịch nên con voi nó vẫn là con voi con voi là sự thật nhưng mà thông qua cặp mắt của ông dũng vì ông dũng ông bị giới hạn thì ông chỉ thấy được cái tai con voi thôi ông hùng thì thấy được cái chân con voi	và chúngàn viếtịch mình cono đâu vẫn là conó có coi là sự thật nhưng mà thông quaặpắc của ôngũ vì ông ông không bịệ khác thì ông chỉ thấy được cái tay con coi thôi ông hùng thì thấy được cái chân con thôi	và chúng ta viễn định nên con vo đâu vẫn là con b con nói là sự thật nhưng mà thông qua cập mắc của ông dũ vì ông ông dông ông bị lư h thì ông chỉ thấy được cái tai c vi thôi ông hùng thì thấy được cái chân c v	và chúng ta diễnịch nên con vo đâu vẫn là conó con nói là sự thật nhưng mà thông qua cặp mắt của ôngũ vì ông ông bị lỡ hạn thì ông chỉ thấy được cái t con vai thôi ông hùng thì thấy được cái chân con v vai	và chúng ta diễn dịch nên con voi nó vẫn là con voi con voi là sự thật nhưng mà thông qua cặp mắt của ông dũng vì ông dũng ông bị giới hạn thì ông chỉ thấy được cái tai con voi thôi ông hùng thì thấy được cái chân con voi	và chúng ta diễn dịch nên con voi nó vẫn là con voi con voi là sự thật nhưng mà thông qua cặp mắt của ông dũng vì ông dũng ông bị giới hạn thì ông chỉ thấy được cái tai con voi thôi ông hùng thì thấy được cái chân con voi	VÀ CHÚNGÀN VIẾTỊCH MÌNH CONO ĐÂU VẪN LÀ CONÓ CÓ COI LÀ SỰ THẬT NHƯNG MÀ THÔNG QUAẶPẮC CỦA ÔNGŨ VÌ ÔNG ÔNG KHÔNG BỊỆ KHÁC THÌ ÔNG CHỈ THẤY ĐƯỢC CÁI TAY CON COI THÔI ÔNG HÙNG THÌ THẤY ĐƯỢC CÁI CHÂN CON THÔI	VÀ CHÚNG TA VIỄN ĐỊNH NÊN CON VO ĐÂU VẪN LÀ CON B CON NÓI LÀ SỰ THẬT NHƯNG MÀ THÔNG QUA CẬP MẮC CỦA ÔNG DŨ VÌ ÔNG ÔNG DÔNG ÔNG BỊ LƯ H THÌ ÔNG CHỈ THẤY ĐƯỢC CÁI TAI C VI THÔI ÔNG HÙNG THÌ THẤY ĐƯỢC CÁI CHÂN C V	VÀ CHÚNG TA DIỄNỊCH NÊN CON VO ĐÂU VẪN LÀ CONÓ CON NÓI LÀ SỰ THẬT NHƯNG MÀ THÔNG QUA CẶP MẮT CỦA ÔNGŨ VÌ ÔNG ÔNG BỊ LỠ HẠN THÌ ÔNG CHỈ THẤY ĐƯỢC CÁI T CON VAI THÔI ÔNG HÙNG THÌ THẤY ĐƯỢC CÁI CHÂN CON V VAI	và chúng ta diễn dịch nên con voi nó vẫn là con voi con voi là sự thật nhưng mà thông qua cặp mắt của ông dũng vì ông dũng ông bị giới hạn thì ông chỉ thấy được cái tai con voi thôi ông hùng thì thấy được cái chân con voi.	Và chúng ta diễn dịch nên con voi nó vẫn là con voi, con voi là sự thật, nhưng mà thông qua cặp mắt của ông Dũng, vì ông Dũng ông bị giới hạn, thì ông chỉ thấy được cái tai con voi thôi, Ông Hùng thì thấy được cái chân con voi.
train	57157	14.40	pseudo_label	thế sáng uống gì thì mình sẽ mời thế last xin bảo uyên gì cũng được ừ thì có phải là bạn là người rất là dễ tính không tức là bạn không có kỳ dễ dại luôn thôi nhưng mà nếu mà bạn được chọn buổi sáng thì bạn sẽ uống thường uống gì cà phê sữa đá	thế trang uống gì thì mình sẽ mời người tac màôi gì cũng được thì có phải là bạn là người rất là dễ tính không tức là bạn không thì dạy thôi nhưng mà nếu mà bạn được chọn buổi sáng thì bạn sẽ uống không uống gì cà phêua	thế sáng uống gì thì mình sẽ mời người ta xem bảo em muốn gì cũng được thì có phải là bạn là người rất là dễ tính khôngâm tức là bạn không còn k giải không nhưng mà nếu mà bạn được chọn buổi sáng thì bạn sẽ uống thương uống gì cà phê xổ đáà	thế sáng uống gì thì mình sẽ mời người đ ta xin mà em muốn gì cũng được thế có vẻ là bạn là người rất là dễ tínhâm tức là bạn không có k dạy không nhưng mà nếu mà bạn được chọn buổi sáng nhưng bạn sẽ uống thương uống gì cà phê sda	thế sáng uống gì thì mình sẽ mời thế đơ sinh bảo uống gì cũng được thì có vẻ là bạn là người rất là dễ tính không tức là bạn không có cực kỳ dễ dãi luôn chứ không nhưng mà nếu mà bạn được chọn buổi sáng thì bạn sẽ uống thường uống gì cà phê xổ đá	thế sáng uống gì thì mình sẽ mời thế xin mà quênuống gì cũng được ừ thế có vẻ là bạn là người rất là dễ tính không t tức là bạn không ơ kỳ dễ d luôn không nhưng mà nếu mà bạn được chọn buổi sáng thì bạn sẽ uống thường uống gì cà phê số đá	THẾ TRANG UỐNG GÌ THÌ MÌNH SẼ MỜI NGƯỜI TAC MÀÔI GÌ CŨNG ĐƯỢC THÌ CÓ PHẢI LÀ BẠN LÀ NGƯỜI RẤT LÀ DỄ TÍNH KHÔNG TỨC LÀ BẠN KHÔNG THÌ DẠY THÔI NHƯNG MÀ NẾU MÀ BẠN ĐƯỢC CHỌN BUỔI SÁNG THÌ BẠN SẼ UỐNG KHÔNG UỐNG GÌ CÀ PHÊUA	THẾ SÁNG UỐNG GÌ THÌ MÌNH SẼ MỜI NGƯỜI TA XEM BẢO EM MUỐN GÌ CŨNG ĐƯỢC THÌ CÓ PHẢI LÀ BẠN LÀ NGƯỜI RẤT LÀ DỄ TÍNH KHÔNGÂM TỨC LÀ BẠN KHÔNG CÒN K GIẢI KHÔNG NHƯNG MÀ NẾU MÀ BẠN ĐƯỢC CHỌN BUỔI SÁNG THÌ BẠN SẼ UỐNG THƯƠNG UỐNG GÌ CÀ PHÊ XỔ ĐÁÀ	THẾ SÁNG UỐNG GÌ THÌ MÌNH SẼ MỜI NGƯỜI Đ TA XIN MÀ EM MUỐN GÌ CŨNG ĐƯỢC THẾ CÓ VẺ LÀ BẠN LÀ NGƯỜI RẤT LÀ DỄ TÍNHÂM TỨC LÀ BẠN KHÔNG CÓ K DẠY KHÔNG NHƯNG MÀ NẾU MÀ BẠN ĐƯỢC CHỌN BUỔI SÁNG NHƯNG BẠN SẼ UỐNG THƯƠNG UỐNG GÌ CÀ PHÊ SDA	thế sáng uống gì thì mình sẽ mời thế đơ sinh bảo uống gì cũng được thì có vẻ là bạn là người rất là dễ tính không tức là bạn không có cực kỳ dễ dãi luôn chứ không nhưng mà nếu mà bạn được chọn buổi sáng thì bạn sẽ uống thường uống gì cà phê xổ đá.	Thế sáng uống gì thì mình sẽ mời thế xin mà quênuống gì cũng được. Ừ thế có vẻ là bạn là người rất là dễ tính không? T tức là bạn không ơ kỳ dễ d luôn không, nhưng mà nếu mà bạn được chọn buổi sáng thì bạn sẽ uống thường uống gì, cà phê số đá.
train	57169	13.30	pseudo_label	mấy cái capcon the share mọi người ông ấy hay tách hàng nhân vật đấy ra và đúng nếu mà được em cũng có thể là chọn một cái cuốn của murakami nữa nó có một cái sự phức tạp nào đó trong cách	mấy cái cacaero với mọi người ông ấy hayách hành nhân vật đấy ra và đúng nếu mà được em cũng có thể là trong một cái cuốn cụraammi nữa nó có một cáiở phứcạ nào đó trong	mấy cái castcan the sho mọi người kiểu ông ấy hay tấtách hành nhân vật đấy ra và đúng nếu mà đ dạ em cũng có thể là trong một cái cuốn của mracamami nữa nó có một cái sự phức tạp nào đó trong tr	mấy cái ca caoe sho thì mọi người kiểu ông này hay tách thành nhân vật đấy ra và đúng nếu mà được dạ em cũng có thể là trong một cái cuốn củaracamy nữa nó có một cái sự phức tạp nào đó trong	ờ mấy cái cáp cao nửa so mọi người cậu ông này hay tách hành nhân vật để ra và đúng nếu mà mà được dạ em cũng có thể là chọn một cái cuốn của mura kami nữa ừ nó có một sự phức tạp nào đó trong các	m mấy cái cáta nơ s so mọi người ông ấy hay tất cả nhân vật đấy ra và đúng nếu mà được đạt em cũng có thể là chọn một cái cuốn của m ra ca mi nữa nó có một cái sự phức tạp nào đó trong các	MẤY CÁI CACAERO VỚI MỌI NGƯỜI ÔNG ẤY HAYÁCH HÀNH NHÂN VẬT ĐẤY RA VÀ ĐÚNG NẾU MÀ ĐƯỢC EM CŨNG CÓ THỂ LÀ TRONG MỘT CÁI CUỐN CỤRAAMMI NỮA NÓ CÓ MỘT CÁIỞ PHỨCẠ NÀO ĐÓ TRONG	MẤY CÁI CASTCAN THE SHO MỌI NGƯỜI KIỂU ÔNG ẤY HAY TẤTÁCH HÀNH NHÂN VẬT ĐẤY RA VÀ ĐÚNG NẾU MÀ Đ DẠ EM CŨNG CÓ THỂ LÀ TRONG MỘT CÁI CUỐN CỦA MRACAMAMI NỮA NÓ CÓ MỘT CÁI SỰ PHỨC TẠP NÀO ĐÓ TRONG TR	MẤY CÁI CA CAOE SHO THÌ MỌI NGƯỜI KIỂU ÔNG NÀY HAY TÁCH THÀNH NHÂN VẬT ĐẤY RA VÀ ĐÚNG NẾU MÀ ĐƯỢC DẠ EM CŨNG CÓ THỂ LÀ TRONG MỘT CÁI CUỐN CỦARACAMY NỮA NÓ CÓ MỘT CÁI SỰ PHỨC TẠP NÀO ĐÓ TRONG	ờ mấy cái cáp cao nửa so mọi người cậu ông này hay tách hành nhân vật để ra và đúng nếu mà mà được dạ em cũng có thể là chọn một cái cuốn của mura kami nữa ừ nó có một sự phức tạp nào đó trong các.	M mấy cái cáta nơ s so, mọi người ông ấy hay tất cả nhân vật đấy ra và đúng, nếu mà được đạt, em cũng có thể là chọn một cái cuốn của m ra ca mi nữa nó có một cái sự phức tạp nào đó trong các.
train	57173	13.10	pseudo_label	trong việc và đã gặp rất là nhiều thực ra một cái lợi thế của người trước mắt là người dẫn chương trình đã cái việc là anh ta có quyết định trở thành người kể chuyện hay không thì là quyết định sao đến sau đó	trong việc và đã gặp rất là nhiều thực ra một cáiợi thế của người trước mắt là người dẫn chương trình đã cái việc là anh ta có quyết định trở thành người cái chuyện hay không thì là quyết định cho đến sau đó	trong việc mà đã gặp rất là nhiều thực ra một cái lợi thế của người trước mắt là người dẫn chương trình đã cái việc là anh ta có quyết định trở thành người kể chuyện hay không thì là quyết định sao đến sau đó	trong việc và đã gặp rất là nhiều thực ra một cái lợi thế của người trước mắt là người dẫn chương trình đã cái việc là anh ta có quyết định trở thành người kể chuyện hay không thì là quyết định sao đến sau đó	trong việc mà đã gặp rất là nhiều thực ra một cái lợi thế của người trước mắt là người dẫn chương trình đã cái việc là anh ta có quyết định trở thành người kể chuyện hay không thì là quyết định sau đến sau đó	trong việc bà đã gặp rất là nhiều thực ra một cái lợi thế của người trước mắt là người dẫn chương trình đã cái việc là anh ta có quyết định trở thành người kể chuyện hay không thì là quyết định sao đến sau đó	TRONG VIỆC VÀ ĐÃ GẶP RẤT LÀ NHIỀU THỰC RA MỘT CÁIỢI THẾ CỦA NGƯỜI TRƯỚC MẮT LÀ NGƯỜI DẪN CHƯƠNG TRÌNH ĐÃ CÁI VIỆC LÀ ANH TA CÓ QUYẾT ĐỊNH TRỞ THÀNH NGƯỜI CÁI CHUYỆN HAY KHÔNG THÌ LÀ QUYẾT ĐỊNH CHO ĐẾN SAU ĐÓ	TRONG VIỆC MÀ ĐÃ GẶP RẤT LÀ NHIỀU THỰC RA MỘT CÁI LỢI THẾ CỦA NGƯỜI TRƯỚC MẮT LÀ NGƯỜI DẪN CHƯƠNG TRÌNH ĐÃ CÁI VIỆC LÀ ANH TA CÓ QUYẾT ĐỊNH TRỞ THÀNH NGƯỜI KỂ CHUYỆN HAY KHÔNG THÌ LÀ QUYẾT ĐỊNH SAO ĐẾN SAU ĐÓ	TRONG VIỆC VÀ ĐÃ GẶP RẤT LÀ NHIỀU THỰC RA MỘT CÁI LỢI THẾ CỦA NGƯỜI TRƯỚC MẮT LÀ NGƯỜI DẪN CHƯƠNG TRÌNH ĐÃ CÁI VIỆC LÀ ANH TA CÓ QUYẾT ĐỊNH TRỞ THÀNH NGƯỜI KỂ CHUYỆN HAY KHÔNG THÌ LÀ QUYẾT ĐỊNH SAO ĐẾN SAU ĐÓ	trong việc mà đã gặp rất là nhiều thực ra một cái lợi thế của người trước mắt là người dẫn chương trình đã cái việc là anh ta có quyết định trở thành người kể chuyện hay không thì là quyết định sau đến sau đó.	Trong việc bà đã gặp rất là nhiều thực ra một cái lợi thế của người trước mắt là người dẫn chương trình đã cái việc là anh ta có quyết định trở thành người kể chuyện hay không thì là quyết định sao đến sau đó.
train	57190	12.70	pseudo_label	trên yout commy của em luôn mà mình nhận rất là nhiều tranh cãi mà có một cái tranh cãi kiểu rapper nữ grab thì cũng vậy thôi wow ok	em youtube không đi lý trí của em luôn mà mình nhận rất là nhiều tranh cãi mà có có một cáiịch tr tranh cãi những kiểu rapper nữ có ra thì cũng vậy thôi khác	trên youtube commentt của em nữa là mình nhận rất là nhiều tranh cãi luôn mà có có một cái k tranh cãi như kiểu kiểu rappper nữ cái rrap thì cũng vậy thôi w quá khác	em youtube comentitt của em là thôi mình rất là nhiều tranh c mà có có một cái k tranh cãi cứ kiểu r rapper nữ cáiáp thì cũng vậy thôi w w khác	trên riu túp căm mỹ tỷ của em luôn và nhận rất nhiều tranh cãi ô mai gệt có một cái tranh cãi kiểu kiểu a ráp bơ nữ có ráp thì cũng vậy thôi wow ok	u u tuúp m ti của em luôn mình nhận rất là nhiều tranh cãi màờ có một cái tranh cãi kiểu kiểu raáp bơ nữ của ráp thì cũng vậy thôi ôê	EM YOUTUBE KHÔNG ĐI LÝ TRÍ CỦA EM LUÔN MÀ MÌNH NHẬN RẤT LÀ NHIỀU TRANH CÃI MÀ CÓ CÓ MỘT CÁIỊCH TR TRANH CÃI NHỮNG KIỂU RAPPER NỮ CÓ RA THÌ CŨNG VẬY THÔI KHÁC	TRÊN YOUTUBE COMMENTT CỦA EM NỮA LÀ MÌNH NHẬN RẤT LÀ NHIỀU TRANH CÃI LUÔN MÀ CÓ CÓ MỘT CÁI K TRANH CÃI NHƯ KIỂU KIỂU RAPPPER NỮ CÁI RRAP THÌ CŨNG VẬY THÔI W QUÁ KHÁC	EM YOUTUBE COMENTITT CỦA EM LÀ THÔI MÌNH RẤT LÀ NHIỀU TRANH C MÀ CÓ CÓ MỘT CÁI K TRANH CÃI CỨ KIỂU R RAPPER NỮ CÁIÁP THÌ CŨNG VẬY THÔI W W KHÁC	trên riu túp căm mỹ tỷ của em luôn và nhận rất nhiều tranh cãi ô mai gệt có một cái tranh cãi kiểu kiểu a ráp bơ nữ có ráp thì cũng vậy thôi wow ok.	u u tuúp m ti của em luôn mình nhận rất là nhiều tranh cãi màờ có một cái tranh cãi kiểu kiểu raáp bơ nữ của ráp thì cũng vậy thôi  Ôê.
train	57205	14.80	pseudo_label	bastoris là nó có một cái tiêu chuẩn quá khắt khe cho khách mời cho nên là đôi khi em còn cảm thấy mệt nữa em bị cảm thấy mệt và em em đặt mình vào những nghệ sĩ mới và trẻ và kiểu cũng không có tiền giống như em ngày xưa và	ba sti là nó có một cái tiêu tr chuẩn qua caar cho khách mời nên là đôi khi em còn cảm thấy mệt bị cảm thấyệt và em em đặt mình vào những nghệ sĩ mới và trẻ và kiểu cũng không có tiền giống như em ngày xưa và	b storiy là nó có một cái tiêu chuẩn quá khác kh cho khách mời cho nên là đôi khi em còn cảm thấy mệt em bị cảm thấy mệt và em em đặt mình và những nghệ sĩ mới và trẻ và kiểu cũng không có tiền giống như em ngày xưa và	ba storye là nó có một cái tiêu chuẩn quá khắt khe cho khách mời cho nên là đôi khi em tr cảm thấy mệt em chỉ cảm thấy mệt và em em đặt mình vào những nghệ sĩ mới và tr và kiểu cũng không có tiền giống như em ngày xưa và	ba sờ ta ri làm nó có một cái tiêu chuẩn quá khắt khe cho khách mời cho nên đôi khi còn cảm thấy mệt nữa em bị cảm thấy mệt và em em đặt mình vào những nghệ sĩ mới và trẻ và kiểu cũng không có tiền giống như em ngày xưa	bác tôi ri làm nó có một cái tiêu chuẩn quá khắt khe cho khách mời cho nên là đôi khi em còn cảm thấy mệt nữa em vì cảm thấy mệt và em em đặt mình vào những nghệ sĩ mới và trẻ và kiểu cũng không có tiền giống như em ngày xưa và	BA STI LÀ NÓ CÓ MỘT CÁI TIÊU TR CHUẨN QUA CAAR CHO KHÁCH MỜI NÊN LÀ ĐÔI KHI EM CÒN CẢM THẤY MỆT BỊ CẢM THẤYỆT VÀ EM EM ĐẶT MÌNH VÀO NHỮNG NGHỆ SĨ MỚI VÀ TRẺ VÀ KIỂU CŨNG KHÔNG CÓ TIỀN GIỐNG NHƯ EM NGÀY XƯA VÀ	B STORIY LÀ NÓ CÓ MỘT CÁI TIÊU CHUẨN QUÁ KHÁC KH CHO KHÁCH MỜI CHO NÊN LÀ ĐÔI KHI EM CÒN CẢM THẤY MỆT EM BỊ CẢM THẤY MỆT VÀ EM EM ĐẶT MÌNH VÀ NHỮNG NGHỆ SĨ MỚI VÀ TRẺ VÀ KIỂU CŨNG KHÔNG CÓ TIỀN GIỐNG NHƯ EM NGÀY XƯA VÀ	BA STORYE LÀ NÓ CÓ MỘT CÁI TIÊU CHUẨN QUÁ KHẮT KHE CHO KHÁCH MỜI CHO NÊN LÀ ĐÔI KHI EM TR CẢM THẤY MỆT EM CHỈ CẢM THẤY MỆT VÀ EM EM ĐẶT MÌNH VÀO NHỮNG NGHỆ SĨ MỚI VÀ TR VÀ KIỂU CŨNG KHÔNG CÓ TIỀN GIỐNG NHƯ EM NGÀY XƯA VÀ	ba sờ ta ri làm nó có một cái tiêu chuẩn quá khắt khe cho khách mời cho nên đôi khi còn cảm thấy mệt nữa em bị cảm thấy mệt và em em đặt mình vào những nghệ sĩ mới và trẻ và kiểu cũng không có tiền giống như em ngày xưa.	Bác tôi ri làm nó có một cái tiêu chuẩn quá khắt khe cho khách mời, cho nên là đôi khi em còn cảm thấy mệt nữa, em vì cảm thấy mệt, và em em đặt mình vào những nghệ sĩ mới và trẻ và kiểu cũng không có tiền, giống như em ngày xưa và
validation	6385	11.70	pseudo_label	khi em ngồi với nam và đặc biệt là nam mà càng cứng á thì em sẽ lôi cái phần nữ hay vậy cụ thể là mình cụ thể là như thế nào tức là mình ánh mắt à hả	khi em ngồi với nam mà đặc biệt là nam mặt càngínhng em sẽ lo cái phần hay vậy câu thể là cụ thể là như thế nào tức là mình ăn mắtả	khi em ngồi bé anh nam và đặc biệt là nam mà càng cứng thì sẽ l cái phần hay vậy câu thể là cụ thể là như thế nào tức là mình mặc hả	khi em ngồi với anh nam và đặc biệt là nam mà càng cứng á em sẽ l lo cái phần hay vậy có thể là cụ cụ thể là như thế nào tức là mìnhẩn mặt đãá	khi em ngồi với nam và đặc biệt nam mà càng cứng á thì em sẽ lôi cái phần nữ của nó ra hay vậy cụ thể là cụ thể là như nào tức là mình à ánh mắt	khi em ngồi với nam và đặc biệt là nam mà càng cứng đó thì em sẽ lôi cái phần nữ hay vậyụ thể là mìnhụ thể là như nào tức là mình anh mắt à hả	KHI EM NGỒI VỚI NAM MÀ ĐẶC BIỆT LÀ NAM MẶT CÀNGÍNHNG EM SẼ LO CÁI PHẦN HAY VẬY CÂU THỂ LÀ CỤ THỂ LÀ NHƯ THẾ NÀO TỨC LÀ MÌNH ĂN MẮTẢ	KHI EM NGỒI BÉ ANH NAM VÀ ĐẶC BIỆT LÀ NAM MÀ CÀNG CỨNG THÌ SẼ L CÁI PHẦN HAY VẬY CÂU THỂ LÀ CỤ THỂ LÀ NHƯ THẾ NÀO TỨC LÀ MÌNH MẶC HẢ	KHI EM NGỒI VỚI ANH NAM VÀ ĐẶC BIỆT LÀ NAM MÀ CÀNG CỨNG Á EM SẼ L LO CÁI PHẦN HAY VẬY CÓ THỂ LÀ CỤ CỤ THỂ LÀ NHƯ THẾ NÀO TỨC LÀ MÌNHẨN MẶT ĐÃÁ	khi em ngồi với nam và đặc biệt nam mà càng cứng á thì em sẽ lôi cái phần nữ của nó ra hay vậy cụ thể là cụ thể là như nào tức là mình à ánh mắt.	Khi em ngồi với nam và đặc biệt là nam mà càng cứng đó, thì em sẽ lôi cái phần nữ hay vậyụ thể là mìnhụ thể là như nào, tức là mình anh mắt à hả?
validation	6389	14.20	pseudo_label	john r thể loại sẽ được xóa mờ không nó sẽ bị lỗi thời vì thế em nghĩ là một loại nhạc mà chỉ nghe mãi hoặc là làm sản xuất đúng một loại thể loại nhạc trong một bài hát á	on rồi thể loại là không sẽ không còn sẽ được soát mà không còn là sẽ bị lỗi thời vì thế em nghĩ là một lo loại nhạc mà chỉ em mãi hoặc là làm sản xuất đúng một loại thầy gọi nhạc trong một bài hát đó	jon r thể loại là không ch không con được xóa m không còn là sẽ bị lỗi thời vì thế em nghĩ là một lo loại nhạc mà chỉ nghe mãi hoặc là em làm sản xuất đúng một loại thầy loại nhạc trong một bài hát đó	do là thể loại là không chắc không còn sẽ được xóa mà không còn sẽ bị lỗi thời vì thế em nghĩ là một loại nhạc mà chỉ em mãi hoặc là làm sản xuất đúng một lo loại thầy đưa loại nhạc trong một bài hát đó	giong rờ thể loại là không sẽ không còn sẽ được xóa mờ không còn đã sẽ bị lỗi thời vì thế em nghĩ là một loại nhạc mà chỉ nghe mãi hoặc làm sản xuất đúng một loại thể loại nhạc trong một bài hát	ron rờ thể loại là không không còn sẽ được mờ không còn là sẽ bị lỗi thời vì thế em nghĩ là một loại nhạc mà chỉ nghe mãi hoặc là làm sản xuất đúng một loại thể loại nhạc trong một bài hát	ON RỒI THỂ LOẠI LÀ KHÔNG SẼ KHÔNG CÒN SẼ ĐƯỢC SOÁT MÀ KHÔNG CÒN LÀ SẼ BỊ LỖI THỜI VÌ THẾ EM NGHĨ LÀ MỘT LO LOẠI NHẠC MÀ CHỈ EM MÃI HOẶC LÀ LÀM SẢN XUẤT ĐÚNG MỘT LOẠI THẦY GỌI NHẠC TRONG MỘT BÀI HÁT ĐÓ	JON R THỂ LOẠI LÀ KHÔNG CH KHÔNG CON ĐƯỢC XÓA M KHÔNG CÒN LÀ SẼ BỊ LỖI THỜI VÌ THẾ EM NGHĨ LÀ MỘT LO LOẠI NHẠC MÀ CHỈ NGHE MÃI HOẶC LÀ EM LÀM SẢN XUẤT ĐÚNG MỘT LOẠI THẦY LOẠI NHẠC TRONG MỘT BÀI HÁT ĐÓ	DO LÀ THỂ LOẠI LÀ KHÔNG CHẮC KHÔNG CÒN SẼ ĐƯỢC XÓA MÀ KHÔNG CÒN SẼ BỊ LỖI THỜI VÌ THẾ EM NGHĨ LÀ MỘT LOẠI NHẠC MÀ CHỈ EM MÃI HOẶC LÀ LÀM SẢN XUẤT ĐÚNG MỘT LO LOẠI THẦY ĐƯA LOẠI NHẠC TRONG MỘT BÀI HÁT ĐÓ	giong rờ thể loại là không sẽ không còn sẽ được xóa mờ không còn đã sẽ bị lỗi thời vì thế em nghĩ là một loại nhạc mà chỉ nghe mãi hoặc làm sản xuất đúng một loại thể loại nhạc trong một bài hát.	Ron rờ thể loại là không không còn sẽ được mờ, không còn là sẽ bị lỗi thời, vì thế em nghĩ là một loại nhạc mà chỉ nghe mãi hoặc là làm sản xuất đúng một loại thể loại nhạc trong một bài hát.
train	59313	14.90	pseudo_label	thật sự thì thì ngay cả bartender hay là chủ quán bar thì các bạn gọi cái đồ đắt nhất người ta sẽ rất là vui tuy nhiên nếu như mà anh một người mà gọi là bán hàng có tâm á	iều đâu thật sự thì thì ngay cả batender hay là là chủ quán ba thì các bạn giỏi cái độ đặt nhất người ta sẽ lo vui là tự nhiên nếu như mà anh hơn một người bản hàng có tấm	điều đâu thật sự vậy thì ngay cả bartender hay là chủ quán bar thì các bạn gọi cái đột đắt nhất người ta sẽ rất là vui là t nhiên nếu như mà anh là một người bán hàngàng có tâm á	các ăn điều thật sự về thì ngay cảattender hay lại là chủ quán ba thì các bạn gọi cái đ độ đắt nhất người ta sẽ rất là vui là t nhiên nếu như mà anh một người bán hàng của t	nói thật sự thì thì ngay cả bát thanh đờ hay là chủ quán ba thì các bạn gọi cái đồ đắp nhất người ta sẽ rất là vui là tuy nhiên nếu như mà anh một người mở bán hàng có tông	liều đồ thật sự thì thì thì ngay cả baanhờ hay là là chủ quán ba thì các bạn gọi cái đồ đắc nhất người ta sẽ rất là vui là tuy nhiên nếu như mà anh một người là bán hàng có tâm á	IỀU ĐÂU THẬT SỰ THÌ THÌ NGAY CẢ BATENDER HAY LÀ LÀ CHỦ QUÁN BA THÌ CÁC BẠN GIỎI CÁI ĐỘ ĐẶT NHẤT NGƯỜI TA SẼ LO VUI LÀ TỰ NHIÊN NẾU NHƯ MÀ ANH HƠN MỘT NGƯỜI BẢN HÀNG CÓ TẤM	ĐIỀU ĐÂU THẬT SỰ VẬY THÌ NGAY CẢ BARTENDER HAY LÀ CHỦ QUÁN BAR THÌ CÁC BẠN GỌI CÁI ĐỘT ĐẮT NHẤT NGƯỜI TA SẼ RẤT LÀ VUI LÀ T NHIÊN NẾU NHƯ MÀ ANH LÀ MỘT NGƯỜI BÁN HÀNGÀNG CÓ TÂM Á	CÁC ĂN ĐIỀU THẬT SỰ VỀ THÌ NGAY CẢATTENDER HAY LẠI LÀ CHỦ QUÁN BA THÌ CÁC BẠN GỌI CÁI Đ ĐỘ ĐẮT NHẤT NGƯỜI TA SẼ RẤT LÀ VUI LÀ T NHIÊN NẾU NHƯ MÀ ANH MỘT NGƯỜI BÁN HÀNG CỦA T	nói thật sự thì thì ngay cả bát thanh đờ hay là chủ quán ba thì các bạn gọi cái đồ đắp nhất người ta sẽ rất là vui là tuy nhiên nếu như mà anh một người mở bán hàng có tông.	Liều đồ  thật sự thì thì thì ngay cả baanhờ hay là là chủ quán ba thì các bạn gọi cái đồ đắc nhất, người ta sẽ rất là vui là, tuy nhiên,, nếu như mà anh một người là bán hàng có tâm á.
train	59315	12.60	pseudo_label	tùy vào trường hợp và tùy vô cái bảng basian đơn và anh cũng ngay cả bản thân anh khi mà đi những quán khác đi đôi khi cũng gặp như vậy thật và thường để mình sẽ tiếp trước luôn để	ùy vào trường hợp và tự vô các bạnạchen đến và anh cũng ngay cả bản thân hành khi mà đi những quả khác tiền đối khi cũngẫ như vậy tập và và thường đi mình sẽ tiếp trước luôn để	tùy về trường hợp và thì vô các bạn bạch lên đơn và anh cũng ngay cả bản thân anh khi mà đi những quán khác thì đôi khi cũng gặp như vậy thật là và thường đi mình sẽ tiếpép trước luôn để	t và trường hợp và t vô các bạn bạnter và anh cũng ngay cả bản thân anh khi mà đi những quá khác thì đôi khi cũng gặp như vậy tập và và thường đi mình sẽ th trước luôn để	tùy vào trường hợp và tùy vào cái bản của bạn thân em nha và anh cũng ngay cả bản thân anh khi mà đi những quán khác thì đôi khi cũng gặp như vậy thật và và thường để mình sẽ tiếp trước luôn để	t vào trường hợp và vô các bạn ba sinh đơn nha và anh cũng ngay cả bản thân anh khi mà đi những quán khác thì đôi khi cũng gặp như vậy thật và và thường đi mình sẽ thiếp trước luôn để	ÙY VÀO TRƯỜNG HỢP VÀ TỰ VÔ CÁC BẠNẠCHEN ĐẾN VÀ ANH CŨNG NGAY CẢ BẢN THÂN HÀNH KHI MÀ ĐI NHỮNG QUẢ KHÁC TIỀN ĐỐI KHI CŨNGẪ NHƯ VẬY TẬP VÀ VÀ THƯỜNG ĐI MÌNH SẼ TIẾP TRƯỚC LUÔN ĐỂ	TÙY VỀ TRƯỜNG HỢP VÀ THÌ VÔ CÁC BẠN BẠCH LÊN ĐƠN VÀ ANH CŨNG NGAY CẢ BẢN THÂN ANH KHI MÀ ĐI NHỮNG QUÁN KHÁC THÌ ĐÔI KHI CŨNG GẶP NHƯ VẬY THẬT LÀ VÀ THƯỜNG ĐI MÌNH SẼ TIẾPÉP TRƯỚC LUÔN ĐỂ	T VÀ TRƯỜNG HỢP VÀ T VÔ CÁC BẠN BẠNTER VÀ ANH CŨNG NGAY CẢ BẢN THÂN ANH KHI MÀ ĐI NHỮNG QUÁ KHÁC THÌ ĐÔI KHI CŨNG GẶP NHƯ VẬY TẬP VÀ VÀ THƯỜNG ĐI MÌNH SẼ TH TRƯỚC LUÔN ĐỂ	tùy vào trường hợp và tùy vào cái bản của bạn thân em nha và anh cũng ngay cả bản thân anh khi mà đi những quán khác thì đôi khi cũng gặp như vậy thật và và thường để mình sẽ tiếp trước luôn để.	T vào trường hợp và vô các bạn ba sinh đơn nha và anh cũng ngay cả bản thân anh khi mà đi những quán khác thì, đôi khi cũng gặp như vậy thật và và thường đi, mình sẽ thiếp trước luôn để.
train	59339	10.80	pseudo_label	cầm lấy đi tụi bay cầm lấy đi thì mình không muốn lấy cái đồng tiền đó thì đó là hai cái ví dụ mà anh kể ra để cho các bạn biết là chiếc bao nhiêu không ăn chậm	cần thấy điều từạch cảm để được thì mình không muốn lấy cái đồng chuyện đó thì đó là hai cái ví dụ mà anh kể ra để cho các bạn biết làiế bao nhiêu không quan trọng	trong cái điều của b c để đi thì mình không muốn lấy cái đồng tiền đó rồi thì đó là hai cái ví dụ mà anh kể ra để cho các bạn biết là che bao nhiêu không quan trọng	ở trong phải điều tụi bạch c để đi thì mình không muốn lấy cái đồng tiền đó thì đó là hai cái ví dụ mà anh kể ra để cho các bạn biết là s bao nhiêu không quan ch	cầm lấy điện tử bàn cầm để đi thì mình không muốn lấy cái đồng tiền đó thì đó là hai cái ví dụ mà anh kể ra để cho các bạn biết là suýt bao nhiêu không ăn chặn	cầm lấy đi tụi vậy cầm lấy đi thì mình không muốn lấy cái đồng tiền đó thì đó là hai cái ví dụ mà anh kể ra để cho các bạn biết làiết bao nhiêu không quan chậm	CẦN THẤY ĐIỀU TỪẠCH CẢM ĐỂ ĐƯỢC THÌ MÌNH KHÔNG MUỐN LẤY CÁI ĐỒNG CHUYỆN ĐÓ THÌ ĐÓ LÀ HAI CÁI VÍ DỤ MÀ ANH KỂ RA ĐỂ CHO CÁC BẠN BIẾT LÀIẾ BAO NHIÊU KHÔNG QUAN TRỌNG	TRONG CÁI ĐIỀU CỦA B C ĐỂ ĐI THÌ MÌNH KHÔNG MUỐN LẤY CÁI ĐỒNG TIỀN ĐÓ RỒI THÌ ĐÓ LÀ HAI CÁI VÍ DỤ MÀ ANH KỂ RA ĐỂ CHO CÁC BẠN BIẾT LÀ CHE BAO NHIÊU KHÔNG QUAN TRỌNG	Ở TRONG PHẢI ĐIỀU TỤI BẠCH C ĐỂ ĐI THÌ MÌNH KHÔNG MUỐN LẤY CÁI ĐỒNG TIỀN ĐÓ THÌ ĐÓ LÀ HAI CÁI VÍ DỤ MÀ ANH KỂ RA ĐỂ CHO CÁC BẠN BIẾT LÀ S BAO NHIÊU KHÔNG QUAN CH	cầm lấy điện tử bàn cầm để đi thì mình không muốn lấy cái đồng tiền đó thì đó là hai cái ví dụ mà anh kể ra để cho các bạn biết là suýt bao nhiêu không ăn chặn.	Cầm lấy đi tụi vậy, cầm lấy đi thì mình không muốn lấy cái đồng tiền đó thì đó là hai cái ví dụ mà anh kể ra để cho các bạn biết làiết bao nhiêu không quan chậm.
train	59353	12.60	pseudo_label	hay là những quán bar cũng được mình sẽ uống cái đó trước và mình sẽ cảm nhận và mình nói chuyện theo với batend trước khi mình quyết định order cái trên thứ hai là cái gì à nghĩa là chọn những món đơn giản trước rất đơn giản trên sáng oa cái điều này nó cũng đúng khi mà trường hợp	hay là những cái quán bar cũng được mình sẽ uống hết đó trước và mình sẽ cảm nhận mà mình nói chuyện theo có baener trước khi mình quyết địnher cái thương thứ hai lại gì mà ngay là chọn những mối đơn giản trước rất đồng giản trên xác á một cái điều này nó cũng đúng khi mà trường hợp	hay là những cái cái quán bar cũng được mình sẽ uống cái đó trước và mình sẽ cảm nhận và mình nói chuyện thôi với batender trước khi mình quyết định oder cái k thứ hai là gì nghĩa là chọn những món đơn giản trước rất đơn giản trên á sáng sau cái điều này nó cũng đúng khi mà trường hợp	hoặc là những quán bar cũng được mà x uống cái đó trước và mình sẽ cảm nhận mà mình nói chuyện theo với bartder trước khi mình quyết địnher cái thương thứ hai lại gì nghĩa là chọn những mối đường giản trước rớ đơn giản trên sángắng một cái điều này nó cũng đúng khi mà trường hợp	hay là những món bò cũng được mình sẽ uống cái đó trước và mình sẽ cảm nhận mà mình nói chuyện thôi với ba tên đợi trước khi mình quyết định ọ đòi cái truân thứ hai là cái à nghĩa là chọn những món đơn giản trước rất đơn giản trên sáng ấm thí dụ cái điều này nó cũng đúng khi mà trường hợp	hay là những quán bar cũng được mình sẽ uống hết đó trước và mình sẽ cảm nhận và mình nói chuyện theo máy ba tên đ đời trước khi mình quyết định o đò cái chương thứ hai là gì nghĩa là chọn những món đơn giản trước r rất đơn giản trên sángấm ô cái điều này nó cũng đúng khi mà trường hợp	HAY LÀ NHỮNG CÁI QUÁN BAR CŨNG ĐƯỢC MÌNH SẼ UỐNG HẾT ĐÓ TRƯỚC VÀ MÌNH SẼ CẢM NHẬN MÀ MÌNH NÓI CHUYỆN THEO CÓ BAENER TRƯỚC KHI MÌNH QUYẾT ĐỊNHER CÁI THƯƠNG THỨ HAI LẠI GÌ MÀ NGAY LÀ CHỌN NHỮNG MỐI ĐƠN GIẢN TRƯỚC RẤT ĐỒNG GIẢN TRÊN XÁC Á MỘT CÁI ĐIỀU NÀY NÓ CŨNG ĐÚNG KHI MÀ TRƯỜNG HỢP	HAY LÀ NHỮNG CÁI CÁI QUÁN BAR CŨNG ĐƯỢC MÌNH SẼ UỐNG CÁI ĐÓ TRƯỚC VÀ MÌNH SẼ CẢM NHẬN VÀ MÌNH NÓI CHUYỆN THÔI VỚI BATENDER TRƯỚC KHI MÌNH QUYẾT ĐỊNH ODER CÁI K THỨ HAI LÀ GÌ NGHĨA LÀ CHỌN NHỮNG MÓN ĐƠN GIẢN TRƯỚC RẤT ĐƠN GIẢN TRÊN Á SÁNG SAU CÁI ĐIỀU NÀY NÓ CŨNG ĐÚNG KHI MÀ TRƯỜNG HỢP	HOẶC LÀ NHỮNG QUÁN BAR CŨNG ĐƯỢC MÀ X UỐNG CÁI ĐÓ TRƯỚC VÀ MÌNH SẼ CẢM NHẬN MÀ MÌNH NÓI CHUYỆN THEO VỚI BARTDER TRƯỚC KHI MÌNH QUYẾT ĐỊNHER CÁI THƯƠNG THỨ HAI LẠI GÌ NGHĨA LÀ CHỌN NHỮNG MỐI ĐƯỜNG GIẢN TRƯỚC RỚ ĐƠN GIẢN TRÊN SÁNGẮNG MỘT CÁI ĐIỀU NÀY NÓ CŨNG ĐÚNG KHI MÀ TRƯỜNG HỢP	hay là những món bò cũng được mình sẽ uống cái đó trước và mình sẽ cảm nhận mà mình nói chuyện thôi với ba tên đợi trước khi mình quyết định ọ đòi cái truân thứ hai là cái à nghĩa là chọn những món đơn giản trước rất đơn giản trên sáng ấm thí dụ cái điều này nó cũng đúng khi mà trường hợp.	Hay là những quán bar cũng được mình sẽ uống hết đó trước, và mình sẽ cảm nhận và mình nói chuyện theo máy ba tên đ đời trước khi mình quyết định o đò cái chương thứ hai là gì nghĩa là chọn những món đơn giản trước R rất đơn giản trên sángấm. Ô cái điều này nó cũng đúng khi mà trường hợp.
validation	6631	11.60	pseudo_label	nấm bà hoa nghe tên như thế nào thì các bạn sẽ uống ra như vậy nấm ở đây sẽ là nấm tropfo và hoa ở đây là hoa cơm cháy đeo đồ có mùi nấm nè vì đây là một cái món cote	vào nha tụi như thế nào thì các bạn sẽ uống ra như vậy nó ở đây sẽ làắmule và hoò ở đây là hoa cơm cái đúnger có mù năm nè gì đây là một cái món f coal	nghe tên như thế nào thì các bạn sẽ uống ra như vậy nó ở đây sẽ là nắm tr phồ và hoòa ở đây là hoa cơm chái đúng đúng có mười nămấm nè vậy đây là một cái món cotail	vào nghe tôi như thế nào thì các bạn sẽ uống ra như vậy nắm ở đây sẽ là nắm trle vàa ở đây là hoa cơm ch nhau đúng thôi có buổióm nè vì đây là một cái món cotai	nấm và hoa nghe tên như thế nào thì các bạn sẽ uống ra như vậy nấm ở đây sẽ là nấm trốp phồ và hoa ở đây là hoa cơm cháy đốm nho mỡ trời có mùi nấm nè vậy đây là một cái món cóc teo	nắm vào nghe tên như thế nào thì các bạn sẽ uống ra như vậy nấm ở đây sẽ là nấm tró phồ và hoa ở đây là hoa cơm cháy đôi có mùi nấm nè vì đây là một cái món cốcte	VÀO NHA TỤI NHƯ THẾ NÀO THÌ CÁC BẠN SẼ UỐNG RA NHƯ VẬY NÓ Ở ĐÂY SẼ LÀẮMULE VÀ HOÒ Ở ĐÂY LÀ HOA CƠM CÁI ĐÚNGER CÓ MÙ NĂM NÈ GÌ ĐÂY LÀ MỘT CÁI MÓN F COAL	NGHE TÊN NHƯ THẾ NÀO THÌ CÁC BẠN SẼ UỐNG RA NHƯ VẬY NÓ Ở ĐÂY SẼ LÀ NẮM TR PHỒ VÀ HOÒA Ở ĐÂY LÀ HOA CƠM CHÁI ĐÚNG ĐÚNG CÓ MƯỜI NĂMẤM NÈ VẬY ĐÂY LÀ MỘT CÁI MÓN COTAIL	VÀO NGHE TÔI NHƯ THẾ NÀO THÌ CÁC BẠN SẼ UỐNG RA NHƯ VẬY NẮM Ở ĐÂY SẼ LÀ NẮM TRLE VÀA Ở ĐÂY LÀ HOA CƠM CH NHAU ĐÚNG THÔI CÓ BUỔIÓM NÈ VÌ ĐÂY LÀ MỘT CÁI MÓN COTAI	nấm và hoa nghe tên như thế nào thì các bạn sẽ uống ra như vậy nấm ở đây sẽ là nấm trốp phồ và hoa ở đây là hoa cơm cháy đốm nho mỡ trời có mùi nấm nè vậy đây là một cái món cóc teo.	Nắm vào nghe tên như thế nào thì các bạn sẽ uống ra như vậy. Nấm ở đây sẽ là nấm tró phồ và hoa ở đây là hoa cơm cháy đôi có mùi nấm nè. vì đây là một cái món cốcte.
validation	6633	12.90	pseudo_label	anh đã phát triển id id thì anh có từ hai năm trước nhưng mà anh đã phát triển nó trong hai năm tại vì cái tỷ lệ john là cái việc rất là mạnh đúng nên cái tỷ lệ làm sao phần trăm giữa chople và cái rượu nó phải	anh đã phát triển ở đâyid đi thành anh có từ hai năm trước nhưng mà nó phát triển ở trong hai hai năm tại vì cáiỷ lệ chốt phổ cáior là cái vị rất là mạnh đúng nên cáiti lệ làm sao phần trăm giữa cho phần và cái rượ nó phải	anh đã phải triển ngayd ad thì anh có từ hai năm trước nhưng mà nó phát triển ở trong hai năm tại vì cái tỷ lệ tró phổ cái fo là cái việc rất là mạnh đúng nên cái tỷ lệ làm sao phần trăm giữa tró fo và cái rượu nó phải	nói anh đã phát triển ngay đây id thì anh có từ hai năm trước nhưng mà đã phát triển ở trong hai năm tại vì cái tỷ lệjfo cáif là cái việc rất là mạnh đúng nên cái tỷ lệ làm sao phần trăm giữa cho ph và cáiượ nó phải	anh đã phát triển ngay ai đi thì anh có từ hai năm trước nhưng mà anh đã phát triển ở trong hai năm tại vì cái tỷ lệ chóp phổ chóp phổ là cái vị rất là mạnh đủ nên cái tỷ lệ làm sao phần trăm giữa chóp phổ và cái rượu nó phải	m nói anh đã phát triển ở đây ai đi có từ hai năm trước nhưng mà anh đã phát triển nó trong hai năm tại vì cái tỷ lệ chó phồ chó phồ là cái vị rất là mạnh nên cái tỷ lệ làm sao phần trăm giữa chó phù và cái rượu nó phải	ANH ĐÃ PHÁT TRIỂN Ở ĐÂYID ĐI THÀNH ANH CÓ TỪ HAI NĂM TRƯỚC NHƯNG MÀ NÓ PHÁT TRIỂN Ở TRONG HAI HAI NĂM TẠI VÌ CÁIỶ LỆ CHỐT PHỔ CÁIOR LÀ CÁI VỊ RẤT LÀ MẠNH ĐÚNG NÊN CÁITI LỆ LÀM SAO PHẦN TRĂM GIỮA CHO PHẦN VÀ CÁI RƯỢ NÓ PHẢI	ANH ĐÃ PHẢI TRIỂN NGAYD AD THÌ ANH CÓ TỪ HAI NĂM TRƯỚC NHƯNG MÀ NÓ PHÁT TRIỂN Ở TRONG HAI NĂM TẠI VÌ CÁI TỶ LỆ TRÓ PHỔ CÁI FO LÀ CÁI VIỆC RẤT LÀ MẠNH ĐÚNG NÊN CÁI TỶ LỆ LÀM SAO PHẦN TRĂM GIỮA TRÓ FO VÀ CÁI RƯỢU NÓ PHẢI	NÓI ANH ĐÃ PHÁT TRIỂN NGAY ĐÂY ID THÌ ANH CÓ TỪ HAI NĂM TRƯỚC NHƯNG MÀ ĐÃ PHÁT TRIỂN Ở TRONG HAI NĂM TẠI VÌ CÁI TỶ LỆJFO CÁIF LÀ CÁI VIỆC RẤT LÀ MẠNH ĐÚNG NÊN CÁI TỶ LỆ LÀM SAO PHẦN TRĂM GIỮA CHO PH VÀ CÁIƯỢ NÓ PHẢI	anh đã phát triển ngay ai đi thì anh có từ hai năm trước nhưng mà anh đã phát triển ở trong hai năm tại vì cái tỷ lệ chóp phổ chóp phổ là cái vị rất là mạnh đủ nên cái tỷ lệ làm sao phần trăm giữa chóp phổ và cái rượu nó phải.	M nói anh đã phát triển ở đây ai đi có từ hai năm trước, nhưng mà anh đã phát triển nó trong hai năm, tại vì cái tỷ lệ chó phồ, chó phồ là cái vị rất là mạnh, nên cái tỷ lệ làm sao phần trăm giữa chó phù và cái rượu nó phải.
validation	6635	13.10	pseudo_label	với lại phải có mã password để thanh toán thật ra clip cũng an toàn tại vì credit không phải là tiền của mình có mà là tiền mình mượn thì khi mà cái ngân hàng mà cho mình mượn tiền đó họ điều tra được là có một cái giao dịch	với lại phải cóãaer thanh toán thật ra một quán toàn tại vì crey không phải thể tiền của mình có hoặc là vì mình mỗi thì khi mà cái ngân hàng mà cho mìnhượ tiềnọ mà điều trao được là ở với một cái giáo dịch	đó lại phải có mã past thanh toán thật ra khi cũng an toàn tại vì clit không phải là tiền của mình có mà là tiền mình mượn thì khi mà cái cái ngân hàng mà cho mình v tiền đó họ điều cho được là có một cái giao dịch	tức là phải có mã ha để thanh toán thật ra th cũng an toàn tại vì c không phải là tiền của mình có mà là tiền mìnhượ thì khi mà cái cái ngân hàng mà trong mìnhượ tiền đó họ điều ra được là có một cáiao dịch	với lại phải có mã password để thanh toán thực ra kênh đít cũng an toàn tại vì kênh đít không phải là tiền của mình có mà là tiền bình mưỡng thì khi mà các cái ngân hàng mà cho bình mưỡng tiền đó họ điều tra được là ờ có một cái giao dịch	với lại phải có mãát bờ để thanh toán thực raei cũng an toàn tại vìei không phải là tiền của mình có mà là tiền mình mượn thì khi mà cái cái ngân hàng mà cho mình mượn tiền đó họ điều tra được là ở có một cái giao dịch	VỚI LẠI PHẢI CÓÃAER THANH TOÁN THẬT RA MỘT QUÁN TOÀN TẠI VÌ CREY KHÔNG PHẢI THỂ TIỀN CỦA MÌNH CÓ HOẶC LÀ VÌ MÌNH MỖI THÌ KHI MÀ CÁI NGÂN HÀNG MÀ CHO MÌNHƯỢ TIỀNỌ MÀ ĐIỀU TRAO ĐƯỢC LÀ Ở VỚI MỘT CÁI GIÁO DỊCH	ĐÓ LẠI PHẢI CÓ MÃ PAST THANH TOÁN THẬT RA KHI CŨNG AN TOÀN TẠI VÌ CLIT KHÔNG PHẢI LÀ TIỀN CỦA MÌNH CÓ MÀ LÀ TIỀN MÌNH MƯỢN THÌ KHI MÀ CÁI CÁI NGÂN HÀNG MÀ CHO MÌNH V TIỀN ĐÓ HỌ ĐIỀU CHO ĐƯỢC LÀ  CÓ MỘT CÁI GIAO DỊCH	TỨC LÀ PHẢI CÓ MÃ HA ĐỂ THANH TOÁN THẬT RA TH CŨNG AN TOÀN TẠI VÌ C KHÔNG PHẢI LÀ TIỀN CỦA MÌNH CÓ MÀ LÀ TIỀN MÌNHƯỢ THÌ KHI MÀ CÁI CÁI NGÂN HÀNG MÀ TRONG MÌNHƯỢ TIỀN ĐÓ HỌ ĐIỀU RA ĐƯỢC LÀ CÓ MỘT CÁIAO DỊCH	với lại phải có mã password để thanh toán thực ra kênh đít cũng an toàn tại vì kênh đít không phải là tiền của mình có mà là tiền bình mưỡng thì khi mà các cái ngân hàng mà cho bình mưỡng tiền đó họ điều tra được là ờ có một cái giao dịch.	Với lại phải có mãát bờ để thanh toán Thực raei cũng an toàn, tại vìei không phải là tiền của mình có mà là tiền mình mượn, thì khi mà cái cái ngân hàng mà cho mình mượn tiền đó họ điều tra được là ở có một cái giao dịch.
train	59374	14.80	pseudo_label	gái ngành u wow cái đó thì ác thiệt kiểu giống như là em thấy đó nha có một số bạn họ chia sẻ với em là ví dụ như khi họ đi bơ họ đi club họ sẽ rất là hay tới ngay khu vực quầy bar và thấy cái cô gái nào mà ngồi một mình á	cái ngành ừ đôi chuyện a kiểu giống như là em thấy nhà có một số bạn họ chia sẻ với em là ví dụ như khi họ đi ba họ ee bllo họ sẽ rất là hay tới nghe khu vựcầy ba và thấy cái cô gái nào mọi người một mình á	cái ngành o wo cái đối app kiểu giống như là em thấy nha có một số bạn họ chia sẻ với em là ví dụ như mà khi họ đi bar họ ine club á họ sẽ rất là hay tới nghe khu vực quầy bar và thấy cái cô gái nào mà người một mình á	cái ngành o wer từ đối thì a kiểu giống như là em thấy em nha có một số bạn họ chia sẻ với em á là ví dụ như khi họ đi ba họe club á họ sẽ rất là hay tới ngay khu vực quayầy ba và thấy cái cô gái nào mà người một mình á	gái ngầm uao cái đó thì ác thiệt kiểu giống như là à em thấy ở nhà có một số bạn họ chia sẻ với em á là ví dụ như là khi họ đi bờ họ đi lớp á họ sẽ rất hay tới cái khu vực quầy bạ và cái cô gái nào ngồi một mình á	gái ngầm ô vào cái đó thì ác thiệt kiểu giống như là em thấy nha có một số bạn họ chia sẻ với em á là ví dụ như mà khi họ đi ba họ đilớp đó họ sẽ rất là hay tới ngay khu vực quầy ba và thấy cái cô gái nào mà ngồi một mình đó	CÁI NGÀNH  Ừ ĐÔI CHUYỆN A KIỂU GIỐNG NHƯ LÀ EM THẤY NHÀ CÓ MỘT SỐ BẠN HỌ CHIA SẺ VỚI EM LÀ VÍ DỤ NHƯ KHI HỌ ĐI BA HỌ EE BLLO HỌ SẼ RẤT LÀ HAY TỚI NGHE KHU VỰCẦY BA VÀ THẤY CÁI CÔ GÁI NÀO MỌI NGƯỜI MỘT MÌNH Á	CÁI NGÀNH O WO CÁI ĐỐI APP KIỂU GIỐNG NHƯ LÀ EM THẤY NHA CÓ MỘT SỐ BẠN HỌ CHIA SẺ VỚI EM LÀ VÍ DỤ NHƯ MÀ KHI HỌ ĐI BAR HỌ INE CLUB Á HỌ SẼ RẤT LÀ HAY TỚI NGHE KHU VỰC QUẦY BAR VÀ THẤY CÁI CÔ GÁI NÀO MÀ NGƯỜI MỘT MÌNH Á	CÁI NGÀNH  O WER TỪ ĐỐI THÌ A KIỂU GIỐNG NHƯ LÀ EM THẤY EM NHA CÓ MỘT SỐ BẠN HỌ CHIA SẺ VỚI EM Á LÀ VÍ DỤ NHƯ KHI HỌ ĐI BA HỌE CLUB Á HỌ SẼ RẤT LÀ HAY TỚI NGAY KHU VỰC QUAYẦY BA VÀ THẤY CÁI CÔ GÁI NÀO MÀ NGƯỜI MỘT MÌNH Á	gái ngầm uao cái đó thì ác thiệt kiểu giống như là à em thấy ở nhà có một số bạn họ chia sẻ với em á là ví dụ như là khi họ đi bờ họ đi lớp á họ sẽ rất hay tới cái khu vực quầy bạ và cái cô gái nào ngồi một mình á.	Gái ngầm ô vào cái đó thì ác thiệt kiểu giống như là em thấy nha có một số bạn họ chia sẻ với em á là ví dụ như mà khi họ đi ba, họ đilớp đó, họ sẽ rất là hay tới ngay khu vực quầy ba, và thấy cái cô gái nào mà ngồi một mình đó.
train	59376	15.00	pseudo_label	trước khi mà dì làm bastori cùng với lại team của mình á thì mình thấy cái văn hóa đi bar còn bị mọi người kỳ thị chứ đừng nói là con gái hay con trai đi qua một mình sau khoảng năm ba bốn năm thì cái văn hóa đi bar bắt đầu mới nở rộ ra nhiều hơn	trước khi màe sinh lào stori cùng với lại tiên của mình á thì mình thấy cái văn hóa đi ba com bị mọi người kỳ thị cái đừng nói là con gái con trả sau khoảng năm một ba bốn năm thì cái văn hóa đi vào bắt đầu mớiợộ ra nhiều hơn	trước khi mà de xin làm bo storiy cùng với lại teim của mình á thì mình thấy cái văn hóa đi bao com bị mọi người kỳ thị chứ đừng nói là con gái con trảai gia con mình sau khoảng năm ba bốn năm thì cái văn hóa đi ba bắt đầu mới gỡ rộ ra nhiều hơn	trước khi mà the xin làm b bastorye cùng với lại teim của mình á thì mình thấy cái văn hóa để bao còn vì một người kỳ thị cái đừng nói là con gái hay con cái t mình sau khoảng năm bốn ba bốn năm thì cái văn hóa đi ba bắt đầu mới nở ral ra nhiều hơn	trước khi mà nết sinh làm bo sờ tô ri cùng với lại tim của mình á thì mình thấy cái văn hóa đi bo còn bị mọi người kì thị chứ đừng nói là con gái hay con trai đi bằng của mình dạ ờ sau khoảng năm ba bốn năm thì cái văn hóa đi bo bắt đầu mới nở rộ ra nhiều hơn	trước khi mà đến xin làm baơ ri cùng với lại tim của mình á thì mình thấy cái văn hóa đi ba còn bị mọi người kỳ thị chứ đừng nói là con gái hay con trai ba một mình sau khoảng năm bốn ba bốn năm thì cái văn hóa đi ba bắt đầu mới nở rộ ra nhiều hơn	TRƯỚC KHI MÀE SINH LÀO STORI CÙNG VỚI LẠI TIÊN CỦA MÌNH Á THÌ MÌNH THẤY CÁI VĂN HÓA ĐI BA COM BỊ MỌI NGƯỜI KỲ THỊ CÁI ĐỪNG NÓI LÀ CON GÁI CON TRẢ SAU KHOẢNG NĂM MỘT BA BỐN NĂM THÌ CÁI VĂN HÓA ĐI VÀO BẮT ĐẦU MỚIỢỘ RA NHIỀU HƠN	TRƯỚC KHI MÀ DE XIN LÀM BO STORIY CÙNG VỚI LẠI TEIM CỦA MÌNH Á THÌ MÌNH THẤY CÁI VĂN HÓA ĐI BAO COM BỊ MỌI NGƯỜI KỲ THỊ CHỨ ĐỪNG NÓI LÀ CON GÁI CON TRẢAI GIA CON MÌNH SAU KHOẢNG NĂM BA BỐN NĂM THÌ CÁI VĂN HÓA ĐI BA BẮT ĐẦU MỚI GỠ RỘ RA NHIỀU HƠN	TRƯỚC KHI MÀ THE XIN LÀM B BASTORYE CÙNG VỚI LẠI TEIM CỦA MÌNH Á THÌ MÌNH THẤY CÁI VĂN HÓA ĐỂ BAO CÒN VÌ MỘT NGƯỜI KỲ THỊ CÁI ĐỪNG NÓI LÀ CON GÁI HAY CON CÁI T MÌNH SAU KHOẢNG NĂM BỐN BA BỐN NĂM THÌ CÁI VĂN HÓA ĐI BA BẮT ĐẦU MỚI NỞ RAL RA NHIỀU HƠN	trước khi mà nết sinh làm bo sờ tô ri cùng với lại tim của mình á thì mình thấy cái văn hóa đi bo còn bị mọi người kì thị chứ đừng nói là con gái hay con trai đi bằng của mình dạ ờ sau khoảng năm ba bốn năm thì cái văn hóa đi bo bắt đầu mới nở rộ ra nhiều hơn.	Trước khi mà đến xin làm baơ ri cùng với lại tim của mình á thì mình thấy cái văn hóa đi ba còn bị mọi người kỳ thị chứ đừng nói là con gái hay con trai ba một mình sau khoảng năm bốn ba bốn năm thì cái văn hóa đi ba bắt đầu mới nở rộ ra nhiều hơn.
train	59396	12.60	pseudo_label	khi bạn đến một cái số tuổi nào đó bạn sẽ nhận ra đối với đó sinh là khoảng ba mươi tuổi bắt đầu mình chấp nhận cái chuyện là ai đánh giá gì cũng được hoặc là trong mình tả tự một tí xíu ngoài đường cũng được	khi bạn đến một cái số tự nào do là nhận ra đối đó sẽ làản ba mươi tuổi bảo mìnhấp nhận những cái chuyện là ai đánh giá gì cũng được mà trong mình đã từ vì một chút xíại đường cũng đượcớ	nhưng phải đến một cái số tuổi nào r bạn sẽ nhận ra đôi nó sẽ là khoảng ba mươi tuổi bắt đầu mình chấp nhận cái chuyện là ai đánh giá gì cũng được hoặc là trong mình đã từ một tí xíu mà đường cũng được vâng	vậy bạn đến một cái số tuổi nào do bạn sử nhận ra đôiin nhất sẽ là khoảng ba mươi tuổi và đầu mình ch nhận cái chuyện là ai đánh giá gì cũng được mà trong mình đã từ một tí xíu mà dù cũng được	chứ bởi nếu một cái số tuổi nào đó bạn sẽ nhận ra đối với nó sẽ là khoảng ba mươi tuổi bắt đầu mình chấp nhận chuyện là ai đánh giá gì cũng được hoặc là trong mình tả từ về một tí xíu ngoài đường cũng được vớt	vậy vậy nếu một cái số tuổi nào đó bạn sẽ nhận ra đối với đó sẽ là khoảng ba mươi tuổi bắt đầu mình chấp nhận cái chuyện là ai đánh giá gì cũng được hoặc là trong mình tả tự một tí xíu ngoài đường cũng được bớt	KHI BẠN ĐẾN MỘT CÁI SỐ TỰ NÀO DO LÀ NHẬN RA ĐỐI ĐÓ SẼ LÀẢN BA MƯƠI TUỔI BẢO MÌNHẤP NHẬN NHỮNG CÁI CHUYỆN LÀ AI ĐÁNH GIÁ GÌ CŨNG ĐƯỢC MÀ TRONG MÌNH ĐÃ TỪ VÌ MỘT CHÚT XÍẠI ĐƯỜNG CŨNG ĐƯỢCỚ	NHƯNG PHẢI ĐẾN MỘT CÁI SỐ TUỔI NÀO R BẠN SẼ NHẬN RA ĐÔI NÓ SẼ LÀ KHOẢNG BA MƯƠI TUỔI BẮT ĐẦU MÌNH CHẤP NHẬN CÁI CHUYỆN LÀ AI ĐÁNH GIÁ GÌ CŨNG ĐƯỢC HOẶC LÀ TRONG MÌNH ĐÃ TỪ MỘT TÍ XÍU MÀ ĐƯỜNG CŨNG ĐƯỢC VÂNG	VẬY BẠN ĐẾN MỘT CÁI SỐ TUỔI NÀO DO BẠN SỬ NHẬN RA ĐÔIIN NHẤT SẼ LÀ KHOẢNG BA MƯƠI TUỔI VÀ ĐẦU MÌNH CH NHẬN CÁI CHUYỆN LÀ AI ĐÁNH GIÁ GÌ CŨNG ĐƯỢC MÀ TRONG MÌNH ĐÃ TỪ MỘT TÍ XÍU MÀ DÙ CŨNG ĐƯỢC	chứ bởi nếu một cái số tuổi nào đó bạn sẽ nhận ra đối với nó sẽ là khoảng ba mươi tuổi bắt đầu mình chấp nhận chuyện là ai đánh giá gì cũng được hoặc là trong mình tả từ về một tí xíu ngoài đường cũng được vớt.	Vậy vậy, nếu một cái số tuổi nào đó, bạn sẽ nhận ra đối với đó sẽ là khoảng ba mươi tuổi, bắt đầu mình chấp nhận cái chuyện là ai đánh giá gì cũng được, hoặc là trong mình tả tự một tí xíu ngoài đường cũng được bớt.
train	59401	10.70	pseudo_label	muốn đi một mình ok và từ cái perpost từ cái lý do như vậy nó khiến cho cái mục đích đi bo một mình của em nó trở nên dễ dàng hơn và lúc đó thật sự là em không cần một ai tới xung quanh em hết	muốn đi một mình ok và từ cáier cái lý do như vậy nó khiến cho cái mục đích đi ba một mình của em nó trở nên dễ dàng hơn và lúc đó thật sự là em không cần một ai tới xung quanh em hết	muốn đi một mình ok và từ cái per sẽ cái lý do như vậy nó khiến cho cái mục đích đi bao một mình của em nó trở nên dễ dàng hơn và lúc đó thật sự là em không cần một ai tới xung quanh em hết	muốn đi một mình ok và từ cái per từ cái lý do như vậy nó khiến cho cái mục đích đio một mình của em nó trở nên dễ dàng hơn và lúc đó thật sự là em không cần một aier xung quanh quanh em hết	muốn đi một mình ô kê và từ cái pơ pờ từ cái lý do như vậy nó khiến cho cái mục đích đi bo một mình của em nó trở nên dễ dàng hơn và lúc đó thật sự là em không cần một ai tới xung quanh em hết	muốn đi một mình ok và từ cái pớ per sẽ cái lý do như vậy nó khiến cho cái mục đích đio một mình của em nó trở nên dễ dàng hơn và lúc đó thật sự là em không cần một ai tới xung quanh em hết	MUỐN ĐI MỘT MÌNH OK VÀ TỪ CÁIER CÁI LÝ DO NHƯ VẬY NÓ KHIẾN CHO CÁI MỤC ĐÍCH ĐI BA MỘT MÌNH CỦA EM NÓ TRỞ NÊN DỄ DÀNG HƠN VÀ LÚC ĐÓ THẬT SỰ LÀ EM KHÔNG CẦN MỘT AI TỚI XUNG QUANH EM HẾT	MUỐN ĐI MỘT MÌNH OK VÀ TỪ CÁI PER SẼ CÁI LÝ DO NHƯ VẬY NÓ KHIẾN CHO CÁI MỤC ĐÍCH ĐI BAO MỘT MÌNH CỦA EM NÓ TRỞ NÊN DỄ DÀNG HƠN VÀ LÚC ĐÓ THẬT SỰ LÀ EM KHÔNG CẦN MỘT AI TỚI XUNG QUANH EM HẾT	MUỐN ĐI MỘT MÌNH OK VÀ TỪ CÁI PER TỪ CÁI LÝ DO NHƯ VẬY NÓ KHIẾN CHO CÁI MỤC ĐÍCH ĐIO MỘT MÌNH CỦA EM NÓ TRỞ NÊN DỄ DÀNG HƠN VÀ LÚC ĐÓ THẬT SỰ LÀ EM KHÔNG CẦN MỘT AIER XUNG QUANH QUANH EM HẾT	muốn đi một mình ô kê và từ cái pơ pờ từ cái lý do như vậy nó khiến cho cái mục đích đi bo một mình của em nó trở nên dễ dàng hơn và lúc đó thật sự là em không cần một ai tới xung quanh em hết.	Muốn đi một mình ok và từ cái pớ per sẽ cái lý do như vậy, nó khiến cho cái mục đích đio một mình của em nó trở nên dễ dàng hơn. và lúc đó thật sự là em không cần một ai tới xung quanh em hết.
train	59408	14.20	pseudo_label	để cho ok bạn nói là ngày hôm nay mình muốn đi một mình thôi nhưng mà đây đây là cái procation nè có gì mà nếu như mà có thấy có gì bất trắc thì nhớ gọi nha dục nhớ gọi tao nha hoặc là kiểu ra cứu tao giới kiểu như thế	để cho ok bạn nó là ngày hôm nay mình muốn đi một mình thôi nhưng mà đây đây là cái rồication mẹ có gì mình nếu như mà có thấy có nhữngứcắc nhớợi nha dục nhớ lại tao nha hoặc là kiểu raúao giới kiểu như thế	để cho ok bạn nói là ngày hôm nay mình muốn đi một mình thôi nhưng mà đây đây là cái procaation này có gì mà nếu như mà có thấy có những bất trắc thì nhớ gọi nha nhớ gọi tao nha hoặc là kiểu ra cuốnu thao giới kiểu như thế	để cho ok bạn nói là ngày hôm nay mình muốn đi một mình thôi nhưng mà đây đây là cáiecation nè có gì mình nếu như mà có thấy có những bất t mình nhớ gọi nghe dục nhớ lại tao nha hoặc là kiểu ra cứ t giới kiểu như thế	để cho ok bạn nói là ngày hôm nay mình muốn đi một mình thôi à nhưng mà đây đây là cái ơ lo cây sần nè có gì nếu như mà có thấy có gì bất trắc thì nhớ gọi nhau chụp nhớ gọi tao nha họ lại kiểu ra cú đào giới kiểu như thế	để cho ô kê bạn nói là ngày hôm nay mình muốn đi một mình thôi ờ nhưng mà đây đây là cái go cây si nè có gì mà nếu như mà có thấy có gì bất trắc thì nhớ gọi nha gi được nhớ gọi tao nha họ là kiểu ra cú tao giới kiểu như thế	ĐỂ CHO OK BẠN NÓ LÀ NGÀY HÔM NAY MÌNH MUỐN ĐI MỘT MÌNH THÔI NHƯNG MÀ ĐÂY ĐÂY LÀ CÁI RỒICATION MẸ CÓ GÌ MÌNH NẾU NHƯ MÀ CÓ THẤY CÓ NHỮNGỨCẮC NHỚỢI NHA DỤC NHỚ LẠI TAO NHA HOẶC LÀ KIỂU RAÚAO GIỚI KIỂU NHƯ THẾ	ĐỂ CHO OK BẠN NÓI LÀ NGÀY HÔM NAY MÌNH MUỐN ĐI MỘT MÌNH THÔI NHƯNG MÀ ĐÂY ĐÂY LÀ CÁI PROCAATION NÀY CÓ GÌ MÀ NẾU NHƯ MÀ CÓ THẤY CÓ NHỮNG BẤT TRẮC THÌ NHỚ GỌI NHA NHỚ GỌI TAO NHA HOẶC LÀ KIỂU RA CUỐNU THAO GIỚI KIỂU NHƯ THẾ	ĐỂ CHO OK BẠN NÓI LÀ NGÀY HÔM NAY MÌNH MUỐN ĐI MỘT MÌNH THÔI NHƯNG MÀ ĐÂY ĐÂY LÀ CÁIECATION NÈ CÓ GÌ MÌNH NẾU NHƯ MÀ CÓ THẤY CÓ NHỮNG BẤT T MÌNH NHỚ GỌI NGHE DỤC NHỚ LẠI TAO NHA HOẶC LÀ KIỂU RA CỨ T GIỚI KIỂU NHƯ THẾ	để cho ok bạn nói là ngày hôm nay mình muốn đi một mình thôi à nhưng mà đây đây là cái ơ lo cây sần nè có gì nếu như mà có thấy có gì bất trắc thì nhớ gọi nhau chụp nhớ gọi tao nha họ lại kiểu ra cú đào giới kiểu như thế.	Để cho  Ô kê, bạn nói là ngày hôm nay mình muốn đi một mình thôi, Ờ, nhưng mà đây đây là cái go cây si nè, có gì mà nếu như mà có thấy có gì bất trắc thì nhớ gọi nha, Gi được nhớ gọi tao nha họ là kiểu ra cú tao giới kiểu như thế.
train	59415	10.10	pseudo_label	qua ba lan chơi nha đây là địa chỉ nhà của em số điện thoại ở đây đó có gì em mà có kiểu muốn uống nhiều hơn thì đây đưa em về dùm	qua và anh gia nha hay là chị để chị nghe của em xác điện thoại ở ở đây đó có gì á em mà có kiểu uống nhiều hơn thì đây được đưa em vàòng	qua ba lăng chơi nha đây là chị đi diễn nhà của em sẽ điện thoại ở đây đó có gì á em mà có kiểu muốn uống nhiều hơn thì đây được đưa em về dm	qua phải anh chơi nha để là chị để diễnẹp của em số điện thoại là đây đó có chị em mà có kiểu uống nhiều hơn á thì đây đưa em đưa em về d dần	qua bên anh chơi nha đây là địa chỉ nhạc của em số điện thoại ở đây đó có gì em mà có kiểu muốn uống nhiều hơn thì đây đưa em về dùm	qua bên ăn chơi nha đây là chị địaa chỉ nhàạc của em số điện thoại ở đây đó có gì á em mà có kiểu muốn uống nhiều hơn thì đây đưa em đưa em về giùm	QUA VÀ ANH GIA NHA HAY LÀ CHỊ ĐỂ CHỊ NGHE CỦA EM XÁC ĐIỆN THOẠI Ở Ở ĐÂY ĐÓ CÓ GÌ Á EM MÀ CÓ KIỂU UỐNG NHIỀU HƠN THÌ ĐÂY ĐƯỢC ĐƯA EM VÀÒNG	QUA BA LĂNG CHƠI NHA ĐÂY LÀ CHỊ ĐI DIỄN NHÀ CỦA EM SẼ ĐIỆN THOẠI Ở ĐÂY ĐÓ CÓ GÌ Á EM MÀ CÓ KIỂU MUỐN UỐNG NHIỀU HƠN THÌ ĐÂY ĐƯỢC ĐƯA EM VỀ DM	QUA PHẢI ANH CHƠI NHA ĐỂ LÀ CHỊ ĐỂ DIỄNẸP CỦA EM SỐ ĐIỆN THOẠI LÀ ĐÂY ĐÓ CÓ CHỊ EM MÀ CÓ KIỂU UỐNG NHIỀU HƠN Á THÌ ĐÂY ĐƯA EM ĐƯA EM VỀ D DẦN	qua bên anh chơi nha đây là địa chỉ nhạc của em số điện thoại ở đây đó có gì em mà có kiểu muốn uống nhiều hơn thì đây đưa em về dùm.	Qua bên ăn chơi nha, đây là chị địaa chỉ nhàạc của em. số điện thoại ở đây đó, có gì á em mà có kiểu muốn uống nhiều hơn thì đây đưa em đưa em về giùm.
validation	6638	11.40	pseudo_label	ngủ lâu hơn lâu hơn why cũng vậy đúng không mà em hứa với mọi người luôn là ăn thịt bò dria age roblo y ba một mình cũng rất vui y	cũngủ lâu hơn lớn với kiến bởi đúng là em muốn mọi người ăn kháchoi em rất là thì ba một mình cũng rất vui nha	cùng lâu hơn là whiking vậy đúng là em h mọi luôn ng ng ăn thịt bo trr rdon y hy ba một mình cũng rất vui dễ	cùng lâu hơn lớn wiking vậy đúng không em mới mọi ngườiữ anh thtờii em rấton yy ba bọn mình cũng rất vui giá	lâu hơn bùi whisky cũng không hả đúng mà em hối mọi người luôn đủ ăn thịt bò choi âu rất ngon nhớt khi ba bọn mình cũng rất vui nhớt	lủ lâu lâuk của đúng ba em hứa với mọi người luôn ăn thịt bòiri rất ngon khi ba một mình cũng rất vui	CŨNGỦ LÂU HƠN LỚN VỚI KIẾN BỞI ĐÚNG LÀ EM MUỐN MỌI NGƯỜI ĂN KHÁCHOI EM RẤT LÀ THÌ BA MỘT MÌNH CŨNG RẤT VUI NHA	CÙNG LÂU HƠN LÀ WHIKING VẬY ĐÚNG LÀ EM H MỌI LUÔN NG NG ĂN THỊT BO TRR RDON Y HY BA MỘT MÌNH CŨNG RẤT VUI DỄ	CÙNG LÂU HƠN LỚN WIKING VẬY ĐÚNG KHÔNG EM MỚI MỌI NGƯỜIỮ ANH THTỜII EM RẤTON YY BA BỌN MÌNH CŨNG RẤT VUI GIÁ	lâu hơn bùi whisky cũng không hả đúng mà em hối mọi người luôn đủ ăn thịt bò choi âu rất ngon nhớt khi ba bọn mình cũng rất vui nhớt.	Lủ lâu lâuk của đúng ba em hứa với mọi người luôn ăn thịt bòiri rất ngon khi ba một mình cũng rất vui.
train	60613	14.00	pseudo_label	henry zero là một trong những cái brip mà chị rất là thích vì cái sự rõ ràng của nó về cái sự rất là rõ ràng ra bốn cái điểm này là gì thì nó sạc từ cái challenge của họ là uba it brand a weinus	trong những cái be mà mà chị rất là thíche cái sự rõ ràng của nó về cái sự rất là rõ ràng nó bốn cái điểm này là gì thì nó star từ cáial của họ làub anh a branoenes	hay rồi là một trong những cái br mà mà chị rất là thích vì cái sự rõ ràng của nó về cái sự rất là rõ ràng nó bốn cái điểm này là gì thì nóat từ cái tralalen của họ là yobi ad braness	hay ngày xưa là một trong chưa biết mà mà chị rất là thích vì cái sự rõ ràng của nó về cái sự rất là rõ ràng nó bốn cái điểm này là gì thì nó là từ cái tralen của họ là b a on addenan aeni	henniger là một trong những cái brexit mà chị rất là thích vì cái sự rõ ràng của nó về cái sự rất là rõ ràng ra bốn cái điểm này là gì thì nó sạc từ cái trailer của họ là uba unadid grand alves	h là một trong những cái rít mền mà chỉ rất là thích vì cái sự rõ ràng của nó về cái sự rất là rõ ràng đó bốn cái điểm này là gì thì nóạc từ cáiaan của họ là uuba âychanen nớ	TRONG NHỮNG CÁI BE MÀ MÀ CHỊ RẤT LÀ THÍCHE CÁI SỰ RÕ RÀNG CỦA NÓ VỀ CÁI SỰ RẤT LÀ RÕ RÀNG NÓ BỐN CÁI ĐIỂM NÀY LÀ GÌ THÌ NÓ STAR TỪ CÁIAL CỦA HỌ LÀUB ANH A BRANOENES	HAY RỒI LÀ MỘT TRONG NHỮNG CÁI BR MÀ MÀ CHỊ RẤT LÀ THÍCH VÌ CÁI SỰ RÕ RÀNG CỦA NÓ VỀ CÁI SỰ RẤT LÀ RÕ RÀNG NÓ BỐN CÁI ĐIỂM NÀY LÀ GÌ THÌ NÓAT TỪ CÁI TRALALEN CỦA HỌ LÀ YOBI AD BRANESS	HAY NGÀY XƯA LÀ MỘT TRONG CHƯA BIẾT MÀ MÀ CHỊ RẤT LÀ THÍCH VÌ CÁI SỰ RÕ RÀNG CỦA NÓ VỀ CÁI SỰ RẤT LÀ RÕ RÀNG NÓ BỐN CÁI ĐIỂM NÀY LÀ GÌ THÌ NÓ LÀ TỪ CÁI TRALEN CỦA HỌ LÀ  B A ON ADDENAN AENI	henniger là một trong những cái brexit mà chị rất là thích vì cái sự rõ ràng của nó về cái sự rất là rõ ràng ra bốn cái điểm này là gì thì nó sạc từ cái trailer của họ là uba unadid grand alves.	H là một trong những cái rít mền mà chỉ rất là thích vì cái sự rõ ràng của nó, về cái sự rất là rõ ràng đó bốn cái điểm này là gì thì nóạc từ cáiaan của họ là UuBA âychanen nớ.
train	60616	13.90	pseudo_label	là nó có một cái twist từ từ cái challen tới cái inside the normaly khi mà một cái thương hiệu họ giải quyết cái chuyện uba thấp thì họ sẽ đi dạy con suo đọc tên thì mình có rất là nhiều comment dạy con sumer đọc tên như là quarier như là	nó có một cái ti từ từ cáialan st tới cái insid thì nóoy khi mà một cái thương hiệu họ giải quyết cái chuyện ubbiấp thì họ sẽ đi dạy e con su hoạt đọc tên thì mình có rất là nhiều com hay dạy conu mà đầu tên như là quaer như là	và nó có một cái trst từ từ cái trallan tới cái inside là n maly khi mà một cái thương hiệu họ giải quyết cái chuyện oub a toấp thì họ sẽ đi dạy eic suer đọc tên thì mình có rất là nhiều compent vậy còn sung hoạt đầu tên như là w riier như là	nó có một cái trist từ từ cái chalan st tới cái inside làoaly khi mà một cái thương hiệu họ giải quyết cái chuyện ng b a th thì họ sẽ đi dạy con suer đọc tên thì mình có rất là nhiều com hayenẹ con s và đầu tên như là quaer như là	là nó có một cái thuýt từ từ cái chai lừn tới cái in sai và nó mù ly khi mà một cái thương hiệu họ giải quyết cái chuyện ờ u p a thắp thì họ sẽ đi dạy cầu xui mời đọc tên thì mình có rất nhiều căm then dạy cầu xui mời đọc tên như là goa ri ơ như là	là nó có một cái ti từ g từ cái tra lenn tới cái insi làomli khi mà một cái thương hiệu họ giải quyết cái chuyện duba thấp thì họ sẽ đi dạy còn su mồi đc tên thì mình có rất nhiều cà phen dạy còn su m vào đc tên như làarrier như là	NÓ CÓ MỘT CÁI TI TỪ TỪ CÁIALAN ST TỚI CÁI INSID THÌ NÓOY KHI MÀ MỘT CÁI THƯƠNG HIỆU HỌ GIẢI QUYẾT CÁI CHUYỆN UBBIẤP THÌ HỌ SẼ ĐI DẠY E CON SU HOẠT ĐỌC TÊN THÌ MÌNH CÓ RẤT LÀ NHIỀU COM HAY DẠY CONU MÀ ĐẦU TÊN NHƯ LÀ QUAER NHƯ LÀ	VÀ NÓ CÓ MỘT CÁI TRST TỪ TỪ CÁI TRALLAN TỚI CÁI INSIDE LÀ N MALY KHI MÀ MỘT CÁI THƯƠNG HIỆU HỌ GIẢI QUYẾT CÁI CHUYỆN OUB A TOẤP THÌ HỌ SẼ ĐI DẠY EIC SUER ĐỌC TÊN THÌ MÌNH CÓ RẤT LÀ NHIỀU COMPENT VẬY CÒN SUNG HOẠT ĐẦU TÊN NHƯ LÀ W RIIER NHƯ LÀ	NÓ CÓ MỘT CÁI TRIST TỪ TỪ CÁI CHALAN ST TỚI CÁI INSIDE LÀOALY KHI MÀ MỘT CÁI THƯƠNG HIỆU HỌ GIẢI QUYẾT CÁI CHUYỆN NG B A TH THÌ HỌ SẼ ĐI DẠY CON SUER ĐỌC TÊN THÌ MÌNH CÓ RẤT LÀ NHIỀU COM HAYENẸ CON S VÀ ĐẦU TÊN NHƯ LÀ QUAER NHƯ LÀ	là nó có một cái thuýt từ từ cái chai lừn tới cái in sai và nó mù ly khi mà một cái thương hiệu họ giải quyết cái chuyện ờ u p a thắp thì họ sẽ đi dạy cầu xui mời đọc tên thì mình có rất nhiều căm then dạy cầu xui mời đọc tên như là goa ri ơ như là.	Là nó có một cái ti từ g từ cái tra lenn tới cái insi làomli khi mà một cái thương hiệu họ giải quyết cái chuyện duBA thấp thì họ sẽ đi dạy còn su mồi đc tên thì mình có rất nhiều cà phen dạy còn su m vào đc tên như làarrier như là.
train	60627	15.00	pseudo_label	và mình sẽ crack sự tin đó để họ ra ngoài họ gọi bằng cái tên gì cũng được và từ đó thì quay tiếp sẽ giải ra những bài toán sẽ sẽ ad thêm những cái element về câu chuyện lockey là những câu chuyện loki bạn cứ tự tin gọi theo vùng miền của bạn và đưa thành những cái translate thành những cái điệu nhảy khác nhau	và mình sẽe cái sự vi đó để họ xong rồi họ gọi bằng ấy tìm gì cũng được và và từ đó thìê tiếp sẽ giải cho những bài toán sẽ sẽép thêm mình cáiel là mình với câu chuyện lo củai là những câu chuyện lo ok bạn tự tin gọi theo của mình của bạn và đưa thành tran xe thành những cáiiệuảy khác nhau thì	và mình sẽ fre cái sự tin đó để họ xong ngoài họ gọi bằng cái tên gì cũng được và và từ đó thì khti sẽ giải ra những bài toán sẽ thêm cáielment câu chuyện logal bri là những câu chuyện là ok bạn cứ tự tin gọi theo v mình của bạn và đưa thành những cái tranganlar thành những cái điệu nhảy khác nhau thì	và mình sẽ kho cái sự v đó để họ xong rồi họ gọi bằng nghe tên gì cũng được và và từ đó thì ck sẽ giải ra những bài toán sẽ sẽ x thêm một cái là mình câu chuyện loorr là những câu chuyện ok bạn cứ tự tin gọi theoùng mình của bạn và đưa thành những cái trf thành những cáiiệu nhảy khác nhau thì	và mình xoay các sưu tình đó để họ ra ngoài họ gọi bằng cái tên gì cũng được và và từ đó thì quy tiếp sẽ giải ra những bài toán sẽ thép thêm cái el là mần câu chuyện lô có bờ rai là những câu chuyện là ok bạn cứ tự tin gọi theo vùng biển của bạn và đưa thành những cái chen sờ lết thành những cái điệu nhảy khác nhau thì	và mình sẽ khách tự tin nó để họ ra ngoài họ gọi bằng cái tên gì cũng được và và từ đó thì tiếp sẽ giải ra những bài toán sẽ ét thêm là về câu chuyện l loo pri là những câu chuyện lok bạn tự tin gọi theo vùng miền của bạn và đưa thành những cái chen le thành những cái điệu nhảy khác nhau thì	VÀ MÌNH SẼE CÁI SỰ VI ĐÓ ĐỂ HỌ XONG RỒI HỌ GỌI BẰNG ẤY TÌM GÌ CŨNG ĐƯỢC VÀ VÀ TỪ ĐÓ THÌÊ TIẾP SẼ GIẢI CHO NHỮNG BÀI TOÁN SẼ SẼÉP THÊM MÌNH CÁIEL LÀ MÌNH VỚI CÂU CHUYỆN LO CỦAI LÀ NHỮNG CÂU CHUYỆN LO OK BẠN TỰ TIN GỌI THEO CỦA MÌNH CỦA BẠN VÀ ĐƯA THÀNH TRAN XE THÀNH NHỮNG CÁIIỆUẢY KHÁC NHAU THÌ	VÀ MÌNH SẼ FRE CÁI SỰ TIN ĐÓ ĐỂ HỌ XONG NGOÀI HỌ GỌI BẰNG CÁI TÊN GÌ CŨNG ĐƯỢC VÀ VÀ TỪ ĐÓ THÌ KHTI SẼ GIẢI RA NHỮNG BÀI TOÁN SẼ  THÊM CÁIELMENT CÂU CHUYỆN LOGAL BRI LÀ NHỮNG CÂU CHUYỆN LÀ OK BẠN CỨ TỰ TIN GỌI THEO V MÌNH CỦA BẠN VÀ ĐƯA THÀNH NHỮNG CÁI TRANGANLAR THÀNH NHỮNG CÁI ĐIỆU NHẢY KHÁC NHAU THÌ	VÀ MÌNH SẼ KHO CÁI SỰ V ĐÓ ĐỂ HỌ XONG RỒI HỌ GỌI BẰNG NGHE TÊN GÌ CŨNG ĐƯỢC VÀ VÀ TỪ ĐÓ THÌ CK SẼ GIẢI RA NHỮNG BÀI TOÁN SẼ SẼ X THÊM MỘT CÁI LÀ MÌNH CÂU CHUYỆN LOORR LÀ NHỮNG CÂU CHUYỆN OK BẠN CỨ TỰ TIN GỌI THEOÙNG MÌNH CỦA BẠN VÀ ĐƯA THÀNH NHỮNG CÁI TRF THÀNH NHỮNG CÁIIỆU NHẢY KHÁC NHAU THÌ	và mình xoay các sưu tình đó để họ ra ngoài họ gọi bằng cái tên gì cũng được và và từ đó thì quy tiếp sẽ giải ra những bài toán sẽ thép thêm cái el là mần câu chuyện lô có bờ rai là những câu chuyện là ok bạn cứ tự tin gọi theo vùng biển của bạn và đưa thành những cái chen sờ lết thành những cái điệu nhảy khác nhau thì.	Và mình sẽ khách tự tin nó để họ ra ngoài, họ gọi bằng cái tên gì cũng được, và và từ đó thì tiếp sẽ giải ra những bài toán sẽ ét thêm là về câu chuyện L loo pri là những câu chuyện lok bạn tự tin gọi theo vùng miền của bạn và đưa thành những cái chen le thành những cái điệu nhảy khác nhau thì.
train	60633	14.80	pseudo_label	citist sẽ tìm kiếm những tiềm trong cái brip đó là câu chuyện là cái chann nó có click không ví dụ mình tạo ra khi mà trả lời nó cưa ấy nó sẽ dễ ở một chuyện là nó cho mình một cái điểm đến rất rõ ràng một cái đích đến rất rõ ràng để mà từ đó quay tiếp có thể justify để có thể là	cứti sẽ tìm kiếm chị tiên xem mình tìm trong bi đó là câu chuyện là cái cho là nó có không liệu mình tạo ra khi mà chắc là nó cứ nó sẽ dễ ở một chuyện là mà trong mình một cái điểm biến nó rõ ràng thôi một cái định điện rõ ràng thì mà từ đóê tiếp có thể rấtfi được có thể là	qu tu sẽ tìm kiếm những chi tiên tiền cho cái brs đó là câu chuyện là cái cho là nó có c không ví dụ mình tạo ra khi mà cho là nó kinhư ấy nó sẽ dễ ở một chuyện là nó cho mình một cái điểm biến rất rõ ràng thôi một cái đ đến rất rõ ràng ng từ đó quti có thể justtifi được có thể là	pti sẽ tìm kiếm những chị tiên s thì về k trong cáirid đó là câu chuyện là cái cho là nó có khuyên không ví dụ mình tạo ra khi mà cho là nó c nó sẽ dễ ở một chuyện là nó cho mình một cái điểm biến nó rõ ràng nhá một cáiích đến rõ ràng để một từ đó quy tiếp có thểj pfi đều có thể là	quy tích sẽ tìm kiếm chị tiên xem thì tìm về tiền trong cái bít đó là câu chuyện là cái chân là nó có cờ lia không ví dụ mình tạo ra khi mà chân là nó cờ hiện nó sẽ dễ một chuyện là nó cho mình một cái điểm đến rõ ràng á một cái tích đến rõ ràng để mà từ đó quy tiếp có thể chất ti phai được có thể là	i tí sẽ tìm kiếm những chị t tiên sẽ tìm mới kiếm trong cái rít đó là câu chuyện là cái trả lần nó có lia không ví dụ mình tạo ra khi mà trả lời nó nhận nó sẽ dễ ở một chuyện là nó cho mình một cái điểm đến rất rõ ràng một cáiích đến rất rõ ràng để mà từ đóờ ri típ có thểu ti phi được có thể làờ	CỨTI SẼ TÌM KIẾM CHỊ TIÊN XEM MÌNH TÌM TRONG BI ĐÓ LÀ CÂU CHUYỆN LÀ CÁI CHO LÀ NÓ CÓ KHÔNG LIỆU MÌNH TẠO RA KHI MÀ CHẮC LÀ NÓ CỨ NÓ SẼ DỄ Ở MỘT CHUYỆN LÀ MÀ TRONG MÌNH MỘT CÁI ĐIỂM BIẾN NÓ RÕ RÀNG THÔI MỘT CÁI ĐỊNH ĐIỆN RÕ RÀNG THÌ MÀ TỪ ĐÓÊ TIẾP CÓ THỂ RẤTFI ĐƯỢC CÓ THỂ LÀ	QU TU SẼ TÌM KIẾM NHỮNG CHI TIÊN TIỀN CHO CÁI BRS ĐÓ LÀ CÂU CHUYỆN LÀ CÁI CHO LÀ NÓ CÓ C KHÔNG VÍ DỤ MÌNH TẠO RA KHI MÀ CHO LÀ NÓ KINHƯ ẤY NÓ SẼ DỄ Ở MỘT CHUYỆN LÀ NÓ CHO MÌNH MỘT CÁI ĐIỂM BIẾN RẤT RÕ RÀNG THÔI MỘT CÁI Đ ĐẾN RẤT RÕ RÀNG NG TỪ ĐÓ QUTI CÓ THỂ JUSTTIFI ĐƯỢC CÓ THỂ LÀ	PTI SẼ TÌM KIẾM NHỮNG CHỊ TIÊN S THÌ VỀ K TRONG CÁIRID ĐÓ LÀ CÂU CHUYỆN LÀ CÁI CHO LÀ NÓ CÓ KHUYÊN KHÔNG VÍ DỤ MÌNH TẠO RA KHI MÀ CHO LÀ NÓ C NÓ SẼ DỄ Ở MỘT CHUYỆN LÀ NÓ CHO MÌNH MỘT CÁI ĐIỂM BIẾN NÓ RÕ RÀNG NHÁ MỘT CÁIÍCH ĐẾN RÕ RÀNG ĐỂ MỘT TỪ ĐÓ QUY TIẾP CÓ THỂJ PFI ĐỀU CÓ THỂ LÀ	quy tích sẽ tìm kiếm chị tiên xem thì tìm về tiền trong cái bít đó là câu chuyện là cái chân là nó có cờ lia không ví dụ mình tạo ra khi mà chân là nó cờ hiện nó sẽ dễ một chuyện là nó cho mình một cái điểm đến rõ ràng á một cái tích đến rõ ràng để mà từ đó quy tiếp có thể chất ti phai được có thể là.	i tí sẽ tìm kiếm những chị T tiên sẽ tìm mới kiếm trong cái rít đó là câu chuyện là cái trả lần nó có lia không? ví dụ mình tạo ra khi mà trả lời nó nhận nó sẽ dễ ở một chuyện là nó cho mình một cái điểm đến rất rõ ràng, một cáiích đến rất rõ ràng, để mà từ đóờ ri típ có thểu ti phi được có thể làờ.
train	60634	12.50	pseudo_label	của cái sản phẩm và cái collection thì khi mà anh de liver ra cái ocop của hình thì anh cũng mong muốn dealer một cái chất khá là tương lai cho cái bộ hình	của cái sản phẩm và cái colletion thì khi mà anh d liver ra cái o hơn của hình thì anh cũng mong muốn dyer một cái kiến chất khá là tương lai cho cái bộ hình	của cái sản phẩm và cái conlacction thì khi mà anh dlver ra cái o combo hình thì anh cũng mong muốn delaver một cái chất khá là tương lai cho cái bộ hình	của cái sản phẩm và cái clletion thì khi mà anh dever ra cái oco hình thì anh cũng mong muốn dier một cái k chất khá là tương lai cho cái bộ hình	của cái sản phẩm và cái cái cái cái cái colexian thì khi mà anh đưa đi vơi ra cái áo cơm bộ hình thì anh cũng mong muốn đưa đi vào một cái kết chất khá tương lai cho cái bộ hình	của cái sản phẩm và k cái cái cái cáio le sừ thì khi mà anh d đi liver ra cái ao khôngô hình thì anh cũng mong muốn đi liver một cái cái chất khá là tương lai cho cái bộ hình	CỦA CÁI SẢN PHẨM VÀ CÁI COLLETION THÌ KHI MÀ ANH D LIVER RA CÁI O HƠN CỦA HÌNH THÌ ANH CŨNG MONG MUỐN DYER MỘT CÁI KIẾN CHẤT KHÁ LÀ TƯƠNG LAI CHO CÁI BỘ HÌNH	CỦA CÁI SẢN PHẨM VÀ CÁI CONLACCTION THÌ KHI MÀ ANH DLVER RA CÁI O COMBO HÌNH THÌ ANH CŨNG MONG MUỐN DELAVER MỘT CÁI CHẤT KHÁ LÀ TƯƠNG LAI CHO CÁI BỘ HÌNH	CỦA CÁI SẢN PHẨM VÀ CÁI CLLETION THÌ KHI MÀ ANH DEVER RA CÁI OCO HÌNH THÌ ANH CŨNG MONG MUỐN DIER MỘT CÁI K CHẤT KHÁ LÀ TƯƠNG LAI CHO CÁI BỘ HÌNH	của cái sản phẩm và cái cái cái cái cái colexian thì khi mà anh đưa đi vơi ra cái áo cơm bộ hình thì anh cũng mong muốn đưa đi vào một cái kết chất khá tương lai cho cái bộ hình.	Của cái sản phẩm và k cái cái cái cáio le sừ thì khi mà anh d đi liver ra cái ao khôngô hình thì anh cũng mong muốn đi liver một cái cái chất khá là tương lai cho cái bộ hình.
train	60638	10.90	pseudo_label	thì tới lúc đó sẽ rất là tran riêng với lại creditic bunner là mình làm cái gì trong cái clip này để mà còn thể hiện được cái giá trị của mình tại vì người ta đã tới luôn cái phần story telling luôn rồi	thì tới lúc đó sẽ rất là riêng với lại cretiner là mình làm cái gì trong cáiết này để mà còn cái gì được cái giá trị của mình tại vì người ta đã tới luôn cái phần storyaly	thì tới lúc đó sẽ rất là tran với lại c cretiitc parner là mình làm cái gì trong cái br này để mà còn thể hiện được cái giá trị của mình tại vì người ta đã tới r cái phần storryling luôn rồi	thì tới lúc đó sẽ rất là tr với lại creti pner là mình làm cái gì trong cáirid này để mà còn thể hiện được cái giá trị của mình tại vì người ta đã tới luôn cái phần story theoaling luôn rồi	thì tới lúc đó sẽ rất là chào đưa riêng với lại creativ p âu nơ là mình làm cái gì trong cái bíp này để mà còn thể hiện được cái giá trị của mình tại vì người ta đã tới luôn cái phần sờ tòi đi theo riêng luôn rồi	thì tới lúc đó sẽ rất làeniêng với lạiret poner là mình làm cái gì trong cái cript này để mà còn thể hiện được cái giá trị của mình tại vì người ta đã tới luôn cái phần story theoy luôn rồi	THÌ TỚI LÚC ĐÓ SẼ RẤT LÀ RIÊNG VỚI LẠI CRETINER LÀ MÌNH LÀM CÁI GÌ TRONG CÁIẾT NÀY ĐỂ MÀ CÒN CÁI GÌ ĐƯỢC CÁI GIÁ TRỊ CỦA MÌNH TẠI VÌ NGƯỜI TA ĐÃ TỚI LUÔN CÁI PHẦN STORYALY	THÌ TỚI LÚC ĐÓ SẼ RẤT LÀ TRAN VỚI LẠI C CRETIITC PARNER LÀ MÌNH LÀM CÁI GÌ TRONG CÁI BR NÀY ĐỂ MÀ CÒN THỂ HIỆN ĐƯỢC CÁI GIÁ TRỊ CỦA MÌNH TẠI VÌ NGƯỜI TA ĐÃ TỚI R CÁI PHẦN STORRYLING LUÔN RỒI	THÌ TỚI LÚC ĐÓ SẼ RẤT LÀ TR VỚI LẠI CRETI PNER LÀ MÌNH LÀM CÁI GÌ TRONG CÁIRID NÀY ĐỂ MÀ CÒN THỂ HIỆN ĐƯỢC CÁI GIÁ TRỊ CỦA MÌNH TẠI VÌ NGƯỜI TA ĐÃ TỚI LUÔN CÁI PHẦN STORY THEOALING LUÔN RỒI	thì tới lúc đó sẽ rất là chào đưa riêng với lại creativ p âu nơ là mình làm cái gì trong cái bíp này để mà còn thể hiện được cái giá trị của mình tại vì người ta đã tới luôn cái phần sờ tòi đi theo riêng luôn rồi.	Thì tới lúc đó sẽ rất làeniêng với lạiret Poner là mình làm cái gì trong cái cript này để mà còn thể hiện được cái giá trị của mình. Tại vì người ta đã tới luôn cái phần story theoy luôn rồi.
train	60655	14.40	pseudo_label	thì cái extream nó là cái addit vali duy nhất mà tụi tiên có thể add thêm vào cái page word này thì cả cái comment nó trở thành là mình in vai những cái người hà nội mà đang rất là gàn dở về cái góc nhìn của mình	thì thì cái axream đó là cái aital l duy nhất mà tự tiên của thểe thêm vào cái cawor này thì cả cái comen nó trở thành là mình inid những cái người hà nội mà đang rất lààng dở về cái góc nhìn của mình	thì cái cái exream đó là cái a định v lie duy nhất mà tự tiên có thể a thêm vào cái asward này thì cả cái compent nó trở thành là mình inenveid những cái người hà nội mà đang rất là g gần dở về cái góc nhìn của mình	thì thì cái exream đó là cái advalưu duy nhất mà tôi tiên có thể e thêm vào cái aor này thì cả cái comenten nó trở thành là mình in vi những người hà nội mà đang rất là gàng d giữa về cái góc nhìn của mình	thì cái ekstral đó là cái edit vali dư nhất mà tự tin có thể add vào cái password này thì cái cái cầm thên nó trở thành là mình invite những người hà nội mà đang rất gàn dở về cái góc nhìn của mình	thì thì cái ạchờtre đó là cái va li duy nhất mà tự tiên có thể ép thêm vào cáia wor này thì cả cái cà pen nó trở thành là mình vi những người hà nội mà đang rất là gàn dở về cái góc nhìn của mình	THÌ THÌ CÁI AXREAM ĐÓ LÀ CÁI AITAL L DUY NHẤT MÀ TỰ TIÊN CỦA THỂE THÊM VÀO CÁI CAWOR NÀY THÌ CẢ CÁI COMEN NÓ TRỞ THÀNH LÀ MÌNH INID NHỮNG CÁI NGƯỜI HÀ NỘI MÀ ĐANG RẤT LÀÀNG DỞ VỀ CÁI GÓC NHÌN CỦA MÌNH	THÌ CÁI CÁI EXREAM ĐÓ LÀ CÁI A ĐỊNH V LIE DUY NHẤT MÀ TỰ TIÊN CÓ THỂ A THÊM VÀO CÁI ASWARD NÀY THÌ CẢ CÁI COMPENT NÓ TRỞ THÀNH LÀ MÌNH INENVEID NHỮNG CÁI NGƯỜI HÀ NỘI MÀ ĐANG RẤT LÀ G GẦN DỞ VỀ CÁI GÓC NHÌN CỦA MÌNH	THÌ THÌ CÁI EXREAM ĐÓ LÀ CÁI ADVALƯU DUY NHẤT MÀ TÔI TIÊN CÓ THỂ E THÊM VÀO CÁI AOR NÀY THÌ CẢ CÁI COMENTEN NÓ TRỞ THÀNH LÀ MÌNH IN VI NHỮNG NGƯỜI HÀ NỘI MÀ ĐANG RẤT LÀ GÀNG D GIỮA VỀ CÁI GÓC NHÌN CỦA MÌNH	thì cái ekstral đó là cái edit vali dư nhất mà tự tin có thể add vào cái password này thì cái cái cầm thên nó trở thành là mình invite những người hà nội mà đang rất gàn dở về cái góc nhìn của mình.	Thì thì cái ạchờtre đó là cái  va li duy nhất mà tự tiên có thể ép thêm vào cáia wor này thì cả cái cà pen nó trở thành là mình  vi những người Hà Nội mà đang rất là gàn dở về cái góc nhìn của mình.
