timestamp, index, utilization.gpu [%], memory.used [MiB], power.draw [W]
2026/10/06 21:09:21.046, 0, 0 %, 0 MiB, 12.13 W
2026/10/06 21:09:21.054, 1, 0 %, 0 MiB, 9.85 W
2026/10/06 21:09:51.067, 0, 0 %, 3 MiB, 12.03 W
2026/10/06 21:09:51.073, 1, 0 %, 3 MiB, 9.56 W
2026/10/06 21:10:21.083, 0, 0 %, 3 MiB, 12.33 W
2026/10/06 21:10:21.089, 1, 0 %, 3 MiB, 9.85 W
2026/10/06 21:10:51.097, 0, 0 %, 3 MiB, 11.94 W
2026/10/06 21:10:51.103, 1, 0 %, 3 MiB, 9.85 W
2026/10/06 21:11:21.112, 0, 0 %, 3 MiB, 11.94 W
2026/10/06 21:11:21.121, 1, 0 %, 3 MiB, 9.56 W
2026/10/06 21:11:51.130, 0, 0 %, 3 MiB, 12.53 W
2026/10/06 21:11:51.137, 1, 0 %, 3 MiB, 9.56 W
2026/10/06 21:12:21.150, 0, 0 %, 3 MiB, 12.43 W
2026/10/06 21:12:21.161, 1, 0 %, 3 MiB, 9.56 W
2026/10/06 21:12:51.169, 0, 0 %, 3 MiB, 12.33 W
2026/10/06 21:12:51.175, 1, 0 %, 3 MiB, 10.05 W
2026/10/06 21:13:21.184, 0, 0 %, 3 MiB, 12.33 W
2026/10/06 21:13:21.191, 1, 0 %, 3 MiB, 9.65 W
2026/10/06 21:13:51.200, 0, 0 %, 3 MiB, 12.13 W
2026/10/06 21:13:51.206, 1, 0 %, 3 MiB, 9.85 W
2026/10/06 21:14:21.215, 0, 0 %, 3 MiB, 12.03 W
2026/10/06 21:14:21.221, 1, 0 %, 3 MiB, 9.85 W
2026/10/06 21:14:51.230, 0, 0 %, 3 MiB, 12.13 W
2026/10/06 21:14:51.236, 1, 0 %, 3 MiB, 9.75 W
2026/10/06 21:15:21.245, 0, 0 %, 3 MiB, 12.03 W
2026/10/06 21:15:21.251, 1, 0 %, 3 MiB, 9.56 W
2026/10/06 21:15:51.260, 0, 58 %, 2183 MiB, 29.36 W
2026/10/06 21:15:51.264, 1, 74 %, 2183 MiB, 27.90 W
2026/10/06 21:16:21.272, 0, 39 %, 3853 MiB, 67.87 W
2026/10/06 21:16:21.276, 1, 0 %, 3851 MiB, 46.86 W
2026/10/06 21:16:51.283, 0, 0 %, 5375 MiB, 33.49 W
2026/10/06 21:16:51.287, 1, 0 %, 5373 MiB, 34.46 W
2026/10/06 21:17:21.293, 0, 0 %, 5377 MiB, 42.26 W
2026/10/06 21:17:21.297, 1, 0 %, 5375 MiB, 40.22 W
2026/10/06 21:17:51.304, 0, 5 %, 5379 MiB, 44.04 W
2026/10/06 21:17:51.308, 1, 95 %, 5379 MiB, 48.21 W
2026/10/06 21:18:21.315, 0, 0 %, 5381 MiB, 43.84 W
2026/10/06 21:18:21.319, 1, 24 %, 5379 MiB, 42.66 W
2026/10/06 21:18:51.325, 0, 90 %, 5381 MiB, 64.94 W
2026/10/06 21:18:51.331, 1, 91 %, 5381 MiB, 67.17 W
2026/10/06 21:19:21.338, 0, 17 %, 5383 MiB, 43.94 W
2026/10/06 21:19:21.342, 1, 100 %, 5383 MiB, 49.29 W
2026/10/06 21:19:51.348, 0, 0 %, 5383 MiB, 37.61 W
2026/10/06 21:19:51.352, 1, 0 %, 5383 MiB, 41.21 W
2026/10/06 21:20:21.358, 0, 97 %, 5385 MiB, 65.12 W
2026/10/06 21:20:21.367, 1, 91 %, 5385 MiB, 77.64 W
2026/10/06 21:20:51.381, 0, 98 %, 5385 MiB, 59.85 W
2026/10/06 21:20:51.385, 1, 0 %, 5385 MiB, 39.46 W
2026/10/06 21:21:21.392, 0, 91 %, 5385 MiB, 52.11 W
2026/10/06 21:21:21.397, 1, 92 %, 5385 MiB, 50.76 W
2026/10/06 21:21:51.405, 0, 0 %, 5385 MiB, 42.98 W
2026/10/06 21:21:51.409, 1, 100 %, 5385 MiB, 48.14 W
2026/10/06 21:22:21.416, 0, 93 %, 5385 MiB, 71.15 W
2026/10/06 21:22:21.426, 1, 99 %, 5385 MiB, 73.24 W
2026/10/06 21:22:51.436, 0, 97 %, 5385 MiB, 60.54 W
2026/10/06 21:22:51.450, 1, 91 %, 5385 MiB, 66.08 W
2026/10/06 21:23:21.458, 0, 92 %, 5385 MiB, 70.79 W
2026/10/06 21:23:21.463, 1, 89 %, 5385 MiB, 65.69 W
2026/10/06 21:23:51.474, 0, 92 %, 5385 MiB, 77.69 W
2026/10/06 21:23:51.479, 1, 90 %, 5385 MiB, 72.71 W
2026/10/06 21:24:21.493, 0, 95 %, 5385 MiB, 68.98 W
2026/10/06 21:24:21.499, 1, 90 %, 5385 MiB, 52.24 W
2026/10/06 21:24:51.509, 0, 91 %, 5385 MiB, 70.22 W
2026/10/06 21:24:51.515, 1, 91 %, 5385 MiB, 58.64 W
2026/10/06 21:25:21.526, 0, 93 %, 5385 MiB, 56.49 W
2026/10/06 21:25:21.539, 1, 91 %, 5385 MiB, 74.70 W
2026/10/06 21:25:51.547, 0, 91 %, 5385 MiB, 67.13 W
2026/10/06 21:25:51.558, 1, 91 %, 5385 MiB, 70.21 W
2026/10/06 21:26:21.564, 0, 96 %, 5385 MiB, 45.64 W
2026/10/06 21:26:21.573, 1, 92 %, 5385 MiB, 67.17 W
2026/10/06 21:26:51.581, 0, 91 %, 5385 MiB, 67.52 W
2026/10/06 21:26:51.587, 1, 90 %, 5385 MiB, 69.13 W
2026/10/06 21:27:21.595, 0, 91 %, 5385 MiB, 66.14 W
2026/10/06 21:27:21.601, 1, 92 %, 5385 MiB, 70.17 W
2026/10/06 21:27:51.613, 0, 96 %, 5385 MiB, 48.27 W
2026/10/06 21:27:51.626, 1, 93 %, 5385 MiB, 64.61 W
2026/10/06 21:28:21.633, 0, 92 %, 5385 MiB, 67.12 W
2026/10/06 21:28:21.645, 1, 97 %, 5385 MiB, 61.54 W
2026/10/06 21:28:51.655, 0, 91 %, 5385 MiB, 60.93 W
2026/10/06 21:28:51.664, 1, 96 %, 5385 MiB, 67.16 W
2026/10/06 21:29:21.672, 0, 90 %, 5385 MiB, 68.15 W
2026/10/06 21:29:21.676, 1, 95 %, 5385 MiB, 72.76 W
2026/10/06 21:29:51.683, 0, 96 %, 5385 MiB, 74.17 W
2026/10/06 21:29:51.689, 1, 92 %, 5385 MiB, 46.89 W
2026/10/06 21:30:21.701, 0, 93 %, 5385 MiB, 68.15 W
2026/10/06 21:30:21.706, 1, 92 %, 5385 MiB, 67.02 W
2026/10/06 21:30:51.720, 0, 0 %, 5429 MiB, 58.45 W
2026/10/06 21:30:51.724, 1, 0 %, 5435 MiB, 41.92 W
2026/10/06 21:31:21.730, 0, 97 %, 5429 MiB, 69.32 W
2026/10/06 21:31:21.734, 1, 97 %, 5435 MiB, 60.18 W
2026/10/06 21:31:51.750, 0, 90 %, 5429 MiB, 72.91 W
2026/10/06 21:31:51.756, 1, 96 %, 5437 MiB, 57.18 W
2026/10/06 21:32:21.768, 0, 96 %, 5429 MiB, 68.39 W
2026/10/06 21:32:21.775, 1, 90 %, 5437 MiB, 66.00 W
2026/10/06 21:32:51.787, 0, 94 %, 5429 MiB, 72.21 W
2026/10/06 21:32:51.794, 1, 97 %, 5437 MiB, 50.79 W
2026/10/06 21:33:21.807, 0, 89 %, 5429 MiB, 70.40 W
2026/10/06 21:33:21.813, 1, 96 %, 5437 MiB, 57.18 W
2026/10/06 21:33:51.823, 0, 98 %, 5429 MiB, 64.08 W
2026/10/06 21:33:51.829, 1, 92 %, 5437 MiB, 66.04 W
2026/10/06 21:34:21.837, 0, 94 %, 5429 MiB, 68.99 W
2026/10/06 21:34:21.843, 1, 90 %, 5437 MiB, 67.31 W
2026/10/06 21:34:51.851, 0, 90 %, 5429 MiB, 72.08 W
2026/10/06 21:34:51.857, 1, 96 %, 5437 MiB, 65.75 W
2026/10/06 21:35:21.869, 0, 90 %, 5429 MiB, 73.54 W
2026/10/06 21:35:21.874, 1, 88 %, 5437 MiB, 72.66 W
2026/10/06 21:35:51.882, 0, 91 %, 5429 MiB, 66.74 W
2026/10/06 21:35:51.887, 1, 92 %, 5437 MiB, 69.56 W
2026/10/06 21:36:21.895, 0, 90 %, 5429 MiB, 69.77 W
2026/10/06 21:36:21.899, 1, 93 %, 5437 MiB, 68.10 W
2026/10/06 21:36:51.907, 0, 96 %, 5429 MiB, 67.66 W
2026/10/06 21:36:51.913, 1, 92 %, 5437 MiB, 67.27 W
2026/10/06 21:37:21.920, 0, 91 %, 5429 MiB, 68.70 W
2026/10/06 21:37:21.926, 1, 90 %, 5437 MiB, 65.06 W
2026/10/06 21:37:51.933, 0, 95 %, 5429 MiB, 69.97 W
2026/10/06 21:37:51.942, 1, 92 %, 5437 MiB, 66.77 W
2026/10/06 21:38:21.949, 0, 97 %, 5429 MiB, 57.63 W
2026/10/06 21:38:21.956, 1, 91 %, 5437 MiB, 70.36 W
2026/10/06 21:38:51.963, 0, 93 %, 5429 MiB, 68.15 W
2026/10/06 21:38:51.972, 1, 94 %, 5437 MiB, 59.36 W
2026/10/06 21:39:21.980, 0, 91 %, 5429 MiB, 67.12 W
2026/10/06 21:39:21.988, 1, 93 %, 5437 MiB, 64.87 W
2026/10/06 21:39:51.996, 0, 93 %, 5429 MiB, 54.46 W
2026/10/06 21:39:52.000, 1, 91 %, 5437 MiB, 45.41 W
2026/10/06 21:40:22.017, 0, 89 %, 5429 MiB, 55.05 W
2026/10/06 21:40:22.022, 1, 92 %, 5437 MiB, 48.24 W
2026/10/06 21:40:52.034, 0, 91 %, 5429 MiB, 63.24 W
2026/10/06 21:40:52.038, 1, 92 %, 5437 MiB, 61.75 W
2026/10/06 21:41:22.054, 0, 99 %, 5429 MiB, 73.88 W
2026/10/06 21:41:22.059, 1, 93 %, 5437 MiB, 73.10 W
2026/10/06 21:41:52.067, 0, 97 %, 5429 MiB, 72.36 W
2026/10/06 21:41:52.072, 1, 93 %, 5437 MiB, 73.09 W
2026/10/06 21:42:22.079, 0, 91 %, 5429 MiB, 47.87 W
2026/10/06 21:42:22.083, 1, 92 %, 5437 MiB, 49.51 W
2026/10/06 21:42:52.093, 0, 96 %, 5429 MiB, 74.76 W
2026/10/06 21:42:52.098, 1, 92 %, 5437 MiB, 74.81 W
2026/10/06 21:43:22.113, 0, 0 %, 5431 MiB, 42.12 W
2026/10/06 21:43:22.117, 1, 0 %, 5437 MiB, 41.92 W
2026/10/06 21:43:52.124, 0, 93 %, 5431 MiB, 68.05 W
2026/10/06 21:43:52.129, 1, 95 %, 5437 MiB, 67.96 W
2026/10/06 21:44:22.136, 0, 91 %, 5431 MiB, 70.71 W
2026/10/06 21:44:22.140, 1, 92 %, 5437 MiB, 67.13 W
2026/10/06 21:44:52.149, 0, 92 %, 5431 MiB, 72.61 W
2026/10/06 21:44:52.153, 1, 95 %, 5437 MiB, 71.14 W
2026/10/06 21:45:22.160, 0, 97 %, 5431 MiB, 71.63 W
2026/10/06 21:45:22.164, 1, 91 %, 5437 MiB, 55.02 W
2026/10/06 21:45:52.171, 0, 98 %, 5431 MiB, 68.79 W
2026/10/06 21:45:52.176, 1, 92 %, 5437 MiB, 56.92 W
2026/10/06 21:46:22.185, 0, 88 %, 5431 MiB, 70.85 W
2026/10/06 21:46:22.190, 1, 92 %, 5437 MiB, 66.88 W
2026/10/06 21:46:52.200, 0, 93 %, 5431 MiB, 60.23 W
2026/10/06 21:46:52.210, 1, 91 %, 5437 MiB, 67.90 W
2026/10/06 21:47:22.220, 0, 91 %, 5431 MiB, 68.65 W
2026/10/06 21:47:22.225, 1, 88 %, 5437 MiB, 67.55 W
2026/10/06 21:47:52.233, 0, 90 %, 5431 MiB, 57.86 W
2026/10/06 21:47:52.243, 1, 89 %, 5437 MiB, 58.77 W
2026/10/06 21:48:22.253, 0, 94 %, 5431 MiB, 72.21 W
2026/10/06 21:48:22.263, 1, 97 %, 5437 MiB, 67.27 W
2026/10/06 21:48:52.272, 0, 92 %, 5431 MiB, 77.25 W
2026/10/06 21:48:52.278, 1, 97 %, 5437 MiB, 73.63 W
2026/10/06 21:49:22.286, 0, 91 %, 5431 MiB, 71.88 W
2026/10/06 21:49:22.290, 1, 90 %, 5437 MiB, 67.75 W
2026/10/06 21:49:52.299, 0, 94 %, 5431 MiB, 52.66 W
2026/10/06 21:49:52.308, 1, 90 %, 5437 MiB, 62.30 W
2026/10/06 21:50:22.322, 0, 90 %, 5431 MiB, 73.00 W
2026/10/06 21:50:22.331, 1, 91 %, 5437 MiB, 72.89 W
2026/10/06 21:50:52.340, 0, 92 %, 5431 MiB, 63.87 W
2026/10/06 21:50:52.344, 1, 91 %, 5437 MiB, 64.61 W
2026/10/06 21:51:22.352, 0, 91 %, 5431 MiB, 58.00 W
2026/10/06 21:51:22.358, 1, 91 %, 5437 MiB, 68.84 W
2026/10/06 21:51:52.366, 0, 91 %, 5431 MiB, 69.04 W
2026/10/06 21:51:52.378, 1, 93 %, 5437 MiB, 68.60 W
2026/10/06 21:52:22.391, 0, 90 %, 5431 MiB, 68.40 W
2026/10/06 21:52:22.401, 1, 90 %, 5437 MiB, 59.49 W
2026/10/06 21:52:52.419, 0, 91 %, 5431 MiB, 68.88 W
2026/10/06 21:52:52.424, 1, 94 %, 5437 MiB, 68.53 W
2026/10/06 21:53:22.433, 0, 95 %, 5431 MiB, 75.83 W
2026/10/06 21:53:22.443, 1, 94 %, 5437 MiB, 73.54 W
2026/10/06 21:53:52.451, 0, 93 %, 5431 MiB, 70.75 W
2026/10/06 21:53:52.461, 1, 90 %, 5437 MiB, 65.06 W
2026/10/06 21:54:22.469, 0, 91 %, 5431 MiB, 66.29 W
2026/10/06 21:54:22.475, 1, 89 %, 5437 MiB, 66.49 W
2026/10/06 21:54:52.488, 0, 89 %, 5431 MiB, 57.04 W
2026/10/06 21:54:52.497, 1, 92 %, 5437 MiB, 54.76 W
2026/10/06 21:55:22.508, 0, 90 %, 5431 MiB, 66.63 W
2026/10/06 21:55:22.513, 1, 91 %, 5437 MiB, 56.49 W
2026/10/06 21:55:52.520, 0, 93 %, 5431 MiB, 70.69 W
2026/10/06 21:55:52.530, 1, 94 %, 5437 MiB, 67.02 W
2026/10/06 21:56:22.537, 0, 43 %, 5431 MiB, 53.81 W
2026/10/06 21:56:22.542, 1, 58 %, 5437 MiB, 54.89 W
2026/10/06 21:56:52.552, 0, 91 %, 5431 MiB, 73.64 W
2026/10/06 21:56:52.557, 1, 93 %, 5437 MiB, 66.38 W
2026/10/06 21:57:22.564, 0, 89 %, 5431 MiB, 68.79 W
2026/10/06 21:57:22.569, 1, 91 %, 5437 MiB, 68.05 W
2026/10/06 21:57:52.580, 0, 92 %, 5431 MiB, 74.07 W
2026/10/06 21:57:52.584, 1, 97 %, 5437 MiB, 59.59 W
2026/10/06 21:58:22.592, 0, 94 %, 5433 MiB, 67.79 W
2026/10/06 21:58:22.597, 1, 96 %, 5437 MiB, 57.31 W
2026/10/06 21:58:52.605, 0, 90 %, 5433 MiB, 74.95 W
2026/10/06 21:58:52.613, 1, 90 %, 5437 MiB, 73.97 W
2026/10/06 21:59:22.620, 0, 93 %, 5433 MiB, 69.61 W
2026/10/06 21:59:22.632, 1, 96 %, 5439 MiB, 54.99 W
2026/10/06 21:59:52.641, 0, 94 %, 5433 MiB, 66.63 W
2026/10/06 21:59:52.649, 1, 92 %, 5439 MiB, 56.29 W
2026/10/06 22:00:22.658, 0, 98 %, 5433 MiB, 58.71 W
2026/10/06 22:00:22.665, 1, 90 %, 5439 MiB, 74.27 W
2026/10/06 22:00:52.676, 0, 88 %, 5433 MiB, 60.11 W
2026/10/06 22:00:52.680, 1, 92 %, 5439 MiB, 63.79 W
2026/10/06 22:01:22.689, 0, 96 %, 5433 MiB, 54.59 W
2026/10/06 22:01:22.695, 1, 91 %, 5439 MiB, 74.81 W
2026/10/06 22:01:52.702, 0, 91 %, 5433 MiB, 66.82 W
2026/10/06 22:01:52.707, 1, 90 %, 5439 MiB, 70.40 W
2026/10/06 22:02:22.717, 0, 94 %, 5433 MiB, 58.12 W
2026/10/06 22:02:22.723, 1, 90 %, 5439 MiB, 72.71 W
2026/10/06 22:02:52.734, 0, 99 %, 5433 MiB, 69.91 W
2026/10/06 22:02:52.741, 1, 92 %, 5439 MiB, 66.68 W
2026/10/06 22:03:22.748, 0, 90 %, 5433 MiB, 71.57 W
2026/10/06 22:03:22.753, 1, 93 %, 5439 MiB, 67.26 W
2026/10/06 22:03:52.764, 0, 90 %, 5433 MiB, 71.43 W
2026/10/06 22:03:52.769, 1, 91 %, 5439 MiB, 71.24 W
2026/10/06 22:04:22.778, 0, 91 %, 5433 MiB, 59.14 W
2026/10/06 22:04:22.782, 1, 93 %, 5439 MiB, 68.88 W
2026/10/06 22:04:52.791, 0, 90 %, 5433 MiB, 62.77 W
2026/10/06 22:04:52.805, 1, 90 %, 5439 MiB, 66.39 W
2026/10/06 22:05:22.816, 0, 95 %, 5433 MiB, 68.44 W
2026/10/06 22:05:22.821, 1, 90 %, 5439 MiB, 74.17 W
2026/10/06 22:05:52.829, 0, 91 %, 5433 MiB, 54.85 W
2026/10/06 22:05:52.840, 1, 93 %, 5439 MiB, 58.81 W
2026/10/06 22:06:22.853, 0, 90 %, 5433 MiB, 55.74 W
2026/10/06 22:06:22.858, 1, 92 %, 5439 MiB, 67.45 W
2026/10/06 22:06:52.866, 0, 98 %, 5433 MiB, 69.80 W
2026/10/06 22:06:52.877, 1, 89 %, 5439 MiB, 58.44 W
2026/10/06 22:07:22.886, 0, 91 %, 5433 MiB, 67.41 W
2026/10/06 22:07:22.890, 1, 90 %, 5439 MiB, 67.12 W
2026/10/06 22:07:52.901, 0, 93 %, 5433 MiB, 67.12 W
2026/10/06 22:07:52.912, 1, 92 %, 5439 MiB, 69.61 W
2026/10/06 22:08:22.919, 0, 90 %, 5433 MiB, 68.05 W
2026/10/06 22:08:22.924, 1, 91 %, 5439 MiB, 70.21 W
2026/10/06 22:08:52.932, 0, 96 %, 5433 MiB, 61.42 W
2026/10/06 22:08:52.942, 1, 94 %, 5439 MiB, 67.27 W
2026/10/06 22:09:22.952, 0, 91 %, 5433 MiB, 69.17 W
2026/10/06 22:09:22.957, 1, 94 %, 5439 MiB, 70.35 W
2026/10/06 22:09:52.966, 0, 91 %, 5433 MiB, 66.82 W
2026/10/06 22:09:52.970, 1, 91 %, 5439 MiB, 69.73 W
2026/10/06 22:10:22.980, 0, 92 %, 5433 MiB, 67.27 W
2026/10/06 22:10:22.985, 1, 91 %, 5439 MiB, 66.74 W
2026/10/06 22:10:52.994, 0, 90 %, 5433 MiB, 71.82 W
2026/10/06 22:10:53.003, 1, 93 %, 5439 MiB, 53.84 W
2026/10/06 22:11:23.011, 0, 90 %, 5433 MiB, 69.17 W
2026/10/06 22:11:23.018, 1, 91 %, 5439 MiB, 65.98 W
2026/10/06 22:11:53.029, 0, 90 %, 5433 MiB, 53.87 W
2026/10/06 22:11:53.034, 1, 91 %, 5439 MiB, 68.24 W
2026/10/06 22:12:23.041, 0, 94 %, 5433 MiB, 73.58 W
2026/10/06 22:12:23.046, 1, 93 %, 5439 MiB, 46.89 W
2026/10/06 22:12:53.057, 0, 91 %, 5433 MiB, 70.35 W
2026/10/06 22:12:53.062, 1, 97 %, 5439 MiB, 67.86 W
2026/10/06 22:13:23.070, 0, 90 %, 5433 MiB, 73.33 W
2026/10/06 22:13:23.083, 1, 94 %, 5439 MiB, 48.31 W
2026/10/06 22:13:53.094, 0, 89 %, 5433 MiB, 75.78 W
2026/10/06 22:13:53.103, 1, 90 %, 5439 MiB, 71.24 W
2026/10/06 22:14:23.116, 0, 91 %, 5433 MiB, 69.52 W
2026/10/06 22:14:23.124, 1, 92 %, 5439 MiB, 73.53 W
2026/10/06 22:14:53.132, 0, 95 %, 5433 MiB, 65.04 W
2026/10/06 22:14:53.137, 1, 90 %, 5439 MiB, 65.57 W
2026/10/06 22:15:23.145, 0, 92 %, 5433 MiB, 78.13 W
2026/10/06 22:15:23.150, 1, 93 %, 5439 MiB, 55.61 W
2026/10/06 22:15:53.158, 0, 94 %, 5433 MiB, 77.88 W
2026/10/06 22:15:53.165, 1, 95 %, 5439 MiB, 66.82 W
2026/10/06 22:16:23.174, 0, 91 %, 5433 MiB, 71.87 W
2026/10/06 22:16:23.179, 1, 90 %, 5439 MiB, 47.18 W
2026/10/06 22:16:53.187, 0, 99 %, 5433 MiB, 67.17 W
2026/10/06 22:16:53.191, 1, 97 %, 5439 MiB, 64.34 W
2026/10/06 22:17:23.199, 0, 96 %, 5433 MiB, 66.55 W
2026/10/06 22:17:23.204, 1, 91 %, 5439 MiB, 68.26 W
2026/10/06 22:17:53.212, 0, 97 %, 5433 MiB, 66.28 W
2026/10/06 22:17:53.216, 1, 93 %, 5439 MiB, 64.77 W
2026/10/06 22:18:23.227, 0, 94 %, 5433 MiB, 75.00 W
2026/10/06 22:18:23.233, 1, 92 %, 5439 MiB, 46.86 W
2026/10/06 22:18:53.243, 0, 89 %, 5433 MiB, 73.59 W
2026/10/06 22:18:53.248, 1, 84 %, 5439 MiB, 54.69 W
2026/10/06 22:19:23.260, 0, 92 %, 5433 MiB, 68.05 W
2026/10/06 22:19:23.264, 1, 97 %, 5439 MiB, 65.26 W
2026/10/06 22:19:53.273, 0, 90 %, 5433 MiB, 73.97 W
2026/10/06 22:19:53.277, 1, 92 %, 5439 MiB, 63.93 W
2026/10/06 22:20:23.286, 0, 91 %, 5433 MiB, 62.81 W
2026/10/06 22:20:23.291, 1, 90 %, 5439 MiB, 68.40 W
2026/10/06 22:20:53.305, 0, 91 %, 5433 MiB, 70.85 W
2026/10/06 22:20:53.310, 1, 92 %, 5439 MiB, 70.51 W
2026/10/06 22:21:23.317, 0, 96 %, 5433 MiB, 68.01 W
2026/10/06 22:21:23.321, 1, 96 %, 5439 MiB, 65.65 W
2026/10/06 22:21:53.330, 0, 0 %, 5433 MiB, 31.85 W
2026/10/06 22:21:53.340, 1, 45 %, 5439 MiB, 47.67 W
2026/10/06 22:22:23.348, 0, 93 %, 5433 MiB, 66.63 W
2026/10/06 22:22:23.352, 1, 94 %, 5439 MiB, 72.61 W
2026/10/06 22:22:53.359, 0, 90 %, 5433 MiB, 70.75 W
2026/10/06 22:22:53.367, 1, 91 %, 5439 MiB, 75.64 W
2026/10/06 22:23:23.375, 0, 88 %, 5433 MiB, 60.28 W
2026/10/06 22:23:23.380, 1, 91 %, 5439 MiB, 73.29 W
2026/10/06 22:23:53.387, 0, 93 %, 5433 MiB, 70.46 W
2026/10/06 22:23:53.392, 1, 94 %, 5439 MiB, 65.67 W
2026/10/06 22:24:23.398, 0, 92 %, 5433 MiB, 67.41 W
2026/10/06 22:24:23.405, 1, 93 %, 5439 MiB, 70.71 W
2026/10/06 22:24:53.416, 0, 90 %, 5433 MiB, 67.66 W
2026/10/06 22:24:53.422, 1, 89 %, 5439 MiB, 72.95 W
2026/10/06 22:25:23.429, 0, 91 %, 5433 MiB, 58.61 W
2026/10/06 22:25:23.433, 1, 89 %, 5439 MiB, 73.04 W
2026/10/06 22:25:53.441, 0, 88 %, 5433 MiB, 67.16 W
2026/10/06 22:25:53.452, 1, 91 %, 5439 MiB, 73.28 W
2026/10/06 22:26:23.460, 0, 89 %, 5433 MiB, 72.61 W
2026/10/06 22:26:23.469, 1, 91 %, 5439 MiB, 70.15 W
2026/10/06 22:26:53.478, 0, 90 %, 5433 MiB, 71.68 W
2026/10/06 22:26:53.489, 1, 90 %, 5439 MiB, 67.13 W
2026/10/06 22:27:23.501, 0, 93 %, 5433 MiB, 68.17 W
2026/10/06 22:27:23.510, 1, 91 %, 5439 MiB, 70.85 W
2026/10/06 22:27:53.524, 0, 91 %, 5433 MiB, 67.80 W
2026/10/06 22:27:53.535, 1, 91 %, 5439 MiB, 65.85 W
2026/10/06 22:28:23.543, 0, 93 %, 5433 MiB, 71.28 W
2026/10/06 22:28:23.554, 1, 94 %, 5439 MiB, 71.63 W
2026/10/06 22:28:53.562, 0, 92 %, 5433 MiB, 68.14 W
2026/10/06 22:28:53.567, 1, 93 %, 5439 MiB, 67.37 W
2026/10/06 22:29:23.576, 0, 91 %, 5433 MiB, 74.71 W
2026/10/06 22:29:23.583, 1, 91 %, 5439 MiB, 68.78 W
2026/10/06 22:29:53.591, 0, 98 %, 5433 MiB, 74.03 W
2026/10/06 22:29:53.599, 1, 97 %, 5439 MiB, 71.29 W
2026/10/06 22:30:23.608, 0, 90 %, 5433 MiB, 53.22 W
2026/10/06 22:30:23.620, 1, 91 %, 5439 MiB, 49.05 W
2026/10/06 22:30:53.629, 0, 92 %, 5433 MiB, 65.10 W
2026/10/06 22:30:53.633, 1, 92 %, 5439 MiB, 54.92 W
2026/10/06 22:31:23.640, 0, 90 %, 5433 MiB, 72.06 W
2026/10/06 22:31:23.646, 1, 93 %, 5439 MiB, 62.83 W
2026/10/06 22:31:53.653, 0, 92 %, 5433 MiB, 68.40 W
2026/10/06 22:31:53.658, 1, 92 %, 5439 MiB, 71.00 W
2026/10/06 22:32:23.666, 0, 92 %, 5433 MiB, 67.70 W
2026/10/06 22:32:23.675, 1, 92 %, 5439 MiB, 65.51 W
2026/10/06 22:32:53.683, 0, 91 %, 5433 MiB, 68.84 W
2026/10/06 22:32:53.693, 1, 92 %, 5439 MiB, 68.89 W
2026/10/06 22:33:23.707, 0, 90 %, 5433 MiB, 71.18 W
2026/10/06 22:33:23.714, 1, 90 %, 5439 MiB, 71.00 W
2026/10/06 22:33:53.721, 0, 97 %, 5433 MiB, 69.62 W
2026/10/06 22:33:53.727, 1, 94 %, 5439 MiB, 74.56 W
2026/10/06 22:34:23.735, 0, 96 %, 5433 MiB, 57.76 W
2026/10/06 22:34:23.742, 1, 97 %, 5439 MiB, 62.58 W
2026/10/06 22:34:53.751, 0, 94 %, 5433 MiB, 67.47 W
2026/10/06 22:34:53.757, 1, 92 %, 5439 MiB, 64.12 W
2026/10/06 22:35:23.764, 0, 91 %, 5433 MiB, 71.67 W
2026/10/06 22:35:23.769, 1, 93 %, 5439 MiB, 71.73 W
2026/10/06 22:35:53.776, 0, 94 %, 5433 MiB, 57.28 W
2026/10/06 22:35:53.782, 1, 93 %, 5439 MiB, 69.07 W
2026/10/06 22:36:23.790, 0, 93 %, 5433 MiB, 46.00 W
2026/10/06 22:36:23.794, 1, 92 %, 5439 MiB, 70.22 W
2026/10/06 22:36:53.802, 0, 90 %, 5433 MiB, 64.51 W
2026/10/06 22:36:53.807, 1, 90 %, 5439 MiB, 68.29 W
2026/10/06 22:37:23.815, 0, 97 %, 5433 MiB, 66.24 W
2026/10/06 22:37:23.821, 1, 96 %, 5439 MiB, 57.14 W
2026/10/06 22:37:53.830, 0, 91 %, 5433 MiB, 67.27 W
2026/10/06 22:37:53.835, 1, 91 %, 5439 MiB, 57.99 W
2026/10/06 22:38:23.844, 0, 91 %, 5433 MiB, 65.89 W
2026/10/06 22:38:23.858, 1, 90 %, 5439 MiB, 65.90 W
2026/10/06 22:38:53.866, 0, 90 %, 5433 MiB, 53.55 W
2026/10/06 22:38:53.876, 1, 91 %, 5439 MiB, 47.25 W
2026/10/06 22:39:23.892, 0, 96 %, 5433 MiB, 72.27 W
2026/10/06 22:39:23.899, 1, 94 %, 5439 MiB, 59.07 W
2026/10/06 22:39:53.913, 0, 96 %, 5433 MiB, 67.80 W
2026/10/06 22:39:53.918, 1, 96 %, 5439 MiB, 68.58 W
2026/10/06 22:40:23.926, 0, 94 %, 5433 MiB, 64.77 W
2026/10/06 22:40:23.931, 1, 95 %, 5439 MiB, 62.65 W
2026/10/06 22:40:53.945, 0, 91 %, 5433 MiB, 77.93 W
2026/10/06 22:40:53.951, 1, 91 %, 5439 MiB, 79.74 W
2026/10/06 22:41:23.964, 0, 92 %, 5433 MiB, 68.29 W
2026/10/06 22:41:23.969, 1, 94 %, 5439 MiB, 62.32 W
2026/10/06 22:41:53.977, 0, 90 %, 5433 MiB, 57.47 W
2026/10/06 22:41:53.982, 1, 90 %, 5439 MiB, 45.34 W
2026/10/06 22:42:23.991, 0, 96 %, 5433 MiB, 65.69 W
2026/10/06 22:42:23.996, 1, 95 %, 5439 MiB, 61.87 W
2026/10/06 22:42:54.007, 0, 90 %, 5433 MiB, 73.00 W
2026/10/06 22:42:54.012, 1, 93 %, 5439 MiB, 70.06 W
2026/10/06 22:43:24.020, 0, 88 %, 5433 MiB, 67.89 W
2026/10/06 22:43:24.024, 1, 88 %, 5439 MiB, 44.53 W
2026/10/06 22:43:54.032, 0, 96 %, 5433 MiB, 61.62 W
2026/10/06 22:43:54.036, 1, 94 %, 5439 MiB, 69.42 W
2026/10/06 22:44:24.043, 0, 96 %, 5433 MiB, 59.14 W
2026/10/06 22:44:24.048, 1, 96 %, 5439 MiB, 56.00 W
2026/10/06 22:44:54.059, 0, 93 %, 5433 MiB, 68.35 W
2026/10/06 22:44:54.063, 1, 93 %, 5439 MiB, 68.19 W
2026/10/06 22:45:24.077, 0, 93 %, 5433 MiB, 51.03 W
2026/10/06 22:45:24.084, 1, 93 %, 5439 MiB, 47.48 W
2026/10/06 22:45:54.092, 0, 90 %, 5433 MiB, 75.15 W
2026/10/06 22:45:54.101, 1, 92 %, 5439 MiB, 69.97 W
2026/10/06 22:46:24.109, 0, 95 %, 5433 MiB, 72.90 W
2026/10/06 22:46:24.114, 1, 96 %, 5439 MiB, 67.12 W
2026/10/06 22:46:54.122, 0, 96 %, 5433 MiB, 69.66 W
2026/10/06 22:46:54.129, 1, 95 %, 5439 MiB, 69.97 W
2026/10/06 22:47:24.144, 0, 90 %, 5433 MiB, 67.13 W
2026/10/06 22:47:24.153, 1, 90 %, 5439 MiB, 65.90 W
2026/10/06 22:47:54.161, 0, 85 %, 5433 MiB, 72.61 W
2026/10/06 22:47:54.166, 1, 89 %, 5439 MiB, 66.04 W
2026/10/06 22:48:24.178, 0, 93 %, 5433 MiB, 69.07 W
2026/10/06 22:48:24.182, 1, 93 %, 5439 MiB, 65.00 W
2026/10/06 22:48:54.197, 0, 96 %, 5433 MiB, 73.10 W
2026/10/06 22:48:54.202, 1, 93 %, 5439 MiB, 67.17 W
2026/10/06 22:49:24.209, 0, 90 %, 5433 MiB, 73.49 W
2026/10/06 22:49:24.216, 1, 92 %, 5439 MiB, 58.32 W
2026/10/06 22:49:54.224, 0, 92 %, 5433 MiB, 59.30 W
2026/10/06 22:49:54.229, 1, 93 %, 5439 MiB, 72.45 W
2026/10/06 22:50:24.242, 0, 89 %, 5433 MiB, 49.61 W
2026/10/06 22:50:24.248, 1, 91 %, 5439 MiB, 70.71 W
2026/10/06 22:50:54.260, 0, 98 %, 5433 MiB, 68.39 W
2026/10/06 22:50:54.266, 1, 95 %, 5439 MiB, 66.49 W
2026/10/06 22:51:24.274, 0, 95 %, 5433 MiB, 64.42 W
2026/10/06 22:51:24.278, 1, 90 %, 5439 MiB, 55.54 W
2026/10/06 22:51:54.286, 0, 91 %, 5433 MiB, 49.64 W
2026/10/06 22:51:54.291, 1, 96 %, 5439 MiB, 60.34 W
2026/10/06 22:52:24.298, 0, 89 %, 5433 MiB, 67.65 W
2026/10/06 22:52:24.307, 1, 91 %, 5439 MiB, 47.45 W
2026/10/06 22:52:54.315, 0, 90 %, 5433 MiB, 77.00 W
2026/10/06 22:52:54.319, 1, 95 %, 5439 MiB, 66.68 W
2026/10/06 22:53:24.327, 0, 89 %, 5433 MiB, 78.57 W
2026/10/06 22:53:24.332, 1, 91 %, 5439 MiB, 69.61 W
2026/10/06 22:53:54.339, 0, 89 %, 5433 MiB, 68.31 W
2026/10/06 22:53:54.344, 1, 88 %, 5439 MiB, 67.17 W
2026/10/06 22:54:24.358, 0, 90 %, 5433 MiB, 57.28 W
2026/10/06 22:54:24.368, 1, 91 %, 5439 MiB, 49.42 W
2026/10/06 22:54:54.380, 0, 90 %, 5433 MiB, 53.28 W
2026/10/06 22:54:54.387, 1, 90 %, 5439 MiB, 50.10 W
2026/10/06 22:55:24.394, 0, 94 %, 5433 MiB, 64.96 W
2026/10/06 22:55:24.402, 1, 94 %, 5439 MiB, 64.77 W
2026/10/06 22:55:54.411, 0, 92 %, 5433 MiB, 68.49 W
2026/10/06 22:55:54.417, 1, 93 %, 5439 MiB, 65.10 W
2026/10/06 22:56:24.425, 0, 91 %, 5433 MiB, 66.64 W
2026/10/06 22:56:24.433, 1, 92 %, 5439 MiB, 66.04 W
2026/10/06 22:56:54.440, 0, 91 %, 5433 MiB, 69.18 W
2026/10/06 22:56:54.448, 1, 92 %, 5439 MiB, 68.10 W
2026/10/06 22:57:24.458, 0, 93 %, 5433 MiB, 64.18 W
2026/10/06 22:57:24.467, 1, 93 %, 5439 MiB, 66.53 W
2026/10/06 22:57:54.475, 0, 98 %, 5433 MiB, 73.19 W
2026/10/06 22:57:54.480, 1, 98 %, 5439 MiB, 69.32 W
2026/10/06 22:58:24.488, 0, 90 %, 5433 MiB, 73.93 W
2026/10/06 22:58:24.496, 1, 91 %, 5439 MiB, 71.10 W
2026/10/06 22:58:54.504, 0, 96 %, 5473 MiB, 62.14 W
2026/10/06 22:58:54.511, 1, 96 %, 5439 MiB, 65.55 W
2026/10/06 22:59:24.525, 0, 96 %, 5473 MiB, 71.77 W
2026/10/06 22:59:24.530, 1, 94 %, 5439 MiB, 65.61 W
2026/10/06 22:59:54.540, 0, 87 %, 5473 MiB, 69.41 W
2026/10/06 22:59:54.545, 1, 90 %, 5439 MiB, 47.55 W
2026/10/06 23:00:24.553, 0, 89 %, 5473 MiB, 69.28 W
2026/10/06 23:00:24.559, 1, 91 %, 5439 MiB, 67.23 W
2026/10/06 23:00:54.568, 0, 97 %, 5473 MiB, 74.71 W
2026/10/06 23:00:54.577, 1, 92 %, 5439 MiB, 63.89 W
2026/10/06 23:01:24.586, 0, 88 %, 5473 MiB, 61.87 W
2026/10/06 23:01:24.590, 1, 93 %, 5439 MiB, 71.78 W
2026/10/06 23:01:54.598, 0, 91 %, 5473 MiB, 65.06 W
2026/10/06 23:01:54.602, 1, 91 %, 5439 MiB, 68.54 W
2026/10/06 23:02:24.613, 0, 89 %, 5473 MiB, 68.79 W
2026/10/06 23:02:24.617, 1, 91 %, 5439 MiB, 72.12 W
2026/10/06 23:02:54.628, 0, 93 %, 5473 MiB, 62.32 W
2026/10/06 23:02:54.633, 1, 92 %, 5439 MiB, 67.48 W
2026/10/06 23:03:24.642, 0, 89 %, 5473 MiB, 75.15 W
2026/10/06 23:03:24.646, 1, 87 %, 5439 MiB, 46.20 W
2026/10/06 23:03:54.661, 0, 90 %, 5473 MiB, 48.04 W
2026/10/06 23:03:54.666, 1, 90 %, 5439 MiB, 66.88 W
2026/10/06 23:04:24.675, 0, 89 %, 5473 MiB, 46.20 W
2026/10/06 23:04:24.681, 1, 90 %, 5439 MiB, 65.22 W
2026/10/06 23:04:54.688, 0, 90 %, 5473 MiB, 70.36 W
2026/10/06 23:04:54.693, 1, 90 %, 5439 MiB, 68.50 W
2026/10/06 23:05:24.705, 0, 90 %, 5473 MiB, 64.57 W
2026/10/06 23:05:24.710, 1, 90 %, 5439 MiB, 65.51 W
2026/10/06 23:05:54.725, 0, 96 %, 5473 MiB, 73.00 W
2026/10/06 23:05:54.729, 1, 91 %, 5439 MiB, 74.08 W
2026/10/06 23:06:24.737, 0, 94 %, 5473 MiB, 67.82 W
2026/10/06 23:06:24.742, 1, 93 %, 5439 MiB, 65.26 W
2026/10/06 23:06:54.756, 0, 90 %, 5473 MiB, 66.56 W
2026/10/06 23:06:54.766, 1, 91 %, 5439 MiB, 71.39 W
2026/10/06 23:07:24.776, 0, 91 %, 5473 MiB, 68.01 W
2026/10/06 23:07:24.781, 1, 94 %, 5439 MiB, 64.36 W
2026/10/06 23:07:54.790, 0, 91 %, 5473 MiB, 69.06 W
2026/10/06 23:07:54.801, 1, 92 %, 5439 MiB, 69.72 W
2026/10/06 23:08:24.809, 0, 95 %, 5473 MiB, 64.47 W
2026/10/06 23:08:24.818, 1, 96 %, 5439 MiB, 69.18 W
2026/10/06 23:08:54.825, 0, 89 %, 5473 MiB, 45.95 W
2026/10/06 23:08:54.830, 1, 88 %, 5439 MiB, 65.59 W
2026/10/06 23:09:24.838, 0, 91 %, 5473 MiB, 68.78 W
2026/10/06 23:09:24.847, 1, 89 %, 5439 MiB, 75.29 W
2026/10/06 23:09:54.858, 0, 96 %, 5473 MiB, 73.09 W
2026/10/06 23:09:54.867, 1, 93 %, 5439 MiB, 69.87 W
2026/10/06 23:10:24.881, 0, 93 %, 5473 MiB, 68.93 W
2026/10/06 23:10:24.886, 1, 94 %, 5439 MiB, 66.39 W
2026/10/06 23:10:54.895, 0, 90 %, 5473 MiB, 75.01 W
2026/10/06 23:10:54.900, 1, 96 %, 5439 MiB, 62.71 W
2026/10/06 23:11:24.909, 0, 96 %, 5473 MiB, 70.55 W
2026/10/06 23:11:24.918, 1, 95 %, 5439 MiB, 63.63 W
2026/10/06 23:11:54.925, 0, 96 %, 5473 MiB, 68.44 W
2026/10/06 23:11:54.930, 1, 94 %, 5439 MiB, 66.73 W
2026/10/06 23:12:24.943, 0, 92 %, 5473 MiB, 68.54 W
2026/10/06 23:12:24.949, 1, 90 %, 5439 MiB, 66.47 W
2026/10/06 23:12:54.956, 0, 96 %, 5473 MiB, 72.85 W
2026/10/06 23:12:54.960, 1, 91 %, 5439 MiB, 50.01 W
2026/10/06 23:13:24.972, 0, 90 %, 5473 MiB, 67.82 W
2026/10/06 23:13:24.983, 1, 91 %, 5439 MiB, 67.06 W
2026/10/06 23:13:54.990, 0, 84 %, 5473 MiB, 58.81 W
2026/10/06 23:13:54.995, 1, 91 %, 5439 MiB, 70.16 W
2026/10/06 23:14:25.003, 0, 91 %, 5473 MiB, 70.21 W
2026/10/06 23:14:25.008, 1, 89 %, 5439 MiB, 69.14 W
2026/10/06 23:14:55.017, 0, 94 %, 5473 MiB, 72.31 W
2026/10/06 23:14:55.021, 1, 92 %, 5439 MiB, 65.94 W
2026/10/06 23:15:25.028, 0, 92 %, 5473 MiB, 70.61 W
2026/10/06 23:15:25.037, 1, 90 %, 5439 MiB, 58.65 W
2026/10/06 23:15:55.045, 0, 90 %, 5473 MiB, 68.25 W
2026/10/06 23:15:55.052, 1, 89 %, 5439 MiB, 65.90 W
2026/10/06 23:16:25.066, 0, 95 %, 5473 MiB, 65.37 W
2026/10/06 23:16:25.070, 1, 94 %, 5439 MiB, 66.57 W
2026/10/06 23:16:55.077, 0, 91 %, 5473 MiB, 66.96 W
2026/10/06 23:16:55.082, 1, 91 %, 5439 MiB, 68.25 W
2026/10/06 23:17:25.091, 0, 91 %, 5473 MiB, 69.32 W
2026/10/06 23:17:25.095, 1, 91 %, 5439 MiB, 65.85 W
2026/10/06 23:17:55.108, 0, 95 %, 5473 MiB, 66.57 W
2026/10/06 23:17:55.116, 1, 94 %, 5439 MiB, 67.31 W
2026/10/06 23:18:25.124, 0, 90 %, 5473 MiB, 71.24 W
2026/10/06 23:18:25.131, 1, 87 %, 5439 MiB, 77.64 W
2026/10/06 23:18:55.140, 0, 96 %, 5473 MiB, 61.38 W
2026/10/06 23:18:55.145, 1, 94 %, 5439 MiB, 71.43 W
2026/10/06 23:19:25.154, 0, 90 %, 5473 MiB, 66.59 W
2026/10/06 23:19:25.168, 1, 92 %, 5439 MiB, 70.39 W
2026/10/06 23:19:55.176, 0, 90 %, 5473 MiB, 56.78 W
2026/10/06 23:19:55.186, 1, 90 %, 5439 MiB, 72.56 W
2026/10/06 23:20:25.193, 0, 92 %, 5473 MiB, 70.79 W
2026/10/06 23:20:25.198, 1, 91 %, 5439 MiB, 71.68 W
2026/10/06 23:20:55.207, 0, 91 %, 5473 MiB, 74.76 W
2026/10/06 23:20:55.219, 1, 98 %, 5439 MiB, 59.85 W
2026/10/06 23:21:25.229, 0, 91 %, 5473 MiB, 65.71 W
2026/10/06 23:21:25.237, 1, 91 %, 5439 MiB, 67.84 W
2026/10/06 23:21:55.246, 0, 94 %, 5473 MiB, 65.79 W
2026/10/06 23:21:55.256, 1, 94 %, 5439 MiB, 71.39 W
2026/10/06 23:22:25.263, 0, 96 %, 5473 MiB, 71.73 W
2026/10/06 23:22:25.268, 1, 91 %, 5439 MiB, 73.60 W
2026/10/06 23:22:55.278, 0, 91 %, 5473 MiB, 72.22 W
2026/10/06 23:22:55.290, 1, 97 %, 5439 MiB, 45.31 W
2026/10/06 23:23:25.297, 0, 93 %, 5473 MiB, 68.95 W
2026/10/06 23:23:25.303, 1, 91 %, 5439 MiB, 46.27 W
2026/10/06 23:23:55.310, 0, 93 %, 5473 MiB, 56.46 W
2026/10/06 23:23:55.315, 1, 95 %, 5449 MiB, 67.96 W
2026/10/06 23:24:25.322, 0, 95 %, 5473 MiB, 62.71 W
2026/10/06 23:24:25.331, 1, 96 %, 5449 MiB, 64.40 W
2026/10/06 23:24:55.338, 0, 90 %, 5473 MiB, 68.29 W
2026/10/06 23:24:55.348, 1, 88 %, 5449 MiB, 65.65 W
2026/10/06 23:25:25.356, 0, 90 %, 5473 MiB, 54.66 W
2026/10/06 23:25:25.367, 1, 98 %, 5449 MiB, 66.68 W
2026/10/06 23:25:55.375, 0, 96 %, 5473 MiB, 78.03 W
2026/10/06 23:25:55.380, 1, 91 %, 5449 MiB, 61.95 W
2026/10/06 23:26:25.394, 0, 91 %, 5473 MiB, 72.12 W
2026/10/06 23:26:25.400, 1, 89 %, 5449 MiB, 51.09 W
2026/10/06 23:26:55.408, 0, 93 %, 5473 MiB, 70.79 W
2026/10/06 23:26:55.413, 1, 91 %, 5449 MiB, 67.04 W
2026/10/06 23:27:25.421, 0, 90 %, 5473 MiB, 61.46 W
2026/10/06 23:27:25.432, 1, 97 %, 5449 MiB, 63.79 W
2026/10/06 23:27:55.449, 0, 90 %, 5473 MiB, 76.37 W
2026/10/06 23:27:55.458, 1, 89 %, 5449 MiB, 64.24 W
2026/10/06 23:28:25.468, 0, 96 %, 5473 MiB, 73.39 W
2026/10/06 23:28:25.477, 1, 90 %, 5449 MiB, 66.98 W
2026/10/06 23:28:55.485, 0, 93 %, 5473 MiB, 76.51 W
2026/10/06 23:28:55.496, 1, 90 %, 5449 MiB, 60.93 W
2026/10/06 23:29:25.503, 0, 89 %, 5473 MiB, 68.54 W
2026/10/06 23:29:25.513, 1, 92 %, 5449 MiB, 66.86 W
2026/10/06 23:29:55.521, 0, 92 %, 5473 MiB, 64.32 W
2026/10/06 23:29:55.533, 1, 90 %, 5449 MiB, 68.68 W
2026/10/06 23:30:25.540, 0, 94 %, 5473 MiB, 70.25 W
2026/10/06 23:30:25.546, 1, 89 %, 5449 MiB, 72.65 W
2026/10/06 23:30:55.555, 0, 91 %, 5473 MiB, 66.63 W
2026/10/06 23:30:55.564, 1, 89 %, 5449 MiB, 71.08 W
2026/10/06 23:31:25.573, 0, 92 %, 5473 MiB, 69.77 W
2026/10/06 23:31:25.582, 1, 91 %, 5449 MiB, 70.64 W
2026/10/06 23:31:55.590, 0, 89 %, 5473 MiB, 72.22 W
2026/10/06 23:31:55.596, 1, 91 %, 5449 MiB, 68.24 W
2026/10/06 23:32:25.604, 0, 91 %, 5473 MiB, 68.44 W
2026/10/06 23:32:25.609, 1, 89 %, 5449 MiB, 69.52 W
2026/10/06 23:32:55.618, 0, 92 %, 5473 MiB, 71.68 W
2026/10/06 23:32:55.624, 1, 93 %, 5449 MiB, 66.00 W
2026/10/06 23:33:25.635, 0, 93 %, 5473 MiB, 63.10 W
2026/10/06 23:33:25.640, 1, 92 %, 5449 MiB, 56.20 W
2026/10/06 23:33:55.647, 0, 89 %, 5473 MiB, 72.17 W
2026/10/06 23:33:55.652, 1, 92 %, 5449 MiB, 70.06 W
2026/10/06 23:34:25.661, 0, 89 %, 5473 MiB, 71.63 W
2026/10/06 23:34:25.667, 1, 95 %, 5449 MiB, 71.48 W
2026/10/06 23:34:55.675, 0, 90 %, 5473 MiB, 72.27 W
2026/10/06 23:34:55.683, 1, 91 %, 5449 MiB, 65.75 W
2026/10/06 23:35:25.691, 0, 93 %, 5473 MiB, 66.71 W
2026/10/06 23:35:25.700, 1, 91 %, 5449 MiB, 50.83 W
2026/10/06 23:35:55.712, 0, 93 %, 5473 MiB, 72.27 W
2026/10/06 23:35:55.722, 1, 92 %, 5449 MiB, 75.25 W
2026/10/06 23:36:25.729, 0, 97 %, 5473 MiB, 66.43 W
2026/10/06 23:36:25.734, 1, 91 %, 5449 MiB, 62.46 W
2026/10/06 23:36:55.741, 0, 94 %, 5473 MiB, 69.76 W
2026/10/06 23:36:55.753, 1, 93 %, 5449 MiB, 60.83 W
2026/10/06 23:37:25.760, 0, 89 %, 5473 MiB, 78.03 W
2026/10/06 23:37:25.768, 1, 91 %, 5449 MiB, 70.46 W
2026/10/06 23:37:55.775, 0, 90 %, 5473 MiB, 68.79 W
2026/10/06 23:37:55.781, 1, 89 %, 5449 MiB, 69.13 W
2026/10/06 23:38:25.788, 0, 93 %, 5473 MiB, 68.64 W
2026/10/06 23:38:25.798, 1, 89 %, 5449 MiB, 67.65 W
2026/10/06 23:38:55.810, 0, 89 %, 5473 MiB, 68.14 W
2026/10/06 23:38:55.820, 1, 90 %, 5449 MiB, 65.32 W
2026/10/06 23:39:25.832, 0, 91 %, 5473 MiB, 58.06 W
2026/10/06 23:39:25.838, 1, 96 %, 5449 MiB, 52.04 W
2026/10/06 23:39:55.850, 0, 88 %, 5473 MiB, 75.59 W
2026/10/06 23:39:55.855, 1, 90 %, 5449 MiB, 73.63 W
2026/10/06 23:40:25.866, 0, 86 %, 5473 MiB, 68.39 W
2026/10/06 23:40:25.876, 1, 90 %, 5449 MiB, 62.20 W
2026/10/06 23:40:55.889, 0, 91 %, 5473 MiB, 67.91 W
2026/10/06 23:40:55.894, 1, 90 %, 5449 MiB, 72.06 W
2026/10/06 23:41:25.902, 0, 90 %, 5473 MiB, 54.30 W
2026/10/06 23:41:25.909, 1, 91 %, 5449 MiB, 44.46 W
2026/10/06 23:41:55.917, 0, 89 %, 5473 MiB, 52.24 W
2026/10/06 23:41:55.926, 1, 91 %, 5449 MiB, 44.92 W
2026/10/06 23:42:25.934, 0, 90 %, 5473 MiB, 70.02 W
2026/10/06 23:42:25.939, 1, 94 %, 5449 MiB, 62.24 W
2026/10/06 23:42:55.946, 0, 89 %, 5473 MiB, 69.86 W
2026/10/06 23:42:55.951, 1, 90 %, 5449 MiB, 71.38 W
2026/10/06 23:43:25.958, 0, 87 %, 5473 MiB, 69.18 W
2026/10/06 23:43:25.964, 1, 91 %, 5449 MiB, 74.32 W
2026/10/06 23:43:55.972, 0, 95 %, 5473 MiB, 71.97 W
2026/10/06 23:43:55.978, 1, 91 %, 5449 MiB, 68.63 W
2026/10/06 23:44:25.986, 0, 97 %, 5473 MiB, 66.51 W
2026/10/06 23:44:25.996, 1, 90 %, 5449 MiB, 65.89 W
2026/10/06 23:44:56.003, 0, 89 %, 5473 MiB, 66.73 W
2026/10/06 23:44:56.008, 1, 92 %, 5449 MiB, 74.23 W
2026/10/06 23:45:26.017, 0, 94 %, 5473 MiB, 54.36 W
2026/10/06 23:45:26.025, 1, 97 %, 5449 MiB, 59.63 W
2026/10/06 23:45:56.037, 0, 97 %, 5473 MiB, 47.38 W
2026/10/06 23:45:56.042, 1, 37 %, 5449 MiB, 38.89 W
2026/10/06 23:46:26.049, 0, 96 %, 5473 MiB, 73.33 W
2026/10/06 23:46:26.058, 1, 89 %, 5449 MiB, 60.67 W
2026/10/06 23:46:56.066, 0, 97 %, 5473 MiB, 67.70 W
2026/10/06 23:46:56.071, 1, 92 %, 5449 MiB, 64.06 W
2026/10/06 23:47:26.086, 0, 97 %, 5473 MiB, 73.29 W
2026/10/06 23:47:26.097, 1, 94 %, 5449 MiB, 49.42 W
2026/10/06 23:47:56.110, 0, 89 %, 5473 MiB, 54.59 W
2026/10/06 23:47:56.116, 1, 91 %, 5449 MiB, 69.47 W
2026/10/06 23:48:26.124, 0, 96 %, 5473 MiB, 77.10 W
2026/10/06 23:48:26.140, 1, 92 %, 5449 MiB, 65.94 W
2026/10/06 23:48:56.152, 0, 90 %, 5473 MiB, 66.29 W
2026/10/06 23:48:56.161, 1, 93 %, 5449 MiB, 55.94 W
2026/10/06 23:49:26.169, 0, 93 %, 5473 MiB, 59.14 W
2026/10/06 23:49:26.176, 1, 94 %, 5449 MiB, 61.77 W
2026/10/06 23:49:56.184, 0, 95 %, 5473 MiB, 66.53 W
2026/10/06 23:49:56.188, 1, 91 %, 5449 MiB, 68.25 W
2026/10/06 23:50:26.196, 0, 97 %, 5473 MiB, 67.27 W
2026/10/06 23:50:26.206, 1, 92 %, 5449 MiB, 50.96 W
2026/10/06 23:50:56.213, 0, 0 %, 5473 MiB, 36.25 W
2026/10/06 23:50:56.217, 1, 100 %, 5449 MiB, 47.58 W
2026/10/06 23:51:26.223, 0, 93 %, 5473 MiB, 65.45 W
2026/10/06 23:51:26.229, 1, 93 %, 5449 MiB, 72.16 W
2026/10/06 23:51:56.241, 0, 97 %, 5473 MiB, 67.57 W
2026/10/06 23:51:56.252, 1, 90 %, 5449 MiB, 67.66 W
2026/10/06 23:52:26.261, 0, 91 %, 5473 MiB, 67.61 W
2026/10/06 23:52:26.266, 1, 90 %, 5449 MiB, 65.22 W
2026/10/06 23:52:56.275, 0, 92 %, 5473 MiB, 49.81 W
2026/10/06 23:52:56.285, 1, 90 %, 5449 MiB, 78.71 W
2026/10/06 23:53:26.294, 0, 97 %, 5473 MiB, 46.00 W
2026/10/06 23:53:26.301, 1, 91 %, 5449 MiB, 72.71 W
2026/10/06 23:53:56.309, 0, 90 %, 5473 MiB, 69.23 W
2026/10/06 23:53:56.315, 1, 94 %, 5449 MiB, 66.53 W
2026/10/06 23:54:26.322, 0, 93 %, 5473 MiB, 67.57 W
2026/10/06 23:54:26.327, 1, 96 %, 5449 MiB, 68.05 W
2026/10/06 23:54:56.336, 0, 91 %, 5473 MiB, 72.21 W
2026/10/06 23:54:56.340, 1, 95 %, 5449 MiB, 64.91 W
2026/10/06 23:55:26.347, 0, 90 %, 5475 MiB, 66.88 W
2026/10/06 23:55:26.352, 1, 93 %, 5449 MiB, 65.51 W
2026/10/06 23:55:56.365, 0, 94 %, 5475 MiB, 66.25 W
2026/10/06 23:55:56.369, 1, 90 %, 5449 MiB, 73.59 W
2026/10/06 23:56:26.379, 0, 92 %, 5475 MiB, 73.78 W
2026/10/06 23:56:26.384, 1, 93 %, 5449 MiB, 68.75 W
2026/10/06 23:56:56.398, 0, 91 %, 5475 MiB, 71.53 W
2026/10/06 23:56:56.403, 1, 93 %, 5449 MiB, 66.96 W
2026/10/06 23:57:26.416, 0, 96 %, 5475 MiB, 77.20 W
2026/10/06 23:57:26.424, 1, 90 %, 5449 MiB, 63.48 W
2026/10/06 23:57:56.433, 0, 97 %, 5475 MiB, 68.31 W
2026/10/06 23:57:56.441, 1, 92 %, 5449 MiB, 76.03 W
2026/10/06 23:58:26.449, 0, 92 %, 5475 MiB, 67.37 W
2026/10/06 23:58:26.454, 1, 96 %, 5449 MiB, 67.04 W
2026/10/06 23:58:56.462, 0, 88 %, 5475 MiB, 57.96 W
2026/10/06 23:58:56.468, 1, 93 %, 5449 MiB, 46.49 W
2026/10/06 23:59:26.485, 0, 89 %, 5475 MiB, 68.82 W
2026/10/06 23:59:26.489, 1, 91 %, 5449 MiB, 53.81 W
2026/10/06 23:59:56.496, 0, 92 %, 5475 MiB, 67.31 W
2026/10/06 23:59:56.501, 1, 88 %, 5449 MiB, 62.79 W
2026/10/07 00:00:26.508, 0, 93 %, 5475 MiB, 67.12 W
2026/10/07 00:00:26.513, 1, 92 %, 5449 MiB, 63.63 W
2026/10/07 00:00:56.526, 0, 91 %, 5475 MiB, 73.00 W
2026/10/07 00:00:56.535, 1, 93 %, 5449 MiB, 74.07 W
2026/10/07 00:01:26.548, 0, 90 %, 5475 MiB, 70.65 W
2026/10/07 00:01:26.553, 1, 91 %, 5449 MiB, 68.93 W
2026/10/07 00:01:56.562, 0, 93 %, 5475 MiB, 71.53 W
2026/10/07 00:01:56.567, 1, 94 %, 5451 MiB, 71.53 W
2026/10/07 00:02:26.575, 0, 89 %, 5475 MiB, 56.33 W
2026/10/07 00:02:26.581, 1, 89 %, 5451 MiB, 67.41 W
2026/10/07 00:02:56.592, 0, 90 %, 5475 MiB, 67.91 W
2026/10/07 00:02:56.607, 1, 91 %, 5451 MiB, 67.52 W
2026/10/07 00:03:26.616, 0, 94 %, 5475 MiB, 72.85 W
2026/10/07 00:03:26.623, 1, 98 %, 5451 MiB, 71.04 W
2026/10/07 00:03:56.632, 0, 97 %, 5475 MiB, 49.05 W
2026/10/07 00:03:56.641, 1, 92 %, 5451 MiB, 61.81 W
2026/10/07 00:04:26.649, 0, 90 %, 5475 MiB, 64.03 W
2026/10/07 00:04:26.659, 1, 95 %, 5451 MiB, 68.07 W
2026/10/07 00:04:56.671, 0, 91 %, 5475 MiB, 69.45 W
2026/10/07 00:04:56.677, 1, 91 %, 5451 MiB, 69.38 W
2026/10/07 00:05:26.692, 0, 87 %, 5475 MiB, 67.09 W
2026/10/07 00:05:26.697, 1, 91 %, 5451 MiB, 47.84 W
2026/10/07 00:05:56.712, 0, 91 %, 5475 MiB, 54.07 W
2026/10/07 00:05:56.720, 1, 91 %, 5451 MiB, 72.36 W
2026/10/07 00:06:26.728, 0, 89 %, 5475 MiB, 67.61 W
2026/10/07 00:06:26.733, 1, 94 %, 5451 MiB, 68.10 W
2026/10/07 00:06:56.742, 0, 94 %, 5475 MiB, 71.83 W
2026/10/07 00:06:56.748, 1, 96 %, 5451 MiB, 70.13 W
2026/10/07 00:07:26.761, 0, 89 %, 5475 MiB, 72.90 W
2026/10/07 00:07:26.765, 1, 90 %, 5451 MiB, 68.98 W
2026/10/07 00:07:56.774, 0, 91 %, 5475 MiB, 68.75 W
2026/10/07 00:07:56.780, 1, 92 %, 5451 MiB, 54.07 W
2026/10/07 00:08:26.800, 0, 91 %, 5475 MiB, 69.43 W
2026/10/07 00:08:26.806, 1, 90 %, 5451 MiB, 63.10 W
2026/10/07 00:08:56.816, 0, 97 %, 5475 MiB, 71.82 W
2026/10/07 00:08:56.821, 1, 96 %, 5451 MiB, 57.53 W
2026/10/07 00:09:26.829, 0, 89 %, 5475 MiB, 66.74 W
2026/10/07 00:09:26.835, 1, 92 %, 5451 MiB, 72.27 W
2026/10/07 00:09:56.846, 0, 96 %, 5475 MiB, 73.58 W
2026/10/07 00:09:56.850, 1, 90 %, 5451 MiB, 69.18 W
2026/10/07 00:10:26.858, 0, 93 %, 5475 MiB, 71.33 W
2026/10/07 00:10:26.865, 1, 91 %, 5451 MiB, 67.33 W
2026/10/07 00:10:56.879, 0, 94 %, 5475 MiB, 61.91 W
2026/10/07 00:10:56.892, 1, 90 %, 5451 MiB, 69.81 W
2026/10/07 00:11:26.902, 0, 90 %, 5475 MiB, 65.49 W
2026/10/07 00:11:26.907, 1, 98 %, 5451 MiB, 52.47 W
2026/10/07 00:11:56.917, 0, 92 %, 5475 MiB, 69.03 W
2026/10/07 00:11:56.923, 1, 97 %, 5451 MiB, 45.71 W
2026/10/07 00:12:26.938, 0, 90 %, 5475 MiB, 68.93 W
2026/10/07 00:12:26.945, 1, 97 %, 5451 MiB, 48.27 W
2026/10/07 00:12:56.952, 0, 89 %, 5475 MiB, 75.74 W
2026/10/07 00:12:56.958, 1, 89 %, 5451 MiB, 76.81 W
2026/10/07 00:13:26.968, 0, 92 %, 5475 MiB, 62.56 W
2026/10/07 00:13:26.972, 1, 98 %, 5451 MiB, 54.13 W
2026/10/07 00:13:56.982, 0, 90 %, 5475 MiB, 72.80 W
2026/10/07 00:13:56.988, 1, 89 %, 5451 MiB, 76.03 W
2026/10/07 00:14:26.995, 0, 96 %, 5475 MiB, 66.73 W
2026/10/07 00:14:27.000, 1, 95 %, 5451 MiB, 67.70 W
2026/10/07 00:14:57.008, 0, 60 %, 5475 MiB, 41.43 W
2026/10/07 00:14:57.012, 1, 100 %, 5451 MiB, 47.67 W
2026/10/07 00:15:27.019, 0, 95 %, 5475 MiB, 66.18 W
2026/10/07 00:15:27.023, 1, 90 %, 5451 MiB, 66.49 W
2026/10/07 00:15:57.031, 0, 90 %, 5475 MiB, 68.01 W
2026/10/07 00:15:57.037, 1, 90 %, 5451 MiB, 66.68 W
2026/10/07 00:16:27.045, 0, 93 %, 5475 MiB, 73.09 W
2026/10/07 00:16:27.050, 1, 94 %, 5451 MiB, 71.53 W
2026/10/07 00:16:57.065, 0, 90 %, 5475 MiB, 67.17 W
2026/10/07 00:16:57.070, 1, 91 %, 5451 MiB, 66.63 W
2026/10/07 00:17:27.077, 0, 97 %, 5475 MiB, 67.35 W
2026/10/07 00:17:27.089, 1, 92 %, 5451 MiB, 74.42 W
2026/10/07 00:17:57.096, 0, 87 %, 5475 MiB, 54.13 W
2026/10/07 00:17:57.100, 1, 89 %, 5451 MiB, 65.44 W
2026/10/07 00:18:27.109, 0, 87 %, 5475 MiB, 71.96 W
2026/10/07 00:18:27.116, 1, 93 %, 5451 MiB, 72.85 W
2026/10/07 00:18:57.126, 0, 88 %, 5475 MiB, 73.59 W
2026/10/07 00:18:57.134, 1, 91 %, 5451 MiB, 74.71 W
2026/10/07 00:19:27.142, 0, 86 %, 5475 MiB, 66.24 W
2026/10/07 00:19:27.151, 1, 90 %, 5451 MiB, 65.90 W
2026/10/07 00:19:57.163, 0, 91 %, 5475 MiB, 68.88 W
2026/10/07 00:19:57.167, 1, 93 %, 5451 MiB, 67.75 W
2026/10/07 00:20:27.175, 0, 93 %, 5475 MiB, 71.53 W
2026/10/07 00:20:27.188, 1, 93 %, 5451 MiB, 49.12 W
2026/10/07 00:20:57.207, 0, 89 %, 5475 MiB, 71.53 W
2026/10/07 00:20:57.212, 1, 90 %, 5451 MiB, 70.71 W
2026/10/07 00:21:27.222, 0, 90 %, 5475 MiB, 68.05 W
2026/10/07 00:21:27.231, 1, 90 %, 5451 MiB, 65.98 W
2026/10/07 00:21:57.239, 0, 91 %, 5475 MiB, 66.20 W
2026/10/07 00:21:57.244, 1, 91 %, 5451 MiB, 74.86 W
2026/10/07 00:22:27.253, 0, 89 %, 5475 MiB, 69.67 W
2026/10/07 00:22:27.262, 1, 90 %, 5451 MiB, 67.33 W
2026/10/07 00:22:57.270, 0, 90 %, 5475 MiB, 65.47 W
2026/10/07 00:22:57.275, 1, 89 %, 5451 MiB, 61.55 W
2026/10/07 00:23:27.282, 0, 95 %, 5475 MiB, 65.45 W
2026/10/07 00:23:27.286, 1, 94 %, 5451 MiB, 69.20 W
2026/10/07 00:23:57.294, 0, 91 %, 5475 MiB, 68.10 W
2026/10/07 00:23:57.302, 1, 92 %, 5451 MiB, 65.16 W
2026/10/07 00:24:27.314, 0, 91 %, 5475 MiB, 72.02 W
2026/10/07 00:24:27.320, 1, 97 %, 5451 MiB, 70.51 W
2026/10/07 00:24:57.332, 0, 90 %, 5475 MiB, 78.08 W
2026/10/07 00:24:57.338, 1, 90 %, 5451 MiB, 76.91 W
2026/10/07 00:25:27.345, 0, 92 %, 5475 MiB, 67.90 W
2026/10/07 00:25:27.350, 1, 95 %, 5451 MiB, 67.47 W
2026/10/07 00:25:57.362, 0, 97 %, 5475 MiB, 70.55 W
2026/10/07 00:25:57.367, 1, 95 %, 5451 MiB, 68.00 W
2026/10/07 00:26:27.375, 0, 90 %, 5475 MiB, 76.66 W
2026/10/07 00:26:27.387, 1, 91 %, 5451 MiB, 50.99 W
2026/10/07 00:26:57.395, 0, 96 %, 5475 MiB, 67.12 W
2026/10/07 00:26:57.400, 1, 92 %, 5451 MiB, 71.53 W
2026/10/07 00:27:27.408, 0, 95 %, 5475 MiB, 67.76 W
2026/10/07 00:27:27.414, 1, 93 %, 5451 MiB, 68.88 W
2026/10/07 00:27:57.423, 0, 91 %, 5475 MiB, 68.31 W
2026/10/07 00:27:57.434, 1, 91 %, 5451 MiB, 67.21 W
2026/10/07 00:28:27.442, 0, 96 %, 5475 MiB, 65.40 W
2026/10/07 00:28:27.446, 1, 95 %, 5451 MiB, 70.16 W
2026/10/07 00:28:57.454, 0, 90 %, 5475 MiB, 57.34 W
2026/10/07 00:28:57.462, 1, 91 %, 5451 MiB, 58.45 W
2026/10/07 00:29:27.470, 0, 89 %, 5475 MiB, 63.99 W
2026/10/07 00:29:27.475, 1, 88 %, 5451 MiB, 64.51 W
2026/10/07 00:29:57.483, 0, 95 %, 5475 MiB, 75.44 W
2026/10/07 00:29:57.489, 1, 94 %, 5451 MiB, 74.66 W
2026/10/07 00:30:27.498, 0, 91 %, 5475 MiB, 70.46 W
2026/10/07 00:30:27.504, 1, 90 %, 5451 MiB, 67.47 W
2026/10/07 00:30:57.512, 0, 90 %, 5475 MiB, 66.84 W
2026/10/07 00:30:57.517, 1, 91 %, 5451 MiB, 67.90 W
2026/10/07 00:31:27.524, 0, 90 %, 5475 MiB, 69.41 W
2026/10/07 00:31:27.536, 1, 88 %, 5451 MiB, 53.87 W
2026/10/07 00:31:57.547, 0, 92 %, 5475 MiB, 69.09 W
2026/10/07 00:31:57.553, 1, 92 %, 5451 MiB, 67.76 W
2026/10/07 00:32:27.569, 0, 93 %, 5475 MiB, 68.29 W
2026/10/07 00:32:27.575, 1, 90 %, 5451 MiB, 64.83 W
2026/10/07 00:32:57.583, 0, 90 %, 5475 MiB, 66.33 W
2026/10/07 00:32:57.587, 1, 90 %, 5451 MiB, 74.27 W
2026/10/07 00:33:27.594, 0, 96 %, 5475 MiB, 75.24 W
2026/10/07 00:33:27.598, 1, 97 %, 5451 MiB, 66.24 W
2026/10/07 00:33:57.613, 0, 87 %, 5475 MiB, 48.14 W
2026/10/07 00:33:57.618, 1, 88 %, 5451 MiB, 55.15 W
2026/10/07 00:34:27.631, 0, 90 %, 5475 MiB, 66.96 W
2026/10/07 00:34:27.635, 1, 91 %, 5451 MiB, 52.27 W
2026/10/07 00:34:57.644, 0, 96 %, 5475 MiB, 62.99 W
2026/10/07 00:34:57.649, 1, 96 %, 5451 MiB, 74.90 W
2026/10/07 00:35:27.658, 0, 89 %, 5475 MiB, 67.33 W
2026/10/07 00:35:27.667, 1, 90 %, 5451 MiB, 74.22 W
2026/10/07 00:35:57.675, 0, 89 %, 5475 MiB, 76.96 W
2026/10/07 00:35:57.683, 1, 91 %, 5451 MiB, 67.31 W
2026/10/07 00:36:27.691, 0, 94 %, 5475 MiB, 71.58 W
2026/10/07 00:36:27.697, 1, 94 %, 5451 MiB, 69.91 W
2026/10/07 00:36:57.705, 0, 91 %, 5475 MiB, 67.80 W
2026/10/07 00:36:57.715, 1, 91 %, 5451 MiB, 54.27 W
2026/10/07 00:37:27.723, 0, 93 %, 5475 MiB, 66.92 W
2026/10/07 00:37:27.732, 1, 91 %, 5451 MiB, 69.07 W
2026/10/07 00:37:57.740, 0, 91 %, 5475 MiB, 63.95 W
2026/10/07 00:37:57.746, 1, 94 %, 5451 MiB, 71.92 W
2026/10/07 00:38:27.759, 0, 90 %, 5475 MiB, 72.91 W
2026/10/07 00:38:27.764, 1, 89 %, 5451 MiB, 65.98 W
2026/10/07 00:38:57.779, 0, 90 %, 5475 MiB, 78.22 W
2026/10/07 00:38:57.785, 1, 90 %, 5451 MiB, 76.42 W
2026/10/07 00:39:27.793, 0, 94 %, 5475 MiB, 68.68 W
2026/10/07 00:39:27.799, 1, 94 %, 5451 MiB, 65.00 W
2026/10/07 00:39:57.808, 0, 93 %, 5475 MiB, 66.92 W
2026/10/07 00:39:57.815, 1, 92 %, 5451 MiB, 67.96 W
2026/10/07 00:40:27.823, 0, 92 %, 5475 MiB, 73.20 W
2026/10/07 00:40:27.828, 1, 88 %, 5451 MiB, 67.61 W
2026/10/07 00:40:57.836, 0, 90 %, 5475 MiB, 69.13 W
2026/10/07 00:40:57.845, 1, 91 %, 5451 MiB, 59.69 W
2026/10/07 00:41:27.852, 0, 93 %, 5475 MiB, 74.96 W
2026/10/07 00:41:27.861, 1, 91 %, 5451 MiB, 62.50 W
2026/10/07 00:41:57.869, 0, 90 %, 5475 MiB, 64.67 W
2026/10/07 00:41:57.876, 1, 89 %, 5451 MiB, 67.66 W
2026/10/07 00:42:27.888, 0, 96 %, 5475 MiB, 75.83 W
2026/10/07 00:42:27.893, 1, 91 %, 5451 MiB, 70.80 W
2026/10/07 00:42:57.902, 0, 93 %, 5475 MiB, 71.53 W
2026/10/07 00:42:57.907, 1, 91 %, 5451 MiB, 64.26 W
2026/10/07 00:43:27.914, 0, 91 %, 5475 MiB, 67.94 W
2026/10/07 00:43:27.919, 1, 90 %, 5451 MiB, 64.57 W
2026/10/07 00:43:57.927, 0, 94 %, 5475 MiB, 65.32 W
2026/10/07 00:43:57.931, 1, 91 %, 5451 MiB, 70.74 W
2026/10/07 00:44:27.940, 0, 89 %, 5475 MiB, 71.39 W
2026/10/07 00:44:27.948, 1, 85 %, 5451 MiB, 73.93 W
2026/10/07 00:44:57.961, 0, 91 %, 5475 MiB, 71.68 W
2026/10/07 00:44:57.966, 1, 91 %, 5451 MiB, 56.33 W
2026/10/07 00:45:27.975, 0, 96 %, 5475 MiB, 69.81 W
2026/10/07 00:45:27.981, 1, 93 %, 5451 MiB, 77.79 W
2026/10/07 00:45:57.988, 0, 87 %, 5475 MiB, 79.59 W
2026/10/07 00:45:57.993, 1, 90 %, 5451 MiB, 77.39 W
2026/10/07 00:46:28.001, 0, 93 %, 5475 MiB, 71.19 W
2026/10/07 00:46:28.007, 1, 92 %, 5451 MiB, 71.91 W
2026/10/07 00:46:58.017, 0, 91 %, 5475 MiB, 72.41 W
2026/10/07 00:46:58.021, 1, 88 %, 5451 MiB, 73.68 W
2026/10/07 00:47:28.029, 0, 91 %, 5475 MiB, 67.72 W
2026/10/07 00:47:28.037, 1, 91 %, 5451 MiB, 65.90 W
2026/10/07 00:47:58.045, 0, 91 %, 5475 MiB, 70.06 W
2026/10/07 00:47:58.055, 1, 89 %, 5451 MiB, 68.21 W
2026/10/07 00:48:28.069, 0, 91 %, 5475 MiB, 48.43 W
2026/10/07 00:48:28.074, 1, 97 %, 5451 MiB, 57.11 W
2026/10/07 00:48:58.082, 0, 89 %, 5475 MiB, 66.43 W
2026/10/07 00:48:58.087, 1, 90 %, 5451 MiB, 68.35 W
2026/10/07 00:49:28.095, 0, 89 %, 5475 MiB, 77.30 W
2026/10/07 00:49:28.099, 1, 91 %, 5451 MiB, 74.90 W
2026/10/07 00:49:58.107, 0, 90 %, 5475 MiB, 69.87 W
2026/10/07 00:49:58.115, 1, 91 %, 5451 MiB, 74.07 W
2026/10/07 00:50:28.123, 0, 93 %, 5475 MiB, 65.96 W
2026/10/07 00:50:28.134, 1, 91 %, 5451 MiB, 69.51 W
2026/10/07 00:50:58.141, 0, 95 %, 5475 MiB, 62.20 W
2026/10/07 00:50:58.152, 1, 93 %, 5451 MiB, 68.84 W
2026/10/07 00:51:28.160, 0, 93 %, 5475 MiB, 65.79 W
2026/10/07 00:51:28.165, 1, 90 %, 5451 MiB, 67.65 W
2026/10/07 00:51:58.175, 0, 94 %, 5475 MiB, 69.56 W
2026/10/07 00:51:58.180, 1, 96 %, 5451 MiB, 69.32 W
2026/10/07 00:52:28.188, 0, 94 %, 5475 MiB, 67.86 W
2026/10/07 00:52:28.192, 1, 95 %, 5451 MiB, 57.30 W
2026/10/07 00:52:58.200, 0, 90 %, 5475 MiB, 67.08 W
2026/10/07 00:52:58.207, 1, 91 %, 5451 MiB, 55.67 W
2026/10/07 00:53:28.218, 0, 98 %, 5475 MiB, 72.02 W
2026/10/07 00:53:28.223, 1, 91 %, 5451 MiB, 70.51 W
2026/10/07 00:53:58.231, 0, 93 %, 5475 MiB, 71.77 W
2026/10/07 00:53:58.235, 1, 92 %, 5451 MiB, 73.83 W
2026/10/07 00:54:28.248, 0, 97 %, 5475 MiB, 71.38 W
2026/10/07 00:54:28.254, 1, 91 %, 5451 MiB, 66.38 W
2026/10/07 00:54:58.261, 0, 98 %, 5475 MiB, 67.57 W
2026/10/07 00:54:58.271, 1, 92 %, 5451 MiB, 66.67 W
2026/10/07 00:55:28.285, 0, 89 %, 5475 MiB, 51.87 W
2026/10/07 00:55:28.290, 1, 92 %, 5451 MiB, 56.07 W
2026/10/07 00:55:58.307, 0, 95 %, 5475 MiB, 73.24 W
2026/10/07 00:55:58.312, 1, 89 %, 5451 MiB, 64.03 W
2026/10/07 00:56:28.319, 0, 98 %, 5475 MiB, 72.75 W
2026/10/07 00:56:28.323, 1, 92 %, 5451 MiB, 63.20 W
2026/10/07 00:56:58.330, 0, 91 %, 5475 MiB, 68.05 W
2026/10/07 00:56:58.341, 1, 97 %, 5451 MiB, 63.56 W
2026/10/07 00:57:28.352, 0, 89 %, 5475 MiB, 46.79 W
2026/10/07 00:57:28.356, 1, 91 %, 5451 MiB, 70.75 W
2026/10/07 00:57:58.368, 0, 92 %, 5475 MiB, 68.25 W
2026/10/07 00:57:58.379, 1, 91 %, 5451 MiB, 72.17 W
2026/10/07 00:58:28.387, 0, 90 %, 5475 MiB, 74.66 W
2026/10/07 00:58:28.396, 1, 90 %, 5451 MiB, 66.33 W
2026/10/07 00:58:58.403, 0, 88 %, 5475 MiB, 69.57 W
2026/10/07 00:58:58.409, 1, 94 %, 5451 MiB, 62.75 W
2026/10/07 00:59:28.420, 0, 91 %, 5475 MiB, 50.01 W
2026/10/07 00:59:28.427, 1, 92 %, 5451 MiB, 75.29 W
2026/10/07 00:59:58.435, 0, 88 %, 5475 MiB, 60.12 W
2026/10/07 00:59:58.447, 1, 90 %, 5451 MiB, 73.19 W
2026/10/07 01:00:28.457, 0, 90 %, 5475 MiB, 71.43 W
2026/10/07 01:00:28.464, 1, 92 %, 5451 MiB, 52.40 W
2026/10/07 01:00:58.472, 0, 88 %, 5475 MiB, 69.67 W
2026/10/07 01:00:58.477, 1, 91 %, 5451 MiB, 67.76 W
2026/10/07 01:01:28.486, 0, 93 %, 5475 MiB, 67.37 W
2026/10/07 01:01:28.491, 1, 91 %, 5451 MiB, 59.33 W
2026/10/07 01:01:58.499, 0, 90 %, 5475 MiB, 72.71 W
2026/10/07 01:01:58.504, 1, 94 %, 5451 MiB, 63.08 W
2026/10/07 01:02:28.511, 0, 95 %, 5475 MiB, 66.82 W
2026/10/07 01:02:28.525, 1, 90 %, 5451 MiB, 62.01 W
2026/10/07 01:02:58.538, 0, 96 %, 5475 MiB, 69.42 W
2026/10/07 01:02:58.542, 1, 91 %, 5451 MiB, 67.51 W
2026/10/07 01:03:28.550, 0, 89 %, 5475 MiB, 76.71 W
2026/10/07 01:03:28.556, 1, 90 %, 5451 MiB, 68.49 W
2026/10/07 01:03:58.563, 0, 93 %, 5475 MiB, 68.39 W
2026/10/07 01:03:58.568, 1, 92 %, 5451 MiB, 73.00 W
2026/10/07 01:04:28.574, 0, 100 %, 5475 MiB, 48.33 W
2026/10/07 01:04:28.578, 1, 0 %, 5451 MiB, 41.72 W
2026/10/07 01:04:58.584, 0, 93 %, 5475 MiB, 63.97 W
2026/10/07 01:04:58.595, 1, 95 %, 5451 MiB, 69.37 W
2026/10/07 01:05:28.604, 0, 92 %, 5475 MiB, 68.74 W
2026/10/07 01:05:28.608, 1, 93 %, 5451 MiB, 65.49 W
2026/10/07 01:05:58.617, 0, 89 %, 5475 MiB, 69.57 W
2026/10/07 01:05:58.623, 1, 92 %, 5451 MiB, 67.96 W
2026/10/07 01:06:28.632, 0, 93 %, 5475 MiB, 72.71 W
2026/10/07 01:06:28.639, 1, 92 %, 5451 MiB, 60.70 W
2026/10/07 01:06:58.652, 0, 92 %, 5475 MiB, 66.24 W
2026/10/07 01:06:58.656, 1, 92 %, 5451 MiB, 69.77 W
2026/10/07 01:07:28.672, 0, 93 %, 5475 MiB, 67.08 W
2026/10/07 01:07:28.677, 1, 94 %, 5451 MiB, 72.51 W
2026/10/07 01:07:58.685, 0, 92 %, 5475 MiB, 71.87 W
2026/10/07 01:07:58.694, 1, 89 %, 5451 MiB, 75.74 W
2026/10/07 01:08:28.703, 0, 94 %, 5475 MiB, 59.17 W
2026/10/07 01:08:28.708, 1, 90 %, 5451 MiB, 70.36 W
2026/10/07 01:08:58.715, 0, 89 %, 5475 MiB, 69.17 W
2026/10/07 01:08:58.720, 1, 88 %, 5451 MiB, 77.20 W
2026/10/07 01:09:28.728, 0, 93 %, 5475 MiB, 67.23 W
2026/10/07 01:09:28.732, 1, 92 %, 5451 MiB, 65.98 W
2026/10/07 01:09:58.740, 0, 93 %, 5475 MiB, 68.35 W
2026/10/07 01:09:58.745, 1, 91 %, 5451 MiB, 65.73 W
2026/10/07 01:10:28.754, 0, 89 %, 5475 MiB, 71.63 W
2026/10/07 01:10:28.762, 1, 93 %, 5451 MiB, 52.83 W
2026/10/07 01:10:58.770, 0, 89 %, 5475 MiB, 54.76 W
2026/10/07 01:10:58.779, 1, 90 %, 5451 MiB, 67.52 W
2026/10/07 01:11:28.791, 0, 92 %, 5475 MiB, 68.74 W
2026/10/07 01:11:28.796, 1, 94 %, 5451 MiB, 74.41 W
2026/10/07 01:11:58.807, 0, 90 %, 5475 MiB, 67.57 W
2026/10/07 01:11:58.813, 1, 97 %, 5451 MiB, 70.60 W
2026/10/07 01:12:28.822, 0, 91 %, 5475 MiB, 68.93 W
2026/10/07 01:12:28.828, 1, 99 %, 5451 MiB, 67.17 W
2026/10/07 01:12:58.837, 0, 93 %, 5475 MiB, 68.74 W
2026/10/07 01:12:58.841, 1, 90 %, 5451 MiB, 68.05 W
2026/10/07 01:13:28.849, 0, 90 %, 5475 MiB, 69.87 W
2026/10/07 01:13:28.858, 1, 90 %, 5451 MiB, 68.93 W
2026/10/07 01:13:58.872, 0, 88 %, 5475 MiB, 66.82 W
2026/10/07 01:13:58.891, 1, 88 %, 5451 MiB, 71.67 W
2026/10/07 01:14:28.904, 0, 90 %, 5475 MiB, 68.05 W
2026/10/07 01:14:28.910, 1, 90 %, 5451 MiB, 66.82 W
2026/10/07 01:14:58.923, 0, 93 %, 5475 MiB, 45.54 W
2026/10/07 01:14:58.930, 1, 93 %, 5451 MiB, 55.51 W
2026/10/07 01:15:28.939, 0, 91 %, 5475 MiB, 72.41 W
2026/10/07 01:15:28.943, 1, 91 %, 5451 MiB, 71.49 W
2026/10/07 01:15:58.950, 0, 90 %, 5475 MiB, 66.47 W
2026/10/07 01:15:58.962, 1, 90 %, 5451 MiB, 64.94 W
2026/10/07 01:16:28.969, 0, 89 %, 5475 MiB, 64.83 W
2026/10/07 01:16:28.975, 1, 89 %, 5451 MiB, 64.32 W
2026/10/07 01:16:58.983, 0, 98 %, 5475 MiB, 66.04 W
2026/10/07 01:16:58.990, 1, 98 %, 5451 MiB, 67.75 W
2026/10/07 01:17:29.002, 0, 0 %, 5475 MiB, 31.85 W
2026/10/07 01:17:29.006, 1, 95 %, 5451 MiB, 69.23 W
2026/10/07 01:17:59.014, 0, 90 %, 5475 MiB, 68.35 W
2026/10/07 01:17:59.023, 1, 90 %, 5451 MiB, 62.03 W
2026/10/07 01:18:29.036, 0, 89 %, 5475 MiB, 66.14 W
2026/10/07 01:18:29.041, 1, 88 %, 5451 MiB, 52.04 W
2026/10/07 01:18:59.052, 0, 97 %, 5475 MiB, 66.73 W
2026/10/07 01:18:59.062, 1, 91 %, 5451 MiB, 65.06 W
2026/10/07 01:19:29.078, 0, 95 %, 5475 MiB, 67.21 W
2026/10/07 01:19:29.089, 1, 94 %, 5451 MiB, 43.00 W
2026/10/07 01:19:59.115, 0, 87 %, 5475 MiB, 67.90 W
2026/10/07 01:19:59.119, 1, 89 %, 5451 MiB, 67.08 W
2026/10/07 01:20:29.134, 0, 96 %, 5475 MiB, 42.36 W
2026/10/07 01:20:29.143, 1, 90 %, 5451 MiB, 62.71 W
2026/10/07 01:20:59.151, 0, 90 %, 5475 MiB, 65.12 W
2026/10/07 01:20:59.164, 1, 90 %, 5451 MiB, 72.65 W
2026/10/07 01:21:29.177, 0, 90 %, 5475 MiB, 73.78 W
2026/10/07 01:21:29.183, 1, 89 %, 5451 MiB, 66.67 W
2026/10/07 01:21:59.192, 0, 86 %, 5475 MiB, 72.66 W
2026/10/07 01:21:59.197, 1, 86 %, 5451 MiB, 53.97 W
2026/10/07 01:22:29.218, 0, 88 %, 5475 MiB, 73.19 W
2026/10/07 01:22:29.222, 1, 88 %, 5451 MiB, 67.90 W
2026/10/07 01:22:59.230, 0, 89 %, 5475 MiB, 68.21 W
2026/10/07 01:22:59.236, 1, 93 %, 5451 MiB, 56.00 W
2026/10/07 01:23:29.245, 0, 90 %, 5475 MiB, 64.42 W
2026/10/07 01:23:29.253, 1, 85 %, 5451 MiB, 70.46 W
2026/10/07 01:23:59.260, 0, 97 %, 5475 MiB, 58.02 W
2026/10/07 01:23:59.265, 1, 98 %, 5451 MiB, 66.67 W
2026/10/07 01:24:29.280, 0, 97 %, 5475 MiB, 69.27 W
2026/10/07 01:24:29.284, 1, 98 %, 5451 MiB, 46.89 W
2026/10/07 01:24:59.297, 0, 90 %, 5475 MiB, 68.05 W
2026/10/07 01:24:59.303, 1, 90 %, 5451 MiB, 56.39 W
2026/10/07 01:25:29.310, 0, 85 %, 5475 MiB, 64.53 W
2026/10/07 01:25:29.318, 1, 87 %, 5451 MiB, 67.37 W
2026/10/07 01:25:59.327, 0, 88 %, 5475 MiB, 59.48 W
2026/10/07 01:25:59.332, 1, 90 %, 5451 MiB, 71.78 W
2026/10/07 01:26:29.342, 0, 92 %, 5475 MiB, 73.63 W
2026/10/07 01:26:29.348, 1, 90 %, 5451 MiB, 74.95 W
2026/10/07 01:26:59.355, 0, 85 %, 5475 MiB, 68.35 W
2026/10/07 01:26:59.362, 1, 91 %, 5451 MiB, 54.07 W
2026/10/07 01:27:29.374, 0, 93 %, 5475 MiB, 63.08 W
2026/10/07 01:27:29.378, 1, 94 %, 5451 MiB, 71.54 W
2026/10/07 01:27:59.386, 0, 86 %, 5475 MiB, 69.96 W
2026/10/07 01:27:59.393, 1, 88 %, 5451 MiB, 65.30 W
2026/10/07 01:28:29.401, 0, 89 %, 5475 MiB, 69.52 W
2026/10/07 01:28:29.405, 1, 92 %, 5451 MiB, 72.16 W
2026/10/07 01:28:59.416, 0, 94 %, 5475 MiB, 68.15 W
2026/10/07 01:28:59.427, 1, 96 %, 5451 MiB, 66.43 W
2026/10/07 01:29:29.435, 0, 88 %, 5475 MiB, 68.40 W
2026/10/07 01:29:29.445, 1, 88 %, 5451 MiB, 67.45 W
2026/10/07 01:29:59.452, 0, 92 %, 5475 MiB, 68.50 W
2026/10/07 01:29:59.456, 1, 93 %, 5451 MiB, 65.26 W
2026/10/07 01:30:29.470, 0, 90 %, 5475 MiB, 68.35 W
2026/10/07 01:30:29.475, 1, 89 %, 5451 MiB, 70.65 W
2026/10/07 01:30:59.485, 0, 90 %, 5475 MiB, 72.12 W
2026/10/07 01:30:59.494, 1, 89 %, 5451 MiB, 60.70 W
2026/10/07 01:31:29.503, 0, 88 %, 5475 MiB, 66.33 W
2026/10/07 01:31:29.509, 1, 94 %, 5451 MiB, 65.16 W
2026/10/07 01:31:59.520, 0, 90 %, 5475 MiB, 67.12 W
2026/10/07 01:31:59.528, 1, 96 %, 5451 MiB, 65.16 W
2026/10/07 01:32:29.535, 0, 90 %, 5475 MiB, 72.70 W
2026/10/07 01:32:29.539, 1, 89 %, 5451 MiB, 68.75 W
2026/10/07 01:32:59.552, 0, 93 %, 5475 MiB, 69.23 W
2026/10/07 01:32:59.556, 1, 91 %, 5451 MiB, 67.12 W
2026/10/07 01:33:29.570, 0, 90 %, 5475 MiB, 69.42 W
2026/10/07 01:33:29.579, 1, 89 %, 5451 MiB, 66.98 W
2026/10/07 01:33:59.587, 0, 89 %, 5475 MiB, 56.75 W
2026/10/07 01:33:59.598, 1, 90 %, 5451 MiB, 64.34 W
2026/10/07 01:34:29.610, 0, 92 %, 5475 MiB, 61.71 W
2026/10/07 01:34:29.620, 1, 92 %, 5451 MiB, 71.33 W
2026/10/07 01:34:59.629, 0, 90 %, 5475 MiB, 68.65 W
2026/10/07 01:34:59.634, 1, 91 %, 5451 MiB, 64.57 W
2026/10/07 01:35:29.642, 0, 90 %, 5475 MiB, 63.28 W
2026/10/07 01:35:29.646, 1, 91 %, 5451 MiB, 72.66 W
2026/10/07 01:35:59.656, 0, 92 %, 5475 MiB, 63.67 W
2026/10/07 01:35:59.664, 1, 93 %, 5451 MiB, 72.66 W
2026/10/07 01:36:29.672, 0, 93 %, 5475 MiB, 58.71 W
2026/10/07 01:36:29.677, 1, 93 %, 5451 MiB, 71.78 W
2026/10/07 01:36:59.685, 0, 91 %, 5475 MiB, 70.71 W
2026/10/07 01:36:59.691, 1, 91 %, 5451 MiB, 68.11 W
2026/10/07 01:37:29.701, 0, 89 %, 5475 MiB, 71.04 W
2026/10/07 01:37:29.706, 1, 89 %, 5451 MiB, 66.04 W
2026/10/07 01:37:59.723, 0, 93 %, 5475 MiB, 72.02 W
2026/10/07 01:37:59.727, 1, 90 %, 5451 MiB, 66.63 W
2026/10/07 01:38:29.735, 0, 89 %, 5475 MiB, 45.71 W
2026/10/07 01:38:29.744, 1, 95 %, 5451 MiB, 79.83 W
2026/10/07 01:38:59.752, 0, 94 %, 5475 MiB, 70.99 W
2026/10/07 01:38:59.763, 1, 91 %, 5451 MiB, 65.69 W
2026/10/07 01:39:29.772, 0, 90 %, 5475 MiB, 76.17 W
2026/10/07 01:39:29.782, 1, 91 %, 5451 MiB, 63.97 W
2026/10/07 01:39:59.789, 0, 96 %, 5475 MiB, 74.32 W
2026/10/07 01:39:59.801, 1, 92 %, 5451 MiB, 56.59 W
2026/10/07 01:40:29.808, 0, 91 %, 5475 MiB, 66.98 W
2026/10/07 01:40:29.813, 1, 90 %, 5451 MiB, 80.42 W
2026/10/07 01:40:59.821, 0, 91 %, 5475 MiB, 64.47 W
2026/10/07 01:40:59.833, 1, 93 %, 5451 MiB, 70.40 W
2026/10/07 01:41:29.845, 0, 87 %, 5475 MiB, 73.44 W
2026/10/07 01:41:29.850, 1, 89 %, 5451 MiB, 66.57 W
2026/10/07 01:41:59.859, 0, 91 %, 5475 MiB, 81.20 W
2026/10/07 01:41:59.864, 1, 90 %, 5451 MiB, 66.68 W
2026/10/07 01:42:29.875, 0, 90 %, 5475 MiB, 66.39 W
2026/10/07 01:42:29.888, 1, 94 %, 5451 MiB, 66.10 W
2026/10/07 01:42:59.898, 0, 88 %, 5475 MiB, 75.01 W
2026/10/07 01:42:59.903, 1, 91 %, 5451 MiB, 66.73 W
2026/10/07 01:43:29.911, 0, 87 %, 5475 MiB, 72.66 W
2026/10/07 01:43:29.916, 1, 91 %, 5451 MiB, 75.88 W
2026/10/07 01:43:59.932, 0, 94 %, 5475 MiB, 48.17 W
2026/10/07 01:43:59.937, 1, 93 %, 5451 MiB, 60.93 W
2026/10/07 01:44:29.946, 0, 96 %, 5475 MiB, 44.82 W
2026/10/07 01:44:29.951, 1, 92 %, 5451 MiB, 54.76 W
2026/10/07 01:44:59.958, 0, 91 %, 5475 MiB, 68.89 W
2026/10/07 01:44:59.966, 1, 96 %, 5451 MiB, 68.25 W
2026/10/07 01:45:29.981, 0, 0 %, 5475 MiB, 42.12 W
2026/10/07 01:45:29.984, 1, 100 %, 5451 MiB, 47.38 W
2026/10/07 01:45:59.991, 0, 96 %, 5475 MiB, 71.10 W
2026/10/07 01:45:59.999, 1, 88 %, 5451 MiB, 69.18 W
2026/10/07 01:46:30.008, 0, 94 %, 5475 MiB, 46.30 W
2026/10/07 01:46:30.019, 1, 93 %, 5451 MiB, 63.87 W
2026/10/07 01:47:00.030, 0, 91 %, 5475 MiB, 68.54 W
2026/10/07 01:47:00.034, 1, 97 %, 5451 MiB, 66.24 W
2026/10/07 01:47:30.043, 0, 87 %, 5475 MiB, 69.42 W
2026/10/07 01:47:30.053, 1, 90 %, 5451 MiB, 64.38 W
2026/10/07 01:48:00.061, 0, 85 %, 5475 MiB, 64.14 W
2026/10/07 01:48:00.072, 1, 91 %, 5451 MiB, 61.42 W
2026/10/07 01:48:30.081, 0, 93 %, 5475 MiB, 63.75 W
2026/10/07 01:48:30.092, 1, 89 %, 5451 MiB, 68.74 W
2026/10/07 01:49:00.100, 0, 91 %, 5475 MiB, 68.40 W
2026/10/07 01:49:00.105, 1, 91 %, 5451 MiB, 69.73 W
2026/10/07 01:49:30.113, 0, 88 %, 5475 MiB, 68.44 W
2026/10/07 01:49:30.119, 1, 91 %, 5451 MiB, 67.65 W
2026/10/07 01:50:00.129, 0, 90 %, 5475 MiB, 70.75 W
2026/10/07 01:50:00.134, 1, 91 %, 5451 MiB, 71.33 W
2026/10/07 01:50:30.143, 0, 93 %, 5475 MiB, 72.07 W
2026/10/07 01:50:30.150, 1, 92 %, 5451 MiB, 68.29 W
2026/10/07 01:51:00.164, 0, 90 %, 5475 MiB, 70.44 W
2026/10/07 01:51:00.168, 1, 93 %, 5451 MiB, 64.42 W
2026/10/07 01:51:30.182, 0, 94 %, 5475 MiB, 66.98 W
2026/10/07 01:51:30.188, 1, 92 %, 5451 MiB, 54.36 W
2026/10/07 01:52:00.196, 0, 92 %, 5475 MiB, 68.46 W
2026/10/07 01:52:00.201, 1, 89 %, 5451 MiB, 71.28 W
2026/10/07 01:52:30.208, 0, 90 %, 5475 MiB, 71.34 W
2026/10/07 01:52:30.213, 1, 92 %, 5451 MiB, 51.81 W
2026/10/07 01:53:00.221, 0, 93 %, 5475 MiB, 66.41 W
2026/10/07 01:53:00.229, 1, 91 %, 5451 MiB, 70.56 W
2026/10/07 01:53:30.236, 0, 91 %, 5475 MiB, 67.57 W
2026/10/07 01:53:30.241, 1, 91 %, 5451 MiB, 67.76 W
2026/10/07 01:54:00.256, 0, 95 %, 5475 MiB, 63.73 W
2026/10/07 01:54:00.260, 1, 93 %, 5451 MiB, 68.35 W
2026/10/07 01:54:30.268, 0, 91 %, 5475 MiB, 74.52 W
2026/10/07 01:54:30.273, 1, 92 %, 5451 MiB, 69.90 W
2026/10/07 01:55:00.286, 0, 94 %, 5475 MiB, 69.51 W
2026/10/07 01:55:00.299, 1, 95 %, 5451 MiB, 56.81 W
2026/10/07 01:55:30.308, 0, 0 %, 5475 MiB, 42.31 W
2026/10/07 01:55:30.313, 1, 100 %, 5451 MiB, 47.87 W
2026/10/07 01:56:00.319, 0, 93 %, 5475 MiB, 68.10 W
2026/10/07 01:56:00.326, 1, 89 %, 5451 MiB, 70.46 W
2026/10/07 01:56:30.340, 0, 90 %, 5475 MiB, 76.86 W
2026/10/07 01:56:30.346, 1, 93 %, 5451 MiB, 73.63 W
2026/10/07 01:57:00.355, 0, 92 %, 5475 MiB, 69.39 W
2026/10/07 01:57:00.360, 1, 96 %, 5451 MiB, 66.33 W
2026/10/07 01:57:30.370, 0, 90 %, 5475 MiB, 47.28 W
2026/10/07 01:57:30.376, 1, 98 %, 5451 MiB, 52.76 W
2026/10/07 01:58:00.383, 0, 90 %, 5475 MiB, 73.20 W
2026/10/07 01:58:00.394, 1, 89 %, 5451 MiB, 66.73 W
2026/10/07 01:58:30.405, 0, 96 %, 5475 MiB, 70.54 W
2026/10/07 01:58:30.414, 1, 94 %, 5451 MiB, 65.24 W
2026/10/07 01:59:00.429, 0, 97 %, 5475 MiB, 65.61 W
2026/10/07 01:59:00.442, 1, 93 %, 5451 MiB, 70.40 W
2026/10/07 01:59:30.452, 0, 86 %, 5475 MiB, 77.39 W
2026/10/07 01:59:30.457, 1, 96 %, 5451 MiB, 73.88 W
2026/10/07 02:00:00.464, 0, 88 %, 5475 MiB, 71.23 W
2026/10/07 02:00:00.469, 1, 91 %, 5451 MiB, 66.39 W
2026/10/07 02:00:30.479, 0, 93 %, 5475 MiB, 68.50 W
2026/10/07 02:00:30.483, 1, 91 %, 5451 MiB, 66.59 W
2026/10/07 02:01:00.491, 0, 90 %, 5475 MiB, 54.23 W
2026/10/07 02:01:00.495, 1, 92 %, 5451 MiB, 61.81 W
2026/10/07 02:01:30.503, 0, 91 %, 5475 MiB, 67.76 W
2026/10/07 02:01:30.508, 1, 89 %, 5451 MiB, 67.26 W
2026/10/07 02:02:00.517, 0, 88 %, 5475 MiB, 53.25 W
2026/10/07 02:02:00.524, 1, 93 %, 5451 MiB, 67.13 W
2026/10/07 02:02:30.532, 0, 90 %, 5475 MiB, 72.32 W
2026/10/07 02:02:30.544, 1, 92 %, 5451 MiB, 72.21 W
2026/10/07 02:03:00.552, 0, 96 %, 5475 MiB, 63.18 W
2026/10/07 02:03:00.557, 1, 90 %, 5451 MiB, 67.23 W
2026/10/07 02:03:30.566, 0, 93 %, 5475 MiB, 79.74 W
2026/10/07 02:03:30.573, 1, 97 %, 5451 MiB, 67.31 W
2026/10/07 02:04:00.582, 0, 93 %, 5475 MiB, 67.16 W
2026/10/07 02:04:00.587, 1, 90 %, 5451 MiB, 67.35 W
2026/10/07 02:04:30.595, 0, 97 %, 5475 MiB, 71.28 W
2026/10/07 02:04:30.601, 1, 92 %, 5451 MiB, 67.70 W
2026/10/07 02:05:00.609, 0, 89 %, 5475 MiB, 71.48 W
2026/10/07 02:05:00.613, 1, 92 %, 5451 MiB, 72.02 W
2026/10/07 02:05:30.622, 0, 89 %, 5475 MiB, 66.59 W
2026/10/07 02:05:30.628, 1, 90 %, 5451 MiB, 70.86 W
2026/10/07 02:06:00.637, 0, 93 %, 5475 MiB, 68.05 W
2026/10/07 02:06:00.641, 1, 98 %, 5451 MiB, 57.51 W
2026/10/07 02:06:30.649, 0, 92 %, 5475 MiB, 57.34 W
2026/10/07 02:06:30.654, 1, 91 %, 5451 MiB, 72.41 W
2026/10/07 02:07:00.661, 0, 90 %, 5475 MiB, 72.85 W
2026/10/07 02:07:00.665, 1, 91 %, 5451 MiB, 67.51 W
2026/10/07 02:07:30.672, 0, 97 %, 5475 MiB, 62.44 W
2026/10/07 02:07:30.682, 1, 97 %, 5451 MiB, 57.96 W
2026/10/07 02:08:00.692, 0, 92 %, 5475 MiB, 71.96 W
2026/10/07 02:08:00.700, 1, 92 %, 5451 MiB, 60.24 W
2026/10/07 02:08:30.707, 0, 94 %, 5475 MiB, 74.90 W
2026/10/07 02:08:30.718, 1, 95 %, 5451 MiB, 52.11 W
2026/10/07 02:09:00.727, 0, 94 %, 5475 MiB, 59.99 W
2026/10/07 02:09:00.736, 1, 90 %, 5451 MiB, 69.77 W
2026/10/07 02:09:30.746, 0, 91 %, 5475 MiB, 75.05 W
2026/10/07 02:09:30.750, 1, 91 %, 5451 MiB, 68.01 W
2026/10/07 02:10:00.762, 0, 94 %, 5475 MiB, 66.00 W
2026/10/07 02:10:00.768, 1, 90 %, 5451 MiB, 66.43 W
2026/10/07 02:10:30.776, 0, 91 %, 5475 MiB, 63.69 W
2026/10/07 02:10:30.784, 1, 93 %, 5451 MiB, 65.20 W
2026/10/07 02:11:00.795, 0, 96 %, 5475 MiB, 69.57 W
2026/10/07 02:11:00.800, 1, 91 %, 5451 MiB, 66.33 W
2026/10/07 02:11:30.809, 0, 90 %, 5475 MiB, 67.66 W
2026/10/07 02:11:30.813, 1, 90 %, 5451 MiB, 70.55 W
2026/10/07 02:12:00.821, 0, 88 %, 5475 MiB, 73.34 W
2026/10/07 02:12:00.829, 1, 89 %, 5451 MiB, 54.89 W
2026/10/07 02:12:30.839, 0, 92 %, 5475 MiB, 66.96 W
2026/10/07 02:12:30.844, 1, 91 %, 5451 MiB, 77.39 W
2026/10/07 02:13:00.851, 0, 85 %, 5475 MiB, 63.12 W
2026/10/07 02:13:00.856, 1, 91 %, 5451 MiB, 65.55 W
2026/10/07 02:13:30.864, 0, 89 %, 5475 MiB, 58.58 W
2026/10/07 02:13:30.869, 1, 91 %, 5451 MiB, 65.20 W
2026/10/07 02:14:00.880, 0, 89 %, 5475 MiB, 70.60 W
2026/10/07 02:14:00.885, 1, 90 %, 5451 MiB, 65.34 W
2026/10/07 02:14:30.893, 0, 96 %, 5475 MiB, 63.73 W
2026/10/07 02:14:30.899, 1, 91 %, 5451 MiB, 73.82 W
2026/10/07 02:15:00.907, 0, 88 %, 5475 MiB, 60.51 W
2026/10/07 02:15:00.918, 1, 91 %, 5451 MiB, 71.13 W
2026/10/07 02:15:30.925, 0, 89 %, 5475 MiB, 71.88 W
2026/10/07 02:15:30.935, 1, 91 %, 5451 MiB, 72.71 W
2026/10/07 02:16:00.942, 0, 90 %, 5475 MiB, 71.43 W
2026/10/07 02:16:00.955, 1, 93 %, 5451 MiB, 63.03 W
2026/10/07 02:16:30.964, 0, 93 %, 5475 MiB, 69.61 W
2026/10/07 02:16:30.976, 1, 96 %, 5451 MiB, 53.45 W
2026/10/07 02:17:00.990, 0, 84 %, 5475 MiB, 79.39 W
2026/10/07 02:17:00.994, 1, 91 %, 5451 MiB, 70.93 W
2026/10/07 02:17:31.002, 0, 90 %, 5475 MiB, 73.88 W
2026/10/07 02:17:31.011, 1, 93 %, 5451 MiB, 66.06 W
2026/10/07 02:18:01.019, 0, 97 %, 5475 MiB, 45.71 W
2026/10/07 02:18:01.028, 1, 89 %, 5451 MiB, 76.52 W
2026/10/07 02:18:31.035, 0, 89 %, 5475 MiB, 71.48 W
2026/10/07 02:18:31.045, 1, 92 %, 5451 MiB, 67.04 W
2026/10/07 02:19:01.059, 0, 90 %, 5475 MiB, 74.36 W
2026/10/07 02:19:01.063, 1, 94 %, 5451 MiB, 68.43 W
2026/10/07 02:19:31.071, 0, 88 %, 5475 MiB, 69.67 W
2026/10/07 02:19:31.075, 1, 91 %, 5451 MiB, 57.96 W
2026/10/07 02:20:01.084, 0, 96 %, 5475 MiB, 65.06 W
2026/10/07 02:20:01.096, 1, 94 %, 5451 MiB, 65.32 W
2026/10/07 02:20:31.108, 0, 95 %, 5475 MiB, 62.81 W
2026/10/07 02:20:31.118, 1, 94 %, 5451 MiB, 70.50 W
2026/10/07 02:21:01.126, 0, 93 %, 5475 MiB, 46.13 W
2026/10/07 02:21:01.140, 1, 93 %, 5451 MiB, 70.51 W
2026/10/07 02:21:31.152, 0, 86 %, 5475 MiB, 68.93 W
2026/10/07 02:21:31.161, 1, 87 %, 5451 MiB, 66.82 W
2026/10/07 02:22:01.169, 0, 96 %, 5475 MiB, 69.67 W
2026/10/07 02:22:01.175, 1, 90 %, 5451 MiB, 57.67 W
2026/10/07 02:22:31.183, 0, 94 %, 5475 MiB, 66.73 W
2026/10/07 02:22:31.188, 1, 98 %, 5451 MiB, 50.53 W
2026/10/07 02:23:01.197, 0, 94 %, 5475 MiB, 68.49 W
2026/10/07 02:23:01.203, 1, 89 %, 5451 MiB, 68.01 W
2026/10/07 02:23:31.221, 0, 93 %, 5475 MiB, 68.99 W
2026/10/07 02:23:31.230, 1, 92 %, 5451 MiB, 67.30 W
2026/10/07 02:24:01.237, 0, 90 %, 5475 MiB, 66.49 W
2026/10/07 02:24:01.247, 1, 91 %, 5451 MiB, 66.18 W
2026/10/07 02:24:31.255, 0, 97 %, 5475 MiB, 68.64 W
2026/10/07 02:24:31.261, 1, 90 %, 5451 MiB, 67.47 W
2026/10/07 02:25:01.268, 0, 92 %, 5475 MiB, 75.79 W
2026/10/07 02:25:01.275, 1, 93 %, 5451 MiB, 52.53 W
2026/10/07 02:25:31.284, 0, 90 %, 5475 MiB, 67.57 W
2026/10/07 02:25:31.289, 1, 90 %, 5451 MiB, 65.41 W
2026/10/07 02:26:01.297, 0, 90 %, 5475 MiB, 66.32 W
2026/10/07 02:26:01.302, 1, 93 %, 5451 MiB, 60.56 W
2026/10/07 02:26:31.313, 0, 90 %, 5475 MiB, 55.15 W
2026/10/07 02:26:31.320, 1, 88 %, 5451 MiB, 73.24 W
2026/10/07 02:27:01.328, 0, 90 %, 5475 MiB, 68.00 W
2026/10/07 02:27:01.340, 1, 90 %, 5451 MiB, 53.12 W
2026/10/07 02:27:31.348, 0, 97 %, 5475 MiB, 58.35 W
2026/10/07 02:27:31.358, 1, 90 %, 5451 MiB, 70.05 W
2026/10/07 02:28:01.366, 0, 92 %, 5475 MiB, 71.82 W
2026/10/07 02:28:01.374, 1, 92 %, 5451 MiB, 70.22 W
2026/10/07 02:28:31.383, 0, 89 %, 5475 MiB, 65.90 W
2026/10/07 02:28:31.394, 1, 90 %, 5451 MiB, 64.18 W
2026/10/07 02:29:01.401, 0, 90 %, 5475 MiB, 64.71 W
2026/10/07 02:29:01.407, 1, 88 %, 5451 MiB, 64.65 W
2026/10/07 02:29:31.415, 0, 91 %, 5475 MiB, 72.06 W
2026/10/07 02:29:31.419, 1, 96 %, 5451 MiB, 79.10 W
2026/10/07 02:30:01.428, 0, 90 %, 5475 MiB, 69.02 W
2026/10/07 02:30:01.437, 1, 90 %, 5451 MiB, 64.22 W
2026/10/07 02:30:31.446, 0, 89 %, 5475 MiB, 67.94 W
2026/10/07 02:30:31.451, 1, 89 %, 5451 MiB, 48.56 W
2026/10/07 02:31:01.463, 0, 97 %, 5475 MiB, 66.53 W
2026/10/07 02:31:01.472, 1, 97 %, 5451 MiB, 73.05 W
2026/10/07 02:31:31.480, 0, 95 %, 5475 MiB, 78.66 W
2026/10/07 02:31:31.486, 1, 94 %, 5451 MiB, 55.51 W
2026/10/07 02:32:01.493, 0, 91 %, 5475 MiB, 68.29 W
2026/10/07 02:32:01.504, 1, 91 %, 5451 MiB, 60.08 W
2026/10/07 02:32:31.511, 0, 0 %, 5475 MiB, 45.24 W
2026/10/07 02:32:31.515, 1, 100 %, 5451 MiB, 49.81 W
2026/10/07 02:33:01.521, 0, 91 %, 5475 MiB, 60.97 W
2026/10/07 02:33:01.527, 1, 95 %, 5451 MiB, 67.13 W
2026/10/07 02:33:31.537, 0, 92 %, 5475 MiB, 76.42 W
2026/10/07 02:33:31.548, 1, 94 %, 5451 MiB, 64.63 W
2026/10/07 02:34:01.555, 0, 90 %, 5475 MiB, 62.07 W
2026/10/07 02:34:01.560, 1, 89 %, 5451 MiB, 68.54 W
2026/10/07 02:34:31.567, 0, 99 %, 5475 MiB, 70.75 W
2026/10/07 02:34:31.575, 1, 98 %, 5451 MiB, 48.73 W
2026/10/07 02:35:01.588, 0, 89 %, 5475 MiB, 71.24 W
2026/10/07 02:35:01.594, 1, 90 %, 5451 MiB, 67.51 W
2026/10/07 02:35:31.602, 0, 90 %, 5475 MiB, 73.30 W
2026/10/07 02:35:31.606, 1, 91 %, 5451 MiB, 66.92 W
2026/10/07 02:36:01.614, 0, 89 %, 5475 MiB, 70.66 W
2026/10/07 02:36:01.619, 1, 91 %, 5451 MiB, 65.51 W
2026/10/07 02:36:31.628, 0, 94 %, 5475 MiB, 72.70 W
2026/10/07 02:36:31.636, 1, 91 %, 5451 MiB, 75.64 W
2026/10/07 02:37:01.647, 0, 97 %, 5475 MiB, 67.90 W
2026/10/07 02:37:01.654, 1, 96 %, 5451 MiB, 65.36 W
2026/10/07 02:37:31.661, 0, 93 %, 5475 MiB, 70.95 W
2026/10/07 02:37:31.669, 1, 92 %, 5451 MiB, 73.88 W
2026/10/07 02:38:01.677, 0, 90 %, 5475 MiB, 66.38 W
2026/10/07 02:38:01.688, 1, 89 %, 5451 MiB, 54.23 W
2026/10/07 02:38:31.696, 0, 95 %, 5475 MiB, 69.62 W
2026/10/07 02:38:31.702, 1, 91 %, 5451 MiB, 68.28 W
2026/10/07 02:39:01.709, 0, 89 %, 5475 MiB, 61.03 W
2026/10/07 02:39:01.715, 1, 93 %, 5451 MiB, 65.61 W
2026/10/07 02:39:31.729, 0, 93 %, 5475 MiB, 76.32 W
2026/10/07 02:39:31.737, 1, 92 %, 5451 MiB, 65.43 W
2026/10/07 02:40:01.744, 0, 90 %, 5475 MiB, 71.04 W
2026/10/07 02:40:01.749, 1, 91 %, 5451 MiB, 73.48 W
2026/10/07 02:40:31.758, 0, 90 %, 5475 MiB, 73.35 W
2026/10/07 02:40:31.763, 1, 92 %, 5451 MiB, 62.95 W
2026/10/07 02:41:01.772, 0, 89 %, 5475 MiB, 63.83 W
2026/10/07 02:41:01.777, 1, 89 %, 5451 MiB, 70.51 W
2026/10/07 02:41:31.786, 0, 90 %, 5475 MiB, 55.25 W
2026/10/07 02:41:31.790, 1, 88 %, 5451 MiB, 66.73 W
2026/10/07 02:42:01.803, 0, 90 %, 5475 MiB, 67.62 W
2026/10/07 02:42:01.809, 1, 89 %, 5451 MiB, 74.07 W
2026/10/07 02:42:31.822, 0, 89 %, 5475 MiB, 71.10 W
2026/10/07 02:42:31.827, 1, 90 %, 5451 MiB, 68.01 W
2026/10/07 02:43:01.834, 0, 87 %, 5475 MiB, 72.36 W
2026/10/07 02:43:01.838, 1, 90 %, 5451 MiB, 78.22 W
2026/10/07 02:43:31.847, 0, 92 %, 5475 MiB, 72.45 W
2026/10/07 02:43:31.852, 1, 90 %, 5451 MiB, 56.65 W
2026/10/07 02:44:01.861, 0, 93 %, 5475 MiB, 58.97 W
2026/10/07 02:44:01.865, 1, 91 %, 5451 MiB, 60.87 W
2026/10/07 02:44:31.876, 0, 90 %, 5475 MiB, 66.59 W
2026/10/07 02:44:31.881, 1, 90 %, 5451 MiB, 64.91 W
2026/10/07 02:45:01.889, 0, 99 %, 5475 MiB, 70.69 W
2026/10/07 02:45:01.894, 1, 98 %, 5451 MiB, 63.28 W
2026/10/07 02:45:31.905, 0, 0 %, 5477 MiB, 48.33 W
2026/10/07 02:45:31.912, 1, 0 %, 5451 MiB, 30.47 W
2026/10/07 02:46:01.920, 0, 88 %, 5477 MiB, 73.63 W
2026/10/07 02:46:01.926, 1, 90 %, 5451 MiB, 71.57 W
2026/10/07 02:46:31.936, 0, 90 %, 5477 MiB, 64.83 W
2026/10/07 02:46:31.941, 1, 88 %, 5451 MiB, 72.21 W
2026/10/07 02:47:01.950, 0, 89 %, 5477 MiB, 65.10 W
2026/10/07 02:47:01.956, 1, 91 %, 5451 MiB, 65.16 W
2026/10/07 02:47:31.970, 0, 97 %, 5477 MiB, 66.63 W
2026/10/07 02:47:31.976, 1, 97 %, 5451 MiB, 63.73 W
2026/10/07 02:48:01.983, 0, 94 %, 5477 MiB, 69.72 W
2026/10/07 02:48:01.990, 1, 89 %, 5451 MiB, 66.96 W
2026/10/07 02:48:31.996, 0, 94 %, 5477 MiB, 80.32 W
2026/10/07 02:48:32.009, 1, 91 %, 5451 MiB, 69.09 W
2026/10/07 02:49:02.019, 0, 92 %, 5477 MiB, 71.00 W
2026/10/07 02:49:02.023, 1, 93 %, 5451 MiB, 71.92 W
2026/10/07 02:49:32.033, 0, 93 %, 5477 MiB, 53.32 W
2026/10/07 02:49:32.037, 1, 94 %, 5451 MiB, 43.74 W
2026/10/07 02:50:02.050, 0, 95 %, 5477 MiB, 68.44 W
2026/10/07 02:50:02.055, 1, 96 %, 5451 MiB, 65.86 W
2026/10/07 02:50:32.069, 0, 89 %, 5477 MiB, 51.45 W
2026/10/07 02:50:32.080, 1, 90 %, 5451 MiB, 50.86 W
2026/10/07 02:51:02.087, 0, 0 %, 5477 MiB, 42.31 W
2026/10/07 02:51:02.090, 1, 100 %, 5451 MiB, 47.94 W
2026/10/07 02:51:32.097, 0, 93 %, 5477 MiB, 70.12 W
2026/10/07 02:51:32.106, 1, 93 %, 5453 MiB, 67.72 W
2026/10/07 02:52:02.114, 0, 89 %, 5477 MiB, 72.16 W
2026/10/07 02:52:02.126, 1, 88 %, 5453 MiB, 69.66 W
2026/10/07 02:52:32.135, 0, 96 %, 5477 MiB, 68.98 W
2026/10/07 02:52:32.140, 1, 97 %, 5453 MiB, 66.63 W
2026/10/07 02:53:02.156, 0, 94 %, 5477 MiB, 56.39 W
2026/10/07 02:53:02.161, 1, 93 %, 5453 MiB, 56.20 W
2026/10/07 02:53:32.174, 0, 91 %, 5477 MiB, 69.97 W
2026/10/07 02:53:32.186, 1, 93 %, 5453 MiB, 66.73 W
2026/10/07 02:54:02.195, 0, 97 %, 5477 MiB, 49.95 W
2026/10/07 02:54:02.205, 1, 97 %, 5453 MiB, 63.48 W
2026/10/07 02:54:32.216, 0, 91 %, 5477 MiB, 67.31 W
2026/10/07 02:54:32.221, 1, 95 %, 5453 MiB, 54.20 W
2026/10/07 02:55:02.235, 0, 90 %, 5477 MiB, 67.82 W
2026/10/07 02:55:02.240, 1, 90 %, 5453 MiB, 73.05 W
2026/10/07 02:55:32.249, 0, 98 %, 5477 MiB, 64.47 W
2026/10/07 02:55:32.253, 1, 99 %, 5453 MiB, 78.13 W
2026/10/07 02:56:02.267, 0, 89 %, 5477 MiB, 67.08 W
2026/10/07 02:56:02.278, 1, 90 %, 5453 MiB, 68.25 W
2026/10/07 02:56:32.293, 0, 89 %, 5477 MiB, 67.45 W
2026/10/07 02:56:32.297, 1, 91 %, 5453 MiB, 45.39 W
2026/10/07 02:57:02.305, 0, 90 %, 5477 MiB, 61.65 W
2026/10/07 02:57:02.309, 1, 96 %, 5453 MiB, 49.74 W
2026/10/07 02:57:32.319, 0, 96 %, 5477 MiB, 64.51 W
2026/10/07 02:57:32.330, 1, 96 %, 5453 MiB, 69.27 W
2026/10/07 02:58:02.338, 0, 95 %, 5477 MiB, 66.18 W
2026/10/07 02:58:02.345, 1, 94 %, 5453 MiB, 66.73 W
2026/10/07 02:58:32.359, 0, 93 %, 5477 MiB, 69.37 W
2026/10/07 02:58:32.366, 1, 92 %, 5453 MiB, 54.92 W
2026/10/07 02:59:02.378, 0, 95 %, 5477 MiB, 67.82 W
2026/10/07 02:59:02.382, 1, 90 %, 5453 MiB, 66.47 W
2026/10/07 02:59:32.390, 0, 89 %, 5477 MiB, 66.68 W
2026/10/07 02:59:32.396, 1, 90 %, 5453 MiB, 68.40 W
2026/10/07 03:00:02.404, 0, 95 %, 5477 MiB, 67.47 W
2026/10/07 03:00:02.409, 1, 94 %, 5453 MiB, 46.40 W
2026/10/07 03:00:32.421, 0, 91 %, 5477 MiB, 65.96 W
2026/10/07 03:00:32.426, 1, 96 %, 5453 MiB, 66.15 W
2026/10/07 03:01:02.434, 0, 90 %, 5477 MiB, 74.56 W
2026/10/07 03:01:02.447, 1, 90 %, 5453 MiB, 67.02 W
2026/10/07 03:01:32.455, 0, 89 %, 5477 MiB, 70.30 W
2026/10/07 03:01:32.460, 1, 89 %, 5453 MiB, 64.61 W
2026/10/07 03:02:02.474, 0, 93 %, 5477 MiB, 66.92 W
2026/10/07 03:02:02.478, 1, 91 %, 5453 MiB, 63.44 W
2026/10/07 03:02:32.491, 0, 90 %, 5477 MiB, 68.10 W
2026/10/07 03:02:32.496, 1, 91 %, 5453 MiB, 72.16 W
2026/10/07 03:03:02.504, 0, 98 %, 5477 MiB, 67.31 W
2026/10/07 03:03:02.509, 1, 94 %, 5453 MiB, 69.07 W
2026/10/07 03:03:32.516, 0, 92 %, 5477 MiB, 62.34 W
2026/10/07 03:03:32.522, 1, 89 %, 5453 MiB, 66.53 W
2026/10/07 03:04:02.535, 0, 91 %, 5477 MiB, 69.27 W
2026/10/07 03:04:02.546, 1, 94 %, 5453 MiB, 69.72 W
2026/10/07 03:04:32.554, 0, 86 %, 5477 MiB, 68.68 W
2026/10/07 03:04:32.560, 1, 91 %, 5453 MiB, 76.27 W
2026/10/07 03:05:02.568, 0, 88 %, 5477 MiB, 74.86 W
2026/10/07 03:05:02.576, 1, 89 %, 5453 MiB, 52.14 W
2026/10/07 03:05:32.587, 0, 96 %, 5477 MiB, 64.87 W
2026/10/07 03:05:32.591, 1, 97 %, 5453 MiB, 72.47 W
2026/10/07 03:06:02.601, 0, 90 %, 5477 MiB, 68.78 W
2026/10/07 03:06:02.607, 1, 92 %, 5453 MiB, 73.49 W
2026/10/07 03:06:32.614, 0, 95 %, 5477 MiB, 67.27 W
2026/10/07 03:06:32.619, 1, 93 %, 5453 MiB, 63.99 W
2026/10/07 03:07:02.627, 0, 95 %, 5477 MiB, 66.92 W
2026/10/07 03:07:02.631, 1, 93 %, 5453 MiB, 70.01 W
2026/10/07 03:07:32.640, 0, 96 %, 5477 MiB, 72.71 W
2026/10/07 03:07:32.646, 1, 93 %, 5453 MiB, 62.95 W
2026/10/07 03:08:02.656, 0, 92 %, 5477 MiB, 73.73 W
2026/10/07 03:08:02.663, 1, 91 %, 5453 MiB, 69.62 W
2026/10/07 03:08:32.675, 0, 96 %, 5477 MiB, 65.94 W
2026/10/07 03:08:32.681, 1, 94 %, 5453 MiB, 73.39 W
2026/10/07 03:09:02.688, 0, 93 %, 5477 MiB, 59.17 W
2026/10/07 03:09:02.694, 1, 91 %, 5453 MiB, 64.38 W
2026/10/07 03:09:32.707, 0, 97 %, 5477 MiB, 60.24 W
2026/10/07 03:09:32.714, 1, 98 %, 5453 MiB, 74.42 W
2026/10/07 03:10:02.727, 0, 93 %, 5477 MiB, 53.45 W
2026/10/07 03:10:02.736, 1, 89 %, 5453 MiB, 69.47 W
2026/10/07 03:10:32.744, 0, 93 %, 5477 MiB, 52.99 W
2026/10/07 03:10:32.755, 1, 94 %, 5453 MiB, 65.61 W
2026/10/07 03:11:02.762, 0, 71 %, 5477 MiB, 68.58 W
2026/10/07 03:11:02.767, 1, 74 %, 5453 MiB, 82.32 W
2026/10/07 03:11:32.776, 0, 94 %, 5477 MiB, 59.04 W
2026/10/07 03:11:32.781, 1, 90 %, 5453 MiB, 57.76 W
2026/10/07 03:12:02.792, 0, 90 %, 5477 MiB, 60.79 W
2026/10/07 03:12:02.796, 1, 97 %, 5453 MiB, 66.59 W
2026/10/07 03:12:32.807, 0, 90 %, 5477 MiB, 71.78 W
2026/10/07 03:12:32.813, 1, 92 %, 5453 MiB, 65.65 W
2026/10/07 03:13:02.824, 0, 89 %, 5477 MiB, 69.23 W
2026/10/07 03:13:02.829, 1, 90 %, 5453 MiB, 64.87 W
2026/10/07 03:13:32.842, 0, 94 %, 5477 MiB, 70.40 W
2026/10/07 03:13:32.846, 1, 96 %, 5453 MiB, 56.20 W
2026/10/07 03:14:02.861, 0, 95 %, 5477 MiB, 67.80 W
2026/10/07 03:14:02.871, 1, 94 %, 5453 MiB, 63.73 W
2026/10/07 03:14:32.886, 0, 90 %, 5477 MiB, 63.53 W
2026/10/07 03:14:32.891, 1, 92 %, 5453 MiB, 68.74 W
2026/10/07 03:15:02.898, 0, 90 %, 5477 MiB, 67.96 W
2026/10/07 03:15:02.902, 1, 91 %, 5453 MiB, 74.56 W
2026/10/07 03:15:32.910, 0, 91 %, 5477 MiB, 67.86 W
2026/10/07 03:15:32.916, 1, 91 %, 5453 MiB, 71.13 W
2026/10/07 03:16:02.923, 0, 97 %, 5477 MiB, 65.85 W
2026/10/07 03:16:02.930, 1, 95 %, 5453 MiB, 75.10 W
2026/10/07 03:16:32.937, 0, 90 %, 5477 MiB, 72.12 W
2026/10/07 03:16:32.943, 1, 94 %, 5453 MiB, 65.45 W
2026/10/07 03:17:02.952, 0, 94 %, 5477 MiB, 73.88 W
2026/10/07 03:17:02.957, 1, 91 %, 5453 MiB, 71.33 W
2026/10/07 03:17:32.964, 0, 96 %, 5477 MiB, 56.36 W
2026/10/07 03:17:32.972, 1, 94 %, 5453 MiB, 69.23 W
2026/10/07 03:18:02.980, 0, 99 %, 5477 MiB, 73.15 W
2026/10/07 03:18:02.987, 1, 94 %, 5453 MiB, 65.93 W
2026/10/07 03:18:32.993, 0, 93 %, 5477 MiB, 64.47 W
2026/10/07 03:18:33.005, 1, 92 %, 5453 MiB, 65.45 W
2026/10/07 03:19:03.012, 0, 89 %, 5477 MiB, 70.02 W
2026/10/07 03:19:03.017, 1, 90 %, 5453 MiB, 55.12 W
2026/10/07 03:19:33.024, 0, 91 %, 5477 MiB, 68.84 W
2026/10/07 03:19:33.030, 1, 90 %, 5453 MiB, 68.98 W
2026/10/07 03:20:03.038, 0, 92 %, 5477 MiB, 68.95 W
2026/10/07 03:20:03.044, 1, 91 %, 5453 MiB, 69.38 W
2026/10/07 03:20:33.053, 0, 90 %, 5477 MiB, 70.65 W
2026/10/07 03:20:33.058, 1, 95 %, 5453 MiB, 58.61 W
2026/10/07 03:21:03.067, 0, 96 %, 5477 MiB, 72.70 W
2026/10/07 03:21:03.077, 1, 94 %, 5453 MiB, 71.14 W
2026/10/07 03:21:33.085, 0, 93 %, 5477 MiB, 70.44 W
2026/10/07 03:21:33.089, 1, 90 %, 5453 MiB, 64.08 W
2026/10/07 03:22:03.106, 0, 94 %, 5477 MiB, 71.19 W
2026/10/07 03:22:03.110, 1, 90 %, 5453 MiB, 64.87 W
2026/10/07 03:22:33.117, 0, 90 %, 5477 MiB, 68.29 W
2026/10/07 03:22:33.121, 1, 96 %, 5453 MiB, 63.83 W
2026/10/07 03:23:03.130, 0, 97 %, 5477 MiB, 61.52 W
2026/10/07 03:23:03.145, 1, 96 %, 5453 MiB, 67.51 W
2026/10/07 03:23:33.154, 0, 0 %, 5477 MiB, 31.95 W
2026/10/07 03:23:33.158, 1, 0 %, 5453 MiB, 41.82 W
2026/10/07 03:24:03.164, 0, 91 %, 5477 MiB, 67.82 W
2026/10/07 03:24:03.174, 1, 89 %, 5453 MiB, 72.21 W
2026/10/07 03:24:33.181, 0, 90 %, 5477 MiB, 75.59 W
2026/10/07 03:24:33.191, 1, 91 %, 5453 MiB, 73.78 W
2026/10/07 03:25:03.199, 0, 92 %, 5477 MiB, 81.40 W
2026/10/07 03:25:03.204, 1, 93 %, 5453 MiB, 55.67 W
2026/10/07 03:25:33.211, 0, 97 %, 5477 MiB, 69.42 W
2026/10/07 03:25:33.220, 1, 95 %, 5453 MiB, 65.26 W
2026/10/07 03:26:03.229, 0, 90 %, 5477 MiB, 62.75 W
2026/10/07 03:26:03.235, 1, 90 %, 5453 MiB, 47.35 W
2026/10/07 03:26:33.242, 0, 91 %, 5477 MiB, 66.88 W
2026/10/07 03:26:33.249, 1, 90 %, 5453 MiB, 67.37 W
2026/10/07 03:27:03.261, 0, 90 %, 5477 MiB, 58.09 W
2026/10/07 03:27:03.273, 1, 90 %, 5453 MiB, 66.20 W
2026/10/07 03:27:33.281, 0, 90 %, 5477 MiB, 63.30 W
2026/10/07 03:27:33.293, 1, 91 %, 5453 MiB, 66.08 W
2026/10/07 03:28:03.300, 0, 91 %, 5477 MiB, 69.23 W
2026/10/07 03:28:03.309, 1, 97 %, 5453 MiB, 66.39 W
2026/10/07 03:28:33.323, 0, 95 %, 5477 MiB, 77.30 W
2026/10/07 03:28:33.327, 1, 91 %, 5453 MiB, 72.41 W
2026/10/07 03:29:03.339, 0, 91 %, 5477 MiB, 69.13 W
2026/10/07 03:29:03.350, 1, 93 %, 5453 MiB, 66.47 W
2026/10/07 03:29:33.357, 0, 99 %, 5477 MiB, 76.76 W
2026/10/07 03:29:33.366, 1, 91 %, 5453 MiB, 74.86 W
2026/10/07 03:30:03.374, 0, 96 %, 5477 MiB, 59.56 W
2026/10/07 03:30:03.385, 1, 90 %, 5453 MiB, 59.49 W
2026/10/07 03:30:33.402, 0, 91 %, 5477 MiB, 67.86 W
2026/10/07 03:30:33.407, 1, 97 %, 5453 MiB, 65.69 W
2026/10/07 03:31:03.415, 0, 87 %, 5477 MiB, 69.42 W
2026/10/07 03:31:03.421, 1, 96 %, 5453 MiB, 63.85 W
2026/10/07 03:31:33.429, 0, 92 %, 5477 MiB, 70.02 W
2026/10/07 03:31:33.437, 1, 90 %, 5453 MiB, 62.85 W
2026/10/07 03:32:03.454, 0, 93 %, 5477 MiB, 58.81 W
2026/10/07 03:32:03.458, 1, 90 %, 5453 MiB, 56.62 W
2026/10/07 03:32:33.465, 0, 89 %, 5477 MiB, 61.00 W
2026/10/07 03:32:33.470, 1, 91 %, 5453 MiB, 62.30 W
2026/10/07 03:33:03.479, 0, 90 %, 5477 MiB, 61.71 W
2026/10/07 03:33:03.484, 1, 90 %, 5453 MiB, 66.98 W
2026/10/07 03:33:33.492, 0, 90 %, 5477 MiB, 49.35 W
2026/10/07 03:33:33.496, 1, 92 %, 5453 MiB, 49.29 W
2026/10/07 03:34:03.508, 0, 89 %, 5477 MiB, 77.44 W
2026/10/07 03:34:03.513, 1, 89 %, 5453 MiB, 76.22 W
2026/10/07 03:34:33.520, 0, 90 %, 5477 MiB, 76.66 W
2026/10/07 03:34:33.526, 1, 92 %, 5453 MiB, 73.83 W
2026/10/07 03:35:03.535, 0, 92 %, 5477 MiB, 64.55 W
2026/10/07 03:35:03.547, 1, 91 %, 5453 MiB, 64.87 W
2026/10/07 03:35:33.554, 0, 97 %, 5477 MiB, 58.71 W
2026/10/07 03:35:33.559, 1, 95 %, 5455 MiB, 72.61 W
2026/10/07 03:36:03.566, 0, 94 %, 5477 MiB, 62.65 W
2026/10/07 03:36:03.572, 1, 94 %, 5455 MiB, 58.42 W
2026/10/07 03:36:33.580, 0, 91 %, 5477 MiB, 54.23 W
2026/10/07 03:36:33.588, 1, 91 %, 5455 MiB, 47.08 W
2026/10/07 03:37:03.595, 0, 98 %, 5477 MiB, 69.87 W
2026/10/07 03:37:03.607, 1, 94 %, 5455 MiB, 71.96 W
2026/10/07 03:37:33.615, 0, 90 %, 5477 MiB, 67.12 W
2026/10/07 03:37:33.622, 1, 97 %, 5455 MiB, 62.91 W
2026/10/07 03:38:03.630, 0, 93 %, 5477 MiB, 68.60 W
2026/10/07 03:38:03.635, 1, 91 %, 5455 MiB, 68.25 W
2026/10/07 03:38:33.649, 0, 90 %, 5477 MiB, 56.29 W
2026/10/07 03:38:33.654, 1, 89 %, 5455 MiB, 72.70 W
2026/10/07 03:39:03.662, 0, 89 %, 5477 MiB, 77.59 W
2026/10/07 03:39:03.671, 1, 89 %, 5455 MiB, 74.71 W
2026/10/07 03:39:33.679, 0, 90 %, 5477 MiB, 47.67 W
2026/10/07 03:39:33.683, 1, 91 %, 5455 MiB, 46.89 W
2026/10/07 03:40:03.691, 0, 95 %, 5479 MiB, 74.46 W
2026/10/07 03:40:03.695, 1, 94 %, 5455 MiB, 69.72 W
2026/10/07 03:40:33.710, 0, 96 %, 5479 MiB, 74.95 W
2026/10/07 03:40:33.716, 1, 91 %, 5455 MiB, 69.83 W
2026/10/07 03:41:03.730, 0, 93 %, 5479 MiB, 68.60 W
2026/10/07 03:41:03.736, 1, 89 %, 5455 MiB, 64.73 W
2026/10/07 03:41:33.749, 0, 90 %, 5479 MiB, 79.15 W
2026/10/07 03:41:33.755, 1, 91 %, 5455 MiB, 73.34 W
2026/10/07 03:42:03.763, 0, 91 %, 5479 MiB, 63.48 W
2026/10/07 03:42:03.768, 1, 88 %, 5455 MiB, 69.09 W
2026/10/07 03:42:33.776, 0, 90 %, 5479 MiB, 67.23 W
2026/10/07 03:42:33.788, 1, 90 %, 5455 MiB, 70.75 W
2026/10/07 03:43:03.795, 0, 91 %, 5479 MiB, 54.79 W
2026/10/07 03:43:03.799, 1, 97 %, 5455 MiB, 69.17 W
2026/10/07 03:43:33.809, 0, 91 %, 5479 MiB, 72.27 W
2026/10/07 03:43:33.819, 1, 93 %, 5455 MiB, 68.64 W
2026/10/07 03:44:03.829, 0, 90 %, 5479 MiB, 67.41 W
2026/10/07 03:44:03.833, 1, 96 %, 5455 MiB, 70.21 W
2026/10/07 03:44:33.840, 0, 90 %, 5479 MiB, 67.84 W
2026/10/07 03:44:33.853, 1, 91 %, 5455 MiB, 69.41 W
2026/10/07 03:45:03.862, 0, 89 %, 5479 MiB, 73.49 W
2026/10/07 03:45:03.877, 1, 92 %, 5455 MiB, 71.81 W
2026/10/07 03:45:33.888, 0, 91 %, 5479 MiB, 61.28 W
2026/10/07 03:45:33.894, 1, 90 %, 5455 MiB, 74.81 W
2026/10/07 03:46:03.902, 0, 94 %, 5479 MiB, 75.39 W
2026/10/07 03:46:03.914, 1, 97 %, 5455 MiB, 72.12 W
2026/10/07 03:46:33.925, 0, 90 %, 5479 MiB, 68.35 W
2026/10/07 03:46:33.930, 1, 92 %, 5455 MiB, 57.73 W
2026/10/07 03:47:03.938, 0, 89 %, 5479 MiB, 64.87 W
2026/10/07 03:47:03.943, 1, 90 %, 5455 MiB, 64.46 W
2026/10/07 03:47:33.951, 0, 90 %, 5479 MiB, 72.41 W
2026/10/07 03:47:33.960, 1, 93 %, 5455 MiB, 56.55 W
2026/10/07 03:48:03.968, 0, 93 %, 5479 MiB, 71.49 W
2026/10/07 03:48:03.975, 1, 94 %, 5455 MiB, 56.78 W
2026/10/07 03:48:33.983, 0, 95 %, 5479 MiB, 71.63 W
2026/10/07 03:48:33.991, 1, 95 %, 5455 MiB, 71.57 W
2026/10/07 03:49:03.999, 0, 90 %, 5479 MiB, 67.51 W
2026/10/07 03:49:04.003, 1, 96 %, 5455 MiB, 64.67 W
2026/10/07 03:49:34.011, 0, 87 %, 5479 MiB, 71.63 W
2026/10/07 03:49:34.015, 1, 93 %, 5455 MiB, 46.24 W
2026/10/07 03:50:04.023, 0, 96 %, 5479 MiB, 71.00 W
2026/10/07 03:50:04.027, 1, 91 %, 5455 MiB, 70.90 W
2026/10/07 03:50:34.038, 0, 95 %, 5479 MiB, 76.71 W
2026/10/07 03:50:34.048, 1, 91 %, 5455 MiB, 73.24 W
2026/10/07 03:51:04.057, 0, 90 %, 5479 MiB, 46.69 W
2026/10/07 03:51:04.068, 1, 90 %, 5455 MiB, 66.00 W
2026/10/07 03:51:34.081, 0, 92 %, 5479 MiB, 70.85 W
2026/10/07 03:51:34.090, 1, 90 %, 5455 MiB, 71.04 W
2026/10/07 03:52:04.104, 0, 90 %, 5479 MiB, 71.28 W
2026/10/07 03:52:04.109, 1, 92 %, 5455 MiB, 74.46 W
2026/10/07 03:52:34.124, 0, 90 %, 5479 MiB, 67.82 W
2026/10/07 03:52:34.132, 1, 91 %, 5455 MiB, 69.41 W
2026/10/07 03:53:04.140, 0, 88 %, 5479 MiB, 59.99 W
2026/10/07 03:53:04.145, 1, 93 %, 5455 MiB, 74.17 W
2026/10/07 03:53:34.154, 0, 91 %, 5479 MiB, 68.56 W
2026/10/07 03:53:34.158, 1, 90 %, 5455 MiB, 67.43 W
2026/10/07 03:54:04.170, 0, 90 %, 5479 MiB, 64.43 W
2026/10/07 03:54:04.174, 1, 89 %, 5455 MiB, 71.08 W
2026/10/07 03:54:34.182, 0, 97 %, 5479 MiB, 65.16 W
2026/10/07 03:54:34.187, 1, 91 %, 5455 MiB, 68.88 W
2026/10/07 03:55:04.197, 0, 99 %, 5479 MiB, 67.90 W
2026/10/07 03:55:04.205, 1, 98 %, 5455 MiB, 68.64 W
2026/10/07 03:55:34.214, 0, 92 %, 5479 MiB, 72.41 W
2026/10/07 03:55:34.223, 1, 94 %, 5455 MiB, 54.33 W
2026/10/07 03:56:04.240, 0, 93 %, 5479 MiB, 68.54 W
2026/10/07 03:56:04.244, 1, 90 %, 5455 MiB, 67.37 W
2026/10/07 03:56:34.251, 0, 90 %, 5479 MiB, 74.47 W
2026/10/07 03:56:34.257, 1, 91 %, 5455 MiB, 56.95 W
2026/10/07 03:57:04.264, 0, 88 %, 5479 MiB, 65.61 W
2026/10/07 03:57:04.274, 1, 91 %, 5455 MiB, 71.88 W
2026/10/07 03:57:34.281, 0, 90 %, 5479 MiB, 65.69 W
2026/10/07 03:57:34.286, 1, 90 %, 5455 MiB, 65.57 W
2026/10/07 03:58:04.298, 0, 92 %, 5479 MiB, 65.75 W
2026/10/07 03:58:04.307, 1, 89 %, 5455 MiB, 73.15 W
2026/10/07 03:58:34.321, 0, 91 %, 5479 MiB, 74.81 W
2026/10/07 03:58:34.326, 1, 92 %, 5455 MiB, 62.50 W
2026/10/07 03:59:04.336, 0, 88 %, 5479 MiB, 65.81 W
2026/10/07 03:59:04.346, 1, 90 %, 5455 MiB, 64.18 W
2026/10/07 03:59:34.353, 0, 91 %, 5479 MiB, 67.59 W
2026/10/07 03:59:34.357, 1, 90 %, 5455 MiB, 64.87 W
2026/10/07 04:00:04.366, 0, 95 %, 5479 MiB, 47.35 W
2026/10/07 04:00:04.372, 1, 88 %, 5455 MiB, 68.05 W
2026/10/07 04:00:34.382, 0, 93 %, 5479 MiB, 58.58 W
2026/10/07 04:00:34.387, 1, 96 %, 5455 MiB, 58.55 W
2026/10/07 04:01:04.394, 0, 96 %, 5479 MiB, 68.05 W
2026/10/07 04:01:04.399, 1, 94 %, 5455 MiB, 69.72 W
2026/10/07 04:01:34.409, 0, 92 %, 5479 MiB, 71.53 W
2026/10/07 04:01:34.413, 1, 97 %, 5455 MiB, 53.81 W
2026/10/07 04:02:04.428, 0, 96 %, 5479 MiB, 72.21 W
2026/10/07 04:02:04.433, 1, 90 %, 5455 MiB, 63.79 W
2026/10/07 04:02:34.440, 0, 90 %, 5479 MiB, 67.12 W
2026/10/07 04:02:34.445, 1, 96 %, 5455 MiB, 66.15 W
2026/10/07 04:03:04.452, 0, 90 %, 5479 MiB, 48.73 W
2026/10/07 04:03:04.458, 1, 90 %, 5455 MiB, 74.71 W
2026/10/07 04:03:34.466, 0, 90 %, 5479 MiB, 70.05 W
2026/10/07 04:03:34.472, 1, 94 %, 5455 MiB, 46.76 W
2026/10/07 04:04:04.485, 0, 90 %, 5479 MiB, 62.03 W
2026/10/07 04:04:04.490, 1, 93 %, 5455 MiB, 74.07 W
2026/10/07 04:04:34.501, 0, 91 %, 5479 MiB, 69.92 W
2026/10/07 04:04:34.506, 1, 97 %, 5455 MiB, 63.93 W
2026/10/07 04:05:04.514, 0, 93 %, 5479 MiB, 71.63 W
2026/10/07 04:05:04.519, 1, 96 %, 5455 MiB, 65.76 W
2026/10/07 04:05:34.527, 0, 89 %, 5479 MiB, 74.66 W
2026/10/07 04:05:34.538, 1, 91 %, 5455 MiB, 66.18 W
2026/10/07 04:06:04.549, 0, 90 %, 5479 MiB, 66.49 W
2026/10/07 04:06:04.553, 1, 93 %, 5455 MiB, 66.29 W
2026/10/07 04:06:34.564, 0, 90 %, 5479 MiB, 67.43 W
2026/10/07 04:06:34.573, 1, 98 %, 5455 MiB, 67.12 W
2026/10/07 04:07:04.584, 0, 91 %, 5479 MiB, 74.22 W
2026/10/07 04:07:04.595, 1, 88 %, 5455 MiB, 67.96 W
2026/10/07 04:07:34.607, 0, 96 %, 5479 MiB, 59.95 W
2026/10/07 04:07:34.612, 1, 89 %, 5455 MiB, 75.10 W
2026/10/07 04:08:04.619, 0, 97 %, 5479 MiB, 74.96 W
2026/10/07 04:08:04.630, 1, 89 %, 5455 MiB, 62.89 W
2026/10/07 04:08:34.639, 0, 91 %, 5479 MiB, 44.72 W
2026/10/07 04:08:34.647, 1, 95 %, 5455 MiB, 70.90 W
2026/10/07 04:09:04.659, 0, 94 %, 5479 MiB, 66.84 W
2026/10/07 04:09:04.668, 1, 89 %, 5455 MiB, 71.10 W
2026/10/07 04:09:34.677, 0, 97 %, 5479 MiB, 66.77 W
2026/10/07 04:09:34.682, 1, 89 %, 5455 MiB, 71.39 W
2026/10/07 04:10:04.692, 0, 95 %, 5479 MiB, 66.92 W
2026/10/07 04:10:04.697, 1, 90 %, 5455 MiB, 72.21 W
2026/10/07 04:10:34.712, 0, 92 %, 5479 MiB, 66.88 W
2026/10/07 04:10:34.720, 1, 96 %, 5455 MiB, 65.16 W
2026/10/07 04:11:04.727, 0, 90 %, 5479 MiB, 76.08 W
2026/10/07 04:11:04.732, 1, 90 %, 5455 MiB, 70.50 W
2026/10/07 04:11:34.740, 0, 94 %, 5479 MiB, 68.74 W
2026/10/07 04:11:34.745, 1, 90 %, 5455 MiB, 70.01 W
2026/10/07 04:12:04.753, 0, 90 %, 5479 MiB, 67.12 W
2026/10/07 04:12:04.757, 1, 99 %, 5455 MiB, 51.87 W
2026/10/07 04:12:34.768, 0, 91 %, 5479 MiB, 69.42 W
2026/10/07 04:12:34.774, 1, 90 %, 5455 MiB, 69.48 W
2026/10/07 04:13:04.783, 0, 0 %, 5479 MiB, 42.12 W
2026/10/07 04:13:04.787, 1, 0 %, 5455 MiB, 41.72 W
2026/10/07 04:13:34.793, 0, 95 %, 5479 MiB, 66.82 W
2026/10/07 04:13:34.800, 1, 93 %, 5455 MiB, 70.89 W
2026/10/07 04:14:04.808, 0, 90 %, 5479 MiB, 63.30 W
2026/10/07 04:14:04.813, 1, 91 %, 5455 MiB, 73.43 W
2026/10/07 04:14:34.821, 0, 93 %, 5479 MiB, 76.03 W
2026/10/07 04:14:34.826, 1, 94 %, 5455 MiB, 61.97 W
2026/10/07 04:15:04.842, 0, 93 %, 5479 MiB, 68.93 W
2026/10/07 04:15:04.850, 1, 91 %, 5455 MiB, 61.62 W
2026/10/07 04:15:34.858, 0, 89 %, 5479 MiB, 69.88 W
2026/10/07 04:15:34.869, 1, 91 %, 5455 MiB, 50.73 W
2026/10/07 04:16:04.876, 0, 97 %, 5479 MiB, 76.96 W
2026/10/07 04:16:04.880, 1, 96 %, 5455 MiB, 66.92 W
2026/10/07 04:16:34.889, 0, 90 %, 5479 MiB, 67.47 W
2026/10/07 04:16:34.899, 1, 93 %, 5455 MiB, 41.62 W
2026/10/07 04:17:04.912, 0, 90 %, 5479 MiB, 52.53 W
2026/10/07 04:17:04.917, 1, 89 %, 5455 MiB, 69.72 W
2026/10/07 04:17:34.925, 0, 93 %, 5479 MiB, 71.05 W
2026/10/07 04:17:34.930, 1, 97 %, 5455 MiB, 67.47 W
2026/10/07 04:18:04.938, 0, 91 %, 5479 MiB, 68.49 W
2026/10/07 04:18:04.942, 1, 94 %, 5455 MiB, 56.75 W
2026/10/07 04:18:34.951, 0, 91 %, 5479 MiB, 68.98 W
2026/10/07 04:18:34.957, 1, 94 %, 5455 MiB, 66.94 W
2026/10/07 04:19:04.967, 0, 90 %, 5479 MiB, 66.63 W
2026/10/07 04:19:04.972, 1, 94 %, 5455 MiB, 66.04 W
2026/10/07 04:19:34.985, 0, 93 %, 5479 MiB, 58.32 W
2026/10/07 04:19:34.990, 1, 91 %, 5455 MiB, 71.38 W
2026/10/07 04:20:04.999, 0, 90 %, 5479 MiB, 68.49 W
2026/10/07 04:20:05.004, 1, 92 %, 5455 MiB, 71.97 W
2026/10/07 04:20:35.012, 0, 86 %, 5479 MiB, 68.35 W
2026/10/07 04:20:35.021, 1, 88 %, 5455 MiB, 68.15 W
2026/10/07 04:21:05.030, 0, 90 %, 5479 MiB, 67.75 W
2026/10/07 04:21:05.035, 1, 87 %, 5455 MiB, 67.33 W
2026/10/07 04:21:35.046, 0, 93 %, 5479 MiB, 70.16 W
2026/10/07 04:21:35.052, 1, 94 %, 5455 MiB, 66.86 W
2026/10/07 04:22:05.060, 0, 92 %, 5479 MiB, 68.15 W
2026/10/07 04:22:05.064, 1, 97 %, 5455 MiB, 73.59 W
2026/10/07 04:22:35.072, 0, 92 %, 5479 MiB, 65.00 W
2026/10/07 04:22:35.080, 1, 93 %, 5455 MiB, 64.42 W
2026/10/07 04:23:05.092, 0, 91 %, 5479 MiB, 68.88 W
2026/10/07 04:23:05.097, 1, 98 %, 5455 MiB, 65.36 W
2026/10/07 04:23:35.108, 0, 91 %, 5479 MiB, 71.10 W
2026/10/07 04:23:35.113, 1, 91 %, 5455 MiB, 73.15 W
2026/10/07 04:24:05.130, 0, 95 %, 5479 MiB, 69.86 W
2026/10/07 04:24:05.135, 1, 90 %, 5455 MiB, 73.49 W
2026/10/07 04:24:35.145, 0, 88 %, 5479 MiB, 65.06 W
2026/10/07 04:24:35.151, 1, 91 %, 5455 MiB, 70.05 W
2026/10/07 04:25:05.161, 0, 87 %, 5479 MiB, 66.78 W
2026/10/07 04:25:05.167, 1, 91 %, 5455 MiB, 67.86 W
2026/10/07 04:25:35.182, 0, 92 %, 5479 MiB, 68.35 W
2026/10/07 04:25:35.187, 1, 97 %, 5455 MiB, 64.16 W
2026/10/07 04:26:05.197, 0, 21 %, 5479 MiB, 48.83 W
2026/10/07 04:26:05.206, 1, 93 %, 5455 MiB, 67.90 W
2026/10/07 04:26:35.214, 0, 88 %, 5479 MiB, 68.93 W
2026/10/07 04:26:35.219, 1, 89 %, 5455 MiB, 65.67 W
2026/10/07 04:27:05.228, 0, 89 %, 5479 MiB, 57.93 W
2026/10/07 04:27:05.233, 1, 91 %, 5455 MiB, 65.45 W
2026/10/07 04:27:35.243, 0, 95 %, 5479 MiB, 71.82 W
2026/10/07 04:27:35.248, 1, 91 %, 5455 MiB, 71.87 W
2026/10/07 04:28:05.256, 0, 90 %, 5479 MiB, 67.65 W
2026/10/07 04:28:05.260, 1, 93 %, 5455 MiB, 71.62 W
2026/10/07 04:28:35.268, 0, 90 %, 5479 MiB, 56.69 W
2026/10/07 04:28:35.280, 1, 86 %, 5455 MiB, 63.63 W
2026/10/07 04:29:05.289, 0, 98 %, 5479 MiB, 67.31 W
2026/10/07 04:29:05.294, 1, 93 %, 5455 MiB, 67.16 W
2026/10/07 04:29:35.301, 0, 88 %, 5479 MiB, 75.54 W
2026/10/07 04:29:35.310, 1, 89 %, 5455 MiB, 65.55 W
2026/10/07 04:30:05.326, 0, 88 %, 5479 MiB, 67.20 W
2026/10/07 04:30:05.331, 1, 90 %, 5455 MiB, 67.41 W
2026/10/07 04:30:35.338, 0, 89 %, 5479 MiB, 62.26 W
2026/10/07 04:30:35.346, 1, 93 %, 5455 MiB, 68.93 W
2026/10/07 04:31:05.361, 0, 97 %, 5479 MiB, 66.59 W
2026/10/07 04:31:05.367, 1, 92 %, 5455 MiB, 68.39 W
2026/10/07 04:31:35.376, 0, 93 %, 5479 MiB, 68.79 W
2026/10/07 04:31:35.380, 1, 94 %, 5455 MiB, 69.23 W
2026/10/07 04:32:05.389, 0, 88 %, 5479 MiB, 67.86 W
2026/10/07 04:32:05.400, 1, 91 %, 5455 MiB, 53.97 W
2026/10/07 04:32:35.408, 0, 92 %, 5479 MiB, 67.86 W
2026/10/07 04:32:35.416, 1, 90 %, 5455 MiB, 56.52 W
2026/10/07 04:33:05.424, 0, 89 %, 5479 MiB, 71.92 W
2026/10/07 04:33:05.430, 1, 93 %, 5455 MiB, 71.53 W
2026/10/07 04:33:35.439, 0, 92 %, 5479 MiB, 78.66 W
2026/10/07 04:33:35.444, 1, 97 %, 5455 MiB, 69.67 W
2026/10/07 04:34:05.451, 0, 90 %, 5479 MiB, 69.62 W
2026/10/07 04:34:05.455, 1, 90 %, 5455 MiB, 53.09 W
2026/10/07 04:34:35.465, 0, 91 %, 5479 MiB, 57.70 W
2026/10/07 04:34:35.469, 1, 91 %, 5455 MiB, 75.64 W
2026/10/07 04:35:05.477, 0, 88 %, 5479 MiB, 65.26 W
2026/10/07 04:35:05.487, 1, 88 %, 5455 MiB, 64.22 W
2026/10/07 04:35:35.502, 0, 91 %, 5479 MiB, 75.44 W
2026/10/07 04:35:35.508, 1, 91 %, 5455 MiB, 65.63 W
2026/10/07 04:36:05.520, 0, 92 %, 5479 MiB, 74.46 W
2026/10/07 04:36:05.529, 1, 96 %, 5455 MiB, 67.45 W
2026/10/07 04:36:35.542, 0, 88 %, 5479 MiB, 69.03 W
2026/10/07 04:36:35.547, 1, 91 %, 5455 MiB, 62.38 W
2026/10/07 04:37:05.563, 0, 89 %, 5479 MiB, 60.51 W
2026/10/07 04:37:05.572, 1, 89 %, 5455 MiB, 72.94 W
2026/10/07 04:37:35.584, 0, 97 %, 5479 MiB, 46.57 W
2026/10/07 04:37:35.592, 1, 97 %, 5455 MiB, 68.15 W
2026/10/07 04:38:05.604, 0, 90 %, 5479 MiB, 65.71 W
2026/10/07 04:38:05.613, 1, 93 %, 5455 MiB, 55.54 W
2026/10/07 04:38:35.624, 0, 2 %, 5479 MiB, 42.39 W
2026/10/07 04:38:35.627, 1, 1 %, 5455 MiB, 37.53 W
2026/10/07 04:39:05.634, 0, 93 %, 5479 MiB, 72.22 W
2026/10/07 04:39:05.641, 1, 93 %, 5455 MiB, 64.83 W
2026/10/07 04:39:35.653, 0, 94 %, 5479 MiB, 73.24 W
2026/10/07 04:39:35.658, 1, 94 %, 5455 MiB, 59.07 W
2026/10/07 04:40:05.668, 0, 91 %, 5479 MiB, 67.41 W
2026/10/07 04:40:05.676, 1, 91 %, 5455 MiB, 67.16 W
2026/10/07 04:40:35.683, 0, 93 %, 5479 MiB, 72.75 W
2026/10/07 04:40:35.691, 1, 93 %, 5455 MiB, 72.51 W
2026/10/07 04:41:05.701, 0, 89 %, 5479 MiB, 67.94 W
2026/10/07 04:41:05.705, 1, 90 %, 5455 MiB, 71.33 W
2026/10/07 04:41:35.715, 0, 91 %, 5479 MiB, 76.37 W
2026/10/07 04:41:35.720, 1, 92 %, 5455 MiB, 57.50 W
2026/10/07 04:42:05.732, 0, 92 %, 5479 MiB, 56.62 W
2026/10/07 04:42:05.738, 1, 92 %, 5455 MiB, 65.24 W
2026/10/07 04:42:35.753, 0, 90 %, 5479 MiB, 68.21 W
2026/10/07 04:42:35.758, 1, 92 %, 5455 MiB, 64.51 W
2026/10/07 04:43:05.768, 0, 90 %, 5479 MiB, 66.14 W
2026/10/07 04:43:05.778, 1, 90 %, 5455 MiB, 54.85 W
2026/10/07 04:43:35.790, 0, 91 %, 5479 MiB, 66.15 W
2026/10/07 04:43:35.801, 1, 92 %, 5455 MiB, 65.75 W
2026/10/07 04:44:05.814, 0, 91 %, 5479 MiB, 71.87 W
2026/10/07 04:44:05.826, 1, 96 %, 5455 MiB, 58.48 W
2026/10/07 04:44:35.836, 0, 92 %, 5479 MiB, 67.80 W
2026/10/07 04:44:35.841, 1, 90 %, 5455 MiB, 68.93 W
2026/10/07 04:45:05.849, 0, 92 %, 5479 MiB, 71.76 W
2026/10/07 04:45:05.854, 1, 91 %, 5455 MiB, 64.71 W
2026/10/07 04:45:35.862, 0, 92 %, 5479 MiB, 74.07 W
2026/10/07 04:45:35.869, 1, 97 %, 5455 MiB, 60.17 W
2026/10/07 04:46:05.876, 0, 90 %, 5479 MiB, 71.25 W
2026/10/07 04:46:05.893, 1, 90 %, 5455 MiB, 53.87 W
2026/10/07 04:46:35.903, 0, 93 %, 5479 MiB, 67.66 W
2026/10/07 04:46:35.907, 1, 93 %, 5455 MiB, 66.14 W
2026/10/07 04:47:05.916, 0, 96 %, 5479 MiB, 69.73 W
2026/10/07 04:47:05.922, 1, 91 %, 5455 MiB, 66.33 W
2026/10/07 04:47:35.929, 0, 91 %, 5479 MiB, 71.38 W
2026/10/07 04:47:35.934, 1, 90 %, 5455 MiB, 65.71 W
2026/10/07 04:48:05.946, 0, 93 %, 5479 MiB, 71.57 W
2026/10/07 04:48:05.952, 1, 88 %, 5455 MiB, 66.33 W
2026/10/07 04:48:35.959, 0, 90 %, 5479 MiB, 58.16 W
2026/10/07 04:48:35.963, 1, 89 %, 5455 MiB, 57.37 W
2026/10/07 04:49:05.978, 0, 89 %, 5479 MiB, 67.08 W
2026/10/07 04:49:05.989, 1, 94 %, 5455 MiB, 65.90 W
2026/10/07 04:49:35.997, 0, 89 %, 5479 MiB, 67.06 W
2026/10/07 04:49:36.003, 1, 89 %, 5455 MiB, 70.94 W
2026/10/07 04:50:06.018, 0, 91 %, 5479 MiB, 68.36 W
2026/10/07 04:50:06.031, 1, 93 %, 5455 MiB, 66.20 W
2026/10/07 04:50:36.038, 0, 98 %, 5479 MiB, 67.17 W
2026/10/07 04:50:36.048, 1, 90 %, 5455 MiB, 72.56 W
2026/10/07 04:51:06.057, 0, 96 %, 5479 MiB, 69.27 W
2026/10/07 04:51:06.068, 1, 95 %, 5455 MiB, 59.49 W
2026/10/07 04:51:36.080, 0, 92 %, 5479 MiB, 68.35 W
2026/10/07 04:51:36.085, 1, 95 %, 5455 MiB, 69.14 W
2026/10/07 04:52:06.093, 0, 90 %, 5479 MiB, 69.42 W
2026/10/07 04:52:06.098, 1, 90 %, 5455 MiB, 71.88 W
2026/10/07 04:52:36.108, 0, 87 %, 5479 MiB, 72.12 W
2026/10/07 04:52:36.112, 1, 90 %, 5455 MiB, 71.48 W
2026/10/07 04:53:06.123, 0, 90 %, 5479 MiB, 56.78 W
2026/10/07 04:53:06.128, 1, 90 %, 5455 MiB, 68.00 W
2026/10/07 04:53:36.139, 0, 94 %, 5479 MiB, 80.57 W
2026/10/07 04:53:36.148, 1, 93 %, 5455 MiB, 69.09 W
2026/10/07 04:54:06.156, 0, 89 %, 5479 MiB, 45.41 W
2026/10/07 04:54:06.165, 1, 90 %, 5455 MiB, 53.28 W
2026/10/07 04:54:36.174, 0, 93 %, 5479 MiB, 68.19 W
2026/10/07 04:54:36.179, 1, 93 %, 5455 MiB, 64.22 W
2026/10/07 04:55:06.189, 0, 92 %, 5479 MiB, 68.49 W
2026/10/07 04:55:06.194, 1, 92 %, 5455 MiB, 64.71 W
2026/10/07 04:55:36.206, 0, 97 %, 5479 MiB, 71.92 W
2026/10/07 04:55:36.211, 1, 98 %, 5455 MiB, 70.69 W
2026/10/07 04:56:06.221, 0, 90 %, 5479 MiB, 79.20 W
2026/10/07 04:56:06.225, 1, 91 %, 5455 MiB, 75.19 W
2026/10/07 04:56:36.235, 0, 91 %, 5479 MiB, 65.10 W
2026/10/07 04:56:36.244, 1, 89 %, 5455 MiB, 54.43 W
2026/10/07 04:57:06.251, 0, 90 %, 5479 MiB, 77.00 W
2026/10/07 04:57:06.255, 1, 89 %, 5455 MiB, 76.47 W
2026/10/07 04:57:36.265, 0, 91 %, 5479 MiB, 59.46 W
2026/10/07 04:57:36.271, 1, 90 %, 5455 MiB, 55.97 W
2026/10/07 04:58:06.279, 0, 89 %, 5479 MiB, 74.90 W
2026/10/07 04:58:06.290, 1, 89 %, 5455 MiB, 73.83 W
2026/10/07 04:58:36.298, 0, 96 %, 5479 MiB, 65.24 W
2026/10/07 04:58:36.303, 1, 97 %, 5455 MiB, 61.75 W
2026/10/07 04:59:06.312, 0, 94 %, 5479 MiB, 71.63 W
2026/10/07 04:59:06.317, 1, 94 %, 5455 MiB, 72.66 W
2026/10/07 04:59:36.330, 0, 90 %, 5479 MiB, 70.89 W
2026/10/07 04:59:36.339, 1, 91 %, 5455 MiB, 70.11 W
2026/10/07 05:00:06.348, 0, 92 %, 5479 MiB, 68.39 W
2026/10/07 05:00:06.354, 1, 91 %, 5455 MiB, 65.20 W
2026/10/07 05:00:36.362, 0, 91 %, 5479 MiB, 54.00 W
2026/10/07 05:00:36.374, 1, 91 %, 5455 MiB, 48.70 W
2026/10/07 05:01:06.382, 0, 96 %, 5479 MiB, 68.36 W
2026/10/07 05:01:06.387, 1, 97 %, 5455 MiB, 67.33 W
2026/10/07 05:01:36.394, 0, 93 %, 5479 MiB, 66.98 W
2026/10/07 05:01:36.400, 1, 96 %, 5455 MiB, 67.89 W
2026/10/07 05:02:06.408, 0, 91 %, 5479 MiB, 66.24 W
2026/10/07 05:02:06.413, 1, 92 %, 5455 MiB, 66.28 W
2026/10/07 05:02:36.424, 0, 89 %, 5479 MiB, 74.52 W
2026/10/07 05:02:36.428, 1, 91 %, 5455 MiB, 68.50 W
2026/10/07 05:03:06.437, 0, 89 %, 5479 MiB, 66.73 W
2026/10/07 05:03:06.446, 1, 89 %, 5455 MiB, 68.10 W
2026/10/07 05:03:36.456, 0, 97 %, 5479 MiB, 68.44 W
2026/10/07 05:03:36.461, 1, 95 %, 5455 MiB, 65.85 W
2026/10/07 05:04:06.468, 0, 90 %, 5479 MiB, 71.91 W
2026/10/07 05:04:06.472, 1, 91 %, 5455 MiB, 63.24 W
2026/10/07 05:04:36.489, 0, 87 %, 5479 MiB, 67.08 W
2026/10/07 05:04:36.497, 1, 89 %, 5455 MiB, 67.41 W
2026/10/07 05:05:06.504, 0, 90 %, 5479 MiB, 76.12 W
2026/10/07 05:05:06.509, 1, 91 %, 5455 MiB, 65.67 W
2026/10/07 05:05:36.517, 0, 89 %, 5479 MiB, 72.69 W
2026/10/07 05:05:36.525, 1, 88 %, 5455 MiB, 47.94 W
2026/10/07 05:06:06.542, 0, 89 %, 5479 MiB, 66.60 W
2026/10/07 05:06:06.554, 1, 91 %, 5455 MiB, 56.10 W
2026/10/07 05:06:36.566, 0, 99 %, 5479 MiB, 58.42 W
2026/10/07 05:06:36.571, 1, 99 %, 5455 MiB, 55.12 W
2026/10/07 05:07:06.581, 0, 87 %, 5479 MiB, 72.36 W
2026/10/07 05:07:06.586, 1, 89 %, 5455 MiB, 69.62 W
2026/10/07 05:07:36.595, 0, 89 %, 5479 MiB, 68.78 W
2026/10/07 05:07:36.599, 1, 90 %, 5455 MiB, 47.74 W
2026/10/07 05:08:06.608, 0, 97 %, 5479 MiB, 67.87 W
2026/10/07 05:08:06.616, 1, 97 %, 5455 MiB, 69.96 W
2026/10/07 05:08:36.625, 0, 90 %, 5479 MiB, 74.36 W
2026/10/07 05:08:36.636, 1, 90 %, 5455 MiB, 70.85 W
2026/10/07 05:09:06.645, 0, 94 %, 5479 MiB, 67.66 W
2026/10/07 05:09:06.650, 1, 93 %, 5455 MiB, 67.80 W
2026/10/07 05:09:36.659, 0, 93 %, 5479 MiB, 75.69 W
2026/10/07 05:09:36.666, 1, 96 %, 5455 MiB, 76.22 W
2026/10/07 05:10:06.674, 0, 91 %, 5479 MiB, 69.24 W
2026/10/07 05:10:06.680, 1, 89 %, 5455 MiB, 63.59 W
2026/10/07 05:10:36.689, 0, 89 %, 5479 MiB, 66.78 W
2026/10/07 05:10:36.694, 1, 86 %, 5455 MiB, 66.86 W
2026/10/07 05:11:06.702, 0, 89 %, 5479 MiB, 70.11 W
2026/10/07 05:11:06.713, 1, 90 %, 5455 MiB, 47.25 W
2026/10/07 05:11:36.720, 0, 87 %, 5479 MiB, 69.23 W
2026/10/07 05:11:36.726, 1, 91 %, 5455 MiB, 64.91 W
2026/10/07 05:12:06.738, 0, 87 %, 5479 MiB, 70.30 W
2026/10/07 05:12:06.749, 1, 91 %, 5455 MiB, 72.22 W
2026/10/07 05:12:36.764, 0, 92 %, 5479 MiB, 68.64 W
2026/10/07 05:12:36.768, 1, 92 %, 5455 MiB, 67.61 W
2026/10/07 05:13:06.777, 0, 96 %, 5479 MiB, 74.66 W
2026/10/07 05:13:06.788, 1, 95 %, 5455 MiB, 73.92 W
2026/10/07 05:13:36.799, 0, 96 %, 5479 MiB, 69.86 W
2026/10/07 05:13:36.804, 1, 94 %, 5455 MiB, 68.00 W
2026/10/07 05:14:06.817, 0, 94 %, 5479 MiB, 47.18 W
2026/10/07 05:14:06.822, 1, 90 %, 5455 MiB, 58.06 W
2026/10/07 05:14:36.840, 0, 92 %, 5479 MiB, 65.73 W
2026/10/07 05:14:36.846, 1, 89 %, 5455 MiB, 68.29 W
2026/10/07 05:15:06.855, 0, 93 %, 5479 MiB, 69.86 W
2026/10/07 05:15:06.864, 1, 94 %, 5455 MiB, 71.73 W
2026/10/07 05:15:36.873, 0, 90 %, 5479 MiB, 67.80 W
2026/10/07 05:15:36.878, 1, 95 %, 5455 MiB, 74.56 W
2026/10/07 05:16:06.886, 0, 96 %, 5479 MiB, 56.10 W
2026/10/07 05:16:06.891, 1, 95 %, 5455 MiB, 68.68 W
2026/10/07 05:16:36.898, 0, 90 %, 5479 MiB, 68.74 W
2026/10/07 05:16:36.908, 1, 87 %, 5455 MiB, 75.40 W
2026/10/07 05:17:06.915, 0, 90 %, 5479 MiB, 69.38 W
2026/10/07 05:17:06.924, 1, 91 %, 5455 MiB, 61.22 W
2026/10/07 05:17:36.936, 0, 90 %, 5479 MiB, 78.22 W
2026/10/07 05:17:36.946, 1, 89 %, 5455 MiB, 54.07 W
2026/10/07 05:18:06.955, 0, 90 %, 5479 MiB, 51.55 W
2026/10/07 05:18:06.961, 1, 91 %, 5455 MiB, 68.98 W
2026/10/07 05:18:36.969, 0, 91 %, 5479 MiB, 73.39 W
2026/10/07 05:18:36.974, 1, 96 %, 5455 MiB, 44.33 W
2026/10/07 05:19:06.985, 0, 91 %, 5479 MiB, 69.18 W
2026/10/07 05:19:06.991, 1, 97 %, 5455 MiB, 57.28 W
2026/10/07 05:19:36.999, 0, 96 %, 5479 MiB, 71.10 W
2026/10/07 05:19:37.008, 1, 97 %, 5455 MiB, 67.61 W
2026/10/07 05:20:07.015, 0, 91 %, 5479 MiB, 68.79 W
2026/10/07 05:20:07.020, 1, 88 %, 5455 MiB, 66.64 W
2026/10/07 05:20:37.027, 0, 91 %, 5479 MiB, 66.59 W
2026/10/07 05:20:37.035, 1, 89 %, 5455 MiB, 66.92 W
2026/10/07 05:21:07.043, 0, 90 %, 5479 MiB, 67.27 W
2026/10/07 05:21:07.053, 1, 93 %, 5455 MiB, 73.24 W
2026/10/07 05:21:37.061, 0, 93 %, 5479 MiB, 70.15 W
2026/10/07 05:21:37.066, 1, 89 %, 5455 MiB, 65.94 W
2026/10/07 05:22:07.073, 0, 92 %, 5479 MiB, 54.85 W
2026/10/07 05:22:07.081, 1, 90 %, 5455 MiB, 67.80 W
2026/10/07 05:22:37.088, 0, 88 %, 5479 MiB, 69.13 W
2026/10/07 05:22:37.093, 1, 90 %, 5455 MiB, 66.25 W
2026/10/07 05:23:07.102, 0, 93 %, 5479 MiB, 69.28 W
2026/10/07 05:23:07.106, 1, 90 %, 5455 MiB, 67.27 W
2026/10/07 05:23:37.122, 0, 95 %, 5479 MiB, 68.25 W
2026/10/07 05:23:37.127, 1, 94 %, 5455 MiB, 70.69 W
2026/10/07 05:24:07.134, 0, 90 %, 5479 MiB, 69.27 W
2026/10/07 05:24:07.140, 1, 91 %, 5455 MiB, 75.78 W
2026/10/07 05:24:37.147, 0, 90 %, 5479 MiB, 64.57 W
2026/10/07 05:24:37.152, 1, 89 %, 5455 MiB, 73.59 W
2026/10/07 05:25:07.161, 0, 93 %, 5479 MiB, 62.01 W
2026/10/07 05:25:07.171, 1, 91 %, 5455 MiB, 48.56 W
2026/10/07 05:25:37.178, 0, 93 %, 5479 MiB, 65.55 W
2026/10/07 05:25:37.184, 1, 94 %, 5455 MiB, 70.11 W
2026/10/07 05:26:07.191, 0, 91 %, 5479 MiB, 67.97 W
2026/10/07 05:26:07.196, 1, 89 %, 5455 MiB, 67.62 W
2026/10/07 05:26:37.210, 0, 93 %, 5479 MiB, 65.16 W
2026/10/07 05:26:37.221, 1, 90 %, 5455 MiB, 54.66 W
2026/10/07 05:27:07.229, 0, 89 %, 5479 MiB, 74.37 W
2026/10/07 05:27:07.236, 1, 93 %, 5455 MiB, 64.77 W
2026/10/07 05:27:37.244, 0, 89 %, 5479 MiB, 67.04 W
2026/10/07 05:27:37.257, 1, 90 %, 5455 MiB, 46.86 W
2026/10/07 05:28:07.264, 0, 92 %, 5479 MiB, 69.18 W
2026/10/07 05:28:07.268, 1, 92 %, 5455 MiB, 68.05 W
2026/10/07 05:28:37.278, 0, 95 %, 5479 MiB, 57.53 W
2026/10/07 05:28:37.289, 1, 96 %, 5457 MiB, 70.16 W
2026/10/07 05:29:07.296, 0, 90 %, 5479 MiB, 69.27 W
2026/10/07 05:29:07.307, 1, 93 %, 5457 MiB, 56.00 W
2026/10/07 05:29:37.317, 0, 91 %, 5479 MiB, 77.40 W
2026/10/07 05:29:37.330, 1, 94 %, 5457 MiB, 69.90 W
2026/10/07 05:30:07.340, 0, 91 %, 5479 MiB, 72.90 W
2026/10/07 05:30:07.348, 1, 90 %, 5457 MiB, 73.44 W
2026/10/07 05:30:37.357, 0, 93 %, 5479 MiB, 74.85 W
2026/10/07 05:30:37.367, 1, 94 %, 5457 MiB, 64.81 W
2026/10/07 05:31:07.374, 0, 89 %, 5479 MiB, 60.83 W
2026/10/07 05:31:07.383, 1, 91 %, 5457 MiB, 72.95 W
2026/10/07 05:31:37.398, 0, 91 %, 5479 MiB, 69.52 W
2026/10/07 05:31:37.405, 1, 93 %, 5457 MiB, 71.28 W
2026/10/07 05:32:07.414, 0, 92 %, 5479 MiB, 67.86 W
2026/10/07 05:32:07.419, 1, 97 %, 5457 MiB, 69.27 W
2026/10/07 05:32:37.426, 0, 90 %, 5479 MiB, 73.29 W
2026/10/07 05:32:37.438, 1, 92 %, 5457 MiB, 59.20 W
2026/10/07 05:33:07.446, 0, 91 %, 5479 MiB, 71.32 W
2026/10/07 05:33:07.457, 1, 94 %, 5457 MiB, 56.32 W
2026/10/07 05:33:37.465, 0, 89 %, 5479 MiB, 70.36 W
2026/10/07 05:33:37.469, 1, 90 %, 5457 MiB, 68.70 W
2026/10/07 05:34:07.477, 0, 92 %, 5479 MiB, 71.33 W
2026/10/07 05:34:07.488, 1, 90 %, 5457 MiB, 68.39 W
2026/10/07 05:34:37.497, 0, 91 %, 5479 MiB, 72.26 W
2026/10/07 05:34:37.506, 1, 90 %, 5457 MiB, 57.60 W
2026/10/07 05:35:07.514, 0, 92 %, 5479 MiB, 69.27 W
2026/10/07 05:35:07.520, 1, 90 %, 5457 MiB, 70.74 W
2026/10/07 05:35:37.527, 0, 90 %, 5479 MiB, 55.71 W
2026/10/07 05:35:37.536, 1, 92 %, 5457 MiB, 72.75 W
2026/10/07 05:36:07.544, 0, 89 %, 5479 MiB, 50.17 W
2026/10/07 05:36:07.552, 1, 95 %, 5457 MiB, 76.91 W
2026/10/07 05:36:37.559, 0, 92 %, 5479 MiB, 71.97 W
2026/10/07 05:36:37.565, 1, 91 %, 5457 MiB, 65.20 W
2026/10/07 05:37:07.572, 0, 91 %, 5479 MiB, 67.76 W
2026/10/07 05:37:07.576, 1, 91 %, 5457 MiB, 68.01 W
2026/10/07 05:37:37.585, 0, 93 %, 5479 MiB, 68.89 W
2026/10/07 05:37:37.589, 1, 90 %, 5457 MiB, 69.13 W
2026/10/07 05:38:07.598, 0, 92 %, 5479 MiB, 65.26 W
2026/10/07 05:38:07.603, 1, 90 %, 5457 MiB, 66.67 W
2026/10/07 05:38:37.613, 0, 91 %, 5479 MiB, 65.26 W
2026/10/07 05:38:37.619, 1, 92 %, 5457 MiB, 69.80 W
2026/10/07 05:39:07.626, 0, 92 %, 5479 MiB, 67.80 W
2026/10/07 05:39:07.633, 1, 90 %, 5457 MiB, 68.11 W
2026/10/07 05:39:37.642, 0, 93 %, 5479 MiB, 68.63 W
2026/10/07 05:39:37.646, 1, 90 %, 5457 MiB, 72.61 W
2026/10/07 05:40:07.654, 0, 90 %, 5479 MiB, 73.44 W
2026/10/07 05:40:07.658, 1, 92 %, 5457 MiB, 73.29 W
2026/10/07 05:40:37.666, 0, 90 %, 5479 MiB, 52.20 W
2026/10/07 05:40:37.671, 1, 90 %, 5457 MiB, 68.53 W
