timestamp, index, utilization.gpu [%], memory.used [MiB], power.draw [W]
2026/10/05 17:45:09.820, 0, 0 %, 0 MiB, 11.25 W
2026/10/05 17:45:09.829, 1, 0 %, 0 MiB, 11.84 W
2026/10/05 17:45:39.841, 0, 0 %, 3 MiB, 11.44 W
2026/10/05 17:45:39.847, 1, 0 %, 3 MiB, 11.44 W
2026/10/05 17:46:09.857, 0, 0 %, 3 MiB, 11.35 W
2026/10/05 17:46:09.863, 1, 0 %, 3 MiB, 11.94 W
2026/10/05 17:46:39.872, 0, 0 %, 3 MiB, 11.54 W
2026/10/05 17:46:39.878, 1, 0 %, 3 MiB, 11.44 W
2026/10/05 17:47:09.887, 0, 0 %, 3 MiB, 11.35 W
2026/10/05 17:47:09.893, 1, 0 %, 3 MiB, 11.44 W
2026/10/05 17:47:39.902, 0, 0 %, 3 MiB, 11.25 W
2026/10/05 17:47:39.908, 1, 0 %, 3 MiB, 11.44 W
2026/10/05 17:48:09.917, 0, 0 %, 3 MiB, 11.54 W
2026/10/05 17:48:09.924, 1, 0 %, 3 MiB, 11.63 W
2026/10/05 17:48:39.933, 0, 0 %, 3 MiB, 11.54 W
2026/10/05 17:48:39.939, 1, 0 %, 3 MiB, 11.74 W
2026/10/05 17:49:09.948, 0, 0 %, 3 MiB, 11.54 W
2026/10/05 17:49:09.954, 1, 0 %, 3 MiB, 11.44 W
2026/10/05 17:49:39.963, 0, 0 %, 3 MiB, 11.74 W
2026/10/05 17:49:39.969, 1, 0 %, 3 MiB, 11.84 W
2026/10/05 17:50:09.978, 0, 0 %, 3 MiB, 11.94 W
2026/10/05 17:50:09.984, 1, 0 %, 3 MiB, 11.44 W
2026/10/05 17:50:39.993, 0, 0 %, 3 MiB, 11.25 W
2026/10/05 17:50:40.000, 1, 0 %, 3 MiB, 11.44 W
2026/10/05 17:51:10.009, 0, 0 %, 3 MiB, 11.54 W
2026/10/05 17:51:10.015, 1, 0 %, 3 MiB, 11.64 W
2026/10/05 17:51:40.024, 0, 0 %, 3 MiB, 11.44 W
2026/10/05 17:51:40.030, 1, 0 %, 3 MiB, 11.64 W
2026/10/05 17:52:10.039, 0, 0 %, 3 MiB, 11.64 W
2026/10/05 17:52:10.045, 1, 0 %, 3 MiB, 11.64 W
2026/10/05 17:52:40.055, 0, 97 %, 6675 MiB, 60.90 W
2026/10/05 17:52:40.060, 1, 99 %, 6675 MiB, 55.80 W
2026/10/05 17:53:10.067, 0, 97 %, 8245 MiB, 68.84 W
2026/10/05 17:53:10.072, 1, 99 %, 8241 MiB, 69.32 W
2026/10/05 17:53:40.079, 0, 99 %, 8245 MiB, 71.37 W
2026/10/05 17:53:40.088, 1, 100 %, 8241 MiB, 69.83 W
2026/10/05 17:54:10.104, 0, 96 %, 8247 MiB, 69.17 W
2026/10/05 17:54:10.113, 1, 99 %, 8241 MiB, 65.61 W
2026/10/05 17:54:40.121, 0, 97 %, 8247 MiB, 51.28 W
2026/10/05 17:54:40.129, 1, 97 %, 8243 MiB, 53.97 W
2026/10/05 17:55:10.137, 0, 100 %, 8247 MiB, 65.63 W
2026/10/05 17:55:10.143, 1, 98 %, 8243 MiB, 67.27 W
2026/10/05 17:55:40.153, 0, 100 %, 8247 MiB, 64.75 W
2026/10/05 17:55:40.157, 1, 100 %, 8243 MiB, 65.49 W
2026/10/05 17:56:10.165, 0, 100 %, 8247 MiB, 69.21 W
2026/10/05 17:56:10.175, 1, 99 %, 8243 MiB, 63.69 W
2026/10/05 17:56:40.187, 0, 100 %, 8247 MiB, 68.86 W
2026/10/05 17:56:40.192, 1, 100 %, 8243 MiB, 64.47 W
2026/10/05 17:57:10.200, 0, 99 %, 8247 MiB, 69.06 W
2026/10/05 17:57:10.211, 1, 98 %, 8243 MiB, 69.18 W
2026/10/05 17:57:40.223, 0, 98 %, 8247 MiB, 43.96 W
2026/10/05 17:57:40.230, 1, 98 %, 8243 MiB, 70.93 W
2026/10/05 17:58:10.238, 0, 99 %, 8247 MiB, 55.94 W
2026/10/05 17:58:10.244, 1, 99 %, 8243 MiB, 64.38 W
2026/10/05 17:58:40.252, 0, 100 %, 8247 MiB, 60.81 W
2026/10/05 17:58:40.263, 1, 100 %, 8243 MiB, 65.36 W
2026/10/05 17:59:10.274, 0, 98 %, 8247 MiB, 67.80 W
2026/10/05 17:59:10.278, 1, 97 %, 8243 MiB, 64.51 W
2026/10/05 17:59:40.286, 0, 97 %, 8247 MiB, 69.07 W
2026/10/05 17:59:40.290, 1, 98 %, 8245 MiB, 63.95 W
2026/10/05 18:00:10.298, 0, 90 %, 8247 MiB, 64.55 W
2026/10/05 18:00:10.303, 1, 98 %, 8245 MiB, 65.94 W
2026/10/05 18:00:40.315, 0, 99 %, 8247 MiB, 69.21 W
2026/10/05 18:00:40.322, 1, 99 %, 8245 MiB, 66.53 W
2026/10/05 18:01:10.330, 0, 100 %, 8253 MiB, 67.94 W
2026/10/05 18:01:10.334, 1, 100 %, 8251 MiB, 63.36 W
2026/10/05 18:01:40.341, 0, 99 %, 8253 MiB, 67.40 W
2026/10/05 18:01:40.351, 1, 100 %, 8251 MiB, 67.27 W
2026/10/05 18:02:10.363, 0, 100 %, 8253 MiB, 63.28 W
2026/10/05 18:02:10.369, 1, 100 %, 8251 MiB, 68.60 W
2026/10/05 18:02:40.376, 0, 100 %, 8253 MiB, 66.57 W
2026/10/05 18:02:40.380, 1, 100 %, 8251 MiB, 67.66 W
2026/10/05 18:03:10.389, 0, 100 %, 8253 MiB, 50.40 W
2026/10/05 18:03:10.393, 1, 100 %, 8251 MiB, 63.53 W
2026/10/05 18:03:40.403, 0, 99 %, 8253 MiB, 65.83 W
2026/10/05 18:03:40.407, 1, 97 %, 8251 MiB, 68.35 W
2026/10/05 18:04:10.419, 0, 98 %, 8253 MiB, 66.28 W
2026/10/05 18:04:10.429, 1, 99 %, 8251 MiB, 66.98 W
2026/10/05 18:04:40.437, 0, 98 %, 8253 MiB, 82.32 W
2026/10/05 18:04:40.448, 1, 98 %, 8251 MiB, 71.44 W
2026/10/05 18:05:10.460, 0, 96 %, 8253 MiB, 67.37 W
2026/10/05 18:05:10.468, 1, 99 %, 8251 MiB, 64.18 W
2026/10/05 18:05:40.479, 0, 98 %, 8253 MiB, 60.87 W
2026/10/05 18:05:40.487, 1, 97 %, 8251 MiB, 66.78 W
2026/10/05 18:06:10.495, 0, 100 %, 8253 MiB, 49.61 W
2026/10/05 18:06:10.503, 1, 100 %, 8251 MiB, 64.03 W
2026/10/05 18:06:40.511, 0, 100 %, 8253 MiB, 70.10 W
2026/10/05 18:06:40.521, 1, 99 %, 8251 MiB, 62.36 W
2026/10/05 18:07:10.528, 0, 100 %, 8253 MiB, 64.00 W
2026/10/05 18:07:10.532, 1, 99 %, 8251 MiB, 65.40 W
2026/10/05 18:07:40.541, 0, 100 %, 8253 MiB, 64.65 W
2026/10/05 18:07:40.545, 1, 100 %, 8251 MiB, 63.93 W
2026/10/05 18:08:10.558, 0, 100 %, 8253 MiB, 62.34 W
2026/10/05 18:08:10.564, 1, 100 %, 8251 MiB, 72.07 W
2026/10/05 18:08:40.578, 0, 98 %, 8253 MiB, 65.83 W
2026/10/05 18:08:40.586, 1, 98 %, 8251 MiB, 55.87 W
2026/10/05 18:09:10.595, 0, 98 %, 8253 MiB, 44.75 W
2026/10/05 18:09:10.599, 1, 98 %, 8251 MiB, 60.54 W
2026/10/05 18:09:40.607, 0, 99 %, 8253 MiB, 65.98 W
2026/10/05 18:09:40.618, 1, 100 %, 8251 MiB, 65.06 W
2026/10/05 18:10:10.626, 0, 97 %, 8253 MiB, 60.12 W
2026/10/05 18:10:10.631, 1, 98 %, 8251 MiB, 69.49 W
2026/10/05 18:10:40.639, 0, 100 %, 8253 MiB, 65.98 W
2026/10/05 18:10:40.645, 1, 100 %, 8251 MiB, 65.45 W
2026/10/05 18:11:10.653, 0, 97 %, 8253 MiB, 65.69 W
2026/10/05 18:11:10.657, 1, 97 %, 8251 MiB, 66.10 W
2026/10/05 18:11:40.666, 0, 100 %, 8253 MiB, 64.46 W
2026/10/05 18:11:40.670, 1, 100 %, 8251 MiB, 63.63 W
2026/10/05 18:12:10.678, 0, 100 %, 8253 MiB, 66.96 W
2026/10/05 18:12:10.682, 1, 99 %, 8251 MiB, 64.42 W
2026/10/05 18:12:40.689, 0, 98 %, 8253 MiB, 82.47 W
2026/10/05 18:12:40.699, 1, 100 %, 8251 MiB, 65.61 W
2026/10/05 18:13:10.707, 0, 100 %, 8253 MiB, 62.99 W
2026/10/05 18:13:10.712, 1, 100 %, 8251 MiB, 63.10 W
2026/10/05 18:13:40.720, 0, 98 %, 8253 MiB, 40.27 W
2026/10/05 18:13:40.730, 1, 98 %, 8251 MiB, 66.68 W
2026/10/05 18:14:10.740, 0, 98 %, 8253 MiB, 68.19 W
2026/10/05 18:14:10.745, 1, 99 %, 8251 MiB, 60.15 W
2026/10/05 18:14:40.753, 0, 97 %, 8253 MiB, 49.94 W
2026/10/05 18:14:40.757, 1, 95 %, 8251 MiB, 59.85 W
2026/10/05 18:15:10.765, 0, 99 %, 8253 MiB, 66.67 W
2026/10/05 18:15:10.770, 1, 100 %, 8251 MiB, 63.69 W
2026/10/05 18:15:40.783, 0, 97 %, 8253 MiB, 61.16 W
2026/10/05 18:15:40.787, 1, 98 %, 8251 MiB, 58.42 W
2026/10/05 18:16:10.795, 0, 100 %, 8253 MiB, 64.95 W
2026/10/05 18:16:10.803, 1, 100 %, 8251 MiB, 66.92 W
2026/10/05 18:16:40.812, 0, 100 %, 8253 MiB, 68.29 W
2026/10/05 18:16:40.817, 1, 99 %, 8251 MiB, 68.00 W
2026/10/05 18:17:10.829, 0, 99 %, 8253 MiB, 69.27 W
2026/10/05 18:17:10.834, 1, 99 %, 8251 MiB, 66.00 W
2026/10/05 18:17:40.846, 0, 97 %, 8253 MiB, 66.51 W
2026/10/05 18:17:40.853, 1, 98 %, 8251 MiB, 66.68 W
2026/10/05 18:18:10.861, 0, 100 %, 8253 MiB, 44.06 W
2026/10/05 18:18:10.874, 1, 100 %, 8251 MiB, 88.01 W
2026/10/05 18:18:40.886, 0, 99 %, 8253 MiB, 68.29 W
2026/10/05 18:18:40.896, 1, 99 %, 8251 MiB, 63.63 W
2026/10/05 18:19:10.904, 0, 100 %, 8253 MiB, 69.86 W
2026/10/05 18:19:10.908, 1, 100 %, 8251 MiB, 60.70 W
2026/10/05 18:19:40.919, 0, 99 %, 8253 MiB, 65.00 W
2026/10/05 18:19:40.929, 1, 98 %, 8251 MiB, 63.99 W
2026/10/05 18:20:10.936, 0, 98 %, 8253 MiB, 81.69 W
2026/10/05 18:20:10.941, 1, 98 %, 8251 MiB, 69.97 W
2026/10/05 18:20:40.949, 0, 100 %, 8253 MiB, 63.87 W
2026/10/05 18:20:40.959, 1, 100 %, 8251 MiB, 64.91 W
2026/10/05 18:21:10.966, 0, 97 %, 8253 MiB, 42.61 W
2026/10/05 18:21:10.970, 1, 98 %, 8251 MiB, 57.63 W
2026/10/05 18:21:40.979, 0, 98 %, 8253 MiB, 67.69 W
2026/10/05 18:21:40.983, 1, 98 %, 8251 MiB, 67.17 W
2026/10/05 18:22:10.991, 0, 100 %, 8253 MiB, 66.18 W
2026/10/05 18:22:11.004, 1, 100 %, 8251 MiB, 67.76 W
2026/10/05 18:22:41.012, 0, 99 %, 8253 MiB, 66.02 W
2026/10/05 18:22:41.017, 1, 98 %, 8251 MiB, 63.83 W
2026/10/05 18:23:11.029, 0, 99 %, 8253 MiB, 69.17 W
2026/10/05 18:23:11.034, 1, 100 %, 8251 MiB, 66.20 W
2026/10/05 18:23:41.048, 0, 100 %, 8253 MiB, 68.10 W
2026/10/05 18:23:41.053, 1, 100 %, 8251 MiB, 65.32 W
2026/10/05 18:24:11.066, 0, 98 %, 8253 MiB, 65.69 W
2026/10/05 18:24:11.071, 1, 98 %, 8251 MiB, 67.91 W
2026/10/05 18:24:41.084, 0, 98 %, 8253 MiB, 69.80 W
2026/10/05 18:24:41.090, 1, 99 %, 8251 MiB, 66.78 W
2026/10/05 18:25:11.098, 0, 100 %, 8253 MiB, 47.21 W
2026/10/05 18:25:11.102, 1, 99 %, 8251 MiB, 67.86 W
2026/10/05 18:25:41.113, 0, 99 %, 8253 MiB, 69.23 W
2026/10/05 18:25:41.121, 1, 99 %, 8251 MiB, 65.26 W
2026/10/05 18:26:11.134, 0, 100 %, 8253 MiB, 69.27 W
2026/10/05 18:26:11.138, 1, 100 %, 8251 MiB, 63.89 W
2026/10/05 18:26:41.149, 0, 100 %, 8253 MiB, 66.42 W
2026/10/05 18:26:41.157, 1, 99 %, 8251 MiB, 64.28 W
2026/10/05 18:27:11.165, 0, 100 %, 8253 MiB, 68.78 W
2026/10/05 18:27:11.171, 1, 100 %, 8251 MiB, 63.20 W
2026/10/05 18:27:41.178, 0, 100 %, 8253 MiB, 43.40 W
2026/10/05 18:27:41.183, 1, 100 %, 8251 MiB, 55.38 W
2026/10/05 18:28:11.197, 0, 96 %, 8253 MiB, 65.40 W
2026/10/05 18:28:11.204, 1, 98 %, 8251 MiB, 66.74 W
2026/10/05 18:28:41.216, 0, 97 %, 8253 MiB, 48.07 W
2026/10/05 18:28:41.226, 1, 99 %, 8251 MiB, 61.52 W
2026/10/05 18:29:11.234, 0, 100 %, 8253 MiB, 47.28 W
2026/10/05 18:29:11.238, 1, 97 %, 8251 MiB, 58.97 W
2026/10/05 18:29:41.246, 0, 100 %, 8253 MiB, 65.73 W
2026/10/05 18:29:41.251, 1, 98 %, 8251 MiB, 66.88 W
2026/10/05 18:30:11.259, 0, 99 %, 8253 MiB, 64.55 W
2026/10/05 18:30:11.263, 1, 99 %, 8251 MiB, 68.15 W
2026/10/05 18:30:41.272, 0, 97 %, 8253 MiB, 70.05 W
2026/10/05 18:30:41.280, 1, 100 %, 8251 MiB, 66.43 W
2026/10/05 18:31:11.288, 0, 100 %, 8253 MiB, 67.66 W
2026/10/05 18:31:11.292, 1, 99 %, 8251 MiB, 66.88 W
2026/10/05 18:31:41.300, 0, 97 %, 8253 MiB, 64.26 W
2026/10/05 18:31:41.305, 1, 96 %, 8251 MiB, 66.98 W
2026/10/05 18:32:11.313, 0, 100 %, 8253 MiB, 69.37 W
2026/10/05 18:32:11.317, 1, 100 %, 8251 MiB, 67.62 W
2026/10/05 18:32:41.324, 0, 99 %, 8253 MiB, 61.49 W
2026/10/05 18:32:41.330, 1, 99 %, 8251 MiB, 62.30 W
2026/10/05 18:33:11.337, 0, 97 %, 8253 MiB, 64.20 W
2026/10/05 18:33:11.348, 1, 98 %, 8251 MiB, 62.01 W
2026/10/05 18:33:41.355, 0, 99 %, 8253 MiB, 61.85 W
2026/10/05 18:33:41.359, 1, 99 %, 8251 MiB, 72.41 W
2026/10/05 18:34:11.367, 0, 97 %, 8253 MiB, 66.18 W
2026/10/05 18:34:11.371, 1, 98 %, 8251 MiB, 67.02 W
2026/10/05 18:34:41.379, 0, 100 %, 8253 MiB, 67.49 W
2026/10/05 18:34:41.383, 1, 100 %, 8251 MiB, 67.21 W
2026/10/05 18:35:11.391, 0, 100 %, 8253 MiB, 61.95 W
2026/10/05 18:35:11.395, 1, 100 %, 8251 MiB, 70.75 W
2026/10/05 18:35:41.404, 0, 100 %, 8253 MiB, 67.65 W
2026/10/05 18:35:41.413, 1, 100 %, 8251 MiB, 63.99 W
2026/10/05 18:36:11.421, 0, 97 %, 8253 MiB, 48.86 W
2026/10/05 18:36:11.425, 1, 98 %, 8251 MiB, 67.66 W
2026/10/05 18:36:41.439, 0, 99 %, 8253 MiB, 65.69 W
2026/10/05 18:36:41.445, 1, 99 %, 8251 MiB, 66.98 W
2026/10/05 18:37:11.458, 0, 99 %, 8253 MiB, 64.57 W
2026/10/05 18:37:11.463, 1, 97 %, 8251 MiB, 63.34 W
2026/10/05 18:37:41.471, 0, 100 %, 8253 MiB, 51.19 W
2026/10/05 18:37:41.477, 1, 98 %, 8251 MiB, 63.99 W
2026/10/05 18:38:11.484, 0, 100 %, 8253 MiB, 46.52 W
2026/10/05 18:38:11.492, 1, 100 %, 8251 MiB, 70.60 W
2026/10/05 18:38:41.503, 0, 100 %, 8253 MiB, 64.26 W
2026/10/05 18:38:41.512, 1, 98 %, 8251 MiB, 66.39 W
2026/10/05 18:39:11.520, 0, 99 %, 8253 MiB, 68.38 W
2026/10/05 18:39:11.527, 1, 99 %, 8251 MiB, 62.46 W
2026/10/05 18:39:41.534, 0, 98 %, 8253 MiB, 60.87 W
2026/10/05 18:39:41.539, 1, 98 %, 8251 MiB, 69.48 W
2026/10/05 18:40:11.547, 0, 100 %, 8253 MiB, 68.98 W
2026/10/05 18:40:11.551, 1, 99 %, 8251 MiB, 65.94 W
2026/10/05 18:40:41.560, 0, 100 %, 8253 MiB, 66.38 W
2026/10/05 18:40:41.566, 1, 100 %, 8251 MiB, 62.56 W
2026/10/05 18:41:11.580, 0, 99 %, 8253 MiB, 70.74 W
2026/10/05 18:41:11.584, 1, 99 %, 8251 MiB, 64.63 W
2026/10/05 18:41:41.592, 0, 100 %, 8253 MiB, 54.40 W
2026/10/05 18:41:41.598, 1, 100 %, 8251 MiB, 74.32 W
2026/10/05 18:42:11.607, 0, 97 %, 8253 MiB, 67.84 W
2026/10/05 18:42:11.615, 1, 96 %, 8251 MiB, 66.29 W
2026/10/05 18:42:41.625, 0, 97 %, 8253 MiB, 67.26 W
2026/10/05 18:42:41.635, 1, 98 %, 8251 MiB, 66.24 W
2026/10/05 18:43:11.643, 0, 100 %, 8253 MiB, 64.51 W
2026/10/05 18:43:11.653, 1, 100 %, 8251 MiB, 65.41 W
2026/10/05 18:43:41.662, 0, 97 %, 8253 MiB, 39.28 W
2026/10/05 18:43:41.666, 1, 97 %, 8251 MiB, 53.15 W
2026/10/05 18:44:11.674, 0, 100 %, 8253 MiB, 68.58 W
2026/10/05 18:44:11.680, 1, 100 %, 8251 MiB, 62.56 W
2026/10/05 18:44:41.692, 0, 97 %, 8253 MiB, 65.30 W
2026/10/05 18:44:41.696, 1, 97 %, 8251 MiB, 66.63 W
2026/10/05 18:45:11.704, 0, 97 %, 8253 MiB, 52.07 W
2026/10/05 18:45:11.714, 1, 97 %, 8251 MiB, 62.69 W
2026/10/05 18:45:41.722, 0, 100 %, 8253 MiB, 51.19 W
2026/10/05 18:45:41.727, 1, 100 %, 8251 MiB, 64.83 W
2026/10/05 18:46:11.737, 0, 98 %, 8253 MiB, 65.63 W
2026/10/05 18:46:11.742, 1, 100 %, 8251 MiB, 66.88 W
2026/10/05 18:46:41.751, 0, 100 %, 8253 MiB, 66.57 W
2026/10/05 18:46:41.757, 1, 100 %, 8251 MiB, 65.30 W
2026/10/05 18:47:11.764, 0, 96 %, 8253 MiB, 68.04 W
2026/10/05 18:47:11.770, 1, 99 %, 8251 MiB, 64.87 W
2026/10/05 18:47:41.777, 0, 99 %, 8253 MiB, 66.81 W
2026/10/05 18:47:41.782, 1, 100 %, 8251 MiB, 65.61 W
2026/10/05 18:48:11.790, 0, 100 %, 8253 MiB, 68.39 W
2026/10/05 18:48:11.795, 1, 99 %, 8251 MiB, 64.08 W
2026/10/05 18:48:41.802, 0, 97 %, 8253 MiB, 65.79 W
2026/10/05 18:48:41.815, 1, 95 %, 8251 MiB, 55.67 W
2026/10/05 18:49:11.832, 0, 96 %, 8253 MiB, 71.57 W
2026/10/05 18:49:11.840, 1, 97 %, 8251 MiB, 63.59 W
2026/10/05 18:49:41.852, 0, 100 %, 8253 MiB, 66.86 W
2026/10/05 18:49:41.860, 1, 100 %, 8251 MiB, 61.67 W
2026/10/05 18:50:11.873, 0, 100 %, 8253 MiB, 60.67 W
2026/10/05 18:50:11.878, 1, 98 %, 8251 MiB, 63.30 W
2026/10/05 18:50:41.886, 0, 100 %, 8253 MiB, 67.16 W
2026/10/05 18:50:41.892, 1, 100 %, 8251 MiB, 68.21 W
2026/10/05 18:51:11.899, 0, 97 %, 8253 MiB, 65.04 W
2026/10/05 18:51:11.909, 1, 99 %, 8251 MiB, 66.33 W
2026/10/05 18:51:41.920, 0, 100 %, 8253 MiB, 61.65 W
2026/10/05 18:51:41.930, 1, 100 %, 8251 MiB, 64.03 W
2026/10/05 18:52:11.937, 0, 100 %, 8253 MiB, 68.92 W
2026/10/05 18:52:11.942, 1, 99 %, 8251 MiB, 62.46 W
2026/10/05 18:52:41.952, 0, 98 %, 8253 MiB, 67.16 W
2026/10/05 18:52:41.959, 1, 98 %, 8251 MiB, 64.96 W
2026/10/05 18:53:11.967, 0, 97 %, 8253 MiB, 69.86 W
2026/10/05 18:53:11.976, 1, 96 %, 8251 MiB, 56.62 W
2026/10/05 18:53:41.984, 0, 99 %, 8253 MiB, 67.10 W
2026/10/05 18:53:41.994, 1, 99 %, 8251 MiB, 66.00 W
2026/10/05 18:54:12.004, 0, 100 %, 8253 MiB, 78.13 W
2026/10/05 18:54:12.009, 1, 98 %, 8251 MiB, 66.49 W
2026/10/05 18:54:42.019, 0, 98 %, 8253 MiB, 41.82 W
2026/10/05 18:54:42.024, 1, 98 %, 8251 MiB, 64.96 W
2026/10/05 18:55:12.032, 0, 99 %, 8253 MiB, 64.46 W
2026/10/05 18:55:12.039, 1, 99 %, 8251 MiB, 62.50 W
2026/10/05 18:55:42.053, 0, 100 %, 8253 MiB, 65.24 W
2026/10/05 18:55:42.063, 1, 100 %, 8251 MiB, 63.50 W
2026/10/05 18:56:12.071, 0, 100 %, 8253 MiB, 61.58 W
2026/10/05 18:56:12.081, 1, 100 %, 8251 MiB, 66.00 W
2026/10/05 18:56:42.095, 0, 98 %, 8253 MiB, 65.24 W
2026/10/05 18:56:42.099, 1, 98 %, 8251 MiB, 65.81 W
2026/10/05 18:57:12.107, 0, 99 %, 8253 MiB, 68.24 W
2026/10/05 18:57:12.112, 1, 98 %, 8251 MiB, 66.00 W
2026/10/05 18:57:42.120, 0, 66 %, 8253 MiB, 39.09 W
2026/10/05 18:57:42.132, 1, 99 %, 8251 MiB, 66.98 W
2026/10/05 18:58:12.141, 0, 98 %, 8253 MiB, 67.45 W
2026/10/05 18:58:12.151, 1, 99 %, 8251 MiB, 67.96 W
2026/10/05 18:58:42.160, 0, 100 %, 8253 MiB, 64.85 W
2026/10/05 18:58:42.169, 1, 100 %, 8251 MiB, 68.84 W
2026/10/05 18:59:12.177, 0, 100 %, 8253 MiB, 64.91 W
2026/10/05 18:59:12.181, 1, 100 %, 8251 MiB, 60.63 W
2026/10/05 18:59:42.189, 0, 99 %, 8253 MiB, 61.75 W
2026/10/05 18:59:42.194, 1, 99 %, 8251 MiB, 65.45 W
2026/10/05 19:00:12.202, 0, 100 %, 8253 MiB, 71.17 W
2026/10/05 19:00:12.206, 1, 100 %, 8251 MiB, 66.49 W
2026/10/05 19:00:42.214, 0, 99 %, 8253 MiB, 62.30 W
2026/10/05 19:00:42.218, 1, 100 %, 8251 MiB, 60.89 W
2026/10/05 19:01:12.232, 0, 97 %, 8253 MiB, 65.30 W
2026/10/05 19:01:12.237, 1, 99 %, 8251 MiB, 70.61 W
2026/10/05 19:01:42.245, 0, 100 %, 8253 MiB, 66.47 W
2026/10/05 19:01:42.252, 1, 100 %, 8251 MiB, 63.30 W
2026/10/05 19:02:12.260, 0, 98 %, 8253 MiB, 49.64 W
2026/10/05 19:02:12.264, 1, 98 %, 8251 MiB, 63.24 W
2026/10/05 19:02:42.273, 0, 99 %, 8253 MiB, 43.20 W
2026/10/05 19:02:42.278, 1, 99 %, 8251 MiB, 63.69 W
2026/10/05 19:03:12.291, 0, 98 %, 8253 MiB, 64.91 W
2026/10/05 19:03:12.295, 1, 100 %, 8251 MiB, 66.98 W
2026/10/05 19:03:42.303, 0, 100 %, 8253 MiB, 61.42 W
2026/10/05 19:03:42.307, 1, 100 %, 8251 MiB, 63.05 W
2026/10/05 19:04:12.314, 0, 99 %, 8253 MiB, 69.02 W
2026/10/05 19:04:12.321, 1, 100 %, 8251 MiB, 66.45 W
2026/10/05 19:04:42.328, 0, 100 %, 8253 MiB, 66.22 W
2026/10/05 19:04:42.332, 1, 100 %, 8251 MiB, 66.53 W
2026/10/05 19:05:12.340, 0, 97 %, 8253 MiB, 64.51 W
2026/10/05 19:05:12.344, 1, 98 %, 8251 MiB, 68.25 W
2026/10/05 19:05:42.358, 0, 100 %, 8253 MiB, 69.86 W
2026/10/05 19:05:42.362, 1, 100 %, 8251 MiB, 71.43 W
2026/10/05 19:06:12.372, 0, 99 %, 8253 MiB, 69.97 W
2026/10/05 19:06:12.377, 1, 100 %, 8251 MiB, 66.59 W
2026/10/05 19:06:42.389, 0, 98 %, 8253 MiB, 65.04 W
2026/10/05 19:06:42.393, 1, 100 %, 8251 MiB, 71.49 W
2026/10/05 19:07:12.401, 0, 97 %, 8253 MiB, 64.42 W
2026/10/05 19:07:12.406, 1, 97 %, 8251 MiB, 66.68 W
2026/10/05 19:07:42.415, 0, 97 %, 8253 MiB, 65.30 W
2026/10/05 19:07:42.424, 1, 97 %, 8251 MiB, 55.12 W
2026/10/05 19:08:12.432, 0, 100 %, 8253 MiB, 67.55 W
2026/10/05 19:08:12.442, 1, 100 %, 8251 MiB, 61.19 W
2026/10/05 19:08:42.454, 0, 100 %, 8253 MiB, 67.45 W
2026/10/05 19:08:42.459, 1, 100 %, 8251 MiB, 66.43 W
2026/10/05 19:09:12.472, 0, 98 %, 8253 MiB, 41.26 W
2026/10/05 19:09:12.476, 1, 98 %, 8251 MiB, 54.72 W
2026/10/05 19:09:42.484, 0, 100 %, 8253 MiB, 49.35 W
2026/10/05 19:09:42.490, 1, 100 %, 8251 MiB, 68.21 W
2026/10/05 19:10:12.497, 0, 99 %, 8253 MiB, 66.63 W
2026/10/05 19:10:12.502, 1, 100 %, 8251 MiB, 62.46 W
2026/10/05 19:10:42.509, 0, 100 %, 8253 MiB, 65.53 W
2026/10/05 19:10:42.513, 1, 100 %, 8251 MiB, 62.71 W
2026/10/05 19:11:12.521, 0, 97 %, 8253 MiB, 68.10 W
2026/10/05 19:11:12.526, 1, 97 %, 8251 MiB, 77.74 W
2026/10/05 19:11:42.534, 0, 96 %, 8253 MiB, 72.16 W
2026/10/05 19:11:42.539, 1, 98 %, 8251 MiB, 56.85 W
2026/10/05 19:12:12.547, 0, 100 %, 8253 MiB, 67.47 W
2026/10/05 19:12:12.556, 1, 100 %, 8251 MiB, 64.38 W
2026/10/05 19:12:42.563, 0, 100 %, 8253 MiB, 66.67 W
2026/10/05 19:12:42.573, 1, 99 %, 8251 MiB, 63.56 W
2026/10/05 19:13:12.581, 0, 98 %, 8253 MiB, 56.82 W
2026/10/05 19:13:12.586, 1, 98 %, 8251 MiB, 69.48 W
2026/10/05 19:13:42.594, 0, 100 %, 8253 MiB, 64.85 W
2026/10/05 19:13:42.598, 1, 100 %, 8251 MiB, 64.87 W
2026/10/05 19:14:12.607, 0, 100 %, 8253 MiB, 63.81 W
2026/10/05 19:14:12.611, 1, 100 %, 8251 MiB, 62.52 W
2026/10/05 19:14:42.619, 0, 98 %, 8253 MiB, 67.20 W
2026/10/05 19:14:42.624, 1, 99 %, 8251 MiB, 63.93 W
2026/10/05 19:15:12.632, 0, 100 %, 8253 MiB, 60.77 W
2026/10/05 19:15:12.637, 1, 100 %, 8251 MiB, 64.47 W
2026/10/05 19:15:42.649, 0, 100 %, 8253 MiB, 67.02 W
2026/10/05 19:15:42.653, 1, 99 %, 8251 MiB, 64.18 W
2026/10/05 19:16:12.660, 0, 96 %, 8253 MiB, 67.93 W
2026/10/05 19:16:12.670, 1, 98 %, 8251 MiB, 65.02 W
2026/10/05 19:16:42.683, 0, 97 %, 8253 MiB, 63.67 W
2026/10/05 19:16:42.694, 1, 98 %, 8251 MiB, 55.77 W
2026/10/05 19:17:12.705, 0, 100 %, 8253 MiB, 67.16 W
2026/10/05 19:17:12.712, 1, 100 %, 8251 MiB, 66.92 W
2026/10/05 19:17:42.720, 0, 100 %, 8253 MiB, 68.98 W
2026/10/05 19:17:42.725, 1, 96 %, 8251 MiB, 69.81 W
2026/10/05 19:18:12.734, 0, 99 %, 8253 MiB, 68.10 W
2026/10/05 19:18:12.738, 1, 99 %, 8251 MiB, 65.40 W
2026/10/05 19:18:42.746, 0, 100 %, 8253 MiB, 68.29 W
2026/10/05 19:18:42.750, 1, 100 %, 8251 MiB, 65.45 W
2026/10/05 19:19:12.759, 0, 100 %, 8253 MiB, 49.08 W
2026/10/05 19:19:12.763, 1, 100 %, 8251 MiB, 69.48 W
2026/10/05 19:19:42.779, 0, 100 %, 8253 MiB, 66.47 W
2026/10/05 19:19:42.792, 1, 100 %, 8251 MiB, 64.28 W
2026/10/05 19:20:12.807, 0, 99 %, 8253 MiB, 69.81 W
2026/10/05 19:20:12.813, 1, 99 %, 8251 MiB, 66.49 W
2026/10/05 19:20:42.821, 0, 97 %, 8253 MiB, 76.12 W
2026/10/05 19:20:42.825, 1, 98 %, 8251 MiB, 69.52 W
2026/10/05 19:21:12.833, 0, 100 %, 8253 MiB, 68.24 W
2026/10/05 19:21:12.839, 1, 100 %, 8251 MiB, 64.43 W
2026/10/05 19:21:42.853, 0, 100 %, 8253 MiB, 43.00 W
2026/10/05 19:21:42.864, 1, 100 %, 8251 MiB, 69.18 W
2026/10/05 19:22:12.873, 0, 100 %, 8253 MiB, 63.57 W
2026/10/05 19:22:12.882, 1, 100 %, 8251 MiB, 65.89 W
2026/10/05 19:22:42.890, 0, 100 %, 8253 MiB, 65.34 W
2026/10/05 19:22:42.899, 1, 100 %, 8251 MiB, 64.87 W
2026/10/05 19:23:12.907, 0, 100 %, 8253 MiB, 69.75 W
2026/10/05 19:23:12.911, 1, 100 %, 8251 MiB, 62.07 W
2026/10/05 19:23:42.924, 0, 97 %, 8253 MiB, 69.70 W
2026/10/05 19:23:42.928, 1, 99 %, 8251 MiB, 67.82 W
2026/10/05 19:24:12.937, 0, 100 %, 8253 MiB, 65.34 W
2026/10/05 19:24:12.941, 1, 100 %, 8251 MiB, 62.75 W
2026/10/05 19:24:42.950, 0, 100 %, 8253 MiB, 65.18 W
2026/10/05 19:24:42.960, 1, 100 %, 8251 MiB, 67.02 W
2026/10/05 19:25:12.968, 0, 99 %, 8253 MiB, 63.57 W
2026/10/05 19:25:12.973, 1, 99 %, 8251 MiB, 61.48 W
2026/10/05 19:25:42.981, 0, 100 %, 8253 MiB, 65.40 W
2026/10/05 19:25:42.985, 1, 100 %, 8251 MiB, 67.57 W
2026/10/05 19:26:12.993, 0, 97 %, 8253 MiB, 64.75 W
2026/10/05 19:26:12.998, 1, 97 %, 8251 MiB, 68.21 W
2026/10/05 19:26:43.006, 0, 100 %, 8253 MiB, 70.39 W
2026/10/05 19:26:43.014, 1, 100 %, 8251 MiB, 64.04 W
2026/10/05 19:27:13.022, 0, 98 %, 8253 MiB, 65.10 W
2026/10/05 19:27:13.031, 1, 98 %, 8251 MiB, 54.69 W
2026/10/05 19:27:43.044, 0, 96 %, 8253 MiB, 53.51 W
2026/10/05 19:27:43.048, 1, 98 %, 8251 MiB, 55.28 W
2026/10/05 19:28:13.056, 0, 97 %, 8253 MiB, 72.69 W
2026/10/05 19:28:13.060, 1, 98 %, 8251 MiB, 66.98 W
2026/10/05 19:28:43.068, 0, 100 %, 8253 MiB, 64.95 W
2026/10/05 19:28:43.072, 1, 100 %, 8251 MiB, 66.14 W
2026/10/05 19:29:13.085, 0, 99 %, 8253 MiB, 73.29 W
2026/10/05 19:29:13.092, 1, 99 %, 8251 MiB, 63.26 W
2026/10/05 19:29:43.102, 0, 100 %, 8253 MiB, 61.36 W
2026/10/05 19:29:43.106, 1, 100 %, 8251 MiB, 63.50 W
2026/10/05 19:30:13.114, 0, 97 %, 8253 MiB, 63.03 W
2026/10/05 19:30:13.119, 1, 99 %, 8251 MiB, 67.17 W
2026/10/05 19:30:43.133, 0, 96 %, 8253 MiB, 65.79 W
2026/10/05 19:30:43.139, 1, 98 %, 8251 MiB, 66.88 W
2026/10/05 19:31:13.150, 0, 99 %, 8253 MiB, 67.06 W
2026/10/05 19:31:13.158, 1, 99 %, 8251 MiB, 60.93 W
2026/10/05 19:31:43.171, 0, 99 %, 8253 MiB, 71.62 W
2026/10/05 19:31:43.175, 1, 97 %, 8251 MiB, 66.59 W
2026/10/05 19:32:13.183, 0, 99 %, 8253 MiB, 71.37 W
2026/10/05 19:32:13.191, 1, 97 %, 8251 MiB, 80.80 W
2026/10/05 19:32:43.206, 0, 100 %, 8253 MiB, 64.10 W
2026/10/05 19:32:43.210, 1, 100 %, 8251 MiB, 67.21 W
2026/10/05 19:33:13.222, 0, 100 %, 8253 MiB, 67.06 W
2026/10/05 19:33:13.231, 1, 100 %, 8251 MiB, 65.51 W
2026/10/05 19:33:43.239, 0, 100 %, 8253 MiB, 48.66 W
2026/10/05 19:33:43.247, 1, 100 %, 8251 MiB, 56.39 W
2026/10/05 19:34:13.255, 0, 100 %, 8253 MiB, 45.64 W
2026/10/05 19:34:13.267, 1, 100 %, 8251 MiB, 65.90 W
2026/10/05 19:34:43.275, 0, 99 %, 8253 MiB, 61.85 W
2026/10/05 19:34:43.279, 1, 100 %, 8251 MiB, 65.61 W
2026/10/05 19:35:13.287, 0, 100 %, 8253 MiB, 68.43 W
2026/10/05 19:35:13.295, 1, 100 %, 8251 MiB, 62.75 W
2026/10/05 19:35:43.304, 0, 100 %, 8253 MiB, 66.67 W
2026/10/05 19:35:43.312, 1, 100 %, 8251 MiB, 65.94 W
2026/10/05 19:36:13.322, 0, 100 %, 8253 MiB, 43.50 W
2026/10/05 19:36:13.330, 1, 100 %, 8251 MiB, 69.77 W
2026/10/05 19:36:43.344, 0, 99 %, 8253 MiB, 67.84 W
2026/10/05 19:36:43.348, 1, 97 %, 8251 MiB, 68.29 W
2026/10/05 19:37:13.355, 0, 97 %, 8253 MiB, 62.07 W
2026/10/05 19:37:13.366, 1, 98 %, 8251 MiB, 55.41 W
2026/10/05 19:37:43.374, 0, 99 %, 8253 MiB, 66.16 W
2026/10/05 19:37:43.379, 1, 100 %, 8251 MiB, 62.91 W
2026/10/05 19:38:13.392, 0, 98 %, 8253 MiB, 67.26 W
2026/10/05 19:38:13.401, 1, 99 %, 8251 MiB, 66.59 W
2026/10/05 19:38:43.415, 0, 97 %, 8253 MiB, 53.02 W
2026/10/05 19:38:43.426, 1, 98 %, 8251 MiB, 54.99 W
2026/10/05 19:39:13.440, 0, 98 %, 8253 MiB, 66.71 W
2026/10/05 19:39:13.444, 1, 98 %, 8251 MiB, 66.59 W
2026/10/05 19:39:43.454, 0, 98 %, 8253 MiB, 42.39 W
2026/10/05 19:39:43.459, 1, 100 %, 8251 MiB, 65.45 W
2026/10/05 19:40:13.467, 0, 96 %, 8253 MiB, 67.80 W
2026/10/05 19:40:13.473, 1, 96 %, 8251 MiB, 66.59 W
2026/10/05 19:40:43.489, 0, 100 %, 8253 MiB, 67.59 W
2026/10/05 19:40:43.494, 1, 100 %, 8251 MiB, 64.73 W
2026/10/05 19:41:13.502, 0, 96 %, 8253 MiB, 69.37 W
2026/10/05 19:41:13.512, 1, 99 %, 8251 MiB, 58.58 W
2026/10/05 19:41:43.520, 0, 100 %, 8253 MiB, 66.96 W
2026/10/05 19:41:43.526, 1, 100 %, 8251 MiB, 63.30 W
2026/10/05 19:42:13.533, 0, 100 %, 8253 MiB, 61.36 W
2026/10/05 19:42:13.539, 1, 100 %, 8251 MiB, 62.91 W
2026/10/05 19:42:43.547, 0, 97 %, 8253 MiB, 67.12 W
2026/10/05 19:42:43.551, 1, 98 %, 8251 MiB, 66.73 W
2026/10/05 19:43:13.563, 0, 100 %, 8253 MiB, 63.67 W
2026/10/05 19:43:13.567, 1, 100 %, 8251 MiB, 62.81 W
2026/10/05 19:43:43.581, 0, 99 %, 8253 MiB, 67.30 W
2026/10/05 19:43:43.586, 1, 99 %, 8251 MiB, 61.22 W
2026/10/05 19:44:13.595, 0, 98 %, 8253 MiB, 92.10 W
2026/10/05 19:44:13.600, 1, 100 %, 8251 MiB, 55.44 W
2026/10/05 19:44:43.608, 0, 99 %, 8253 MiB, 65.53 W
2026/10/05 19:44:43.619, 1, 99 %, 8251 MiB, 69.77 W
2026/10/05 19:45:13.629, 0, 99 %, 8253 MiB, 68.43 W
2026/10/05 19:45:13.634, 1, 99 %, 8251 MiB, 64.51 W
2026/10/05 19:45:43.646, 0, 99 %, 8253 MiB, 73.73 W
2026/10/05 19:45:43.652, 1, 97 %, 8251 MiB, 64.53 W
2026/10/05 19:46:13.662, 0, 97 %, 8253 MiB, 68.39 W
2026/10/05 19:46:13.667, 1, 100 %, 8251 MiB, 66.29 W
2026/10/05 19:46:43.678, 0, 97 %, 8253 MiB, 67.84 W
2026/10/05 19:46:43.686, 1, 99 %, 8251 MiB, 65.81 W
2026/10/05 19:47:13.694, 0, 98 %, 8253 MiB, 69.37 W
2026/10/05 19:47:13.703, 1, 100 %, 8251 MiB, 68.70 W
2026/10/05 19:47:43.711, 0, 97 %, 8253 MiB, 67.49 W
2026/10/05 19:47:43.715, 1, 99 %, 8251 MiB, 67.08 W
2026/10/05 19:48:13.723, 0, 99 %, 8253 MiB, 67.31 W
2026/10/05 19:48:13.730, 1, 99 %, 8251 MiB, 66.39 W
2026/10/05 19:48:43.737, 0, 100 %, 8253 MiB, 66.77 W
2026/10/05 19:48:43.741, 1, 99 %, 8251 MiB, 63.44 W
2026/10/05 19:49:13.754, 0, 100 %, 8253 MiB, 69.66 W
2026/10/05 19:49:13.766, 1, 99 %, 8251 MiB, 64.67 W
2026/10/05 19:49:43.775, 0, 100 %, 8253 MiB, 69.90 W
2026/10/05 19:49:43.779, 1, 100 %, 8251 MiB, 65.26 W
2026/10/05 19:50:13.791, 0, 96 %, 8253 MiB, 68.04 W
2026/10/05 19:50:13.795, 1, 99 %, 8251 MiB, 64.08 W
2026/10/05 19:50:43.804, 0, 99 %, 8253 MiB, 66.38 W
2026/10/05 19:50:43.809, 1, 97 %, 8251 MiB, 68.60 W
2026/10/05 19:51:13.817, 0, 97 %, 8253 MiB, 70.54 W
2026/10/05 19:51:13.822, 1, 99 %, 8251 MiB, 61.09 W
2026/10/05 19:51:43.830, 0, 100 %, 8253 MiB, 88.06 W
2026/10/05 19:51:43.843, 1, 100 %, 8251 MiB, 67.47 W
2026/10/05 19:52:13.853, 0, 100 %, 8253 MiB, 66.32 W
2026/10/05 19:52:13.857, 1, 99 %, 8251 MiB, 66.92 W
2026/10/05 19:52:43.871, 0, 99 %, 8253 MiB, 69.96 W
2026/10/05 19:52:43.875, 1, 98 %, 8251 MiB, 68.25 W
2026/10/05 19:53:13.891, 0, 100 %, 8253 MiB, 68.49 W
2026/10/05 19:53:13.901, 1, 100 %, 8251 MiB, 67.97 W
2026/10/05 19:53:43.913, 0, 97 %, 8253 MiB, 104.68 W
2026/10/05 19:53:43.921, 1, 97 %, 8251 MiB, 67.57 W
2026/10/05 19:54:13.930, 0, 99 %, 8253 MiB, 67.31 W
2026/10/05 19:54:13.940, 1, 99 %, 8251 MiB, 65.94 W
2026/10/05 19:54:43.953, 0, 98 %, 8253 MiB, 64.75 W
2026/10/05 19:54:43.963, 1, 98 %, 8251 MiB, 67.21 W
2026/10/05 19:55:13.971, 0, 99 %, 8253 MiB, 61.75 W
2026/10/05 19:55:13.981, 1, 99 %, 8251 MiB, 68.11 W
2026/10/05 19:55:43.992, 0, 100 %, 8253 MiB, 68.68 W
2026/10/05 19:55:44.001, 1, 100 %, 8251 MiB, 64.28 W
2026/10/05 19:56:14.009, 0, 100 %, 8253 MiB, 60.18 W
2026/10/05 19:56:14.013, 1, 100 %, 8251 MiB, 65.65 W
2026/10/05 19:56:44.029, 0, 100 %, 8253 MiB, 65.98 W
2026/10/05 19:56:44.033, 1, 100 %, 8251 MiB, 65.36 W
2026/10/05 19:57:14.041, 0, 100 %, 8253 MiB, 67.35 W
2026/10/05 19:57:14.047, 1, 100 %, 8251 MiB, 68.89 W
2026/10/05 19:57:44.061, 0, 99 %, 8253 MiB, 67.41 W
2026/10/05 19:57:44.065, 1, 99 %, 8251 MiB, 69.83 W
2026/10/05 19:58:14.077, 0, 98 %, 8253 MiB, 75.39 W
2026/10/05 19:58:14.081, 1, 98 %, 8251 MiB, 69.97 W
2026/10/05 19:58:44.089, 0, 100 %, 8253 MiB, 68.33 W
2026/10/05 19:58:44.102, 1, 98 %, 8251 MiB, 75.15 W
2026/10/05 19:59:14.110, 0, 99 %, 8253 MiB, 66.67 W
2026/10/05 19:59:14.115, 1, 100 %, 8251 MiB, 62.46 W
2026/10/05 19:59:44.129, 0, 99 %, 8253 MiB, 70.54 W
2026/10/05 19:59:44.135, 1, 100 %, 8251 MiB, 69.63 W
2026/10/05 20:00:14.145, 0, 100 %, 8253 MiB, 63.48 W
2026/10/05 20:00:14.149, 1, 100 %, 8251 MiB, 59.75 W
2026/10/05 20:00:44.160, 0, 100 %, 8253 MiB, 63.53 W
2026/10/05 20:00:44.167, 1, 100 %, 8251 MiB, 67.61 W
2026/10/05 20:01:14.174, 0, 96 %, 8253 MiB, 65.44 W
2026/10/05 20:01:14.179, 1, 98 %, 8251 MiB, 65.94 W
2026/10/05 20:01:44.188, 0, 96 %, 8253 MiB, 71.76 W
2026/10/05 20:01:44.192, 1, 99 %, 8251 MiB, 66.63 W
2026/10/05 20:02:14.201, 0, 100 %, 8253 MiB, 69.51 W
2026/10/05 20:02:14.206, 1, 100 %, 8251 MiB, 66.98 W
2026/10/05 20:02:44.214, 0, 97 %, 8253 MiB, 57.08 W
2026/10/05 20:02:44.220, 1, 97 %, 8251 MiB, 59.26 W
2026/10/05 20:03:14.235, 0, 98 %, 8253 MiB, 52.66 W
2026/10/05 20:03:14.239, 1, 97 %, 8251 MiB, 63.79 W
2026/10/05 20:03:44.248, 0, 99 %, 8253 MiB, 66.96 W
2026/10/05 20:03:44.253, 1, 97 %, 8251 MiB, 64.08 W
2026/10/05 20:04:14.263, 0, 99 %, 8253 MiB, 66.61 W
2026/10/05 20:04:14.267, 1, 98 %, 8251 MiB, 68.01 W
2026/10/05 20:04:44.276, 0, 0 %, 8253 MiB, 41.06 W
2026/10/05 20:04:44.281, 1, 0 %, 8251 MiB, 43.64 W
2026/10/05 20:05:14.288, 0, 100 %, 8253 MiB, 94.47 W
2026/10/05 20:05:14.297, 1, 98 %, 8251 MiB, 75.79 W
2026/10/05 20:05:44.309, 0, 100 %, 8253 MiB, 93.56 W
2026/10/05 20:05:44.317, 1, 97 %, 8251 MiB, 75.79 W
2026/10/05 20:06:14.326, 0, 100 %, 8253 MiB, 76.76 W
2026/10/05 20:06:14.334, 1, 98 %, 8251 MiB, 66.20 W
2026/10/05 20:06:44.342, 0, 100 %, 8253 MiB, 68.08 W
2026/10/05 20:06:44.348, 1, 100 %, 8251 MiB, 67.80 W
2026/10/05 20:07:14.356, 0, 100 %, 8253 MiB, 63.22 W
2026/10/05 20:07:14.366, 1, 99 %, 8251 MiB, 68.89 W
2026/10/05 20:07:44.377, 0, 98 %, 8253 MiB, 88.98 W
2026/10/05 20:07:44.383, 1, 98 %, 8251 MiB, 69.09 W
2026/10/05 20:08:14.391, 0, 97 %, 8253 MiB, 66.08 W
2026/10/05 20:08:14.395, 1, 98 %, 8251 MiB, 55.51 W
2026/10/05 20:08:44.403, 0, 99 %, 8253 MiB, 73.28 W
2026/10/05 20:08:44.411, 1, 99 %, 8251 MiB, 64.92 W
2026/10/05 20:09:14.418, 0, 100 %, 8253 MiB, 64.65 W
2026/10/05 20:09:14.427, 1, 100 %, 8251 MiB, 66.78 W
2026/10/05 20:09:44.435, 0, 96 %, 8253 MiB, 65.30 W
2026/10/05 20:09:44.440, 1, 96 %, 8251 MiB, 65.98 W
2026/10/05 20:10:14.455, 0, 100 %, 8253 MiB, 65.83 W
2026/10/05 20:10:14.459, 1, 100 %, 8251 MiB, 66.63 W
2026/10/05 20:10:44.471, 0, 99 %, 8253 MiB, 70.19 W
2026/10/05 20:10:44.476, 1, 98 %, 8251 MiB, 69.23 W
2026/10/05 20:11:14.490, 0, 99 %, 8253 MiB, 65.85 W
2026/10/05 20:11:14.494, 1, 99 %, 8251 MiB, 68.44 W
2026/10/05 20:11:44.502, 0, 100 %, 8253 MiB, 66.73 W
2026/10/05 20:11:44.506, 1, 99 %, 8251 MiB, 64.53 W
2026/10/05 20:12:14.517, 0, 98 %, 8253 MiB, 66.73 W
2026/10/05 20:12:14.521, 1, 98 %, 8251 MiB, 65.41 W
2026/10/05 20:12:44.532, 0, 99 %, 8253 MiB, 67.45 W
2026/10/05 20:12:44.542, 1, 100 %, 8251 MiB, 78.37 W
2026/10/05 20:13:14.549, 0, 98 %, 8253 MiB, 73.14 W
2026/10/05 20:13:14.560, 1, 98 %, 8251 MiB, 56.36 W
2026/10/05 20:13:44.568, 0, 97 %, 8253 MiB, 66.86 W
2026/10/05 20:13:44.576, 1, 99 %, 8251 MiB, 61.64 W
2026/10/05 20:14:14.588, 0, 99 %, 8255 MiB, 65.16 W
2026/10/05 20:14:14.594, 1, 100 %, 8251 MiB, 68.79 W
2026/10/05 20:14:44.608, 0, 98 %, 8255 MiB, 67.00 W
2026/10/05 20:14:44.613, 1, 99 %, 8251 MiB, 64.12 W
2026/10/05 20:15:14.621, 0, 100 %, 8255 MiB, 68.98 W
2026/10/05 20:15:14.628, 1, 100 %, 8251 MiB, 69.23 W
2026/10/05 20:15:44.639, 0, 100 %, 8255 MiB, 66.18 W
2026/10/05 20:15:44.651, 1, 100 %, 8251 MiB, 67.08 W
2026/10/05 20:16:14.661, 0, 99 %, 8255 MiB, 67.70 W
2026/10/05 20:16:14.665, 1, 98 %, 8251 MiB, 65.90 W
2026/10/05 20:16:44.678, 0, 100 %, 8255 MiB, 70.15 W
2026/10/05 20:16:44.683, 1, 100 %, 8251 MiB, 64.32 W
2026/10/05 20:17:14.696, 0, 100 %, 8255 MiB, 69.42 W
2026/10/05 20:17:14.701, 1, 100 %, 8251 MiB, 65.06 W
2026/10/05 20:17:44.709, 0, 100 %, 8255 MiB, 62.59 W
2026/10/05 20:17:44.722, 1, 100 %, 8251 MiB, 68.05 W
2026/10/05 20:18:14.730, 0, 97 %, 8255 MiB, 53.22 W
2026/10/05 20:18:14.738, 1, 97 %, 8251 MiB, 66.33 W
2026/10/05 20:18:44.748, 0, 99 %, 8255 MiB, 69.27 W
2026/10/05 20:18:44.753, 1, 99 %, 8251 MiB, 67.70 W
2026/10/05 20:19:14.762, 0, 97 %, 8255 MiB, 65.44 W
2026/10/05 20:19:14.766, 1, 98 %, 8251 MiB, 65.26 W
2026/10/05 20:19:44.775, 0, 99 %, 8255 MiB, 73.14 W
2026/10/05 20:19:44.779, 1, 99 %, 8251 MiB, 63.53 W
2026/10/05 20:20:14.786, 0, 100 %, 8255 MiB, 65.98 W
2026/10/05 20:20:14.791, 1, 100 %, 8251 MiB, 62.07 W
2026/10/05 20:20:44.798, 0, 99 %, 8255 MiB, 69.86 W
2026/10/05 20:20:44.802, 1, 99 %, 8251 MiB, 65.69 W
2026/10/05 20:21:14.814, 0, 98 %, 8255 MiB, 73.33 W
2026/10/05 20:21:14.820, 1, 100 %, 8251 MiB, 78.08 W
2026/10/05 20:21:44.828, 0, 100 %, 8255 MiB, 67.65 W
2026/10/05 20:21:44.833, 1, 99 %, 8251 MiB, 68.05 W
2026/10/05 20:22:14.840, 0, 96 %, 8255 MiB, 66.57 W
2026/10/05 20:22:14.847, 1, 96 %, 8251 MiB, 66.98 W
2026/10/05 20:22:44.855, 0, 100 %, 8255 MiB, 65.24 W
2026/10/05 20:22:44.861, 1, 100 %, 8251 MiB, 59.95 W
2026/10/05 20:23:14.869, 0, 99 %, 8255 MiB, 67.26 W
2026/10/05 20:23:14.877, 1, 100 %, 8251 MiB, 68.89 W
2026/10/05 20:23:44.889, 0, 98 %, 8255 MiB, 64.55 W
2026/10/05 20:23:44.893, 1, 98 %, 8251 MiB, 66.10 W
2026/10/05 20:24:14.903, 0, 96 %, 8255 MiB, 67.12 W
2026/10/05 20:24:14.913, 1, 99 %, 8251 MiB, 64.32 W
2026/10/05 20:24:44.921, 0, 99 %, 8255 MiB, 67.35 W
2026/10/05 20:24:44.925, 1, 100 %, 8251 MiB, 63.95 W
2026/10/05 20:25:14.939, 0, 99 %, 8255 MiB, 73.92 W
2026/10/05 20:25:14.943, 1, 97 %, 8251 MiB, 55.87 W
2026/10/05 20:25:44.951, 0, 99 %, 8255 MiB, 64.85 W
2026/10/05 20:25:44.960, 1, 98 %, 8251 MiB, 69.09 W
2026/10/05 20:26:14.974, 0, 99 %, 8255 MiB, 61.59 W
2026/10/05 20:26:14.982, 1, 99 %, 8251 MiB, 60.34 W
2026/10/05 20:26:44.990, 0, 98 %, 8255 MiB, 51.35 W
2026/10/05 20:26:45.001, 1, 97 %, 8251 MiB, 81.44 W
2026/10/05 20:27:15.013, 0, 100 %, 8255 MiB, 62.50 W
2026/10/05 20:27:15.021, 1, 100 %, 8251 MiB, 59.46 W
2026/10/05 20:27:45.029, 0, 97 %, 8255 MiB, 51.78 W
2026/10/05 20:27:45.033, 1, 98 %, 8251 MiB, 56.46 W
2026/10/05 20:28:15.046, 0, 100 %, 8255 MiB, 67.94 W
2026/10/05 20:28:15.051, 1, 100 %, 8251 MiB, 60.89 W
2026/10/05 20:28:45.062, 0, 100 %, 8255 MiB, 63.22 W
2026/10/05 20:28:45.072, 1, 100 %, 8251 MiB, 60.79 W
2026/10/05 20:29:15.080, 0, 97 %, 8255 MiB, 65.75 W
2026/10/05 20:29:15.089, 1, 98 %, 8251 MiB, 65.76 W
2026/10/05 20:29:45.104, 0, 100 %, 8255 MiB, 64.42 W
2026/10/05 20:29:45.113, 1, 100 %, 8251 MiB, 55.28 W
2026/10/05 20:30:15.129, 0, 97 %, 8255 MiB, 66.96 W
2026/10/05 20:30:15.133, 1, 98 %, 8251 MiB, 67.17 W
2026/10/05 20:30:45.148, 0, 100 %, 8255 MiB, 67.75 W
2026/10/05 20:30:45.157, 1, 99 %, 8251 MiB, 63.50 W
2026/10/05 20:31:15.166, 0, 99 %, 8255 MiB, 66.18 W
2026/10/05 20:31:15.175, 1, 98 %, 8251 MiB, 68.01 W
2026/10/05 20:31:45.183, 0, 97 %, 8255 MiB, 67.98 W
2026/10/05 20:31:45.194, 1, 99 %, 8251 MiB, 56.00 W
2026/10/05 20:32:15.204, 0, 99 %, 8255 MiB, 62.59 W
2026/10/05 20:32:15.209, 1, 100 %, 8251 MiB, 68.15 W
2026/10/05 20:32:45.217, 0, 100 %, 8255 MiB, 64.65 W
2026/10/05 20:32:45.228, 1, 100 %, 8251 MiB, 69.03 W
2026/10/05 20:33:15.236, 0, 97 %, 8255 MiB, 66.38 W
2026/10/05 20:33:15.244, 1, 98 %, 8251 MiB, 65.90 W
2026/10/05 20:33:45.255, 0, 100 %, 8255 MiB, 41.82 W
2026/10/05 20:33:45.267, 1, 100 %, 8251 MiB, 64.71 W
2026/10/05 20:34:15.275, 0, 97 %, 8255 MiB, 66.53 W
2026/10/05 20:34:15.280, 1, 96 %, 8251 MiB, 66.68 W
2026/10/05 20:34:45.287, 0, 97 %, 8255 MiB, 65.87 W
2026/10/05 20:34:45.291, 1, 97 %, 8251 MiB, 66.64 W
2026/10/05 20:35:15.299, 0, 100 %, 8255 MiB, 66.77 W
2026/10/05 20:35:15.303, 1, 100 %, 8251 MiB, 66.04 W
2026/10/05 20:35:45.312, 0, 100 %, 8255 MiB, 62.83 W
2026/10/05 20:35:45.316, 1, 100 %, 8251 MiB, 61.58 W
2026/10/05 20:36:15.324, 0, 100 %, 8255 MiB, 65.63 W
2026/10/05 20:36:15.332, 1, 100 %, 8251 MiB, 70.46 W
2026/10/05 20:36:45.340, 0, 98 %, 8255 MiB, 65.59 W
2026/10/05 20:36:45.346, 1, 99 %, 8251 MiB, 67.27 W
2026/10/05 20:37:15.359, 0, 98 %, 8255 MiB, 66.24 W
2026/10/05 20:37:15.368, 1, 99 %, 8251 MiB, 69.03 W
2026/10/05 20:37:45.377, 0, 99 %, 8255 MiB, 66.47 W
2026/10/05 20:37:45.388, 1, 98 %, 8251 MiB, 66.78 W
2026/10/05 20:38:15.396, 0, 100 %, 8255 MiB, 65.83 W
2026/10/05 20:38:15.405, 1, 100 %, 8251 MiB, 64.42 W
2026/10/05 20:38:45.413, 0, 100 %, 8255 MiB, 61.95 W
2026/10/05 20:38:45.421, 1, 100 %, 8251 MiB, 63.24 W
2026/10/05 20:39:15.429, 0, 100 %, 8255 MiB, 66.67 W
2026/10/05 20:39:15.434, 1, 100 %, 8251 MiB, 63.50 W
2026/10/05 20:39:45.441, 0, 98 %, 8255 MiB, 63.42 W
2026/10/05 20:39:45.445, 1, 99 %, 8251 MiB, 69.37 W
2026/10/05 20:40:15.454, 0, 97 %, 8255 MiB, 83.88 W
2026/10/05 20:40:15.464, 1, 98 %, 8251 MiB, 73.59 W
2026/10/05 20:40:45.473, 0, 100 %, 8255 MiB, 63.38 W
2026/10/05 20:40:45.477, 1, 100 %, 8251 MiB, 69.23 W
2026/10/05 20:41:15.489, 0, 100 %, 8255 MiB, 63.67 W
2026/10/05 20:41:15.497, 1, 100 %, 8251 MiB, 86.15 W
2026/10/05 20:41:45.506, 0, 100 %, 8255 MiB, 67.69 W
2026/10/05 20:41:45.515, 1, 99 %, 8251 MiB, 65.36 W
2026/10/05 20:42:15.522, 0, 97 %, 8255 MiB, 67.26 W
2026/10/05 20:42:15.527, 1, 99 %, 8251 MiB, 68.60 W
2026/10/05 20:42:45.534, 0, 100 %, 8255 MiB, 64.85 W
2026/10/05 20:42:45.539, 1, 98 %, 8251 MiB, 66.24 W
2026/10/05 20:43:15.546, 0, 100 %, 8255 MiB, 66.02 W
2026/10/05 20:43:15.551, 1, 99 %, 8251 MiB, 63.16 W
2026/10/05 20:43:45.563, 0, 100 %, 8255 MiB, 65.44 W
2026/10/05 20:43:45.569, 1, 100 %, 8251 MiB, 65.41 W
2026/10/05 20:44:15.576, 0, 100 %, 8255 MiB, 67.16 W
2026/10/05 20:44:15.584, 1, 100 %, 8251 MiB, 66.39 W
2026/10/05 20:44:45.592, 0, 100 %, 8255 MiB, 85.58 W
2026/10/05 20:44:45.606, 1, 100 %, 8251 MiB, 80.03 W
2026/10/05 20:45:15.620, 0, 100 %, 8255 MiB, 67.55 W
2026/10/05 20:45:15.628, 1, 100 %, 8251 MiB, 67.33 W
2026/10/05 20:45:45.635, 0, 100 %, 8255 MiB, 63.83 W
2026/10/05 20:45:45.642, 1, 100 %, 8251 MiB, 69.87 W
2026/10/05 20:46:15.651, 0, 99 %, 8255 MiB, 68.24 W
2026/10/05 20:46:15.657, 1, 99 %, 8251 MiB, 65.81 W
2026/10/05 20:46:45.665, 0, 100 %, 8255 MiB, 66.86 W
2026/10/05 20:46:45.675, 1, 100 %, 8251 MiB, 71.04 W
2026/10/05 20:47:15.682, 0, 99 %, 8255 MiB, 64.85 W
2026/10/05 20:47:15.686, 1, 100 %, 8251 MiB, 64.77 W
2026/10/05 20:47:45.701, 0, 97 %, 8255 MiB, 47.90 W
2026/10/05 20:47:45.705, 1, 100 %, 8251 MiB, 66.39 W
2026/10/05 20:48:15.713, 0, 97 %, 8255 MiB, 98.49 W
2026/10/05 20:48:15.721, 1, 98 %, 8251 MiB, 76.66 W
2026/10/05 20:48:45.729, 0, 97 %, 8255 MiB, 66.67 W
2026/10/05 20:48:45.733, 1, 97 %, 8251 MiB, 66.49 W
2026/10/05 20:49:15.743, 0, 96 %, 8255 MiB, 61.81 W
2026/10/05 20:49:15.748, 1, 97 %, 8251 MiB, 55.67 W
2026/10/05 20:49:45.757, 0, 100 %, 8255 MiB, 42.91 W
2026/10/05 20:49:45.767, 1, 100 %, 8251 MiB, 68.54 W
2026/10/05 20:50:15.780, 0, 99 %, 8255 MiB, 61.46 W
2026/10/05 20:50:15.790, 1, 99 %, 8251 MiB, 64.73 W
2026/10/05 20:50:45.797, 0, 96 %, 8255 MiB, 65.00 W
2026/10/05 20:50:45.802, 1, 98 %, 8251 MiB, 69.23 W
2026/10/05 20:51:15.809, 0, 99 %, 8255 MiB, 68.24 W
2026/10/05 20:51:15.813, 1, 100 %, 8251 MiB, 68.19 W
2026/10/05 20:51:45.826, 0, 100 %, 8255 MiB, 71.96 W
2026/10/05 20:51:45.830, 1, 100 %, 8251 MiB, 65.47 W
2026/10/05 20:52:15.837, 0, 100 %, 8255 MiB, 67.65 W
2026/10/05 20:52:15.843, 1, 100 %, 8251 MiB, 68.50 W
2026/10/05 20:52:45.850, 0, 100 %, 8255 MiB, 69.37 W
2026/10/05 20:52:45.863, 1, 100 %, 8251 MiB, 71.39 W
2026/10/05 20:53:15.871, 0, 97 %, 8255 MiB, 78.86 W
2026/10/05 20:53:15.876, 1, 98 %, 8251 MiB, 66.20 W
2026/10/05 20:53:45.889, 0, 99 %, 8255 MiB, 64.85 W
2026/10/05 20:53:45.893, 1, 99 %, 8251 MiB, 62.16 W
2026/10/05 20:54:15.906, 0, 100 %, 8255 MiB, 63.87 W
2026/10/05 20:54:15.910, 1, 100 %, 8251 MiB, 62.75 W
2026/10/05 20:54:45.922, 0, 100 %, 8255 MiB, 69.96 W
2026/10/05 20:54:45.926, 1, 100 %, 8251 MiB, 68.99 W
2026/10/05 20:55:15.939, 0, 99 %, 8255 MiB, 66.43 W
2026/10/05 20:55:15.944, 1, 99 %, 8251 MiB, 64.83 W
2026/10/05 20:55:45.952, 0, 100 %, 8255 MiB, 65.24 W
2026/10/05 20:55:45.956, 1, 100 %, 8251 MiB, 68.70 W
2026/10/05 20:56:15.973, 0, 100 %, 8255 MiB, 69.72 W
2026/10/05 20:56:15.979, 1, 100 %, 8251 MiB, 68.25 W
2026/10/05 20:56:45.989, 0, 99 %, 8255 MiB, 62.14 W
2026/10/05 20:56:45.994, 1, 99 %, 8251 MiB, 67.76 W
2026/10/05 20:57:16.006, 0, 100 %, 8255 MiB, 40.27 W
2026/10/05 20:57:16.010, 1, 98 %, 8251 MiB, 65.81 W
2026/10/05 20:57:46.024, 0, 99 %, 8255 MiB, 68.98 W
2026/10/05 20:57:46.033, 1, 99 %, 8251 MiB, 63.50 W
2026/10/05 20:58:16.040, 0, 100 %, 8255 MiB, 71.27 W
2026/10/05 20:58:16.045, 1, 100 %, 8251 MiB, 63.69 W
2026/10/05 20:58:46.062, 0, 100 %, 8255 MiB, 89.37 W
2026/10/05 20:58:46.071, 1, 100 %, 8251 MiB, 60.24 W
2026/10/05 20:59:16.083, 0, 100 %, 8255 MiB, 64.22 W
2026/10/05 20:59:16.090, 1, 100 %, 8251 MiB, 65.16 W
2026/10/05 20:59:46.097, 0, 100 %, 8255 MiB, 92.25 W
2026/10/05 20:59:46.103, 1, 100 %, 8251 MiB, 58.91 W
2026/10/05 21:00:16.110, 0, 100 %, 8255 MiB, 81.54 W
2026/10/05 21:00:16.115, 1, 97 %, 8251 MiB, 65.75 W
2026/10/05 21:00:46.123, 0, 100 %, 8255 MiB, 69.47 W
2026/10/05 21:00:46.132, 1, 100 %, 8251 MiB, 62.46 W
2026/10/05 21:01:16.140, 0, 99 %, 8255 MiB, 64.95 W
2026/10/05 21:01:16.145, 1, 100 %, 8251 MiB, 65.71 W
2026/10/05 21:01:46.158, 0, 99 %, 8255 MiB, 65.20 W
2026/10/05 21:01:46.166, 1, 99 %, 8251 MiB, 70.31 W
2026/10/05 21:02:16.180, 0, 100 %, 8255 MiB, 47.31 W
2026/10/05 21:02:16.185, 1, 100 %, 8251 MiB, 68.70 W
2026/10/05 21:02:46.200, 0, 99 %, 8255 MiB, 68.35 W
2026/10/05 21:02:46.204, 1, 99 %, 8251 MiB, 73.24 W
2026/10/05 21:03:16.218, 0, 100 %, 8255 MiB, 69.80 W
2026/10/05 21:03:16.223, 1, 100 %, 8251 MiB, 59.36 W
2026/10/05 21:03:46.231, 0, 97 %, 8255 MiB, 65.69 W
2026/10/05 21:03:46.235, 1, 97 %, 8251 MiB, 60.34 W
2026/10/05 21:04:16.247, 0, 99 %, 8255 MiB, 66.96 W
2026/10/05 21:04:16.251, 1, 99 %, 8251 MiB, 67.04 W
2026/10/05 21:04:46.264, 0, 99 %, 8255 MiB, 64.69 W
2026/10/05 21:04:46.268, 1, 99 %, 8251 MiB, 64.18 W
2026/10/05 21:05:16.276, 0, 96 %, 8255 MiB, 69.23 W
2026/10/05 21:05:16.280, 1, 99 %, 8251 MiB, 66.10 W
2026/10/05 21:05:46.292, 0, 100 %, 8255 MiB, 69.27 W
2026/10/05 21:05:46.299, 1, 100 %, 8251 MiB, 64.08 W
2026/10/05 21:06:16.307, 0, 99 %, 8255 MiB, 46.79 W
2026/10/05 21:06:16.312, 1, 98 %, 8251 MiB, 57.04 W
2026/10/05 21:06:46.320, 0, 99 %, 8255 MiB, 60.81 W
2026/10/05 21:06:46.324, 1, 100 %, 8251 MiB, 63.59 W
2026/10/05 21:07:16.331, 0, 100 %, 8255 MiB, 57.01 W
2026/10/05 21:07:16.336, 1, 100 %, 8251 MiB, 65.85 W
2026/10/05 21:07:46.344, 0, 100 %, 8255 MiB, 78.71 W
2026/10/05 21:07:46.350, 1, 100 %, 8251 MiB, 67.62 W
2026/10/05 21:08:16.357, 0, 100 %, 8255 MiB, 66.08 W
2026/10/05 21:08:16.367, 1, 100 %, 8251 MiB, 62.71 W
2026/10/05 21:08:46.376, 0, 100 %, 8255 MiB, 65.49 W
2026/10/05 21:08:46.380, 1, 99 %, 8251 MiB, 66.24 W
2026/10/05 21:09:16.389, 0, 97 %, 8255 MiB, 64.42 W
2026/10/05 21:09:16.393, 1, 96 %, 8251 MiB, 55.97 W
2026/10/05 21:09:46.400, 0, 98 %, 8255 MiB, 56.03 W
2026/10/05 21:09:46.410, 1, 98 %, 8251 MiB, 67.17 W
2026/10/05 21:10:16.424, 0, 99 %, 8255 MiB, 63.32 W
2026/10/05 21:10:16.431, 1, 98 %, 8251 MiB, 68.84 W
2026/10/05 21:10:46.447, 0, 99 %, 8255 MiB, 67.31 W
2026/10/05 21:10:46.451, 1, 99 %, 8251 MiB, 69.38 W
2026/10/05 21:11:16.463, 0, 99 %, 8255 MiB, 68.24 W
2026/10/05 21:11:16.467, 1, 99 %, 8251 MiB, 61.19 W
2026/10/05 21:11:46.479, 0, 99 %, 8255 MiB, 70.99 W
2026/10/05 21:11:46.487, 1, 100 %, 8251 MiB, 69.81 W
2026/10/05 21:12:16.495, 0, 100 %, 8255 MiB, 61.46 W
2026/10/05 21:12:16.502, 1, 100 %, 8251 MiB, 64.32 W
2026/10/05 21:12:46.512, 0, 99 %, 8255 MiB, 68.78 W
2026/10/05 21:12:46.518, 1, 99 %, 8251 MiB, 64.03 W
2026/10/05 21:13:16.525, 0, 100 %, 8255 MiB, 41.85 W
2026/10/05 21:13:16.530, 1, 100 %, 8251 MiB, 62.59 W
2026/10/05 21:13:46.538, 0, 99 %, 8255 MiB, 66.61 W
2026/10/05 21:13:46.543, 1, 96 %, 8251 MiB, 66.92 W
2026/10/05 21:14:16.551, 0, 100 %, 8255 MiB, 63.38 W
2026/10/05 21:14:16.556, 1, 100 %, 8251 MiB, 62.81 W
2026/10/05 21:14:46.572, 0, 100 %, 8255 MiB, 64.16 W
2026/10/05 21:14:46.577, 1, 100 %, 8251 MiB, 66.24 W
2026/10/05 21:15:16.584, 0, 99 %, 8255 MiB, 66.73 W
2026/10/05 21:15:16.591, 1, 99 %, 8251 MiB, 67.17 W
2026/10/05 21:15:46.599, 0, 100 %, 8255 MiB, 51.74 W
2026/10/05 21:15:46.607, 1, 100 %, 8251 MiB, 64.96 W
2026/10/05 21:16:16.623, 0, 99 %, 8255 MiB, 64.46 W
2026/10/05 21:16:16.636, 1, 100 %, 8251 MiB, 63.24 W
2026/10/05 21:16:46.644, 0, 99 %, 8255 MiB, 66.77 W
2026/10/05 21:16:46.648, 1, 97 %, 8251 MiB, 62.91 W
2026/10/05 21:17:16.655, 0, 99 %, 8255 MiB, 66.77 W
2026/10/05 21:17:16.663, 1, 97 %, 8251 MiB, 68.89 W
2026/10/05 21:17:46.677, 0, 97 %, 8255 MiB, 64.65 W
2026/10/05 21:17:46.682, 1, 97 %, 8251 MiB, 70.27 W
2026/10/05 21:18:16.690, 0, 97 %, 8255 MiB, 64.36 W
2026/10/05 21:18:16.695, 1, 96 %, 8251 MiB, 63.40 W
2026/10/05 21:18:46.703, 0, 99 %, 8255 MiB, 66.42 W
2026/10/05 21:18:46.708, 1, 99 %, 8251 MiB, 69.42 W
2026/10/05 21:19:16.721, 0, 100 %, 8255 MiB, 52.73 W
2026/10/05 21:19:16.726, 1, 100 %, 8251 MiB, 64.87 W
2026/10/05 21:19:46.734, 0, 100 %, 8255 MiB, 67.04 W
2026/10/05 21:19:46.738, 1, 100 %, 8251 MiB, 65.06 W
2026/10/05 21:20:16.751, 0, 97 %, 8255 MiB, 66.86 W
2026/10/05 21:20:16.757, 1, 98 %, 8251 MiB, 57.69 W
2026/10/05 21:20:46.765, 0, 99 %, 8255 MiB, 68.08 W
2026/10/05 21:20:46.777, 1, 100 %, 8251 MiB, 67.96 W
2026/10/05 21:21:16.785, 0, 98 %, 8255 MiB, 64.95 W
2026/10/05 21:21:16.793, 1, 99 %, 8251 MiB, 66.74 W
2026/10/05 21:21:46.801, 0, 99 %, 8255 MiB, 62.79 W
2026/10/05 21:21:46.805, 1, 98 %, 8251 MiB, 61.87 W
2026/10/05 21:22:16.813, 0, 99 %, 8255 MiB, 66.86 W
2026/10/05 21:22:16.819, 1, 98 %, 8251 MiB, 65.94 W
2026/10/05 21:22:46.827, 0, 100 %, 8255 MiB, 64.03 W
2026/10/05 21:22:46.831, 1, 100 %, 8251 MiB, 61.12 W
2026/10/05 21:23:16.839, 0, 98 %, 8255 MiB, 71.81 W
2026/10/05 21:23:16.843, 1, 97 %, 8251 MiB, 66.45 W
2026/10/05 21:23:46.854, 0, 100 %, 8255 MiB, 43.77 W
2026/10/05 21:23:46.863, 1, 97 %, 8251 MiB, 68.84 W
2026/10/05 21:24:16.876, 0, 100 %, 8255 MiB, 70.01 W
2026/10/05 21:24:16.882, 1, 100 %, 8251 MiB, 69.63 W
2026/10/05 21:24:46.889, 0, 96 %, 8255 MiB, 65.57 W
2026/10/05 21:24:46.893, 1, 99 %, 8251 MiB, 67.76 W
2026/10/05 21:25:16.901, 0, 96 %, 8255 MiB, 64.36 W
2026/10/05 21:25:16.905, 1, 99 %, 8251 MiB, 67.66 W
2026/10/05 21:25:46.919, 0, 96 %, 8255 MiB, 68.63 W
2026/10/05 21:25:46.924, 1, 99 %, 8251 MiB, 65.71 W
2026/10/05 21:26:16.932, 0, 100 %, 8255 MiB, 66.28 W
2026/10/05 21:26:16.936, 1, 99 %, 8251 MiB, 70.75 W
2026/10/05 21:26:46.945, 0, 98 %, 8255 MiB, 67.30 W
2026/10/05 21:26:46.956, 1, 98 %, 8251 MiB, 63.93 W
2026/10/05 21:27:16.964, 0, 100 %, 8255 MiB, 62.40 W
2026/10/05 21:27:16.968, 1, 100 %, 8251 MiB, 68.79 W
2026/10/05 21:27:46.981, 0, 96 %, 8255 MiB, 73.18 W
2026/10/05 21:27:46.986, 1, 97 %, 8251 MiB, 61.97 W
2026/10/05 21:28:16.994, 0, 97 %, 8255 MiB, 54.13 W
2026/10/05 21:28:16.998, 1, 98 %, 8251 MiB, 67.02 W
2026/10/05 21:28:47.007, 0, 100 %, 8255 MiB, 65.34 W
2026/10/05 21:28:47.012, 1, 100 %, 8251 MiB, 66.74 W
2026/10/05 21:29:17.022, 0, 100 %, 8255 MiB, 90.83 W
2026/10/05 21:29:17.027, 1, 100 %, 8251 MiB, 65.75 W
2026/10/05 21:29:47.036, 0, 100 %, 8255 MiB, 72.55 W
2026/10/05 21:29:47.041, 1, 100 %, 8251 MiB, 62.62 W
2026/10/05 21:30:17.048, 0, 100 %, 8255 MiB, 47.58 W
2026/10/05 21:30:17.060, 1, 100 %, 8251 MiB, 65.00 W
2026/10/05 21:30:47.072, 0, 100 %, 8255 MiB, 68.25 W
2026/10/05 21:30:47.076, 1, 100 %, 8251 MiB, 67.57 W
2026/10/05 21:31:17.089, 0, 99 %, 8255 MiB, 54.89 W
2026/10/05 21:31:17.097, 1, 97 %, 8251 MiB, 63.44 W
2026/10/05 21:31:47.107, 0, 97 %, 8255 MiB, 66.57 W
2026/10/05 21:31:47.111, 1, 97 %, 8251 MiB, 66.43 W
2026/10/05 21:32:17.125, 0, 97 %, 8255 MiB, 65.73 W
2026/10/05 21:32:17.130, 1, 100 %, 8251 MiB, 67.13 W
2026/10/05 21:32:47.142, 0, 100 %, 8255 MiB, 99.76 W
2026/10/05 21:32:47.150, 1, 97 %, 8251 MiB, 78.81 W
2026/10/05 21:33:17.162, 0, 100 %, 8255 MiB, 65.30 W
2026/10/05 21:33:17.166, 1, 100 %, 8251 MiB, 65.75 W
2026/10/05 21:33:47.180, 0, 99 %, 8255 MiB, 70.40 W
2026/10/05 21:33:47.184, 1, 100 %, 8251 MiB, 62.46 W
2026/10/05 21:34:17.191, 0, 99 %, 8255 MiB, 62.14 W
2026/10/05 21:34:17.196, 1, 99 %, 8251 MiB, 70.22 W
2026/10/05 21:34:47.204, 0, 100 %, 8255 MiB, 60.87 W
2026/10/05 21:34:47.208, 1, 100 %, 8251 MiB, 64.18 W
2026/10/05 21:35:17.218, 0, 98 %, 8255 MiB, 66.42 W
2026/10/05 21:35:17.228, 1, 100 %, 8251 MiB, 65.75 W
2026/10/05 21:35:47.237, 0, 99 %, 8255 MiB, 69.47 W
2026/10/05 21:35:47.248, 1, 99 %, 8251 MiB, 64.91 W
2026/10/05 21:36:17.261, 0, 100 %, 8255 MiB, 67.70 W
2026/10/05 21:36:17.266, 1, 100 %, 8251 MiB, 69.43 W
2026/10/05 21:36:47.279, 0, 100 %, 8255 MiB, 68.49 W
2026/10/05 21:36:47.290, 1, 100 %, 8251 MiB, 68.11 W
2026/10/05 21:37:17.298, 0, 100 %, 8255 MiB, 63.18 W
2026/10/05 21:37:17.302, 1, 100 %, 8251 MiB, 65.75 W
2026/10/05 21:37:47.313, 0, 100 %, 8255 MiB, 63.77 W
2026/10/05 21:37:47.317, 1, 100 %, 8251 MiB, 70.02 W
2026/10/05 21:38:17.325, 0, 99 %, 8255 MiB, 66.53 W
2026/10/05 21:38:17.331, 1, 99 %, 8251 MiB, 62.32 W
2026/10/05 21:38:47.338, 0, 100 %, 8255 MiB, 64.16 W
2026/10/05 21:38:47.346, 1, 100 %, 8251 MiB, 64.08 W
2026/10/05 21:39:17.354, 0, 99 %, 8255 MiB, 68.19 W
2026/10/05 21:39:17.358, 1, 99 %, 8251 MiB, 64.08 W
2026/10/05 21:39:47.367, 0, 97 %, 8255 MiB, 96.90 W
2026/10/05 21:39:47.371, 1, 98 %, 8251 MiB, 69.52 W
2026/10/05 21:40:17.380, 0, 100 %, 8255 MiB, 68.43 W
2026/10/05 21:40:17.386, 1, 99 %, 8251 MiB, 65.06 W
2026/10/05 21:40:47.393, 0, 99 %, 8255 MiB, 63.87 W
2026/10/05 21:40:47.398, 1, 98 %, 8251 MiB, 65.85 W
2026/10/05 21:41:17.410, 0, 97 %, 8255 MiB, 74.61 W
2026/10/05 21:41:17.415, 1, 98 %, 8251 MiB, 63.79 W
2026/10/05 21:41:47.423, 0, 100 %, 8255 MiB, 83.30 W
2026/10/05 21:41:47.429, 1, 98 %, 8251 MiB, 71.63 W
2026/10/05 21:42:17.441, 0, 100 %, 8255 MiB, 47.58 W
2026/10/05 21:42:17.446, 1, 97 %, 8251 MiB, 53.71 W
2026/10/05 21:42:47.458, 0, 100 %, 8255 MiB, 66.22 W
2026/10/05 21:42:47.466, 1, 93 %, 8251 MiB, 42.56 W
2026/10/05 21:43:17.476, 0, 99 %, 8255 MiB, 66.18 W
2026/10/05 21:43:17.484, 1, 99 %, 8251 MiB, 67.76 W
2026/10/05 21:43:47.494, 0, 99 %, 8255 MiB, 67.59 W
2026/10/05 21:43:47.500, 1, 98 %, 8251 MiB, 66.63 W
2026/10/05 21:44:17.510, 0, 0 %, 8255 MiB, 41.53 W
2026/10/05 21:44:17.514, 1, 0 %, 8251 MiB, 49.19 W
2026/10/05 21:44:47.521, 0, 100 %, 8255 MiB, 72.75 W
2026/10/05 21:44:47.529, 1, 97 %, 8251 MiB, 68.89 W
2026/10/05 21:45:17.537, 0, 97 %, 8255 MiB, 65.10 W
2026/10/05 21:45:17.542, 1, 98 %, 8251 MiB, 62.91 W
2026/10/05 21:45:47.550, 0, 97 %, 8255 MiB, 48.20 W
2026/10/05 21:45:47.554, 1, 97 %, 8251 MiB, 66.20 W
2026/10/05 21:46:17.562, 0, 96 %, 8255 MiB, 67.35 W
2026/10/05 21:46:17.566, 1, 98 %, 8251 MiB, 66.88 W
2026/10/05 21:46:47.576, 0, 100 %, 8255 MiB, 72.55 W
2026/10/05 21:46:47.585, 1, 99 %, 8251 MiB, 68.64 W
2026/10/05 21:47:17.593, 0, 97 %, 8255 MiB, 65.93 W
2026/10/05 21:47:17.598, 1, 100 %, 8251 MiB, 73.34 W
2026/10/05 21:47:47.606, 0, 99 %, 8255 MiB, 63.73 W
2026/10/05 21:47:47.611, 1, 99 %, 8251 MiB, 63.79 W
2026/10/05 21:48:17.619, 0, 100 %, 8255 MiB, 68.24 W
2026/10/05 21:48:17.623, 1, 100 %, 8251 MiB, 62.26 W
2026/10/05 21:48:47.631, 0, 100 %, 8255 MiB, 63.22 W
2026/10/05 21:48:47.635, 1, 100 %, 8251 MiB, 62.32 W
2026/10/05 21:49:17.645, 0, 100 %, 8255 MiB, 60.16 W
2026/10/05 21:49:17.654, 1, 100 %, 8251 MiB, 62.65 W
2026/10/05 21:49:47.666, 0, 97 %, 8255 MiB, 67.20 W
2026/10/05 21:49:47.671, 1, 98 %, 8251 MiB, 66.68 W
2026/10/05 21:50:17.686, 0, 100 %, 8255 MiB, 69.91 W
2026/10/05 21:50:17.695, 1, 100 %, 8251 MiB, 69.38 W
2026/10/05 21:50:47.704, 0, 99 %, 8255 MiB, 66.57 W
2026/10/05 21:50:47.715, 1, 99 %, 8251 MiB, 63.79 W
2026/10/05 21:51:17.723, 0, 100 %, 8255 MiB, 63.48 W
2026/10/05 21:51:17.727, 1, 100 %, 8251 MiB, 66.78 W
2026/10/05 21:51:47.735, 0, 96 %, 8255 MiB, 72.26 W
2026/10/05 21:51:47.739, 1, 96 %, 8251 MiB, 66.35 W
2026/10/05 21:52:17.747, 0, 99 %, 8255 MiB, 68.14 W
2026/10/05 21:52:17.751, 1, 99 %, 8251 MiB, 68.58 W
2026/10/05 21:52:47.760, 0, 97 %, 8255 MiB, 64.20 W
2026/10/05 21:52:47.768, 1, 98 %, 8251 MiB, 66.53 W
2026/10/05 21:53:17.781, 0, 100 %, 8255 MiB, 73.82 W
2026/10/05 21:53:17.786, 1, 100 %, 8251 MiB, 66.29 W
2026/10/05 21:53:47.797, 0, 96 %, 8255 MiB, 72.36 W
2026/10/05 21:53:47.801, 1, 98 %, 8251 MiB, 67.23 W
2026/10/05 21:54:17.809, 0, 100 %, 8255 MiB, 66.77 W
2026/10/05 21:54:17.813, 1, 98 %, 8251 MiB, 66.63 W
2026/10/05 21:54:47.821, 0, 99 %, 8255 MiB, 65.53 W
2026/10/05 21:54:47.825, 1, 100 %, 8251 MiB, 65.45 W
2026/10/05 21:55:17.835, 0, 99 %, 8255 MiB, 74.36 W
2026/10/05 21:55:17.840, 1, 96 %, 8251 MiB, 61.38 W
2026/10/05 21:55:47.848, 0, 100 %, 8255 MiB, 67.06 W
2026/10/05 21:55:47.852, 1, 100 %, 8251 MiB, 64.38 W
2026/10/05 21:56:17.860, 0, 99 %, 8255 MiB, 59.73 W
2026/10/05 21:56:17.871, 1, 99 %, 8251 MiB, 60.54 W
2026/10/05 21:56:47.880, 0, 99 %, 8255 MiB, 66.28 W
2026/10/05 21:56:47.884, 1, 97 %, 8251 MiB, 69.03 W
2026/10/05 21:57:17.898, 0, 98 %, 8255 MiB, 67.20 W
2026/10/05 21:57:17.907, 1, 98 %, 8251 MiB, 66.49 W
2026/10/05 21:57:47.915, 0, 99 %, 8255 MiB, 62.04 W
2026/10/05 21:57:47.920, 1, 99 %, 8251 MiB, 63.73 W
2026/10/05 21:58:17.927, 0, 100 %, 8255 MiB, 68.10 W
2026/10/05 21:58:17.931, 1, 100 %, 8251 MiB, 63.50 W
2026/10/05 21:58:47.939, 0, 99 %, 8255 MiB, 72.26 W
2026/10/05 21:58:47.944, 1, 99 %, 8251 MiB, 66.73 W
2026/10/05 21:59:17.957, 0, 100 %, 8255 MiB, 66.85 W
2026/10/05 21:59:17.970, 1, 100 %, 8251 MiB, 65.55 W
2026/10/05 21:59:47.983, 0, 95 %, 8255 MiB, 65.49 W
2026/10/05 21:59:47.988, 1, 99 %, 8251 MiB, 66.14 W
2026/10/05 22:00:17.999, 0, 99 %, 8255 MiB, 65.10 W
2026/10/05 22:00:18.004, 1, 99 %, 8251 MiB, 64.77 W
2026/10/05 22:00:48.013, 0, 100 %, 8255 MiB, 69.07 W
2026/10/05 22:00:48.024, 1, 100 %, 8251 MiB, 61.44 W
2026/10/05 22:01:18.032, 0, 97 %, 8255 MiB, 64.12 W
2026/10/05 22:01:18.036, 1, 96 %, 8251 MiB, 68.21 W
2026/10/05 22:01:48.049, 0, 99 %, 8255 MiB, 68.82 W
2026/10/05 22:01:48.057, 1, 99 %, 8251 MiB, 66.59 W
2026/10/05 22:02:18.065, 0, 97 %, 8255 MiB, 66.22 W
2026/10/05 22:02:18.070, 1, 98 %, 8251 MiB, 61.09 W
2026/10/05 22:02:48.081, 0, 100 %, 8255 MiB, 65.79 W
2026/10/05 22:02:48.086, 1, 100 %, 8251 MiB, 64.77 W
2026/10/05 22:03:18.101, 0, 100 %, 8255 MiB, 68.82 W
2026/10/05 22:03:18.109, 1, 100 %, 8251 MiB, 62.16 W
2026/10/05 22:03:48.121, 0, 100 %, 8255 MiB, 100.31 W
2026/10/05 22:03:48.127, 1, 99 %, 8251 MiB, 63.05 W
2026/10/05 22:04:18.136, 0, 99 %, 8255 MiB, 66.92 W
2026/10/05 22:04:18.144, 1, 100 %, 8251 MiB, 65.20 W
2026/10/05 22:04:48.153, 0, 100 %, 8255 MiB, 63.87 W
2026/10/05 22:04:48.157, 1, 100 %, 8251 MiB, 64.22 W
2026/10/05 22:05:18.169, 0, 99 %, 8255 MiB, 66.18 W
2026/10/05 22:05:18.174, 1, 99 %, 8251 MiB, 60.73 W
2026/10/05 22:05:48.182, 0, 99 %, 8255 MiB, 64.53 W
2026/10/05 22:05:48.196, 1, 99 %, 8251 MiB, 61.28 W
2026/10/05 22:06:18.204, 0, 99 %, 8255 MiB, 69.66 W
2026/10/05 22:06:18.213, 1, 99 %, 8251 MiB, 64.38 W
2026/10/05 22:06:48.221, 0, 97 %, 8255 MiB, 64.59 W
2026/10/05 22:06:48.226, 1, 98 %, 8251 MiB, 75.00 W
2026/10/05 22:07:18.241, 0, 100 %, 8255 MiB, 47.97 W
2026/10/05 22:07:18.250, 1, 100 %, 8251 MiB, 71.49 W
2026/10/05 22:07:48.262, 0, 99 %, 8255 MiB, 68.29 W
2026/10/05 22:07:48.266, 1, 100 %, 8251 MiB, 69.09 W
2026/10/05 22:08:18.273, 0, 99 %, 8255 MiB, 66.22 W
2026/10/05 22:08:18.281, 1, 99 %, 8251 MiB, 70.69 W
2026/10/05 22:08:48.290, 0, 100 %, 8255 MiB, 66.96 W
2026/10/05 22:08:48.302, 1, 100 %, 8251 MiB, 62.30 W
2026/10/05 22:09:18.315, 0, 97 %, 8255 MiB, 83.05 W
2026/10/05 22:09:18.321, 1, 98 %, 8251 MiB, 76.71 W
2026/10/05 22:09:48.337, 0, 100 %, 8255 MiB, 65.10 W
2026/10/05 22:09:48.341, 1, 100 %, 8251 MiB, 64.57 W
2026/10/05 22:10:18.348, 0, 97 %, 8255 MiB, 116.01 W
2026/10/05 22:10:18.355, 1, 99 %, 8251 MiB, 65.71 W
2026/10/05 22:10:48.363, 0, 99 %, 8255 MiB, 68.63 W
2026/10/05 22:10:48.368, 1, 99 %, 8251 MiB, 63.79 W
2026/10/05 22:11:18.378, 0, 100 %, 8255 MiB, 66.08 W
2026/10/05 22:11:18.385, 1, 100 %, 8251 MiB, 81.00 W
2026/10/05 22:11:48.399, 0, 97 %, 8255 MiB, 67.55 W
2026/10/05 22:11:48.408, 1, 96 %, 8251 MiB, 67.02 W
2026/10/05 22:12:18.416, 0, 100 %, 8255 MiB, 68.98 W
2026/10/05 22:12:18.420, 1, 100 %, 8251 MiB, 68.05 W
2026/10/05 22:12:48.434, 0, 99 %, 8255 MiB, 74.61 W
2026/10/05 22:12:48.438, 1, 99 %, 8251 MiB, 65.26 W
2026/10/05 22:13:18.447, 0, 100 %, 8255 MiB, 66.24 W
2026/10/05 22:13:18.452, 1, 100 %, 8251 MiB, 63.73 W
2026/10/05 22:13:48.461, 0, 100 %, 8255 MiB, 59.30 W
2026/10/05 22:13:48.473, 1, 100 %, 8251 MiB, 59.07 W
2026/10/05 22:14:18.488, 0, 100 %, 8255 MiB, 60.71 W
2026/10/05 22:14:18.492, 1, 100 %, 8251 MiB, 60.34 W
2026/10/05 22:14:48.500, 0, 100 %, 8255 MiB, 62.10 W
2026/10/05 22:14:48.515, 1, 100 %, 8251 MiB, 64.63 W
2026/10/05 22:15:18.522, 0, 97 %, 8255 MiB, 69.45 W
2026/10/05 22:15:18.526, 1, 99 %, 8251 MiB, 65.36 W
2026/10/05 22:15:48.534, 0, 99 %, 8255 MiB, 66.96 W
2026/10/05 22:15:48.541, 1, 99 %, 8251 MiB, 61.71 W
2026/10/05 22:16:18.549, 0, 99 %, 8255 MiB, 66.43 W
2026/10/05 22:16:18.554, 1, 97 %, 8251 MiB, 56.55 W
2026/10/05 22:16:48.561, 0, 98 %, 8255 MiB, 66.86 W
2026/10/05 22:16:48.569, 1, 99 %, 8251 MiB, 65.51 W
2026/10/05 22:17:18.577, 0, 99 %, 8255 MiB, 67.35 W
2026/10/05 22:17:18.582, 1, 99 %, 8251 MiB, 67.33 W
2026/10/05 22:17:48.590, 0, 97 %, 8255 MiB, 51.48 W
2026/10/05 22:17:48.594, 1, 98 %, 8251 MiB, 70.06 W
2026/10/05 22:18:18.602, 0, 99 %, 8255 MiB, 67.12 W
2026/10/05 22:18:18.612, 1, 99 %, 8251 MiB, 70.30 W
2026/10/05 22:18:48.620, 0, 100 %, 8255 MiB, 69.31 W
2026/10/05 22:18:48.625, 1, 100 %, 8251 MiB, 60.50 W
2026/10/05 22:19:18.633, 0, 97 %, 8255 MiB, 65.10 W
2026/10/05 22:19:18.639, 1, 97 %, 8251 MiB, 67.37 W
2026/10/05 22:19:48.646, 0, 98 %, 8255 MiB, 66.57 W
2026/10/05 22:19:48.658, 1, 97 %, 8251 MiB, 55.41 W
2026/10/05 22:20:18.670, 0, 99 %, 8255 MiB, 69.72 W
2026/10/05 22:20:18.679, 1, 97 %, 8251 MiB, 56.75 W
2026/10/05 22:20:48.687, 0, 97 %, 8255 MiB, 66.42 W
2026/10/05 22:20:48.696, 1, 97 %, 8251 MiB, 65.85 W
2026/10/05 22:21:18.705, 0, 97 %, 8255 MiB, 47.01 W
2026/10/05 22:21:18.710, 1, 98 %, 8251 MiB, 66.14 W
2026/10/05 22:21:48.718, 0, 97 %, 8255 MiB, 65.69 W
2026/10/05 22:21:48.722, 1, 98 %, 8251 MiB, 67.37 W
2026/10/05 22:22:18.740, 0, 100 %, 8255 MiB, 64.85 W
2026/10/05 22:22:18.750, 1, 100 %, 8251 MiB, 56.49 W
2026/10/05 22:22:48.758, 0, 99 %, 8255 MiB, 74.02 W
2026/10/05 22:22:48.762, 1, 100 %, 8251 MiB, 68.25 W
2026/10/05 22:23:18.771, 0, 100 %, 8255 MiB, 59.99 W
2026/10/05 22:23:18.775, 1, 100 %, 8251 MiB, 59.95 W
2026/10/05 22:23:48.784, 0, 100 %, 8255 MiB, 87.17 W
2026/10/05 22:23:48.790, 1, 100 %, 8251 MiB, 84.26 W
2026/10/05 22:24:18.799, 0, 98 %, 8255 MiB, 65.40 W
2026/10/05 22:24:18.805, 1, 99 %, 8251 MiB, 65.06 W
2026/10/05 22:24:48.814, 0, 99 %, 8255 MiB, 64.65 W
2026/10/05 22:24:48.818, 1, 97 %, 8251 MiB, 65.51 W
2026/10/05 22:25:18.828, 0, 99 %, 8255 MiB, 73.04 W
2026/10/05 22:25:18.832, 1, 98 %, 8251 MiB, 59.79 W
2026/10/05 22:25:48.841, 0, 100 %, 8255 MiB, 63.91 W
2026/10/05 22:25:48.845, 1, 100 %, 8251 MiB, 64.63 W
2026/10/05 22:26:18.853, 0, 97 %, 8255 MiB, 66.96 W
2026/10/05 22:26:18.860, 1, 98 %, 8251 MiB, 66.20 W
2026/10/05 22:26:48.868, 0, 98 %, 8255 MiB, 70.21 W
2026/10/05 22:26:48.880, 1, 98 %, 8251 MiB, 65.71 W
2026/10/05 22:27:18.889, 0, 100 %, 8255 MiB, 63.73 W
2026/10/05 22:27:18.898, 1, 100 %, 8251 MiB, 76.76 W
2026/10/05 22:27:48.906, 0, 99 %, 8255 MiB, 63.63 W
2026/10/05 22:27:48.910, 1, 99 %, 8251 MiB, 64.47 W
2026/10/05 22:28:18.918, 0, 99 %, 8255 MiB, 69.47 W
2026/10/05 22:28:18.922, 1, 99 %, 8251 MiB, 68.88 W
2026/10/05 22:28:48.931, 0, 99 %, 8255 MiB, 65.59 W
2026/10/05 22:28:48.936, 1, 99 %, 8251 MiB, 61.38 W
2026/10/05 22:29:18.951, 0, 97 %, 8255 MiB, 85.00 W
2026/10/05 22:29:18.956, 1, 98 %, 8251 MiB, 71.68 W
2026/10/05 22:29:48.966, 0, 100 %, 8255 MiB, 66.67 W
2026/10/05 22:29:48.970, 1, 100 %, 8251 MiB, 65.85 W
2026/10/05 22:30:18.977, 0, 99 %, 8255 MiB, 69.27 W
2026/10/05 22:30:18.982, 1, 99 %, 8251 MiB, 67.27 W
2026/10/05 22:30:48.990, 0, 97 %, 8255 MiB, 66.57 W
2026/10/05 22:30:48.995, 1, 98 %, 8251 MiB, 54.66 W
2026/10/05 22:31:19.007, 0, 97 %, 8255 MiB, 65.63 W
2026/10/05 22:31:19.012, 1, 97 %, 8251 MiB, 60.99 W
2026/10/05 22:31:49.019, 0, 98 %, 8255 MiB, 69.42 W
2026/10/05 22:31:49.030, 1, 98 %, 8251 MiB, 63.24 W
2026/10/05 22:32:19.037, 0, 97 %, 8255 MiB, 69.75 W
2026/10/05 22:32:19.046, 1, 99 %, 8251 MiB, 66.49 W
2026/10/05 22:32:49.055, 0, 97 %, 8255 MiB, 64.40 W
2026/10/05 22:32:49.059, 1, 96 %, 8251 MiB, 67.66 W
2026/10/05 22:33:19.066, 0, 97 %, 8255 MiB, 68.14 W
2026/10/05 22:33:19.075, 1, 95 %, 8251 MiB, 62.07 W
2026/10/05 22:33:49.084, 0, 100 %, 8255 MiB, 67.30 W
2026/10/05 22:33:49.094, 1, 100 %, 8251 MiB, 69.03 W
2026/10/05 22:34:19.102, 0, 95 %, 8255 MiB, 65.83 W
2026/10/05 22:34:19.107, 1, 100 %, 8251 MiB, 66.73 W
2026/10/05 22:34:49.115, 0, 100 %, 8255 MiB, 66.28 W
2026/10/05 22:34:49.120, 1, 98 %, 8251 MiB, 69.09 W
2026/10/05 22:35:19.128, 0, 100 %, 8255 MiB, 65.53 W
2026/10/05 22:35:19.136, 1, 100 %, 8251 MiB, 65.02 W
2026/10/05 22:35:49.144, 0, 99 %, 8255 MiB, 66.81 W
2026/10/05 22:35:49.149, 1, 100 %, 8251 MiB, 67.96 W
2026/10/05 22:36:19.157, 0, 100 %, 8255 MiB, 65.08 W
2026/10/05 22:36:19.171, 1, 100 %, 8251 MiB, 68.40 W
2026/10/05 22:36:49.182, 0, 100 %, 8255 MiB, 67.75 W
2026/10/05 22:36:49.186, 1, 100 %, 8251 MiB, 69.18 W
2026/10/05 22:37:19.199, 0, 100 %, 8255 MiB, 49.26 W
2026/10/05 22:37:19.206, 1, 100 %, 8251 MiB, 77.01 W
2026/10/05 22:37:49.221, 0, 100 %, 8255 MiB, 67.12 W
2026/10/05 22:37:49.232, 1, 100 %, 8251 MiB, 66.63 W
2026/10/05 22:38:19.241, 0, 100 %, 8255 MiB, 61.91 W
2026/10/05 22:38:19.246, 1, 100 %, 8251 MiB, 63.46 W
2026/10/05 22:38:49.255, 0, 100 %, 8255 MiB, 69.76 W
2026/10/05 22:38:49.264, 1, 100 %, 8251 MiB, 74.42 W
2026/10/05 22:39:19.278, 0, 99 %, 8255 MiB, 68.78 W
2026/10/05 22:39:19.283, 1, 99 %, 8251 MiB, 66.29 W
2026/10/05 22:39:49.292, 0, 97 %, 8255 MiB, 64.06 W
2026/10/05 22:39:49.300, 1, 100 %, 8251 MiB, 67.66 W
2026/10/05 22:40:19.309, 0, 97 %, 8255 MiB, 64.32 W
2026/10/05 22:40:19.314, 1, 100 %, 8251 MiB, 66.29 W
2026/10/05 22:40:49.323, 0, 98 %, 8255 MiB, 45.74 W
2026/10/05 22:40:49.328, 1, 99 %, 8251 MiB, 62.95 W
2026/10/05 22:41:19.342, 0, 96 %, 8255 MiB, 67.16 W
2026/10/05 22:41:19.346, 1, 99 %, 8251 MiB, 65.75 W
2026/10/05 22:41:49.360, 0, 100 %, 8255 MiB, 67.31 W
2026/10/05 22:41:49.365, 1, 100 %, 8251 MiB, 69.67 W
2026/10/05 22:42:19.372, 0, 100 %, 8255 MiB, 65.40 W
2026/10/05 22:42:19.377, 1, 100 %, 8251 MiB, 60.83 W
2026/10/05 22:42:49.389, 0, 95 %, 8255 MiB, 66.08 W
2026/10/05 22:42:49.400, 1, 96 %, 8251 MiB, 57.44 W
2026/10/05 22:43:19.409, 0, 100 %, 8255 MiB, 66.12 W
2026/10/05 22:43:19.413, 1, 99 %, 8251 MiB, 64.67 W
2026/10/05 22:43:49.420, 0, 100 %, 8255 MiB, 67.55 W
2026/10/05 22:43:49.429, 1, 100 %, 8251 MiB, 67.37 W
2026/10/05 22:44:19.437, 0, 100 %, 8255 MiB, 64.55 W
2026/10/05 22:44:19.448, 1, 100 %, 8251 MiB, 65.57 W
2026/10/05 22:44:49.456, 0, 97 %, 8255 MiB, 62.04 W
2026/10/05 22:44:49.460, 1, 99 %, 8251 MiB, 63.05 W
2026/10/05 22:45:19.468, 0, 100 %, 8255 MiB, 100.41 W
2026/10/05 22:45:19.473, 1, 100 %, 8251 MiB, 59.24 W
2026/10/05 22:45:49.482, 0, 100 %, 8255 MiB, 68.14 W
2026/10/05 22:45:49.487, 1, 98 %, 8251 MiB, 70.31 W
2026/10/05 22:46:19.495, 0, 97 %, 8255 MiB, 66.67 W
2026/10/05 22:46:19.507, 1, 100 %, 8251 MiB, 75.25 W
2026/10/05 22:46:49.515, 0, 99 %, 8255 MiB, 68.24 W
2026/10/05 22:46:49.520, 1, 98 %, 8251 MiB, 68.54 W
2026/10/05 22:47:19.527, 0, 100 %, 8255 MiB, 46.20 W
2026/10/05 22:47:19.534, 1, 99 %, 8251 MiB, 64.32 W
2026/10/05 22:47:49.549, 0, 100 %, 8255 MiB, 46.89 W
2026/10/05 22:47:49.554, 1, 100 %, 8251 MiB, 80.22 W
2026/10/05 22:48:19.562, 0, 98 %, 8255 MiB, 65.00 W
2026/10/05 22:48:19.566, 1, 98 %, 8251 MiB, 62.16 W
2026/10/05 22:48:49.575, 0, 97 %, 8255 MiB, 71.28 W
2026/10/05 22:48:49.579, 1, 96 %, 8251 MiB, 65.61 W
2026/10/05 22:49:19.589, 0, 98 %, 8255 MiB, 67.30 W
2026/10/05 22:49:19.593, 1, 96 %, 8251 MiB, 61.05 W
2026/10/05 22:49:49.601, 0, 98 %, 8255 MiB, 69.70 W
2026/10/05 22:49:49.606, 1, 98 %, 8251 MiB, 67.57 W
2026/10/05 22:50:19.614, 0, 99 %, 8255 MiB, 69.23 W
2026/10/05 22:50:19.618, 1, 98 %, 8251 MiB, 65.76 W
2026/10/05 22:50:49.627, 0, 100 %, 8255 MiB, 48.17 W
2026/10/05 22:50:49.635, 1, 100 %, 8251 MiB, 80.66 W
2026/10/05 22:51:19.646, 0, 99 %, 8255 MiB, 64.10 W
2026/10/05 22:51:19.651, 1, 99 %, 8251 MiB, 62.20 W
2026/10/05 22:51:49.659, 0, 100 %, 8255 MiB, 66.71 W
2026/10/05 22:51:49.665, 1, 100 %, 8251 MiB, 66.29 W
2026/10/05 22:52:19.674, 0, 100 %, 8255 MiB, 67.69 W
2026/10/05 22:52:19.682, 1, 100 %, 8251 MiB, 79.39 W
2026/10/05 22:52:49.698, 0, 99 %, 8255 MiB, 64.85 W
2026/10/05 22:52:49.702, 1, 100 %, 8251 MiB, 64.73 W
2026/10/05 22:53:19.715, 0, 100 %, 8255 MiB, 52.96 W
2026/10/05 22:53:19.726, 1, 98 %, 8251 MiB, 67.80 W
2026/10/05 22:53:49.735, 0, 100 %, 8255 MiB, 64.50 W
2026/10/05 22:53:49.744, 1, 100 %, 8251 MiB, 64.67 W
2026/10/05 22:54:19.754, 0, 97 %, 8255 MiB, 66.02 W
2026/10/05 22:54:19.763, 1, 97 %, 8251 MiB, 77.15 W
2026/10/05 22:54:49.771, 0, 100 %, 8255 MiB, 65.44 W
2026/10/05 22:54:49.780, 1, 100 %, 8251 MiB, 67.72 W
2026/10/05 22:55:19.792, 0, 96 %, 8255 MiB, 66.86 W
2026/10/05 22:55:19.804, 1, 98 %, 8251 MiB, 65.71 W
2026/10/05 22:55:49.812, 0, 99 %, 8255 MiB, 66.71 W
2026/10/05 22:55:49.822, 1, 99 %, 8251 MiB, 65.65 W
2026/10/05 22:56:19.832, 0, 100 %, 8255 MiB, 57.34 W
2026/10/05 22:56:19.844, 1, 100 %, 8251 MiB, 57.37 W
2026/10/05 22:56:49.852, 0, 98 %, 8255 MiB, 67.84 W
2026/10/05 22:56:49.865, 1, 99 %, 8251 MiB, 60.30 W
2026/10/05 22:57:19.877, 0, 99 %, 8255 MiB, 61.59 W
2026/10/05 22:57:19.882, 1, 97 %, 8251 MiB, 60.73 W
2026/10/05 22:57:49.892, 0, 100 %, 8255 MiB, 95.97 W
2026/10/05 22:57:49.897, 1, 100 %, 8251 MiB, 84.74 W
2026/10/05 22:58:19.905, 0, 100 %, 8255 MiB, 69.86 W
2026/10/05 22:58:19.913, 1, 99 %, 8251 MiB, 68.44 W
2026/10/05 22:58:49.921, 0, 99 %, 8255 MiB, 65.24 W
2026/10/05 22:58:49.926, 1, 100 %, 8251 MiB, 65.06 W
2026/10/05 22:59:19.938, 0, 100 %, 8255 MiB, 94.18 W
2026/10/05 22:59:19.946, 1, 98 %, 8251 MiB, 66.53 W
2026/10/05 22:59:49.955, 0, 100 %, 8255 MiB, 64.75 W
2026/10/05 22:59:49.959, 1, 100 %, 8251 MiB, 68.74 W
2026/10/05 23:00:19.974, 0, 100 %, 8255 MiB, 46.69 W
2026/10/05 23:00:19.978, 1, 100 %, 8251 MiB, 61.81 W
2026/10/05 23:00:49.990, 0, 99 %, 8255 MiB, 69.27 W
2026/10/05 23:00:49.995, 1, 97 %, 8251 MiB, 69.14 W
2026/10/05 23:01:20.003, 0, 100 %, 8255 MiB, 65.30 W
2026/10/05 23:01:20.011, 1, 99 %, 8251 MiB, 61.28 W
2026/10/05 23:01:50.028, 0, 97 %, 8255 MiB, 61.26 W
2026/10/05 23:01:50.033, 1, 97 %, 8251 MiB, 85.96 W
2026/10/05 23:02:20.041, 0, 100 %, 8255 MiB, 64.91 W
2026/10/05 23:02:20.045, 1, 100 %, 8251 MiB, 63.59 W
2026/10/05 23:02:50.056, 0, 99 %, 8255 MiB, 68.14 W
2026/10/05 23:02:50.060, 1, 99 %, 8251 MiB, 68.99 W
2026/10/05 23:03:20.067, 0, 99 %, 8255 MiB, 66.18 W
2026/10/05 23:03:20.076, 1, 99 %, 8251 MiB, 64.87 W
2026/10/05 23:03:50.085, 0, 100 %, 8255 MiB, 69.27 W
2026/10/05 23:03:50.091, 1, 100 %, 8251 MiB, 67.51 W
2026/10/05 23:04:20.099, 0, 100 %, 8255 MiB, 68.24 W
2026/10/05 23:04:20.103, 1, 99 %, 8251 MiB, 67.02 W
2026/10/05 23:04:50.117, 0, 100 %, 8255 MiB, 73.88 W
2026/10/05 23:04:50.121, 1, 98 %, 8251 MiB, 66.20 W
2026/10/05 23:05:20.131, 0, 99 %, 8255 MiB, 61.32 W
2026/10/05 23:05:20.135, 1, 100 %, 8251 MiB, 65.36 W
2026/10/05 23:05:50.143, 0, 99 %, 8255 MiB, 70.00 W
2026/10/05 23:05:50.147, 1, 99 %, 8251 MiB, 66.53 W
2026/10/05 23:06:20.156, 0, 99 %, 8255 MiB, 68.74 W
2026/10/05 23:06:20.162, 1, 99 %, 8251 MiB, 66.00 W
2026/10/05 23:06:50.170, 0, 100 %, 8255 MiB, 64.95 W
2026/10/05 23:06:50.178, 1, 100 %, 8251 MiB, 65.16 W
2026/10/05 23:07:20.187, 0, 99 %, 8255 MiB, 68.84 W
2026/10/05 23:07:20.191, 1, 98 %, 8251 MiB, 62.85 W
2026/10/05 23:07:50.200, 0, 99 %, 8255 MiB, 64.79 W
2026/10/05 23:07:50.204, 1, 99 %, 8251 MiB, 65.61 W
2026/10/05 23:08:20.212, 0, 99 %, 8255 MiB, 70.68 W
2026/10/05 23:08:20.216, 1, 100 %, 8251 MiB, 67.02 W
2026/10/05 23:08:50.223, 0, 99 %, 8255 MiB, 65.94 W
2026/10/05 23:08:50.227, 1, 100 %, 8251 MiB, 67.21 W
2026/10/05 23:09:20.238, 0, 99 %, 8255 MiB, 61.16 W
2026/10/05 23:09:20.247, 1, 99 %, 8251 MiB, 63.89 W
2026/10/05 23:09:50.260, 0, 100 %, 8255 MiB, 61.65 W
2026/10/05 23:09:50.264, 1, 100 %, 8251 MiB, 62.01 W
2026/10/05 23:10:20.273, 0, 97 %, 8255 MiB, 68.24 W
2026/10/05 23:10:20.277, 1, 97 %, 8251 MiB, 60.50 W
2026/10/05 23:10:50.287, 0, 99 %, 8255 MiB, 71.67 W
2026/10/05 23:10:50.291, 1, 97 %, 8251 MiB, 61.38 W
2026/10/05 23:11:20.299, 0, 100 %, 8255 MiB, 65.79 W
2026/10/05 23:11:20.302, 1, 97 %, 8251 MiB, 64.91 W
2026/10/05 23:11:50.315, 0, 100 %, 8255 MiB, 66.96 W
2026/10/05 23:11:50.320, 1, 100 %, 8251 MiB, 67.96 W
2026/10/05 23:12:20.327, 0, 99 %, 8255 MiB, 62.59 W
2026/10/05 23:12:20.333, 1, 100 %, 8251 MiB, 66.25 W
2026/10/05 23:12:50.340, 0, 97 %, 8255 MiB, 66.51 W
2026/10/05 23:12:50.345, 1, 98 %, 8251 MiB, 66.68 W
2026/10/05 23:13:20.354, 0, 100 %, 8255 MiB, 51.22 W
2026/10/05 23:13:20.359, 1, 100 %, 8251 MiB, 61.38 W
2026/10/05 23:13:50.373, 0, 97 %, 8255 MiB, 71.08 W
2026/10/05 23:13:50.378, 1, 98 %, 8251 MiB, 59.75 W
2026/10/05 23:14:20.386, 0, 99 %, 8255 MiB, 62.73 W
2026/10/05 23:14:20.391, 1, 99 %, 8251 MiB, 64.24 W
2026/10/05 23:14:50.404, 0, 97 %, 8255 MiB, 68.04 W
2026/10/05 23:14:50.411, 1, 99 %, 8251 MiB, 65.85 W
2026/10/05 23:15:20.423, 0, 100 %, 8255 MiB, 61.75 W
2026/10/05 23:15:20.427, 1, 100 %, 8251 MiB, 64.22 W
2026/10/05 23:15:50.436, 0, 97 %, 8255 MiB, 78.76 W
2026/10/05 23:15:50.445, 1, 100 %, 8251 MiB, 64.81 W
2026/10/05 23:16:20.460, 0, 99 %, 8255 MiB, 63.18 W
2026/10/05 23:16:20.472, 1, 99 %, 8251 MiB, 62.46 W
2026/10/05 23:16:50.481, 0, 100 %, 8255 MiB, 65.73 W
2026/10/05 23:16:50.485, 1, 100 %, 8251 MiB, 64.67 W
2026/10/05 23:17:20.499, 0, 100 %, 8255 MiB, 45.24 W
2026/10/05 23:17:20.510, 1, 100 %, 8251 MiB, 66.33 W
2026/10/05 23:17:50.518, 0, 98 %, 8255 MiB, 69.55 W
2026/10/05 23:17:50.522, 1, 100 %, 8251 MiB, 67.47 W
2026/10/05 23:18:20.530, 0, 99 %, 8255 MiB, 66.32 W
2026/10/05 23:18:20.534, 1, 100 %, 8251 MiB, 69.27 W
2026/10/05 23:18:50.542, 0, 100 %, 8255 MiB, 43.08 W
2026/10/05 23:18:50.549, 1, 100 %, 8251 MiB, 66.78 W
2026/10/05 23:19:20.557, 0, 99 %, 8255 MiB, 70.19 W
2026/10/05 23:19:20.562, 1, 99 %, 8251 MiB, 67.86 W
2026/10/05 23:19:50.573, 0, 99 %, 8255 MiB, 70.15 W
2026/10/05 23:19:50.577, 1, 97 %, 8251 MiB, 67.96 W
2026/10/05 23:20:20.592, 0, 100 %, 8255 MiB, 75.39 W
2026/10/05 23:20:20.597, 1, 100 %, 8251 MiB, 55.25 W
2026/10/05 23:20:50.606, 0, 100 %, 8255 MiB, 61.55 W
2026/10/05 23:20:50.610, 1, 100 %, 8251 MiB, 67.86 W
2026/10/05 23:21:20.617, 0, 100 %, 8255 MiB, 61.65 W
2026/10/05 23:21:20.622, 1, 100 %, 8251 MiB, 64.87 W
2026/10/05 23:21:50.629, 0, 100 %, 8255 MiB, 59.83 W
2026/10/05 23:21:50.635, 1, 100 %, 8251 MiB, 60.08 W
2026/10/05 23:22:20.644, 0, 100 %, 8255 MiB, 46.42 W
2026/10/05 23:22:20.648, 1, 100 %, 8251 MiB, 66.92 W
2026/10/05 23:22:50.656, 0, 99 %, 8255 MiB, 61.65 W
2026/10/05 23:22:50.663, 1, 98 %, 8251 MiB, 68.24 W
2026/10/05 23:23:20.676, 0, 97 %, 8255 MiB, 61.92 W
2026/10/05 23:23:20.688, 1, 97 %, 8251 MiB, 66.33 W
2026/10/05 23:23:50.696, 0, 99 %, 8255 MiB, 68.39 W
2026/10/05 23:23:50.701, 1, 99 %, 8251 MiB, 67.06 W
2026/10/05 23:24:20.709, 0, 100 %, 8255 MiB, 67.94 W
2026/10/05 23:24:20.714, 1, 98 %, 8251 MiB, 65.81 W
2026/10/05 23:24:50.725, 0, 98 %, 8255 MiB, 69.51 W
2026/10/05 23:24:50.730, 1, 98 %, 8251 MiB, 64.42 W
2026/10/05 23:25:20.745, 0, 100 %, 8255 MiB, 74.36 W
2026/10/05 23:25:20.754, 1, 96 %, 8251 MiB, 65.61 W
2026/10/05 23:25:50.763, 0, 100 %, 8255 MiB, 70.04 W
2026/10/05 23:25:50.779, 1, 100 %, 8251 MiB, 64.47 W
2026/10/05 23:26:20.787, 0, 99 %, 8255 MiB, 67.31 W
2026/10/05 23:26:20.791, 1, 98 %, 8251 MiB, 65.06 W
2026/10/05 23:26:50.800, 0, 99 %, 8255 MiB, 68.47 W
2026/10/05 23:26:50.804, 1, 99 %, 8251 MiB, 65.02 W
2026/10/05 23:27:20.812, 0, 99 %, 8255 MiB, 67.90 W
2026/10/05 23:27:20.816, 1, 99 %, 8251 MiB, 68.44 W
2026/10/05 23:27:50.824, 0, 100 %, 8255 MiB, 68.25 W
2026/10/05 23:27:50.829, 1, 100 %, 8251 MiB, 66.24 W
2026/10/05 23:28:20.841, 0, 100 %, 8255 MiB, 67.00 W
2026/10/05 23:28:20.845, 1, 100 %, 8251 MiB, 65.28 W
2026/10/05 23:28:50.853, 0, 100 %, 8255 MiB, 67.55 W
2026/10/05 23:28:50.857, 1, 100 %, 8251 MiB, 63.69 W
2026/10/05 23:29:20.865, 0, 100 %, 8255 MiB, 68.14 W
2026/10/05 23:29:20.879, 1, 99 %, 8251 MiB, 66.92 W
2026/10/05 23:29:50.887, 0, 100 %, 8255 MiB, 87.17 W
2026/10/05 23:29:50.900, 1, 100 %, 8251 MiB, 67.66 W
2026/10/05 23:30:20.908, 0, 100 %, 8255 MiB, 92.00 W
2026/10/05 23:30:20.918, 1, 99 %, 8251 MiB, 79.98 W
2026/10/05 23:30:50.926, 0, 100 %, 8255 MiB, 67.94 W
2026/10/05 23:30:50.931, 1, 100 %, 8251 MiB, 60.89 W
2026/10/05 23:31:20.939, 0, 100 %, 8255 MiB, 69.21 W
2026/10/05 23:31:20.947, 1, 100 %, 8251 MiB, 67.47 W
2026/10/05 23:31:50.963, 0, 100 %, 8255 MiB, 67.00 W
2026/10/05 23:31:50.967, 1, 100 %, 8251 MiB, 62.95 W
2026/10/05 23:32:20.981, 0, 99 %, 8255 MiB, 66.02 W
2026/10/05 23:32:20.985, 1, 100 %, 8251 MiB, 63.79 W
2026/10/05 23:32:50.993, 0, 99 %, 8255 MiB, 65.73 W
2026/10/05 23:32:51.002, 1, 99 %, 8251 MiB, 68.39 W
2026/10/05 23:33:21.010, 0, 97 %, 8255 MiB, 72.41 W
2026/10/05 23:33:21.017, 1, 98 %, 8251 MiB, 65.45 W
2026/10/05 23:33:51.026, 0, 100 %, 8255 MiB, 64.36 W
2026/10/05 23:33:51.031, 1, 100 %, 8251 MiB, 65.12 W
2026/10/05 23:34:21.039, 0, 95 %, 8255 MiB, 69.37 W
2026/10/05 23:34:21.046, 1, 96 %, 8251 MiB, 66.04 W
2026/10/05 23:34:51.054, 0, 100 %, 8255 MiB, 43.40 W
2026/10/05 23:34:51.067, 1, 100 %, 8251 MiB, 62.99 W
2026/10/05 23:35:21.081, 0, 97 %, 8255 MiB, 66.18 W
2026/10/05 23:35:21.091, 1, 99 %, 8251 MiB, 65.36 W
2026/10/05 23:35:51.099, 0, 97 %, 8255 MiB, 66.81 W
2026/10/05 23:35:51.107, 1, 98 %, 8251 MiB, 63.34 W
2026/10/05 23:36:21.120, 0, 100 %, 8255 MiB, 69.21 W
2026/10/05 23:36:21.125, 1, 100 %, 8251 MiB, 69.03 W
2026/10/05 23:36:51.132, 0, 99 %, 8255 MiB, 68.00 W
2026/10/05 23:36:51.140, 1, 95 %, 8251 MiB, 63.63 W
2026/10/05 23:37:21.149, 0, 100 %, 8255 MiB, 59.43 W
2026/10/05 23:37:21.153, 1, 100 %, 8251 MiB, 64.18 W
2026/10/05 23:37:51.160, 0, 100 %, 8255 MiB, 46.79 W
2026/10/05 23:37:51.165, 1, 100 %, 8251 MiB, 70.36 W
2026/10/05 23:38:21.178, 0, 100 %, 8255 MiB, 68.77 W
2026/10/05 23:38:21.183, 1, 100 %, 8251 MiB, 61.93 W
2026/10/05 23:38:51.191, 0, 97 %, 8255 MiB, 72.36 W
2026/10/05 23:38:51.196, 1, 99 %, 8251 MiB, 64.87 W
2026/10/05 23:39:21.204, 0, 100 %, 8255 MiB, 69.96 W
2026/10/05 23:39:21.208, 1, 100 %, 8251 MiB, 67.12 W
2026/10/05 23:39:51.216, 0, 97 %, 8255 MiB, 68.44 W
2026/10/05 23:39:51.220, 1, 99 %, 8251 MiB, 65.36 W
2026/10/05 23:40:21.228, 0, 96 %, 8255 MiB, 67.35 W
2026/10/05 23:40:21.238, 1, 98 %, 8251 MiB, 57.73 W
2026/10/05 23:40:51.246, 0, 100 %, 8255 MiB, 67.94 W
2026/10/05 23:40:51.250, 1, 99 %, 8251 MiB, 65.94 W
2026/10/05 23:41:21.259, 0, 97 %, 8255 MiB, 65.53 W
2026/10/05 23:41:21.263, 1, 100 %, 8251 MiB, 65.75 W
2026/10/05 23:41:51.271, 0, 99 %, 8255 MiB, 67.84 W
2026/10/05 23:41:51.276, 1, 100 %, 8251 MiB, 62.71 W
2026/10/05 23:42:21.286, 0, 97 %, 8255 MiB, 66.67 W
2026/10/05 23:42:21.290, 1, 99 %, 8251 MiB, 63.73 W
2026/10/05 23:42:51.298, 0, 97 %, 8255 MiB, 65.98 W
2026/10/05 23:42:51.303, 1, 96 %, 8251 MiB, 65.94 W
2026/10/05 23:43:21.310, 0, 100 %, 8255 MiB, 86.46 W
2026/10/05 23:43:21.321, 1, 100 %, 8251 MiB, 60.63 W
2026/10/05 23:43:51.331, 0, 100 %, 8255 MiB, 63.87 W
2026/10/05 23:43:51.341, 1, 100 %, 8251 MiB, 68.68 W
2026/10/05 23:44:21.355, 0, 97 %, 8255 MiB, 42.31 W
2026/10/05 23:44:21.361, 1, 98 %, 8251 MiB, 72.12 W
2026/10/05 23:44:51.369, 0, 99 %, 8255 MiB, 62.83 W
2026/10/05 23:44:51.374, 1, 99 %, 8251 MiB, 61.52 W
2026/10/05 23:45:21.382, 0, 99 %, 8255 MiB, 63.18 W
2026/10/05 23:45:21.390, 1, 99 %, 8251 MiB, 61.32 W
2026/10/05 23:45:51.399, 0, 99 %, 8255 MiB, 65.24 W
2026/10/05 23:45:51.407, 1, 98 %, 8251 MiB, 72.17 W
2026/10/05 23:46:21.415, 0, 100 %, 8255 MiB, 76.17 W
2026/10/05 23:46:21.423, 1, 100 %, 8251 MiB, 77.59 W
2026/10/05 23:46:51.437, 0, 99 %, 8255 MiB, 65.20 W
2026/10/05 23:46:51.448, 1, 100 %, 8251 MiB, 61.22 W
2026/10/05 23:47:21.459, 0, 98 %, 8255 MiB, 65.89 W
2026/10/05 23:47:21.464, 1, 99 %, 8251 MiB, 63.44 W
2026/10/05 23:47:51.471, 0, 98 %, 8255 MiB, 50.40 W
2026/10/05 23:47:51.476, 1, 100 %, 8251 MiB, 76.17 W
2026/10/05 23:48:21.484, 0, 97 %, 8255 MiB, 49.32 W
2026/10/05 23:48:21.489, 1, 100 %, 8251 MiB, 77.44 W
2026/10/05 23:48:51.496, 0, 100 %, 8255 MiB, 67.10 W
2026/10/05 23:48:51.500, 1, 100 %, 8251 MiB, 64.32 W
2026/10/05 23:49:21.507, 0, 100 %, 8255 MiB, 63.51 W
2026/10/05 23:49:21.512, 1, 99 %, 8251 MiB, 66.73 W
2026/10/05 23:49:51.520, 0, 99 %, 8255 MiB, 61.75 W
2026/10/05 23:49:51.525, 1, 99 %, 8251 MiB, 65.49 W
2026/10/05 23:50:21.533, 0, 97 %, 8255 MiB, 67.55 W
2026/10/05 23:50:21.540, 1, 97 %, 8251 MiB, 60.54 W
2026/10/05 23:50:51.548, 0, 99 %, 8255 MiB, 65.14 W
2026/10/05 23:50:51.554, 1, 100 %, 8251 MiB, 66.29 W
2026/10/05 23:51:21.565, 0, 97 %, 8255 MiB, 62.83 W
2026/10/05 23:51:21.570, 1, 99 %, 8251 MiB, 66.88 W
2026/10/05 23:51:51.578, 0, 99 %, 8255 MiB, 66.61 W
2026/10/05 23:51:51.586, 1, 99 %, 8251 MiB, 65.36 W
2026/10/05 23:52:21.594, 0, 97 %, 8255 MiB, 71.13 W
2026/10/05 23:52:21.600, 1, 98 %, 8251 MiB, 65.55 W
2026/10/05 23:52:51.614, 0, 100 %, 8255 MiB, 68.72 W
2026/10/05 23:52:51.622, 1, 100 %, 8251 MiB, 63.44 W
2026/10/05 23:53:21.630, 0, 97 %, 8255 MiB, 65.38 W
2026/10/05 23:53:21.635, 1, 98 %, 8251 MiB, 74.81 W
2026/10/05 23:53:51.643, 0, 97 %, 8255 MiB, 64.59 W
2026/10/05 23:53:51.647, 1, 96 %, 8251 MiB, 57.63 W
2026/10/05 23:54:21.660, 0, 97 %, 8255 MiB, 43.60 W
2026/10/05 23:54:21.664, 1, 98 %, 8251 MiB, 56.95 W
2026/10/05 23:54:51.673, 0, 100 %, 8255 MiB, 67.26 W
2026/10/05 23:54:51.677, 1, 100 %, 8251 MiB, 70.85 W
2026/10/05 23:55:21.692, 0, 100 %, 8255 MiB, 64.24 W
2026/10/05 23:55:21.705, 1, 100 %, 8251 MiB, 69.96 W
2026/10/05 23:55:51.712, 0, 99 %, 8255 MiB, 70.19 W
2026/10/05 23:55:51.723, 1, 97 %, 8251 MiB, 68.25 W
2026/10/05 23:56:21.731, 0, 97 %, 8255 MiB, 68.14 W
2026/10/05 23:56:21.736, 1, 99 %, 8251 MiB, 67.51 W
2026/10/05 23:56:51.744, 0, 98 %, 8255 MiB, 68.67 W
2026/10/05 23:56:51.748, 1, 99 %, 8251 MiB, 68.64 W
2026/10/05 23:57:21.756, 0, 100 %, 8255 MiB, 48.18 W
2026/10/05 23:57:21.770, 1, 100 %, 8251 MiB, 60.79 W
2026/10/05 23:57:51.781, 0, 100 %, 8255 MiB, 69.47 W
2026/10/05 23:57:51.789, 1, 100 %, 8251 MiB, 65.98 W
2026/10/05 23:58:21.798, 0, 97 %, 8255 MiB, 64.89 W
2026/10/05 23:58:21.803, 1, 97 %, 8251 MiB, 61.67 W
2026/10/05 23:58:51.819, 0, 100 %, 8255 MiB, 78.27 W
2026/10/05 23:58:51.824, 1, 97 %, 8251 MiB, 66.63 W
2026/10/05 23:59:21.831, 0, 99 %, 8255 MiB, 63.38 W
2026/10/05 23:59:21.837, 1, 100 %, 8251 MiB, 62.07 W
2026/10/05 23:59:51.847, 0, 99 %, 8255 MiB, 70.36 W
2026/10/05 23:59:51.858, 1, 100 %, 8251 MiB, 65.90 W
2026/10/06 00:00:21.865, 0, 100 %, 8255 MiB, 65.28 W
2026/10/06 00:00:21.870, 1, 100 %, 8251 MiB, 66.24 W
2026/10/06 00:00:51.878, 0, 100 %, 8255 MiB, 63.22 W
2026/10/06 00:00:51.882, 1, 99 %, 8251 MiB, 67.52 W
2026/10/06 00:01:21.893, 0, 96 %, 8255 MiB, 45.15 W
2026/10/06 00:01:21.898, 1, 97 %, 8251 MiB, 57.34 W
2026/10/06 00:01:51.909, 0, 100 %, 8255 MiB, 65.44 W
2026/10/06 00:01:51.917, 1, 100 %, 8251 MiB, 64.22 W
2026/10/06 00:02:21.926, 0, 99 %, 8255 MiB, 63.42 W
2026/10/06 00:02:21.933, 1, 99 %, 8251 MiB, 69.76 W
2026/10/06 00:02:51.942, 0, 100 %, 8255 MiB, 68.18 W
2026/10/06 00:02:51.949, 1, 100 %, 8251 MiB, 66.04 W
2026/10/06 00:03:21.957, 0, 100 %, 8255 MiB, 50.04 W
2026/10/06 00:03:21.962, 1, 100 %, 8251 MiB, 59.30 W
2026/10/06 00:03:51.971, 0, 97 %, 8255 MiB, 70.25 W
2026/10/06 00:03:51.975, 1, 98 %, 8251 MiB, 67.17 W
2026/10/06 00:04:21.983, 0, 100 %, 8255 MiB, 64.75 W
2026/10/06 00:04:21.987, 1, 99 %, 8251 MiB, 66.33 W
2026/10/06 00:04:51.996, 0, 97 %, 8255 MiB, 65.73 W
2026/10/06 00:04:52.001, 1, 100 %, 8251 MiB, 71.33 W
2026/10/06 00:05:22.009, 0, 96 %, 8255 MiB, 71.66 W
2026/10/06 00:05:22.014, 1, 100 %, 8251 MiB, 75.35 W
2026/10/06 00:05:52.023, 0, 97 %, 8255 MiB, 65.63 W
2026/10/06 00:05:52.027, 1, 98 %, 8251 MiB, 66.33 W
2026/10/06 00:06:22.035, 0, 99 %, 8255 MiB, 66.38 W
2026/10/06 00:06:22.044, 1, 100 %, 8251 MiB, 63.20 W
2026/10/06 00:06:52.057, 0, 100 %, 8255 MiB, 66.32 W
2026/10/06 00:06:52.065, 1, 100 %, 8251 MiB, 61.19 W
2026/10/06 00:07:22.077, 0, 100 %, 8255 MiB, 71.37 W
2026/10/06 00:07:22.084, 1, 100 %, 8251 MiB, 61.67 W
2026/10/06 00:07:52.093, 0, 100 %, 8255 MiB, 66.51 W
2026/10/06 00:07:52.097, 1, 100 %, 8251 MiB, 64.47 W
2026/10/06 00:08:22.106, 0, 99 %, 8255 MiB, 51.97 W
2026/10/06 00:08:22.111, 1, 98 %, 8251 MiB, 67.97 W
2026/10/06 00:08:52.120, 0, 99 %, 8255 MiB, 67.79 W
2026/10/06 00:08:52.125, 1, 99 %, 8251 MiB, 68.19 W
2026/10/06 00:09:22.136, 0, 97 %, 8255 MiB, 73.09 W
2026/10/06 00:09:22.140, 1, 98 %, 8251 MiB, 66.24 W
2026/10/06 00:09:52.150, 0, 96 %, 8255 MiB, 65.48 W
2026/10/06 00:09:52.154, 1, 96 %, 8251 MiB, 70.75 W
2026/10/06 00:10:22.167, 0, 100 %, 8255 MiB, 78.37 W
2026/10/06 00:10:22.171, 1, 100 %, 8251 MiB, 72.27 W
2026/10/06 00:10:52.179, 0, 100 %, 8255 MiB, 68.39 W
2026/10/06 00:10:52.185, 1, 100 %, 8251 MiB, 66.77 W
2026/10/06 00:11:22.192, 0, 100 %, 8255 MiB, 69.80 W
2026/10/06 00:11:22.196, 1, 100 %, 8251 MiB, 61.32 W
2026/10/06 00:11:52.203, 0, 96 %, 8255 MiB, 66.08 W
2026/10/06 00:11:52.215, 1, 97 %, 8251 MiB, 65.40 W
2026/10/06 00:12:22.232, 0, 97 %, 8255 MiB, 70.15 W
2026/10/06 00:12:22.236, 1, 98 %, 8251 MiB, 60.83 W
2026/10/06 00:12:52.246, 0, 97 %, 8255 MiB, 105.03 W
2026/10/06 00:12:52.251, 1, 100 %, 8251 MiB, 59.72 W
2026/10/06 00:13:22.259, 0, 100 %, 8255 MiB, 65.04 W
2026/10/06 00:13:22.263, 1, 99 %, 8251 MiB, 67.37 W
2026/10/06 00:13:52.271, 0, 100 %, 8255 MiB, 60.81 W
2026/10/06 00:13:52.275, 1, 100 %, 8251 MiB, 70.85 W
2026/10/06 00:14:22.283, 0, 99 %, 8255 MiB, 65.75 W
2026/10/06 00:14:22.287, 1, 96 %, 8251 MiB, 69.38 W
2026/10/06 00:14:52.301, 0, 99 %, 8255 MiB, 90.19 W
2026/10/06 00:14:52.306, 1, 100 %, 8251 MiB, 72.66 W
2026/10/06 00:15:22.315, 0, 100 %, 8255 MiB, 111.75 W
2026/10/06 00:15:22.324, 1, 98 %, 8251 MiB, 74.13 W
2026/10/06 00:15:52.341, 0, 100 %, 8255 MiB, 78.76 W
2026/10/06 00:15:52.346, 1, 98 %, 8251 MiB, 77.15 W
2026/10/06 00:16:22.355, 0, 97 %, 8255 MiB, 70.54 W
2026/10/06 00:16:22.359, 1, 97 %, 8251 MiB, 57.99 W
2026/10/06 00:16:52.368, 0, 100 %, 8255 MiB, 68.63 W
2026/10/06 00:16:52.377, 1, 100 %, 8251 MiB, 51.65 W
2026/10/06 00:17:22.385, 0, 100 %, 8255 MiB, 65.93 W
2026/10/06 00:17:22.396, 1, 99 %, 8251 MiB, 67.13 W
2026/10/06 00:17:52.409, 0, 100 %, 8255 MiB, 65.20 W
2026/10/06 00:17:52.414, 1, 100 %, 8251 MiB, 67.47 W
2026/10/06 00:18:22.421, 0, 97 %, 8255 MiB, 65.53 W
2026/10/06 00:18:22.427, 1, 98 %, 8251 MiB, 66.53 W
2026/10/06 00:18:52.436, 0, 100 %, 8255 MiB, 65.34 W
2026/10/06 00:18:52.441, 1, 100 %, 8251 MiB, 62.75 W
2026/10/06 00:19:22.449, 0, 97 %, 8255 MiB, 66.38 W
2026/10/06 00:19:22.453, 1, 97 %, 8251 MiB, 60.79 W
2026/10/06 00:19:52.462, 0, 97 %, 8255 MiB, 65.59 W
2026/10/06 00:19:52.466, 1, 99 %, 8251 MiB, 62.81 W
2026/10/06 00:20:22.475, 0, 97 %, 8255 MiB, 57.41 W
2026/10/06 00:20:22.480, 1, 97 %, 8251 MiB, 66.63 W
2026/10/06 00:20:52.494, 0, 99 %, 8255 MiB, 67.20 W
2026/10/06 00:20:52.498, 1, 100 %, 8251 MiB, 65.90 W
2026/10/06 00:21:22.507, 0, 100 %, 8255 MiB, 66.77 W
2026/10/06 00:21:22.514, 1, 100 %, 8251 MiB, 62.13 W
2026/10/06 00:21:52.522, 0, 100 %, 8255 MiB, 64.85 W
2026/10/06 00:21:52.526, 1, 100 %, 8251 MiB, 64.51 W
2026/10/06 00:22:22.534, 0, 99 %, 8255 MiB, 61.79 W
2026/10/06 00:22:22.539, 1, 99 %, 8251 MiB, 56.26 W
2026/10/06 00:22:52.546, 0, 97 %, 8255 MiB, 65.49 W
2026/10/06 00:22:52.554, 1, 97 %, 8251 MiB, 66.49 W
2026/10/06 00:23:22.563, 0, 98 %, 8255 MiB, 99.89 W
2026/10/06 00:23:22.567, 1, 98 %, 8251 MiB, 66.24 W
2026/10/06 00:23:52.578, 0, 100 %, 8255 MiB, 66.86 W
2026/10/06 00:23:52.582, 1, 100 %, 8251 MiB, 65.16 W
2026/10/06 00:24:22.590, 0, 99 %, 8255 MiB, 71.32 W
2026/10/06 00:24:22.595, 1, 99 %, 8251 MiB, 62.07 W
2026/10/06 00:24:52.603, 0, 100 %, 8255 MiB, 93.89 W
2026/10/06 00:24:52.614, 1, 97 %, 8251 MiB, 62.65 W
2026/10/06 00:25:22.622, 0, 100 %, 8255 MiB, 105.26 W
2026/10/06 00:25:22.627, 1, 98 %, 8251 MiB, 67.86 W
2026/10/06 00:25:52.636, 0, 99 %, 8255 MiB, 65.59 W
2026/10/06 00:25:52.644, 1, 97 %, 8251 MiB, 67.16 W
2026/10/06 00:26:22.653, 0, 100 %, 8255 MiB, 66.61 W
2026/10/06 00:26:22.657, 1, 100 %, 8251 MiB, 64.91 W
2026/10/06 00:26:52.665, 0, 100 %, 8255 MiB, 67.20 W
2026/10/06 00:26:52.671, 1, 99 %, 8251 MiB, 63.63 W
2026/10/06 00:27:22.680, 0, 100 %, 8255 MiB, 55.28 W
2026/10/06 00:27:22.684, 1, 98 %, 8251 MiB, 61.87 W
2026/10/06 00:27:52.692, 0, 100 %, 8255 MiB, 69.47 W
2026/10/06 00:27:52.699, 1, 100 %, 8251 MiB, 64.73 W
2026/10/06 00:28:22.708, 0, 100 %, 8255 MiB, 62.73 W
2026/10/06 00:28:22.713, 1, 100 %, 8251 MiB, 61.12 W
2026/10/06 00:28:52.720, 0, 99 %, 8255 MiB, 67.79 W
2026/10/06 00:28:52.725, 1, 99 %, 8251 MiB, 67.35 W
2026/10/06 00:29:22.733, 0, 99 %, 8255 MiB, 62.20 W
2026/10/06 00:29:22.741, 1, 99 %, 8251 MiB, 54.95 W
2026/10/06 00:29:52.754, 0, 99 %, 8255 MiB, 67.41 W
2026/10/06 00:29:52.761, 1, 99 %, 8251 MiB, 68.35 W
2026/10/06 00:30:22.769, 0, 100 %, 8255 MiB, 63.12 W
2026/10/06 00:30:22.775, 1, 100 %, 8251 MiB, 78.32 W
2026/10/06 00:30:52.782, 0, 98 %, 8255 MiB, 66.38 W
2026/10/06 00:30:52.789, 1, 99 %, 8251 MiB, 63.53 W
2026/10/06 00:31:22.797, 0, 100 %, 8255 MiB, 66.47 W
2026/10/06 00:31:22.806, 1, 100 %, 8251 MiB, 66.98 W
2026/10/06 00:31:52.818, 0, 99 %, 8255 MiB, 65.83 W
2026/10/06 00:31:52.825, 1, 99 %, 8251 MiB, 66.00 W
2026/10/06 00:32:22.833, 0, 97 %, 8255 MiB, 71.77 W
2026/10/06 00:32:22.840, 1, 97 %, 8251 MiB, 64.03 W
2026/10/06 00:32:52.851, 0, 97 %, 8255 MiB, 66.96 W
2026/10/06 00:32:52.856, 1, 97 %, 8251 MiB, 66.14 W
2026/10/06 00:33:22.865, 0, 100 %, 8255 MiB, 67.12 W
2026/10/06 00:33:22.870, 1, 100 %, 8251 MiB, 66.00 W
2026/10/06 00:33:52.879, 0, 97 %, 8255 MiB, 71.03 W
2026/10/06 00:33:52.883, 1, 97 %, 8251 MiB, 66.98 W
2026/10/06 00:34:22.895, 0, 97 %, 8255 MiB, 48.46 W
2026/10/06 00:34:22.904, 1, 97 %, 8251 MiB, 54.46 W
2026/10/06 00:34:52.914, 0, 99 %, 8255 MiB, 62.73 W
2026/10/06 00:34:52.924, 1, 99 %, 8251 MiB, 64.03 W
2026/10/06 00:35:22.935, 0, 100 %, 8255 MiB, 67.98 W
2026/10/06 00:35:22.940, 1, 100 %, 8251 MiB, 60.63 W
2026/10/06 00:35:52.948, 0, 100 %, 8255 MiB, 70.21 W
2026/10/06 00:35:52.955, 1, 99 %, 8251 MiB, 67.08 W
2026/10/06 00:36:22.967, 0, 99 %, 8255 MiB, 64.46 W
2026/10/06 00:36:22.971, 1, 100 %, 8251 MiB, 66.00 W
2026/10/06 00:36:52.978, 0, 96 %, 8255 MiB, 66.91 W
2026/10/06 00:36:52.988, 1, 98 %, 8251 MiB, 62.85 W
2026/10/06 00:37:22.996, 0, 100 %, 8255 MiB, 64.75 W
2026/10/06 00:37:23.000, 1, 100 %, 8251 MiB, 65.16 W
2026/10/06 00:37:53.010, 0, 100 %, 8255 MiB, 64.50 W
2026/10/06 00:37:53.021, 1, 100 %, 8251 MiB, 62.10 W
2026/10/06 00:38:23.031, 0, 100 %, 8255 MiB, 67.75 W
2026/10/06 00:38:23.036, 1, 100 %, 8251 MiB, 62.69 W
2026/10/06 00:38:53.043, 0, 99 %, 8255 MiB, 64.26 W
2026/10/06 00:38:53.051, 1, 97 %, 8251 MiB, 60.99 W
2026/10/06 00:39:23.061, 0, 100 %, 8255 MiB, 68.18 W
2026/10/06 00:39:23.065, 1, 100 %, 8251 MiB, 66.24 W
2026/10/06 00:39:53.075, 0, 100 %, 8255 MiB, 42.34 W
2026/10/06 00:39:53.081, 1, 100 %, 8251 MiB, 53.35 W
2026/10/06 00:40:23.089, 0, 96 %, 8255 MiB, 67.16 W
2026/10/06 00:40:23.098, 1, 99 %, 8251 MiB, 65.71 W
2026/10/06 00:40:53.106, 0, 99 %, 8255 MiB, 66.12 W
2026/10/06 00:40:53.111, 1, 100 %, 8251 MiB, 65.65 W
2026/10/06 00:41:23.118, 0, 100 %, 8255 MiB, 66.08 W
2026/10/06 00:41:23.128, 1, 98 %, 8251 MiB, 63.73 W
2026/10/06 00:41:53.139, 0, 96 %, 8255 MiB, 79.59 W
2026/10/06 00:41:53.148, 1, 99 %, 8251 MiB, 68.74 W
2026/10/06 00:42:23.158, 0, 97 %, 8255 MiB, 61.65 W
2026/10/06 00:42:23.163, 1, 98 %, 8251 MiB, 66.78 W
2026/10/06 00:42:53.172, 0, 100 %, 8255 MiB, 66.02 W
2026/10/06 00:42:53.177, 1, 100 %, 8251 MiB, 66.94 W
2026/10/06 00:43:23.184, 0, 97 %, 8255 MiB, 65.79 W
2026/10/06 00:43:23.195, 1, 98 %, 8251 MiB, 55.35 W
2026/10/06 00:43:53.203, 0, 99 %, 8255 MiB, 63.77 W
2026/10/06 00:43:53.207, 1, 99 %, 8251 MiB, 63.44 W
2026/10/06 00:44:23.216, 0, 96 %, 8255 MiB, 65.34 W
2026/10/06 00:44:23.225, 1, 98 %, 8251 MiB, 66.18 W
2026/10/06 00:44:53.240, 0, 99 %, 8255 MiB, 69.21 W
2026/10/06 00:44:53.247, 1, 99 %, 8251 MiB, 65.89 W
2026/10/06 00:45:23.258, 0, 100 %, 8255 MiB, 62.93 W
2026/10/06 00:45:23.262, 1, 100 %, 8251 MiB, 65.61 W
2026/10/06 00:45:53.270, 0, 99 %, 8255 MiB, 45.34 W
2026/10/06 00:45:53.276, 1, 100 %, 8251 MiB, 69.03 W
2026/10/06 00:46:23.284, 0, 97 %, 8255 MiB, 77.74 W
2026/10/06 00:46:23.289, 1, 98 %, 8251 MiB, 79.79 W
2026/10/06 00:46:53.300, 0, 96 %, 8255 MiB, 63.44 W
2026/10/06 00:46:53.309, 1, 96 %, 8251 MiB, 69.77 W
2026/10/06 00:47:23.316, 0, 97 %, 8255 MiB, 63.57 W
2026/10/06 00:47:23.321, 1, 97 %, 8251 MiB, 62.77 W
2026/10/06 00:47:53.329, 0, 100 %, 8255 MiB, 77.59 W
2026/10/06 00:47:53.334, 1, 100 %, 8251 MiB, 85.81 W
2026/10/06 00:48:23.342, 0, 99 %, 8255 MiB, 66.02 W
2026/10/06 00:48:23.346, 1, 98 %, 8251 MiB, 68.79 W
2026/10/06 00:48:53.354, 0, 100 %, 8255 MiB, 49.22 W
2026/10/06 00:48:53.361, 1, 97 %, 8251 MiB, 72.66 W
2026/10/06 00:49:23.370, 0, 100 %, 8255 MiB, 87.73 W
2026/10/06 00:49:23.375, 1, 98 %, 8251 MiB, 69.48 W
2026/10/06 00:49:53.383, 0, 100 %, 8255 MiB, 69.06 W
2026/10/06 00:49:53.388, 1, 100 %, 8251 MiB, 67.27 W
2026/10/06 00:50:23.396, 0, 100 %, 8255 MiB, 68.14 W
2026/10/06 00:50:23.405, 1, 100 %, 8251 MiB, 64.12 W
2026/10/06 00:50:53.412, 0, 99 %, 8255 MiB, 65.73 W
2026/10/06 00:50:53.417, 1, 96 %, 8251 MiB, 67.27 W
2026/10/06 00:51:23.424, 0, 100 %, 8255 MiB, 113.51 W
2026/10/06 00:51:23.430, 1, 100 %, 8251 MiB, 76.57 W
2026/10/06 00:51:53.439, 0, 100 %, 8255 MiB, 65.79 W
2026/10/06 00:51:53.444, 1, 100 %, 8251 MiB, 68.64 W
2026/10/06 00:52:23.451, 0, 100 %, 8255 MiB, 81.44 W
2026/10/06 00:52:23.459, 1, 98 %, 8251 MiB, 63.30 W
2026/10/06 00:52:53.467, 0, 100 %, 8255 MiB, 77.59 W
2026/10/06 00:52:53.473, 1, 97 %, 8251 MiB, 66.33 W
2026/10/06 00:53:23.481, 0, 99 %, 8255 MiB, 63.61 W
2026/10/06 00:53:23.485, 1, 99 %, 8251 MiB, 70.21 W
2026/10/06 00:53:53.492, 0, 100 %, 8255 MiB, 67.35 W
2026/10/06 00:53:53.497, 1, 100 %, 8251 MiB, 77.44 W
2026/10/06 00:54:23.512, 0, 98 %, 8255 MiB, 89.33 W
2026/10/06 00:54:23.520, 1, 98 %, 8251 MiB, 74.76 W
2026/10/06 00:54:53.534, 0, 100 %, 8255 MiB, 63.71 W
2026/10/06 00:54:53.539, 1, 100 %, 8251 MiB, 63.50 W
2026/10/06 00:55:23.546, 0, 98 %, 8255 MiB, 55.48 W
2026/10/06 00:55:23.556, 1, 98 %, 8251 MiB, 62.71 W
2026/10/06 00:55:53.564, 0, 97 %, 8255 MiB, 74.46 W
2026/10/06 00:55:53.569, 1, 98 %, 8251 MiB, 66.20 W
2026/10/06 00:56:23.576, 0, 100 %, 8255 MiB, 64.46 W
2026/10/06 00:56:23.583, 1, 100 %, 8251 MiB, 65.26 W
2026/10/06 00:56:53.591, 0, 98 %, 8255 MiB, 65.44 W
2026/10/06 00:56:53.595, 1, 98 %, 8251 MiB, 66.33 W
2026/10/06 00:57:23.603, 0, 99 %, 8255 MiB, 66.32 W
2026/10/06 00:57:23.612, 1, 99 %, 8251 MiB, 67.08 W
2026/10/06 00:57:53.623, 0, 100 %, 8255 MiB, 68.53 W
2026/10/06 00:57:53.627, 1, 100 %, 8251 MiB, 64.91 W
2026/10/06 00:58:23.636, 0, 97 %, 8255 MiB, 75.29 W
2026/10/06 00:58:23.640, 1, 99 %, 8251 MiB, 65.00 W
2026/10/06 00:58:53.650, 0, 98 %, 8255 MiB, 62.79 W
2026/10/06 00:58:53.655, 1, 97 %, 8251 MiB, 65.59 W
2026/10/06 00:59:23.668, 0, 97 %, 8255 MiB, 67.94 W
2026/10/06 00:59:23.673, 1, 97 %, 8251 MiB, 66.24 W
2026/10/06 00:59:53.681, 0, 99 %, 8255 MiB, 68.92 W
2026/10/06 00:59:53.685, 1, 97 %, 8251 MiB, 67.96 W
2026/10/06 01:00:23.698, 0, 100 %, 8255 MiB, 71.32 W
2026/10/06 01:00:23.706, 1, 100 %, 8251 MiB, 65.00 W
2026/10/06 01:00:53.713, 0, 99 %, 8255 MiB, 67.79 W
2026/10/06 01:00:53.717, 1, 100 %, 8251 MiB, 67.08 W
2026/10/06 01:01:23.725, 0, 99 %, 8255 MiB, 63.42 W
2026/10/06 01:01:23.729, 1, 99 %, 8251 MiB, 62.46 W
2026/10/06 01:01:53.742, 0, 100 %, 8255 MiB, 64.95 W
2026/10/06 01:01:53.751, 1, 100 %, 8251 MiB, 64.08 W
2026/10/06 01:02:23.760, 0, 99 %, 8255 MiB, 67.69 W
2026/10/06 01:02:23.765, 1, 99 %, 8251 MiB, 67.17 W
2026/10/06 01:02:53.775, 0, 98 %, 8255 MiB, 67.75 W
2026/10/06 01:02:53.781, 1, 99 %, 8251 MiB, 67.82 W
2026/10/06 01:03:23.790, 0, 100 %, 8255 MiB, 47.77 W
2026/10/06 01:03:23.793, 1, 98 %, 8251 MiB, 67.41 W
2026/10/06 01:03:53.801, 0, 100 %, 8255 MiB, 89.27 W
2026/10/06 01:03:53.806, 1, 98 %, 8251 MiB, 78.08 W
2026/10/06 01:04:23.815, 0, 100 %, 8255 MiB, 62.63 W
2026/10/06 01:04:23.823, 1, 100 %, 8251 MiB, 62.36 W
2026/10/06 01:04:53.831, 0, 97 %, 8255 MiB, 64.10 W
2026/10/06 01:04:53.835, 1, 96 %, 8251 MiB, 65.85 W
2026/10/06 01:05:23.843, 0, 100 %, 8255 MiB, 64.22 W
2026/10/06 01:05:23.855, 1, 100 %, 8251 MiB, 65.69 W
2026/10/06 01:05:53.862, 0, 100 %, 8255 MiB, 65.83 W
2026/10/06 01:05:53.874, 1, 100 %, 8251 MiB, 79.74 W
2026/10/06 01:06:23.884, 0, 97 %, 8255 MiB, 41.45 W
2026/10/06 01:06:23.892, 1, 97 %, 8251 MiB, 71.78 W
2026/10/06 01:06:53.900, 0, 96 %, 8255 MiB, 65.44 W
2026/10/06 01:06:53.905, 1, 99 %, 8251 MiB, 64.91 W
2026/10/06 01:07:23.912, 0, 96 %, 8255 MiB, 52.83 W
2026/10/06 01:07:23.916, 1, 97 %, 8251 MiB, 62.69 W
2026/10/06 01:07:53.924, 0, 100 %, 8255 MiB, 66.26 W
2026/10/06 01:07:53.928, 1, 100 %, 8251 MiB, 63.99 W
2026/10/06 01:08:23.936, 0, 99 %, 8255 MiB, 64.22 W
2026/10/06 01:08:23.941, 1, 99 %, 8251 MiB, 67.31 W
2026/10/06 01:08:53.948, 0, 100 %, 8255 MiB, 76.17 W
2026/10/06 01:08:53.952, 1, 100 %, 8251 MiB, 66.47 W
2026/10/06 01:09:23.960, 0, 100 %, 8255 MiB, 65.63 W
2026/10/06 01:09:23.965, 1, 100 %, 8251 MiB, 65.96 W
2026/10/06 01:09:53.977, 0, 100 %, 8255 MiB, 65.79 W
2026/10/06 01:09:53.981, 1, 100 %, 8251 MiB, 60.34 W
2026/10/06 01:10:23.990, 0, 99 %, 8255 MiB, 64.00 W
2026/10/06 01:10:23.994, 1, 99 %, 8251 MiB, 64.85 W
2026/10/06 01:10:54.004, 0, 100 %, 8255 MiB, 67.35 W
2026/10/06 01:10:54.008, 1, 100 %, 8251 MiB, 65.30 W
2026/10/06 01:11:24.015, 0, 100 %, 8255 MiB, 74.12 W
2026/10/06 01:11:24.020, 1, 100 %, 8251 MiB, 60.24 W
2026/10/06 01:11:54.028, 0, 100 %, 8255 MiB, 67.73 W
2026/10/06 01:11:54.034, 1, 99 %, 8251 MiB, 64.96 W
2026/10/06 01:12:24.042, 0, 97 %, 8255 MiB, 64.06 W
2026/10/06 01:12:24.048, 1, 97 %, 8251 MiB, 63.38 W
2026/10/06 01:12:54.055, 0, 100 %, 8255 MiB, 65.89 W
2026/10/06 01:12:54.060, 1, 100 %, 8251 MiB, 76.57 W
2026/10/06 01:13:24.068, 0, 100 %, 8255 MiB, 68.04 W
2026/10/06 01:13:24.074, 1, 100 %, 8251 MiB, 64.61 W
2026/10/06 01:13:54.086, 0, 100 %, 8255 MiB, 65.73 W
2026/10/06 01:13:54.091, 1, 100 %, 8251 MiB, 67.76 W
2026/10/06 01:14:24.098, 0, 100 %, 8255 MiB, 65.79 W
2026/10/06 01:14:24.103, 1, 99 %, 8251 MiB, 67.80 W
2026/10/06 01:14:54.110, 0, 99 %, 8255 MiB, 66.96 W
2026/10/06 01:14:54.115, 1, 98 %, 8251 MiB, 55.12 W
2026/10/06 01:15:24.122, 0, 100 %, 8255 MiB, 67.49 W
2026/10/06 01:15:24.127, 1, 100 %, 8251 MiB, 64.28 W
2026/10/06 01:15:54.138, 0, 99 %, 8255 MiB, 69.47 W
2026/10/06 01:15:54.142, 1, 96 %, 8251 MiB, 69.32 W
2026/10/06 01:16:24.151, 0, 98 %, 8255 MiB, 65.28 W
2026/10/06 01:16:24.155, 1, 96 %, 8251 MiB, 67.27 W
2026/10/06 01:16:54.167, 0, 96 %, 8255 MiB, 66.61 W
2026/10/06 01:16:54.172, 1, 99 %, 8251 MiB, 65.30 W
2026/10/06 01:17:24.180, 0, 99 %, 8255 MiB, 66.32 W
2026/10/06 01:17:24.184, 1, 100 %, 8251 MiB, 67.12 W
2026/10/06 01:17:54.192, 0, 100 %, 8255 MiB, 68.38 W
2026/10/06 01:17:54.196, 1, 100 %, 8251 MiB, 68.25 W
2026/10/06 01:18:24.208, 0, 98 %, 8255 MiB, 50.23 W
2026/10/06 01:18:24.222, 1, 98 %, 8251 MiB, 52.92 W
2026/10/06 01:18:54.234, 0, 100 %, 8255 MiB, 69.21 W
2026/10/06 01:18:54.239, 1, 100 %, 8251 MiB, 62.69 W
2026/10/06 01:19:24.246, 0, 99 %, 8255 MiB, 62.83 W
2026/10/06 01:19:24.252, 1, 97 %, 8251 MiB, 67.27 W
2026/10/06 01:19:54.263, 0, 100 %, 8255 MiB, 65.14 W
2026/10/06 01:19:54.268, 1, 100 %, 8251 MiB, 68.15 W
2026/10/06 01:20:24.281, 0, 99 %, 8255 MiB, 60.41 W
2026/10/06 01:20:24.286, 1, 100 %, 8251 MiB, 62.32 W
2026/10/06 01:20:54.297, 0, 100 %, 8255 MiB, 67.10 W
2026/10/06 01:20:54.301, 1, 100 %, 8251 MiB, 65.45 W
2026/10/06 01:21:24.310, 0, 100 %, 8255 MiB, 70.25 W
2026/10/06 01:21:24.314, 1, 100 %, 8251 MiB, 56.88 W
2026/10/06 01:21:54.323, 0, 97 %, 8255 MiB, 49.67 W
2026/10/06 01:21:54.329, 1, 98 %, 8251 MiB, 63.08 W
2026/10/06 01:22:24.342, 0, 100 %, 8255 MiB, 67.45 W
2026/10/06 01:22:24.346, 1, 100 %, 8251 MiB, 66.39 W
2026/10/06 01:22:54.353, 0, 97 %, 8255 MiB, 62.77 W
2026/10/06 01:22:54.359, 1, 97 %, 8251 MiB, 57.63 W
2026/10/06 01:23:24.367, 0, 99 %, 8255 MiB, 68.24 W
2026/10/06 01:23:24.371, 1, 100 %, 8251 MiB, 64.42 W
2026/10/06 01:23:54.381, 0, 100 %, 8255 MiB, 43.60 W
2026/10/06 01:23:54.386, 1, 100 %, 8251 MiB, 61.16 W
2026/10/06 01:24:24.395, 0, 99 %, 8255 MiB, 65.93 W
2026/10/06 01:24:24.403, 1, 99 %, 8251 MiB, 66.63 W
2026/10/06 01:24:54.411, 0, 99 %, 8255 MiB, 70.78 W
2026/10/06 01:24:54.420, 1, 99 %, 8251 MiB, 63.53 W
2026/10/06 01:25:24.427, 0, 100 %, 8255 MiB, 63.12 W
2026/10/06 01:25:24.435, 1, 100 %, 8251 MiB, 79.20 W
2026/10/06 01:25:54.449, 0, 100 %, 8255 MiB, 66.02 W
2026/10/06 01:25:54.453, 1, 100 %, 8251 MiB, 62.65 W
2026/10/06 01:26:24.467, 0, 100 %, 8255 MiB, 66.47 W
2026/10/06 01:26:24.472, 1, 100 %, 8251 MiB, 64.43 W
2026/10/06 01:26:54.484, 0, 100 %, 8255 MiB, 63.87 W
2026/10/06 01:26:54.488, 1, 100 %, 8251 MiB, 64.28 W
2026/10/06 01:27:24.500, 0, 99 %, 8255 MiB, 62.14 W
2026/10/06 01:27:24.505, 1, 99 %, 8251 MiB, 70.94 W
2026/10/06 01:27:54.513, 0, 97 %, 8255 MiB, 65.53 W
2026/10/06 01:27:54.517, 1, 97 %, 8251 MiB, 66.53 W
2026/10/06 01:28:24.525, 0, 100 %, 8255 MiB, 60.81 W
2026/10/06 01:28:24.535, 1, 99 %, 8251 MiB, 61.12 W
2026/10/06 01:28:54.543, 0, 99 %, 8255 MiB, 70.21 W
2026/10/06 01:28:54.551, 1, 99 %, 8251 MiB, 67.57 W
2026/10/06 01:29:24.559, 0, 99 %, 8255 MiB, 63.87 W
2026/10/06 01:29:24.563, 1, 99 %, 8251 MiB, 66.59 W
2026/10/06 01:29:54.570, 0, 99 %, 8255 MiB, 66.42 W
2026/10/06 01:29:54.574, 1, 100 %, 8251 MiB, 64.12 W
2026/10/06 01:30:24.582, 0, 100 %, 8255 MiB, 62.57 W
2026/10/06 01:30:24.589, 1, 100 %, 8251 MiB, 64.12 W
2026/10/06 01:30:54.598, 0, 100 %, 8255 MiB, 65.63 W
2026/10/06 01:30:54.604, 1, 100 %, 8251 MiB, 63.99 W
2026/10/06 01:31:24.612, 0, 100 %, 8255 MiB, 65.97 W
2026/10/06 01:31:24.618, 1, 100 %, 8251 MiB, 67.72 W
2026/10/06 01:31:54.630, 0, 100 %, 8255 MiB, 67.49 W
2026/10/06 01:31:54.635, 1, 97 %, 8251 MiB, 67.12 W
2026/10/06 01:32:24.644, 0, 99 %, 8255 MiB, 66.71 W
2026/10/06 01:32:24.654, 1, 99 %, 8251 MiB, 56.36 W
2026/10/06 01:32:54.666, 0, 99 %, 8255 MiB, 62.69 W
2026/10/06 01:32:54.671, 1, 99 %, 8251 MiB, 61.52 W
2026/10/06 01:33:24.680, 0, 99 %, 8255 MiB, 63.77 W
2026/10/06 01:33:24.690, 1, 99 %, 8251 MiB, 63.38 W
2026/10/06 01:33:54.702, 0, 100 %, 8255 MiB, 67.00 W
2026/10/06 01:33:54.706, 1, 100 %, 8251 MiB, 67.80 W
2026/10/06 01:34:24.720, 0, 100 %, 8255 MiB, 66.02 W
2026/10/06 01:34:24.731, 1, 100 %, 8251 MiB, 66.24 W
2026/10/06 01:34:54.739, 0, 97 %, 8255 MiB, 69.56 W
2026/10/06 01:34:54.751, 1, 97 %, 8251 MiB, 68.79 W
2026/10/06 01:35:24.758, 0, 99 %, 8255 MiB, 59.27 W
2026/10/06 01:35:24.762, 1, 98 %, 8251 MiB, 67.02 W
2026/10/06 01:35:54.771, 0, 98 %, 8255 MiB, 68.29 W
2026/10/06 01:35:54.776, 1, 99 %, 8251 MiB, 67.12 W
2026/10/06 01:36:24.786, 0, 97 %, 8255 MiB, 66.57 W
2026/10/06 01:36:24.795, 1, 99 %, 8251 MiB, 67.06 W
2026/10/06 01:36:54.811, 0, 97 %, 8255 MiB, 63.67 W
2026/10/06 01:36:54.815, 1, 98 %, 8251 MiB, 65.30 W
2026/10/06 01:37:24.824, 0, 97 %, 8255 MiB, 64.79 W
2026/10/06 01:37:24.828, 1, 99 %, 8251 MiB, 65.75 W
2026/10/06 01:37:54.836, 0, 99 %, 8255 MiB, 71.52 W
2026/10/06 01:37:54.840, 1, 100 %, 8251 MiB, 64.71 W
2026/10/06 01:38:24.850, 0, 99 %, 8255 MiB, 64.16 W
2026/10/06 01:38:24.854, 1, 99 %, 8251 MiB, 70.46 W
2026/10/06 01:38:54.869, 0, 99 %, 8255 MiB, 69.10 W
2026/10/06 01:38:54.873, 1, 99 %, 8251 MiB, 65.16 W
2026/10/06 01:39:24.888, 0, 99 %, 8255 MiB, 71.03 W
2026/10/06 01:39:24.892, 1, 99 %, 8251 MiB, 67.61 W
2026/10/06 01:39:54.902, 0, 100 %, 8255 MiB, 64.46 W
2026/10/06 01:39:54.907, 1, 100 %, 8251 MiB, 65.49 W
2026/10/06 01:40:24.917, 0, 100 %, 8255 MiB, 56.26 W
2026/10/06 01:40:24.921, 1, 98 %, 8251 MiB, 64.42 W
2026/10/06 01:40:54.929, 0, 100 %, 8255 MiB, 66.91 W
2026/10/06 01:40:54.934, 1, 100 %, 8251 MiB, 69.72 W
2026/10/06 01:41:24.943, 0, 99 %, 8255 MiB, 67.10 W
2026/10/06 01:41:24.949, 1, 99 %, 8251 MiB, 67.51 W
2026/10/06 01:41:54.957, 0, 100 %, 8255 MiB, 84.18 W
2026/10/06 01:41:54.962, 1, 98 %, 8251 MiB, 76.42 W
2026/10/06 01:42:24.971, 0, 100 %, 8255 MiB, 61.04 W
2026/10/06 01:42:24.978, 1, 100 %, 8251 MiB, 73.15 W
2026/10/06 01:42:54.994, 0, 97 %, 8255 MiB, 65.63 W
2026/10/06 01:42:54.998, 1, 97 %, 8251 MiB, 66.43 W
2026/10/06 01:43:25.007, 0, 99 %, 8255 MiB, 67.94 W
2026/10/06 01:43:25.011, 1, 99 %, 8251 MiB, 67.96 W
2026/10/06 01:43:55.023, 0, 98 %, 8255 MiB, 66.61 W
2026/10/06 01:43:55.031, 1, 99 %, 8251 MiB, 61.71 W
2026/10/06 01:44:25.038, 0, 99 %, 8255 MiB, 64.85 W
2026/10/06 01:44:25.042, 1, 100 %, 8251 MiB, 67.23 W
2026/10/06 01:44:55.051, 0, 99 %, 8255 MiB, 68.67 W
2026/10/06 01:44:55.060, 1, 99 %, 8251 MiB, 65.45 W
2026/10/06 01:45:25.068, 0, 100 %, 8255 MiB, 71.03 W
2026/10/06 01:45:25.072, 1, 100 %, 8251 MiB, 68.29 W
2026/10/06 01:45:55.080, 0, 100 %, 8255 MiB, 67.26 W
2026/10/06 01:45:55.092, 1, 100 %, 8251 MiB, 64.42 W
2026/10/06 01:46:25.104, 0, 97 %, 8255 MiB, 72.60 W
2026/10/06 01:46:25.114, 1, 98 %, 8251 MiB, 61.81 W
2026/10/06 01:46:55.122, 0, 97 %, 8255 MiB, 68.14 W
2026/10/06 01:46:55.127, 1, 98 %, 8251 MiB, 67.57 W
2026/10/06 01:47:25.142, 0, 99 %, 8255 MiB, 67.75 W
2026/10/06 01:47:25.147, 1, 97 %, 8251 MiB, 66.53 W
2026/10/06 01:47:55.156, 0, 99 %, 8255 MiB, 63.28 W
2026/10/06 01:47:55.161, 1, 99 %, 8251 MiB, 65.65 W
2026/10/06 01:48:25.172, 0, 97 %, 8255 MiB, 102.19 W
2026/10/06 01:48:25.183, 1, 98 %, 8251 MiB, 67.17 W
2026/10/06 01:48:55.192, 0, 99 %, 8255 MiB, 71.07 W
2026/10/06 01:48:55.205, 1, 99 %, 8251 MiB, 68.00 W
2026/10/06 01:49:25.214, 0, 100 %, 8255 MiB, 64.36 W
2026/10/06 01:49:25.223, 1, 99 %, 8251 MiB, 64.81 W
2026/10/06 01:49:55.231, 0, 97 %, 8255 MiB, 65.83 W
2026/10/06 01:49:55.235, 1, 99 %, 8251 MiB, 67.31 W
2026/10/06 01:50:25.247, 0, 97 %, 8255 MiB, 68.92 W
2026/10/06 01:50:25.251, 1, 99 %, 8251 MiB, 63.93 W
2026/10/06 01:50:55.259, 0, 100 %, 8255 MiB, 51.02 W
2026/10/06 01:50:55.263, 1, 98 %, 8251 MiB, 65.55 W
2026/10/06 01:51:25.276, 0, 100 %, 8255 MiB, 63.87 W
2026/10/06 01:51:25.286, 1, 100 %, 8251 MiB, 69.37 W
2026/10/06 01:51:55.294, 0, 99 %, 8255 MiB, 70.74 W
2026/10/06 01:51:55.298, 1, 97 %, 8251 MiB, 65.94 W
2026/10/06 01:52:25.305, 0, 99 %, 8255 MiB, 65.38 W
2026/10/06 01:52:25.309, 1, 97 %, 8251 MiB, 61.71 W
2026/10/06 01:52:55.317, 0, 100 %, 8255 MiB, 54.46 W
2026/10/06 01:52:55.321, 1, 100 %, 8251 MiB, 69.97 W
2026/10/06 01:53:25.329, 0, 97 %, 8255 MiB, 76.71 W
2026/10/06 01:53:25.338, 1, 98 %, 8251 MiB, 66.96 W
2026/10/06 01:53:55.346, 0, 96 %, 8255 MiB, 46.92 W
2026/10/06 01:53:55.357, 1, 96 %, 8251 MiB, 61.09 W
2026/10/06 01:54:25.371, 0, 100 %, 8255 MiB, 68.68 W
2026/10/06 01:54:25.379, 1, 100 %, 8251 MiB, 60.83 W
2026/10/06 01:54:55.390, 0, 97 %, 8255 MiB, 55.28 W
2026/10/06 01:54:55.395, 1, 98 %, 8251 MiB, 55.51 W
2026/10/06 01:55:25.403, 0, 96 %, 8255 MiB, 69.21 W
2026/10/06 01:55:25.410, 1, 96 %, 8251 MiB, 64.51 W
2026/10/06 01:55:55.421, 0, 100 %, 8255 MiB, 83.88 W
2026/10/06 01:55:55.425, 1, 97 %, 8251 MiB, 77.35 W
2026/10/06 01:56:25.440, 0, 100 %, 8255 MiB, 71.48 W
2026/10/06 01:56:25.444, 1, 100 %, 8251 MiB, 61.67 W
2026/10/06 01:56:55.453, 0, 100 %, 8255 MiB, 67.90 W
2026/10/06 01:56:55.457, 1, 100 %, 8251 MiB, 67.02 W
2026/10/06 01:57:25.465, 0, 98 %, 8255 MiB, 44.95 W
2026/10/06 01:57:25.469, 1, 98 %, 8251 MiB, 66.57 W
2026/10/06 01:57:55.479, 0, 99 %, 8255 MiB, 66.08 W
2026/10/06 01:57:55.485, 1, 99 %, 8251 MiB, 66.92 W
2026/10/06 01:58:25.498, 0, 97 %, 8255 MiB, 65.53 W
2026/10/06 01:58:25.505, 1, 99 %, 8251 MiB, 66.88 W
2026/10/06 01:58:55.514, 0, 96 %, 8255 MiB, 67.84 W
2026/10/06 01:58:55.519, 1, 99 %, 8251 MiB, 66.24 W
2026/10/06 01:59:25.526, 0, 100 %, 8255 MiB, 66.24 W
2026/10/06 01:59:25.531, 1, 98 %, 8251 MiB, 67.91 W
2026/10/06 01:59:55.538, 0, 95 %, 8255 MiB, 66.96 W
2026/10/06 01:59:55.543, 1, 99 %, 8251 MiB, 67.37 W
2026/10/06 02:00:25.555, 0, 100 %, 8255 MiB, 65.77 W
2026/10/06 02:00:25.563, 1, 98 %, 8251 MiB, 66.29 W
2026/10/06 02:00:55.574, 0, 100 %, 8255 MiB, 65.38 W
2026/10/06 02:00:55.578, 1, 99 %, 8251 MiB, 65.85 W
2026/10/06 02:01:25.586, 0, 99 %, 8255 MiB, 67.55 W
2026/10/06 02:01:25.590, 1, 98 %, 8251 MiB, 61.64 W
2026/10/06 02:01:55.598, 0, 100 %, 8255 MiB, 68.49 W
2026/10/06 02:01:55.602, 1, 100 %, 8251 MiB, 67.80 W
2026/10/06 02:02:25.609, 0, 97 %, 8255 MiB, 64.99 W
2026/10/06 02:02:25.621, 1, 97 %, 8251 MiB, 66.20 W
2026/10/06 02:02:55.629, 0, 98 %, 8255 MiB, 59.08 W
2026/10/06 02:02:55.636, 1, 97 %, 8251 MiB, 65.75 W
2026/10/06 02:03:25.646, 0, 99 %, 8255 MiB, 61.55 W
2026/10/06 02:03:25.654, 1, 99 %, 8251 MiB, 67.13 W
2026/10/06 02:03:55.670, 0, 99 %, 8255 MiB, 64.95 W
2026/10/06 02:03:55.674, 1, 99 %, 8251 MiB, 67.17 W
2026/10/06 02:04:25.682, 0, 99 %, 8255 MiB, 61.30 W
2026/10/06 02:04:25.686, 1, 99 %, 8251 MiB, 64.67 W
2026/10/06 02:04:55.695, 0, 100 %, 8255 MiB, 68.78 W
2026/10/06 02:04:55.700, 1, 100 %, 8251 MiB, 65.36 W
2026/10/06 02:05:25.708, 0, 100 %, 8255 MiB, 65.24 W
2026/10/06 02:05:25.718, 1, 98 %, 8251 MiB, 51.91 W
2026/10/06 02:05:55.728, 0, 97 %, 8255 MiB, 66.65 W
2026/10/06 02:05:55.733, 1, 98 %, 8251 MiB, 66.14 W
2026/10/06 02:06:25.743, 0, 99 %, 8255 MiB, 70.79 W
2026/10/06 02:06:25.751, 1, 99 %, 8251 MiB, 63.63 W
2026/10/06 02:06:55.759, 0, 99 %, 8255 MiB, 66.91 W
2026/10/06 02:06:55.764, 1, 99 %, 8251 MiB, 65.06 W
2026/10/06 02:07:25.780, 0, 97 %, 8255 MiB, 65.48 W
2026/10/06 02:07:25.784, 1, 98 %, 8251 MiB, 66.82 W
2026/10/06 02:07:55.792, 0, 100 %, 8255 MiB, 38.15 W
2026/10/06 02:07:55.801, 1, 100 %, 8251 MiB, 63.44 W
2026/10/06 02:08:25.810, 0, 99 %, 8255 MiB, 67.69 W
2026/10/06 02:08:25.818, 1, 99 %, 8251 MiB, 65.45 W
2026/10/06 02:08:55.831, 0, 99 %, 8255 MiB, 66.28 W
2026/10/06 02:08:55.835, 1, 99 %, 8251 MiB, 65.75 W
2026/10/06 02:09:25.843, 0, 99 %, 8255 MiB, 68.22 W
2026/10/06 02:09:25.854, 1, 99 %, 8251 MiB, 66.63 W
2026/10/06 02:09:55.863, 0, 97 %, 8255 MiB, 66.36 W
2026/10/06 02:09:55.867, 1, 97 %, 8251 MiB, 60.24 W
2026/10/06 02:10:25.877, 0, 99 %, 8255 MiB, 67.49 W
2026/10/06 02:10:25.881, 1, 99 %, 8251 MiB, 68.05 W
2026/10/06 02:10:55.889, 0, 99 %, 8255 MiB, 65.83 W
2026/10/06 02:10:55.893, 1, 100 %, 8251 MiB, 65.49 W
2026/10/06 02:11:25.904, 0, 99 %, 8255 MiB, 72.89 W
2026/10/06 02:11:25.908, 1, 100 %, 8251 MiB, 65.16 W
2026/10/06 02:11:55.917, 0, 99 %, 8255 MiB, 66.91 W
2026/10/06 02:11:55.923, 1, 100 %, 8251 MiB, 67.61 W
2026/10/06 02:12:25.933, 0, 100 %, 8255 MiB, 61.36 W
2026/10/06 02:12:25.943, 1, 100 %, 8251 MiB, 63.67 W
2026/10/06 02:12:55.958, 0, 99 %, 8255 MiB, 65.93 W
2026/10/06 02:12:55.966, 1, 98 %, 8251 MiB, 65.89 W
2026/10/06 02:13:25.979, 0, 100 %, 8255 MiB, 88.75 W
2026/10/06 02:13:25.991, 1, 98 %, 8251 MiB, 64.03 W
2026/10/06 02:13:55.999, 0, 97 %, 8255 MiB, 67.00 W
2026/10/06 02:13:56.003, 1, 98 %, 8251 MiB, 66.53 W
2026/10/06 02:14:26.013, 0, 100 %, 8255 MiB, 62.57 W
2026/10/06 02:14:26.017, 1, 100 %, 8251 MiB, 62.56 W
2026/10/06 02:14:56.028, 0, 99 %, 8255 MiB, 66.46 W
2026/10/06 02:14:56.033, 1, 97 %, 8251 MiB, 54.43 W
2026/10/06 02:15:26.042, 0, 0 %, 8231 MiB, 30.90 W
2026/10/06 02:15:26.046, 1, 0 %, 8227 MiB, 32.72 W
