timestamp, index, utilization.gpu [%], memory.used [MiB], power.draw [W]
2026/10/06 05:24:51.546, 0, 0 %, 0 MiB, 10.32 W
2026/10/06 05:24:51.556, 1, 0 %, 0 MiB, 11.11 W
2026/10/06 05:25:21.568, 0, 0 %, 3 MiB, 10.02 W
2026/10/06 05:25:21.574, 1, 0 %, 3 MiB, 9.93 W
2026/10/06 05:25:51.582, 0, 0 %, 3 MiB, 10.32 W
2026/10/06 05:25:51.588, 1, 0 %, 3 MiB, 9.83 W
2026/10/06 05:26:21.596, 0, 0 %, 3 MiB, 10.12 W
2026/10/06 05:26:21.632, 1, 0 %, 3 MiB, 9.83 W
2026/10/06 05:26:51.641, 0, 0 %, 3 MiB, 10.12 W
2026/10/06 05:26:51.647, 1, 0 %, 3 MiB, 10.13 W
2026/10/06 05:27:21.655, 0, 0 %, 3 MiB, 10.12 W
2026/10/06 05:27:21.661, 1, 0 %, 3 MiB, 10.03 W
2026/10/06 05:27:51.669, 0, 0 %, 3 MiB, 9.83 W
2026/10/06 05:27:51.675, 1, 0 %, 3 MiB, 10.13 W
2026/10/06 05:28:21.684, 0, 0 %, 3 MiB, 10.12 W
2026/10/06 05:28:21.690, 1, 0 %, 3 MiB, 9.93 W
2026/10/06 05:28:51.699, 0, 0 %, 3 MiB, 9.83 W
2026/10/06 05:28:51.705, 1, 0 %, 3 MiB, 10.03 W
2026/10/06 05:29:21.715, 0, 0 %, 3 MiB, 10.12 W
2026/10/06 05:29:21.720, 1, 0 %, 3 MiB, 10.03 W
2026/10/06 05:29:51.729, 0, 0 %, 3 MiB, 9.83 W
2026/10/06 05:29:51.735, 1, 0 %, 3 MiB, 10.42 W
2026/10/06 05:30:21.743, 0, 0 %, 3 MiB, 10.32 W
2026/10/06 05:30:21.749, 1, 0 %, 3 MiB, 9.63 W
2026/10/06 05:30:51.757, 0, 0 %, 3 MiB, 10.32 W
2026/10/06 05:30:51.763, 1, 0 %, 3 MiB, 9.93 W
2026/10/06 05:31:21.771, 0, 0 %, 3 MiB, 10.22 W
2026/10/06 05:31:21.777, 1, 0 %, 3 MiB, 9.93 W
2026/10/06 05:31:51.785, 0, 94 %, 7859 MiB, 67.08 W
2026/10/06 05:31:51.790, 1, 93 %, 7857 MiB, 68.84 W
2026/10/06 05:32:21.802, 0, 99 %, 7859 MiB, 70.40 W
2026/10/06 05:32:21.806, 1, 99 %, 7857 MiB, 68.21 W
2026/10/06 05:32:51.819, 0, 95 %, 7859 MiB, 63.36 W
2026/10/06 05:32:51.823, 1, 98 %, 7857 MiB, 67.86 W
2026/10/06 05:33:21.830, 0, 100 %, 7859 MiB, 84.13 W
2026/10/06 05:33:21.840, 1, 95 %, 7857 MiB, 84.56 W
2026/10/06 05:33:51.847, 0, 100 %, 7861 MiB, 67.02 W
2026/10/06 05:33:51.851, 1, 99 %, 7859 MiB, 65.13 W
2026/10/06 05:34:21.858, 0, 95 %, 7861 MiB, 65.99 W
2026/10/06 05:34:21.865, 1, 100 %, 7861 MiB, 64.98 W
2026/10/06 05:34:51.873, 0, 100 %, 7861 MiB, 63.94 W
2026/10/06 05:34:51.881, 1, 100 %, 7861 MiB, 64.98 W
2026/10/06 05:35:21.889, 0, 99 %, 7861 MiB, 62.03 W
2026/10/06 05:35:21.894, 1, 96 %, 7861 MiB, 67.12 W
2026/10/06 05:35:51.901, 0, 99 %, 7861 MiB, 65.31 W
2026/10/06 05:35:51.908, 1, 99 %, 7861 MiB, 65.72 W
2026/10/06 05:36:21.922, 0, 95 %, 7861 MiB, 65.35 W
2026/10/06 05:36:21.928, 1, 94 %, 7861 MiB, 64.98 W
2026/10/06 05:36:51.937, 0, 99 %, 7861 MiB, 58.27 W
2026/10/06 05:36:51.941, 1, 99 %, 7861 MiB, 62.48 W
2026/10/06 05:37:21.949, 0, 100 %, 7861 MiB, 66.05 W
2026/10/06 05:37:21.958, 1, 100 %, 7861 MiB, 67.08 W
2026/10/06 05:37:51.966, 0, 100 %, 7861 MiB, 67.90 W
2026/10/06 05:37:51.972, 1, 100 %, 7861 MiB, 67.09 W
2026/10/06 05:38:21.984, 0, 95 %, 7861 MiB, 61.16 W
2026/10/06 05:38:21.988, 1, 95 %, 7861 MiB, 52.96 W
2026/10/06 05:38:51.997, 0, 100 %, 7861 MiB, 68.58 W
2026/10/06 05:38:52.001, 1, 99 %, 7861 MiB, 65.37 W
2026/10/06 05:39:22.010, 0, 91 %, 7861 MiB, 80.60 W
2026/10/06 05:39:22.017, 1, 89 %, 7861 MiB, 66.11 W
2026/10/06 05:39:52.025, 0, 100 %, 7861 MiB, 65.46 W
2026/10/06 05:39:52.031, 1, 100 %, 7861 MiB, 63.28 W
2026/10/06 05:40:22.038, 0, 92 %, 7861 MiB, 47.08 W
2026/10/06 05:40:22.044, 1, 91 %, 7861 MiB, 76.38 W
2026/10/06 05:40:52.055, 0, 99 %, 7861 MiB, 61.35 W
2026/10/06 05:40:52.064, 1, 100 %, 7861 MiB, 60.14 W
2026/10/06 05:41:22.072, 0, 100 %, 7861 MiB, 62.54 W
2026/10/06 05:41:22.078, 1, 100 %, 7861 MiB, 69.76 W
2026/10/06 05:41:52.084, 0, 99 %, 7861 MiB, 66.05 W
2026/10/06 05:41:52.095, 1, 99 %, 7861 MiB, 64.16 W
2026/10/06 05:42:22.103, 0, 100 %, 7861 MiB, 63.36 W
2026/10/06 05:42:22.112, 1, 100 %, 7861 MiB, 65.23 W
2026/10/06 05:42:52.118, 0, 100 %, 7861 MiB, 64.20 W
2026/10/06 05:42:52.122, 1, 100 %, 7861 MiB, 65.56 W
2026/10/06 05:43:22.137, 0, 96 %, 7861 MiB, 63.13 W
2026/10/06 05:43:22.148, 1, 98 %, 7861 MiB, 64.26 W
2026/10/06 05:43:52.155, 0, 100 %, 7861 MiB, 67.61 W
2026/10/06 05:43:52.165, 1, 96 %, 7861 MiB, 89.72 W
2026/10/06 05:44:22.174, 0, 93 %, 7861 MiB, 67.62 W
2026/10/06 05:44:22.178, 1, 98 %, 7861 MiB, 64.26 W
2026/10/06 05:44:52.187, 0, 99 %, 7861 MiB, 64.88 W
2026/10/06 05:44:52.196, 1, 96 %, 7861 MiB, 65.38 W
2026/10/06 05:45:22.202, 0, 100 %, 7861 MiB, 63.13 W
2026/10/06 05:45:22.207, 1, 98 %, 7861 MiB, 63.22 W
2026/10/06 05:45:52.218, 0, 99 %, 7861 MiB, 68.40 W
2026/10/06 05:45:52.222, 1, 94 %, 7861 MiB, 65.91 W
2026/10/06 05:46:22.228, 0, 95 %, 7861 MiB, 72.05 W
2026/10/06 05:46:22.233, 1, 95 %, 7861 MiB, 66.55 W
2026/10/06 05:46:52.243, 0, 99 %, 7861 MiB, 66.40 W
2026/10/06 05:46:52.247, 1, 99 %, 7861 MiB, 61.18 W
2026/10/06 05:47:22.254, 0, 95 %, 7863 MiB, 65.76 W
2026/10/06 05:47:22.266, 1, 99 %, 7861 MiB, 65.91 W
2026/10/06 05:47:52.273, 0, 99 %, 7863 MiB, 64.33 W
2026/10/06 05:47:52.279, 1, 99 %, 7861 MiB, 63.42 W
2026/10/06 05:48:22.286, 0, 100 %, 7863 MiB, 67.18 W
2026/10/06 05:48:22.293, 1, 100 %, 7861 MiB, 65.48 W
2026/10/06 05:48:52.304, 0, 100 %, 7863 MiB, 67.41 W
2026/10/06 05:48:52.310, 1, 100 %, 7861 MiB, 62.74 W
2026/10/06 05:49:22.318, 0, 94 %, 7863 MiB, 66.24 W
2026/10/06 05:49:22.326, 1, 95 %, 7861 MiB, 67.04 W
2026/10/06 05:49:52.335, 0, 100 %, 7863 MiB, 64.20 W
2026/10/06 05:49:52.340, 1, 95 %, 7861 MiB, 64.84 W
2026/10/06 05:50:22.348, 0, 95 %, 7863 MiB, 66.24 W
2026/10/06 05:50:22.353, 1, 95 %, 7861 MiB, 65.33 W
2026/10/06 05:50:52.360, 0, 95 %, 7863 MiB, 64.98 W
2026/10/06 05:50:52.364, 1, 95 %, 7861 MiB, 65.13 W
2026/10/06 05:51:22.377, 0, 95 %, 7863 MiB, 66.15 W
2026/10/06 05:51:22.390, 1, 95 %, 7861 MiB, 54.36 W
2026/10/06 05:51:52.404, 0, 99 %, 7863 MiB, 61.41 W
2026/10/06 05:51:52.408, 1, 99 %, 7861 MiB, 66.40 W
2026/10/06 05:52:22.414, 0, 94 %, 7863 MiB, 65.81 W
2026/10/06 05:52:22.424, 1, 95 %, 7861 MiB, 54.46 W
2026/10/06 05:52:52.432, 0, 99 %, 7863 MiB, 63.36 W
2026/10/06 05:52:52.436, 1, 95 %, 7861 MiB, 68.45 W
2026/10/06 05:53:22.443, 0, 100 %, 7863 MiB, 65.76 W
2026/10/06 05:53:22.448, 1, 100 %, 7861 MiB, 57.00 W
2026/10/06 05:53:52.454, 0, 95 %, 7863 MiB, 66.34 W
2026/10/06 05:53:52.459, 1, 94 %, 7861 MiB, 55.34 W
2026/10/06 05:54:22.466, 0, 100 %, 7863 MiB, 65.72 W
2026/10/06 05:54:22.471, 1, 95 %, 7861 MiB, 79.82 W
2026/10/06 05:54:52.481, 0, 100 %, 7863 MiB, 70.25 W
2026/10/06 05:54:52.486, 1, 97 %, 7861 MiB, 104.71 W
2026/10/06 05:55:22.500, 0, 100 %, 7863 MiB, 63.13 W
2026/10/06 05:55:22.504, 1, 100 %, 7861 MiB, 64.55 W
2026/10/06 05:55:52.511, 0, 99 %, 7863 MiB, 65.46 W
2026/10/06 05:55:52.517, 1, 95 %, 7861 MiB, 66.16 W
2026/10/06 05:56:22.530, 0, 97 %, 7863 MiB, 76.96 W
2026/10/06 05:56:22.540, 1, 100 %, 7861 MiB, 77.06 W
2026/10/06 05:56:52.547, 0, 99 %, 7863 MiB, 60.67 W
2026/10/06 05:56:52.556, 1, 100 %, 7861 MiB, 64.55 W
2026/10/06 05:57:22.568, 0, 100 %, 7863 MiB, 68.15 W
2026/10/06 05:57:22.572, 1, 100 %, 7861 MiB, 66.84 W
2026/10/06 05:57:52.579, 0, 100 %, 7863 MiB, 65.72 W
2026/10/06 05:57:52.584, 1, 95 %, 7861 MiB, 64.94 W
2026/10/06 05:58:22.591, 0, 99 %, 7863 MiB, 67.18 W
2026/10/06 05:58:22.596, 1, 99 %, 7861 MiB, 58.07 W
2026/10/06 05:58:52.608, 0, 99 %, 7863 MiB, 66.24 W
2026/10/06 05:58:52.612, 1, 97 %, 7861 MiB, 66.45 W
2026/10/06 05:59:22.619, 0, 99 %, 7863 MiB, 65.81 W
2026/10/06 05:59:22.629, 1, 99 %, 7861 MiB, 66.50 W
2026/10/06 05:59:52.639, 0, 95 %, 7863 MiB, 63.91 W
2026/10/06 05:59:52.646, 1, 100 %, 7861 MiB, 93.97 W
2026/10/06 06:00:22.653, 0, 95 %, 7863 MiB, 65.13 W
2026/10/06 06:00:22.657, 1, 100 %, 7861 MiB, 63.73 W
2026/10/06 06:00:52.665, 0, 99 %, 7863 MiB, 66.01 W
2026/10/06 06:00:52.669, 1, 100 %, 7861 MiB, 64.16 W
2026/10/06 06:01:22.678, 0, 100 %, 7863 MiB, 68.69 W
2026/10/06 06:01:22.682, 1, 100 %, 7861 MiB, 65.91 W
2026/10/06 06:01:52.689, 0, 100 %, 7863 MiB, 66.59 W
2026/10/06 06:01:52.700, 1, 100 %, 7861 MiB, 65.77 W
2026/10/06 06:02:22.707, 0, 95 %, 7863 MiB, 60.63 W
2026/10/06 06:02:22.718, 1, 96 %, 7861 MiB, 63.71 W
2026/10/06 06:02:52.728, 0, 100 %, 7863 MiB, 56.80 W
2026/10/06 06:02:52.741, 1, 100 %, 7861 MiB, 55.92 W
2026/10/06 06:03:22.748, 0, 100 %, 7863 MiB, 65.27 W
2026/10/06 06:03:22.753, 1, 100 %, 7861 MiB, 64.78 W
2026/10/06 06:03:52.760, 0, 94 %, 7863 MiB, 65.37 W
2026/10/06 06:03:52.764, 1, 94 %, 7861 MiB, 65.72 W
2026/10/06 06:04:22.774, 0, 95 %, 7863 MiB, 64.92 W
2026/10/06 06:04:22.781, 1, 95 %, 7861 MiB, 64.94 W
2026/10/06 06:04:52.792, 0, 100 %, 7863 MiB, 64.10 W
2026/10/06 06:04:52.803, 1, 100 %, 7861 MiB, 70.05 W
2026/10/06 06:05:22.809, 0, 100 %, 7863 MiB, 59.34 W
2026/10/06 06:05:22.814, 1, 100 %, 7861 MiB, 66.40 W
2026/10/06 06:05:52.821, 0, 100 %, 7863 MiB, 61.55 W
2026/10/06 06:05:52.827, 1, 100 %, 7861 MiB, 71.22 W
2026/10/06 06:06:22.834, 0, 99 %, 7863 MiB, 64.63 W
2026/10/06 06:06:22.845, 1, 99 %, 7861 MiB, 64.20 W
2026/10/06 06:06:52.853, 0, 99 %, 7863 MiB, 64.33 W
2026/10/06 06:06:52.858, 1, 99 %, 7861 MiB, 62.25 W
2026/10/06 06:07:22.866, 0, 100 %, 7863 MiB, 64.33 W
2026/10/06 06:07:22.875, 1, 100 %, 7861 MiB, 68.09 W
2026/10/06 06:07:52.885, 0, 99 %, 7863 MiB, 67.86 W
2026/10/06 06:07:52.890, 1, 96 %, 7861 MiB, 63.75 W
2026/10/06 06:08:22.896, 0, 95 %, 7863 MiB, 65.17 W
2026/10/06 06:08:22.900, 1, 100 %, 7861 MiB, 63.32 W
2026/10/06 06:08:52.908, 0, 99 %, 7863 MiB, 67.32 W
2026/10/06 06:08:52.912, 1, 99 %, 7861 MiB, 66.45 W
2026/10/06 06:09:22.918, 0, 100 %, 7863 MiB, 66.20 W
2026/10/06 06:09:22.924, 1, 100 %, 7861 MiB, 85.48 W
2026/10/06 06:09:52.939, 0, 95 %, 7863 MiB, 65.46 W
2026/10/06 06:09:52.943, 1, 99 %, 7861 MiB, 64.68 W
2026/10/06 06:10:22.950, 0, 100 %, 7863 MiB, 98.71 W
2026/10/06 06:10:22.956, 1, 100 %, 7861 MiB, 45.76 W
2026/10/06 06:10:52.963, 0, 95 %, 7863 MiB, 64.72 W
2026/10/06 06:10:52.970, 1, 95 %, 7861 MiB, 63.91 W
2026/10/06 06:11:22.977, 0, 100 %, 7863 MiB, 59.79 W
2026/10/06 06:11:22.988, 1, 100 %, 7861 MiB, 46.86 W
2026/10/06 06:11:52.995, 0, 99 %, 7863 MiB, 63.46 W
2026/10/06 06:11:53.000, 1, 99 %, 7861 MiB, 63.63 W
2026/10/06 06:12:23.007, 0, 100 %, 7863 MiB, 63.75 W
2026/10/06 06:12:23.014, 1, 100 %, 7861 MiB, 64.74 W
2026/10/06 06:12:53.020, 0, 100 %, 7863 MiB, 62.48 W
2026/10/06 06:12:53.024, 1, 100 %, 7861 MiB, 60.73 W
2026/10/06 06:13:23.033, 0, 94 %, 7863 MiB, 65.50 W
2026/10/06 06:13:23.037, 1, 99 %, 7861 MiB, 68.59 W
2026/10/06 06:13:53.044, 0, 99 %, 7863 MiB, 62.78 W
2026/10/06 06:13:53.058, 1, 99 %, 7861 MiB, 64.06 W
2026/10/06 06:14:23.068, 0, 94 %, 7865 MiB, 75.50 W
2026/10/06 06:14:23.076, 1, 100 %, 7861 MiB, 87.70 W
2026/10/06 06:14:53.090, 0, 100 %, 7865 MiB, 65.42 W
2026/10/06 06:14:53.095, 1, 100 %, 7861 MiB, 64.80 W
2026/10/06 06:15:23.106, 0, 95 %, 7865 MiB, 52.28 W
2026/10/06 06:15:23.117, 1, 95 %, 7861 MiB, 64.61 W
2026/10/06 06:15:53.124, 0, 100 %, 7865 MiB, 61.90 W
2026/10/06 06:15:53.130, 1, 100 %, 7861 MiB, 67.43 W
2026/10/06 06:16:23.136, 0, 100 %, 7865 MiB, 51.04 W
2026/10/06 06:16:23.149, 1, 95 %, 7861 MiB, 84.22 W
2026/10/06 06:16:53.157, 0, 96 %, 7865 MiB, 77.40 W
2026/10/06 06:16:53.161, 1, 100 %, 7861 MiB, 45.59 W
2026/10/06 06:17:23.171, 0, 100 %, 7865 MiB, 63.17 W
2026/10/06 06:17:23.175, 1, 99 %, 7861 MiB, 62.54 W
2026/10/06 06:17:53.188, 0, 94 %, 7865 MiB, 73.41 W
2026/10/06 06:17:53.197, 1, 98 %, 7861 MiB, 65.42 W
2026/10/06 06:18:23.204, 0, 100 %, 7865 MiB, 60.86 W
2026/10/06 06:18:23.209, 1, 100 %, 7861 MiB, 70.40 W
2026/10/06 06:18:53.218, 0, 99 %, 7865 MiB, 62.74 W
2026/10/06 06:18:53.223, 1, 99 %, 7861 MiB, 65.87 W
2026/10/06 06:19:23.229, 0, 97 %, 7865 MiB, 64.94 W
2026/10/06 06:19:23.240, 1, 97 %, 7861 MiB, 63.63 W
2026/10/06 06:19:53.247, 0, 99 %, 7865 MiB, 67.12 W
2026/10/06 06:19:53.256, 1, 99 %, 7861 MiB, 68.21 W
2026/10/06 06:20:23.270, 0, 95 %, 7865 MiB, 66.50 W
2026/10/06 06:20:23.276, 1, 96 %, 7861 MiB, 66.01 W
2026/10/06 06:20:53.289, 0, 95 %, 7865 MiB, 64.88 W
2026/10/06 06:20:53.297, 1, 95 %, 7861 MiB, 66.26 W
2026/10/06 06:21:23.306, 0, 99 %, 7865 MiB, 63.61 W
2026/10/06 06:21:23.310, 1, 94 %, 7861 MiB, 63.58 W
2026/10/06 06:21:53.318, 0, 99 %, 7865 MiB, 52.77 W
2026/10/06 06:21:53.322, 1, 99 %, 7861 MiB, 65.19 W
2026/10/06 06:22:23.333, 0, 99 %, 7865 MiB, 62.68 W
2026/10/06 06:22:23.344, 1, 99 %, 7861 MiB, 65.00 W
2026/10/06 06:22:53.351, 0, 94 %, 7865 MiB, 64.59 W
2026/10/06 06:22:53.361, 1, 95 %, 7861 MiB, 62.06 W
2026/10/06 06:23:23.370, 0, 100 %, 7865 MiB, 66.94 W
2026/10/06 06:23:23.375, 1, 100 %, 7861 MiB, 67.04 W
2026/10/06 06:23:53.384, 0, 95 %, 7865 MiB, 54.23 W
2026/10/06 06:23:53.395, 1, 100 %, 7861 MiB, 50.22 W
2026/10/06 06:24:23.406, 0, 100 %, 7865 MiB, 60.57 W
2026/10/06 06:24:23.411, 1, 100 %, 7861 MiB, 67.82 W
2026/10/06 06:24:53.418, 0, 99 %, 7865 MiB, 60.38 W
2026/10/06 06:24:53.423, 1, 100 %, 7861 MiB, 61.18 W
2026/10/06 06:25:23.436, 0, 94 %, 7865 MiB, 56.02 W
2026/10/06 06:25:23.442, 1, 94 %, 7861 MiB, 65.27 W
2026/10/06 06:25:53.448, 0, 94 %, 7865 MiB, 64.30 W
2026/10/06 06:25:53.460, 1, 99 %, 7861 MiB, 62.80 W
2026/10/06 06:26:23.467, 0, 100 %, 7865 MiB, 76.23 W
2026/10/06 06:26:23.472, 1, 96 %, 7861 MiB, 86.45 W
2026/10/06 06:26:53.480, 0, 95 %, 7865 MiB, 65.33 W
2026/10/06 06:26:53.485, 1, 95 %, 7861 MiB, 66.45 W
2026/10/06 06:27:23.495, 0, 94 %, 7865 MiB, 61.02 W
2026/10/06 06:27:23.500, 1, 96 %, 7861 MiB, 62.93 W
2026/10/06 06:27:53.512, 0, 100 %, 7865 MiB, 66.24 W
2026/10/06 06:27:53.521, 1, 100 %, 7861 MiB, 66.20 W
2026/10/06 06:28:23.533, 0, 100 %, 7865 MiB, 68.30 W
2026/10/06 06:28:23.543, 1, 100 %, 7861 MiB, 66.88 W
2026/10/06 06:28:53.550, 0, 100 %, 7865 MiB, 68.69 W
2026/10/06 06:28:53.556, 1, 95 %, 7861 MiB, 64.80 W
2026/10/06 06:29:23.567, 0, 100 %, 7865 MiB, 68.01 W
2026/10/06 06:29:23.576, 1, 100 %, 7861 MiB, 62.06 W
2026/10/06 06:29:53.582, 0, 100 %, 7865 MiB, 63.46 W
2026/10/06 06:29:53.591, 1, 100 %, 7861 MiB, 63.71 W
2026/10/06 06:30:23.601, 0, 99 %, 7865 MiB, 65.81 W
2026/10/06 06:30:23.605, 1, 99 %, 7861 MiB, 73.07 W
2026/10/06 06:30:53.612, 0, 99 %, 7865 MiB, 64.68 W
2026/10/06 06:30:53.621, 1, 99 %, 7861 MiB, 68.16 W
2026/10/06 06:31:23.629, 0, 100 %, 7865 MiB, 57.68 W
2026/10/06 06:31:23.635, 1, 100 %, 7861 MiB, 88.19 W
2026/10/06 06:31:53.646, 0, 100 %, 7865 MiB, 73.75 W
2026/10/06 06:31:53.652, 1, 95 %, 7861 MiB, 47.52 W
2026/10/06 06:32:23.659, 0, 99 %, 7865 MiB, 65.46 W
2026/10/06 06:32:23.663, 1, 99 %, 7861 MiB, 56.47 W
2026/10/06 06:32:53.670, 0, 99 %, 7865 MiB, 68.21 W
2026/10/06 06:32:53.679, 1, 96 %, 7861 MiB, 66.26 W
2026/10/06 06:33:23.686, 0, 99 %, 7865 MiB, 69.86 W
2026/10/06 06:33:23.691, 1, 99 %, 7861 MiB, 65.97 W
2026/10/06 06:33:53.697, 0, 93 %, 7865 MiB, 65.07 W
2026/10/06 06:33:53.707, 1, 95 %, 7861 MiB, 59.79 W
2026/10/06 06:34:23.719, 0, 100 %, 7865 MiB, 56.41 W
2026/10/06 06:34:23.724, 1, 100 %, 7861 MiB, 61.96 W
2026/10/06 06:34:53.735, 0, 100 %, 7865 MiB, 63.03 W
2026/10/06 06:34:53.741, 1, 100 %, 7861 MiB, 65.29 W
2026/10/06 06:35:23.750, 0, 100 %, 7865 MiB, 65.95 W
2026/10/06 06:35:23.754, 1, 100 %, 7861 MiB, 57.96 W
2026/10/06 06:35:53.764, 0, 99 %, 7865 MiB, 67.96 W
2026/10/06 06:35:53.773, 1, 100 %, 7861 MiB, 64.84 W
2026/10/06 06:36:23.781, 0, 95 %, 7865 MiB, 65.76 W
2026/10/06 06:36:23.786, 1, 94 %, 7861 MiB, 65.17 W
2026/10/06 06:36:53.797, 0, 99 %, 7865 MiB, 66.98 W
2026/10/06 06:36:53.801, 1, 99 %, 7861 MiB, 67.23 W
2026/10/06 06:37:23.811, 0, 94 %, 7865 MiB, 54.85 W
2026/10/06 06:37:23.816, 1, 95 %, 7861 MiB, 68.40 W
2026/10/06 06:37:53.827, 0, 99 %, 7865 MiB, 66.07 W
2026/10/06 06:37:53.836, 1, 98 %, 7861 MiB, 65.23 W
2026/10/06 06:38:23.844, 0, 100 %, 7865 MiB, 64.20 W
2026/10/06 06:38:23.849, 1, 100 %, 7861 MiB, 65.17 W
2026/10/06 06:38:53.855, 0, 99 %, 7865 MiB, 64.39 W
2026/10/06 06:38:53.864, 1, 99 %, 7861 MiB, 64.84 W
2026/10/06 06:39:23.870, 0, 99 %, 7865 MiB, 68.01 W
2026/10/06 06:39:23.874, 1, 99 %, 7861 MiB, 64.90 W
2026/10/06 06:39:53.881, 0, 99 %, 7865 MiB, 62.09 W
2026/10/06 06:39:53.886, 1, 99 %, 7861 MiB, 64.64 W
2026/10/06 06:40:23.900, 0, 93 %, 7865 MiB, 64.00 W
2026/10/06 06:40:23.911, 1, 94 %, 7861 MiB, 65.58 W
2026/10/06 06:40:53.921, 0, 100 %, 7865 MiB, 69.32 W
2026/10/06 06:40:53.926, 1, 100 %, 7861 MiB, 65.68 W
2026/10/06 06:41:23.935, 0, 100 %, 7865 MiB, 63.91 W
2026/10/06 06:41:23.948, 1, 100 %, 7861 MiB, 65.87 W
2026/10/06 06:41:53.963, 0, 94 %, 7865 MiB, 64.74 W
2026/10/06 06:41:53.968, 1, 95 %, 7861 MiB, 68.59 W
2026/10/06 06:42:23.975, 0, 100 %, 7865 MiB, 66.59 W
2026/10/06 06:42:23.979, 1, 100 %, 7861 MiB, 66.80 W
2026/10/06 06:42:53.986, 0, 96 %, 7865 MiB, 73.51 W
2026/10/06 06:42:53.991, 1, 95 %, 7861 MiB, 63.28 W
2026/10/06 06:43:23.998, 0, 100 %, 7865 MiB, 57.55 W
2026/10/06 06:43:24.003, 1, 96 %, 7861 MiB, 68.84 W
2026/10/06 06:43:54.012, 0, 95 %, 7865 MiB, 67.76 W
2026/10/06 06:43:54.017, 1, 94 %, 7861 MiB, 66.11 W
2026/10/06 06:44:24.024, 0, 94 %, 7865 MiB, 65.85 W
2026/10/06 06:44:24.029, 1, 100 %, 7861 MiB, 91.73 W
2026/10/06 06:44:54.038, 0, 94 %, 7865 MiB, 71.71 W
2026/10/06 06:44:54.048, 1, 100 %, 7861 MiB, 65.13 W
2026/10/06 06:45:24.055, 0, 94 %, 7865 MiB, 60.67 W
2026/10/06 06:45:24.060, 1, 99 %, 7861 MiB, 62.93 W
2026/10/06 06:45:54.072, 0, 99 %, 7865 MiB, 64.39 W
2026/10/06 06:45:54.076, 1, 100 %, 7861 MiB, 64.61 W
2026/10/06 06:46:24.082, 0, 99 %, 7865 MiB, 65.42 W
2026/10/06 06:46:24.087, 1, 99 %, 7861 MiB, 66.45 W
2026/10/06 06:46:54.096, 0, 99 %, 7865 MiB, 64.74 W
2026/10/06 06:46:54.100, 1, 100 %, 7861 MiB, 66.44 W
2026/10/06 06:47:24.108, 0, 95 %, 7865 MiB, 72.00 W
2026/10/06 06:47:24.116, 1, 100 %, 7861 MiB, 64.45 W
2026/10/06 06:47:54.129, 0, 95 %, 7865 MiB, 65.46 W
2026/10/06 06:47:54.137, 1, 95 %, 7861 MiB, 58.13 W
2026/10/06 06:48:24.144, 0, 99 %, 7865 MiB, 66.44 W
2026/10/06 06:48:24.148, 1, 99 %, 7861 MiB, 69.52 W
2026/10/06 06:48:54.155, 0, 99 %, 7865 MiB, 67.71 W
2026/10/06 06:48:54.165, 1, 99 %, 7861 MiB, 66.45 W
2026/10/06 06:49:24.177, 0, 95 %, 7865 MiB, 56.12 W
2026/10/06 06:49:24.181, 1, 99 %, 7861 MiB, 60.69 W
2026/10/06 06:49:54.191, 0, 95 %, 7865 MiB, 62.97 W
2026/10/06 06:49:54.198, 1, 100 %, 7861 MiB, 47.45 W
2026/10/06 06:50:24.209, 0, 95 %, 7865 MiB, 80.50 W
2026/10/06 06:50:24.218, 1, 100 %, 7863 MiB, 47.78 W
2026/10/06 06:50:54.237, 0, 95 %, 7865 MiB, 65.33 W
2026/10/06 06:50:54.241, 1, 94 %, 7863 MiB, 66.94 W
2026/10/06 06:51:24.248, 0, 95 %, 7865 MiB, 71.90 W
2026/10/06 06:51:24.258, 1, 96 %, 7863 MiB, 66.11 W
2026/10/06 06:51:54.264, 0, 99 %, 7865 MiB, 67.08 W
2026/10/06 06:51:54.269, 1, 99 %, 7863 MiB, 68.89 W
2026/10/06 06:52:24.277, 0, 94 %, 7865 MiB, 67.57 W
2026/10/06 06:52:24.286, 1, 94 %, 7863 MiB, 65.81 W
2026/10/06 06:52:54.293, 0, 95 %, 7865 MiB, 65.46 W
2026/10/06 06:52:54.298, 1, 95 %, 7863 MiB, 45.39 W
2026/10/06 06:53:24.306, 0, 100 %, 7865 MiB, 69.61 W
2026/10/06 06:53:24.311, 1, 100 %, 7863 MiB, 62.25 W
2026/10/06 06:53:54.319, 0, 99 %, 7865 MiB, 62.02 W
2026/10/06 06:53:54.323, 1, 99 %, 7863 MiB, 68.11 W
2026/10/06 06:54:24.330, 0, 100 %, 7865 MiB, 60.47 W
2026/10/06 06:54:24.336, 1, 100 %, 7863 MiB, 63.09 W
2026/10/06 06:54:54.342, 0, 97 %, 7865 MiB, 64.33 W
2026/10/06 06:54:54.352, 1, 94 %, 7863 MiB, 65.29 W
2026/10/06 06:55:24.359, 0, 95 %, 7865 MiB, 65.76 W
2026/10/06 06:55:24.364, 1, 100 %, 7863 MiB, 65.62 W
2026/10/06 06:55:54.376, 0, 94 %, 7865 MiB, 62.09 W
2026/10/06 06:55:54.381, 1, 99 %, 7863 MiB, 59.81 W
2026/10/06 06:56:24.388, 0, 100 %, 7865 MiB, 60.38 W
2026/10/06 06:56:24.397, 1, 95 %, 7863 MiB, 46.34 W
2026/10/06 06:56:54.404, 0, 99 %, 7865 MiB, 63.75 W
2026/10/06 06:56:54.408, 1, 100 %, 7863 MiB, 66.45 W
2026/10/06 06:57:24.415, 0, 100 %, 7865 MiB, 64.30 W
2026/10/06 06:57:24.419, 1, 100 %, 7863 MiB, 64.90 W
2026/10/06 06:57:54.433, 0, 95 %, 7865 MiB, 83.79 W
2026/10/06 06:57:54.437, 1, 100 %, 7863 MiB, 65.77 W
2026/10/06 06:58:24.444, 0, 99 %, 7865 MiB, 65.56 W
2026/10/06 06:58:24.449, 1, 99 %, 7863 MiB, 66.94 W
2026/10/06 06:58:54.455, 0, 95 %, 7865 MiB, 62.74 W
2026/10/06 06:58:54.460, 1, 96 %, 7863 MiB, 52.90 W
2026/10/06 06:59:24.467, 0, 95 %, 7865 MiB, 64.88 W
2026/10/06 06:59:24.472, 1, 100 %, 7863 MiB, 67.97 W
2026/10/06 06:59:54.481, 0, 99 %, 7865 MiB, 62.64 W
2026/10/06 06:59:54.485, 1, 100 %, 7863 MiB, 66.90 W
2026/10/06 07:00:24.496, 0, 100 %, 7865 MiB, 56.45 W
2026/10/06 07:00:24.507, 1, 95 %, 7863 MiB, 74.87 W
2026/10/06 07:00:54.514, 0, 99 %, 7865 MiB, 67.51 W
2026/10/06 07:00:54.519, 1, 99 %, 7863 MiB, 66.61 W
2026/10/06 07:01:24.534, 0, 93 %, 7865 MiB, 58.13 W
2026/10/06 07:01:24.538, 1, 94 %, 7863 MiB, 54.59 W
2026/10/06 07:01:54.550, 0, 100 %, 7865 MiB, 51.20 W
2026/10/06 07:01:54.556, 1, 100 %, 7863 MiB, 65.33 W
2026/10/06 07:02:24.563, 0, 98 %, 7865 MiB, 64.55 W
2026/10/06 07:02:24.567, 1, 96 %, 7863 MiB, 71.33 W
2026/10/06 07:02:54.574, 0, 99 %, 7865 MiB, 59.50 W
2026/10/06 07:02:54.578, 1, 99 %, 7863 MiB, 63.03 W
2026/10/06 07:03:24.586, 0, 100 %, 7865 MiB, 60.86 W
2026/10/06 07:03:24.591, 1, 100 %, 7863 MiB, 69.28 W
2026/10/06 07:03:54.603, 0, 94 %, 7865 MiB, 65.66 W
2026/10/06 07:03:54.610, 1, 95 %, 7863 MiB, 47.75 W
2026/10/06 07:04:24.617, 0, 100 %, 7865 MiB, 61.76 W
2026/10/06 07:04:24.621, 1, 100 %, 7863 MiB, 63.32 W
2026/10/06 07:04:54.627, 0, 100 %, 7865 MiB, 64.20 W
2026/10/06 07:04:54.632, 1, 100 %, 7863 MiB, 67.62 W
2026/10/06 07:05:24.641, 0, 100 %, 7865 MiB, 76.43 W
2026/10/06 07:05:24.649, 1, 95 %, 7863 MiB, 71.71 W
2026/10/06 07:05:54.655, 0, 95 %, 7865 MiB, 54.40 W
2026/10/06 07:05:54.660, 1, 94 %, 7863 MiB, 64.26 W
2026/10/06 07:06:24.666, 0, 99 %, 7865 MiB, 66.20 W
2026/10/06 07:06:24.671, 1, 98 %, 7863 MiB, 68.07 W
2026/10/06 07:06:54.682, 0, 99 %, 7865 MiB, 66.50 W
2026/10/06 07:06:54.686, 1, 99 %, 7863 MiB, 66.79 W
2026/10/06 07:07:24.701, 0, 99 %, 7865 MiB, 66.59 W
2026/10/06 07:07:24.706, 1, 99 %, 7863 MiB, 66.26 W
2026/10/06 07:07:54.714, 0, 100 %, 7865 MiB, 78.76 W
2026/10/06 07:07:54.719, 1, 95 %, 7863 MiB, 109.12 W
2026/10/06 07:08:24.726, 0, 100 %, 7865 MiB, 74.53 W
2026/10/06 07:08:24.731, 1, 94 %, 7863 MiB, 90.36 W
2026/10/06 07:08:54.738, 0, 98 %, 7865 MiB, 64.30 W
2026/10/06 07:08:54.744, 1, 99 %, 7863 MiB, 63.96 W
2026/10/06 07:09:24.750, 0, 99 %, 7865 MiB, 67.57 W
2026/10/06 07:09:24.755, 1, 99 %, 7863 MiB, 68.59 W
2026/10/06 07:09:54.764, 0, 99 %, 7865 MiB, 66.24 W
2026/10/06 07:09:54.768, 1, 99 %, 7863 MiB, 62.19 W
2026/10/06 07:10:24.776, 0, 99 %, 7865 MiB, 68.05 W
2026/10/06 07:10:24.781, 1, 93 %, 7863 MiB, 69.04 W
2026/10/06 07:10:54.788, 0, 95 %, 7865 MiB, 65.66 W
2026/10/06 07:10:54.799, 1, 95 %, 7863 MiB, 63.77 W
2026/10/06 07:11:24.806, 0, 93 %, 7865 MiB, 59.30 W
2026/10/06 07:11:24.810, 1, 99 %, 7863 MiB, 60.89 W
2026/10/06 07:11:54.823, 0, 100 %, 7865 MiB, 61.41 W
2026/10/06 07:11:54.827, 1, 100 %, 7863 MiB, 60.05 W
2026/10/06 07:12:24.833, 0, 94 %, 7865 MiB, 64.98 W
2026/10/06 07:12:24.842, 1, 94 %, 7863 MiB, 65.72 W
2026/10/06 07:12:54.853, 0, 98 %, 7865 MiB, 63.71 W
2026/10/06 07:12:54.857, 1, 95 %, 7863 MiB, 55.92 W
2026/10/06 07:13:24.867, 0, 99 %, 7865 MiB, 62.44 W
2026/10/06 07:13:24.872, 1, 93 %, 7863 MiB, 66.16 W
2026/10/06 07:13:54.885, 0, 99 %, 7865 MiB, 47.25 W
2026/10/06 07:13:54.896, 1, 99 %, 7863 MiB, 63.48 W
2026/10/06 07:14:24.909, 0, 96 %, 7865 MiB, 67.80 W
2026/10/06 07:14:24.914, 1, 94 %, 7863 MiB, 65.07 W
2026/10/06 07:14:54.921, 0, 100 %, 7865 MiB, 65.99 W
2026/10/06 07:14:54.934, 1, 95 %, 7863 MiB, 48.30 W
2026/10/06 07:15:24.945, 0, 98 %, 7865 MiB, 64.63 W
2026/10/06 07:15:24.951, 1, 99 %, 7863 MiB, 63.71 W
2026/10/06 07:15:54.964, 0, 100 %, 7865 MiB, 65.76 W
2026/10/06 07:15:54.968, 1, 100 %, 7863 MiB, 68.21 W
2026/10/06 07:16:24.974, 0, 96 %, 7865 MiB, 72.93 W
2026/10/06 07:16:24.980, 1, 96 %, 7863 MiB, 75.99 W
2026/10/06 07:16:54.987, 0, 100 %, 7865 MiB, 77.64 W
2026/10/06 07:16:54.996, 1, 100 %, 7863 MiB, 102.02 W
2026/10/06 07:17:25.007, 0, 94 %, 7865 MiB, 68.79 W
2026/10/06 07:17:25.012, 1, 95 %, 7863 MiB, 54.98 W
2026/10/06 07:17:55.020, 0, 97 %, 7865 MiB, 65.85 W
2026/10/06 07:17:55.024, 1, 95 %, 7863 MiB, 51.07 W
2026/10/06 07:18:25.031, 0, 100 %, 7865 MiB, 66.69 W
2026/10/06 07:18:25.040, 1, 100 %, 7863 MiB, 66.07 W
2026/10/06 07:18:55.047, 0, 99 %, 7865 MiB, 60.63 W
2026/10/06 07:18:55.056, 1, 99 %, 7863 MiB, 61.57 W
2026/10/06 07:19:25.064, 0, 100 %, 7865 MiB, 62.68 W
2026/10/06 07:19:25.068, 1, 100 %, 7863 MiB, 66.65 W
2026/10/06 07:19:55.074, 0, 100 %, 7865 MiB, 59.60 W
2026/10/06 07:19:55.081, 1, 100 %, 7863 MiB, 65.97 W
2026/10/06 07:20:25.088, 0, 100 %, 7865 MiB, 65.72 W
2026/10/06 07:20:25.105, 1, 95 %, 7863 MiB, 64.61 W
2026/10/06 07:20:55.113, 0, 100 %, 7865 MiB, 66.30 W
2026/10/06 07:20:55.118, 1, 100 %, 7863 MiB, 63.58 W
2026/10/06 07:21:25.128, 0, 100 %, 7865 MiB, 68.29 W
2026/10/06 07:21:25.132, 1, 100 %, 7863 MiB, 66.80 W
2026/10/06 07:21:55.139, 0, 99 %, 7865 MiB, 65.07 W
2026/10/06 07:21:55.148, 1, 100 %, 7863 MiB, 65.38 W
2026/10/06 07:22:25.154, 0, 99 %, 7865 MiB, 61.70 W
2026/10/06 07:22:25.159, 1, 100 %, 7863 MiB, 61.86 W
2026/10/06 07:22:55.166, 0, 99 %, 7865 MiB, 65.76 W
2026/10/06 07:22:55.173, 1, 99 %, 7863 MiB, 67.66 W
2026/10/06 07:23:25.185, 0, 100 %, 7865 MiB, 67.96 W
2026/10/06 07:23:25.189, 1, 100 %, 7863 MiB, 63.87 W
2026/10/06 07:23:55.195, 0, 99 %, 7865 MiB, 67.14 W
2026/10/06 07:23:55.200, 1, 99 %, 7863 MiB, 66.88 W
2026/10/06 07:24:25.207, 0, 98 %, 7865 MiB, 65.07 W
2026/10/06 07:24:25.214, 1, 95 %, 7863 MiB, 66.36 W
2026/10/06 07:24:55.220, 0, 100 %, 7865 MiB, 69.37 W
2026/10/06 07:24:55.225, 1, 100 %, 7863 MiB, 69.87 W
2026/10/06 07:25:25.232, 0, 99 %, 7865 MiB, 65.56 W
2026/10/06 07:25:25.236, 1, 99 %, 7863 MiB, 63.38 W
2026/10/06 07:25:55.243, 0, 100 %, 7865 MiB, 67.47 W
2026/10/06 07:25:55.256, 1, 100 %, 7863 MiB, 46.47 W
2026/10/06 07:26:25.263, 0, 95 %, 7865 MiB, 64.20 W
2026/10/06 07:26:25.268, 1, 96 %, 7863 MiB, 91.03 W
2026/10/06 07:26:55.278, 0, 95 %, 7865 MiB, 65.85 W
2026/10/06 07:26:55.283, 1, 95 %, 7863 MiB, 64.26 W
2026/10/06 07:27:25.289, 0, 99 %, 7865 MiB, 66.88 W
2026/10/06 07:27:25.300, 1, 99 %, 7863 MiB, 63.61 W
2026/10/06 07:27:55.306, 0, 100 %, 7865 MiB, 67.66 W
2026/10/06 07:27:55.310, 1, 100 %, 7863 MiB, 64.06 W
2026/10/06 07:28:25.317, 0, 95 %, 7865 MiB, 52.77 W
2026/10/06 07:28:25.324, 1, 99 %, 7863 MiB, 63.77 W
2026/10/06 07:28:55.333, 0, 100 %, 7865 MiB, 67.37 W
2026/10/06 07:28:55.342, 1, 100 %, 7863 MiB, 67.04 W
2026/10/06 07:29:25.349, 0, 99 %, 7865 MiB, 54.40 W
2026/10/06 07:29:25.353, 1, 99 %, 7863 MiB, 55.37 W
2026/10/06 07:29:55.360, 0, 100 %, 7865 MiB, 71.47 W
2026/10/06 07:29:55.368, 1, 95 %, 7863 MiB, 65.04 W
2026/10/06 07:30:25.375, 0, 100 %, 7865 MiB, 60.44 W
2026/10/06 07:30:25.380, 1, 100 %, 7863 MiB, 61.61 W
2026/10/06 07:30:55.388, 0, 96 %, 7865 MiB, 65.27 W
2026/10/06 07:30:55.400, 1, 95 %, 7863 MiB, 64.16 W
2026/10/06 07:31:25.413, 0, 95 %, 7865 MiB, 64.49 W
2026/10/06 07:31:25.418, 1, 100 %, 7863 MiB, 100.29 W
2026/10/06 07:31:55.424, 0, 95 %, 7865 MiB, 66.05 W
2026/10/06 07:31:55.429, 1, 100 %, 7863 MiB, 86.93 W
2026/10/06 07:32:25.436, 0, 100 %, 7865 MiB, 68.89 W
2026/10/06 07:32:25.440, 1, 100 %, 7863 MiB, 65.72 W
2026/10/06 07:32:55.447, 0, 99 %, 7865 MiB, 63.22 W
2026/10/06 07:32:55.452, 1, 100 %, 7863 MiB, 66.50 W
2026/10/06 07:33:25.460, 0, 100 %, 7865 MiB, 59.69 W
2026/10/06 07:33:25.465, 1, 100 %, 7863 MiB, 68.65 W
2026/10/06 07:33:55.471, 0, 95 %, 7865 MiB, 64.94 W
2026/10/06 07:33:55.476, 1, 94 %, 7863 MiB, 58.29 W
2026/10/06 07:34:25.482, 0, 100 %, 7865 MiB, 65.17 W
2026/10/06 07:34:25.486, 1, 95 %, 7863 MiB, 67.52 W
2026/10/06 07:34:55.493, 0, 94 %, 7865 MiB, 68.44 W
2026/10/06 07:34:55.501, 1, 99 %, 7863 MiB, 65.04 W
2026/10/06 07:35:25.508, 0, 95 %, 7865 MiB, 65.46 W
2026/10/06 07:35:25.514, 1, 100 %, 7863 MiB, 64.45 W
2026/10/06 07:35:55.521, 0, 100 %, 7865 MiB, 61.02 W
2026/10/06 07:35:55.526, 1, 100 %, 7863 MiB, 60.98 W
2026/10/06 07:36:25.536, 0, 95 %, 7865 MiB, 81.52 W
2026/10/06 07:36:25.548, 1, 94 %, 7863 MiB, 89.14 W
2026/10/06 07:36:55.555, 0, 100 %, 7865 MiB, 60.08 W
2026/10/06 07:36:55.559, 1, 100 %, 7863 MiB, 68.30 W
2026/10/06 07:37:25.568, 0, 99 %, 7865 MiB, 65.46 W
2026/10/06 07:37:25.573, 1, 100 %, 7863 MiB, 63.34 W
2026/10/06 07:37:55.580, 0, 95 %, 7865 MiB, 59.11 W
2026/10/06 07:37:55.588, 1, 94 %, 7863 MiB, 63.87 W
2026/10/06 07:38:25.595, 0, 100 %, 7865 MiB, 63.32 W
2026/10/06 07:38:25.599, 1, 99 %, 7863 MiB, 62.64 W
2026/10/06 07:38:55.606, 0, 100 %, 7865 MiB, 64.59 W
2026/10/06 07:38:55.610, 1, 100 %, 7863 MiB, 63.09 W
2026/10/06 07:39:25.618, 0, 100 %, 7865 MiB, 64.59 W
2026/10/06 07:39:25.622, 1, 100 %, 7863 MiB, 67.66 W
2026/10/06 07:39:55.628, 0, 99 %, 7865 MiB, 62.19 W
2026/10/06 07:39:55.635, 1, 100 %, 7863 MiB, 68.45 W
2026/10/06 07:40:25.644, 0, 99 %, 7865 MiB, 67.51 W
2026/10/06 07:40:25.656, 1, 98 %, 7863 MiB, 67.23 W
2026/10/06 07:40:55.667, 0, 99 %, 7865 MiB, 65.56 W
2026/10/06 07:40:55.672, 1, 60 %, 7863 MiB, 42.19 W
2026/10/06 07:41:25.678, 0, 99 %, 7865 MiB, 65.72 W
2026/10/06 07:41:25.683, 1, 98 %, 7863 MiB, 67.76 W
2026/10/06 07:41:55.690, 0, 100 %, 7865 MiB, 64.30 W
2026/10/06 07:41:55.694, 1, 100 %, 7863 MiB, 65.68 W
2026/10/06 07:42:25.704, 0, 99 %, 7865 MiB, 60.83 W
2026/10/06 07:42:25.709, 1, 99 %, 7863 MiB, 61.82 W
2026/10/06 07:42:55.720, 0, 99 %, 7865 MiB, 64.88 W
2026/10/06 07:42:55.724, 1, 99 %, 7863 MiB, 68.98 W
2026/10/06 07:43:25.731, 0, 100 %, 7865 MiB, 65.17 W
2026/10/06 07:43:25.736, 1, 100 %, 7863 MiB, 83.79 W
2026/10/06 07:43:55.748, 0, 99 %, 7865 MiB, 62.48 W
2026/10/06 07:43:55.758, 1, 99 %, 7863 MiB, 68.32 W
2026/10/06 07:44:25.766, 0, 98 %, 7865 MiB, 61.80 W
2026/10/06 07:44:25.770, 1, 99 %, 7863 MiB, 66.30 W
2026/10/06 07:44:55.777, 0, 100 %, 7865 MiB, 68.93 W
2026/10/06 07:44:55.782, 1, 100 %, 7863 MiB, 66.79 W
2026/10/06 07:45:25.788, 0, 99 %, 7865 MiB, 64.10 W
2026/10/06 07:45:25.793, 1, 99 %, 7863 MiB, 65.52 W
2026/10/06 07:45:55.801, 0, 100 %, 7865 MiB, 66.63 W
2026/10/06 07:45:55.805, 1, 100 %, 7863 MiB, 67.48 W
2026/10/06 07:46:25.814, 0, 95 %, 7865 MiB, 64.98 W
2026/10/06 07:46:25.819, 1, 95 %, 7863 MiB, 57.81 W
2026/10/06 07:46:55.833, 0, 99 %, 7865 MiB, 65.27 W
2026/10/06 07:46:55.838, 1, 97 %, 7863 MiB, 67.66 W
2026/10/06 07:47:25.846, 0, 95 %, 7865 MiB, 65.46 W
2026/10/06 07:47:25.851, 1, 95 %, 7863 MiB, 84.76 W
2026/10/06 07:47:55.859, 0, 97 %, 7865 MiB, 80.79 W
2026/10/06 07:47:55.863, 1, 95 %, 7863 MiB, 64.06 W
2026/10/06 07:48:25.871, 0, 99 %, 7865 MiB, 92.41 W
2026/10/06 07:48:25.875, 1, 95 %, 7863 MiB, 63.58 W
2026/10/06 07:48:55.886, 0, 100 %, 7865 MiB, 62.87 W
2026/10/06 07:48:55.896, 1, 100 %, 7863 MiB, 59.85 W
2026/10/06 07:49:25.903, 0, 100 %, 7865 MiB, 70.64 W
2026/10/06 07:49:25.908, 1, 100 %, 7863 MiB, 68.25 W
2026/10/06 07:49:55.921, 0, 100 %, 7865 MiB, 63.77 W
2026/10/06 07:49:55.926, 1, 100 %, 7863 MiB, 44.32 W
2026/10/06 07:50:25.942, 0, 100 %, 7865 MiB, 65.85 W
2026/10/06 07:50:25.946, 1, 100 %, 7863 MiB, 64.88 W
2026/10/06 07:50:55.952, 0, 94 %, 7865 MiB, 68.54 W
2026/10/06 07:50:55.957, 1, 95 %, 7863 MiB, 71.37 W
2026/10/06 07:51:25.964, 0, 100 %, 7865 MiB, 60.47 W
2026/10/06 07:51:25.977, 1, 100 %, 7863 MiB, 60.73 W
2026/10/06 07:51:55.991, 0, 94 %, 7865 MiB, 67.76 W
2026/10/06 07:51:56.001, 1, 94 %, 7863 MiB, 67.29 W
2026/10/06 07:52:26.009, 0, 95 %, 7865 MiB, 88.53 W
2026/10/06 07:52:26.014, 1, 100 %, 7863 MiB, 72.25 W
2026/10/06 07:52:56.021, 0, 95 %, 7865 MiB, 75.89 W
2026/10/06 07:52:56.025, 1, 100 %, 7863 MiB, 73.27 W
2026/10/06 07:53:26.033, 0, 94 %, 7865 MiB, 65.33 W
2026/10/06 07:53:26.042, 1, 100 %, 7863 MiB, 71.08 W
2026/10/06 07:53:56.049, 0, 98 %, 7865 MiB, 67.14 W
2026/10/06 07:53:56.059, 1, 99 %, 7863 MiB, 61.86 W
2026/10/06 07:54:26.068, 0, 100 %, 7865 MiB, 65.13 W
2026/10/06 07:54:26.072, 1, 95 %, 7863 MiB, 45.29 W
2026/10/06 07:54:56.088, 0, 94 %, 7865 MiB, 64.88 W
2026/10/06 07:54:56.092, 1, 94 %, 7863 MiB, 54.75 W
2026/10/06 07:55:26.100, 0, 100 %, 7865 MiB, 63.75 W
2026/10/06 07:55:26.106, 1, 100 %, 7863 MiB, 65.37 W
2026/10/06 07:55:56.112, 0, 95 %, 7865 MiB, 65.89 W
2026/10/06 07:55:56.118, 1, 95 %, 7863 MiB, 57.45 W
2026/10/06 07:56:26.124, 0, 100 %, 7865 MiB, 50.94 W
2026/10/06 07:56:26.129, 1, 100 %, 7863 MiB, 69.43 W
2026/10/06 07:56:56.139, 0, 100 %, 7865 MiB, 71.27 W
2026/10/06 07:56:56.145, 1, 100 %, 7863 MiB, 90.15 W
2026/10/06 07:57:26.158, 0, 99 %, 7865 MiB, 65.58 W
2026/10/06 07:57:26.169, 1, 97 %, 7863 MiB, 64.94 W
2026/10/06 07:57:56.176, 0, 95 %, 7865 MiB, 67.91 W
2026/10/06 07:57:56.184, 1, 95 %, 7863 MiB, 91.31 W
2026/10/06 07:58:26.191, 0, 100 %, 7865 MiB, 69.08 W
2026/10/06 07:58:26.195, 1, 100 %, 7863 MiB, 60.24 W
2026/10/06 07:58:56.202, 0, 100 %, 7865 MiB, 63.52 W
2026/10/06 07:58:56.207, 1, 100 %, 7863 MiB, 66.90 W
2026/10/06 07:59:26.213, 0, 97 %, 7865 MiB, 79.83 W
2026/10/06 07:59:26.218, 1, 95 %, 7863 MiB, 77.69 W
2026/10/06 07:59:56.225, 0, 100 %, 7865 MiB, 69.96 W
2026/10/06 07:59:56.229, 1, 100 %, 7863 MiB, 69.08 W
2026/10/06 08:00:26.235, 0, 95 %, 7865 MiB, 67.18 W
2026/10/06 08:00:26.242, 1, 99 %, 7863 MiB, 59.52 W
2026/10/06 08:00:56.249, 0, 100 %, 7865 MiB, 62.93 W
2026/10/06 08:00:56.258, 1, 100 %, 7863 MiB, 66.79 W
2026/10/06 08:01:26.265, 0, 99 %, 7865 MiB, 65.33 W
2026/10/06 08:01:26.269, 1, 99 %, 7863 MiB, 64.55 W
2026/10/06 08:01:56.284, 0, 95 %, 7865 MiB, 64.68 W
2026/10/06 08:01:56.295, 1, 95 %, 7863 MiB, 64.94 W
2026/10/06 08:02:26.302, 0, 100 %, 7865 MiB, 62.87 W
2026/10/06 08:02:26.306, 1, 100 %, 7863 MiB, 53.19 W
2026/10/06 08:02:56.318, 0, 100 %, 7865 MiB, 74.14 W
2026/10/06 08:02:56.323, 1, 100 %, 7863 MiB, 80.21 W
2026/10/06 08:03:26.335, 0, 100 %, 7865 MiB, 63.91 W
2026/10/06 08:03:26.341, 1, 99 %, 7863 MiB, 66.36 W
2026/10/06 08:03:56.348, 0, 99 %, 7865 MiB, 58.91 W
2026/10/06 08:03:56.352, 1, 94 %, 7863 MiB, 67.72 W
2026/10/06 08:04:26.361, 0, 100 %, 7865 MiB, 83.98 W
2026/10/06 08:04:26.368, 1, 100 %, 7863 MiB, 63.77 W
2026/10/06 08:04:56.380, 0, 100 %, 7865 MiB, 47.84 W
2026/10/06 08:04:56.385, 1, 95 %, 7863 MiB, 82.49 W
2026/10/06 08:05:26.393, 0, 100 %, 7865 MiB, 66.75 W
2026/10/06 08:05:26.400, 1, 95 %, 7863 MiB, 71.81 W
2026/10/06 08:05:56.408, 0, 95 %, 7865 MiB, 64.00 W
2026/10/06 08:05:56.412, 1, 99 %, 7863 MiB, 64.06 W
2026/10/06 08:06:26.419, 0, 100 %, 7865 MiB, 59.30 W
2026/10/06 08:06:26.428, 1, 100 %, 7863 MiB, 68.79 W
2026/10/06 08:06:56.438, 0, 94 %, 7865 MiB, 65.37 W
2026/10/06 08:06:56.442, 1, 95 %, 7863 MiB, 65.58 W
2026/10/06 08:07:26.450, 0, 100 %, 7865 MiB, 61.90 W
2026/10/06 08:07:26.461, 1, 100 %, 7863 MiB, 103.11 W
2026/10/06 08:07:56.468, 0, 94 %, 7865 MiB, 81.81 W
2026/10/06 08:07:56.473, 1, 98 %, 7863 MiB, 64.35 W
2026/10/06 08:08:26.481, 0, 95 %, 7865 MiB, 63.52 W
2026/10/06 08:08:26.485, 1, 93 %, 7863 MiB, 69.00 W
2026/10/06 08:08:56.494, 0, 100 %, 7865 MiB, 67.37 W
2026/10/06 08:08:56.502, 1, 95 %, 7863 MiB, 71.23 W
2026/10/06 08:09:26.510, 0, 99 %, 7865 MiB, 65.04 W
2026/10/06 08:09:26.516, 1, 94 %, 7863 MiB, 60.63 W
2026/10/06 08:09:56.523, 0, 99 %, 7865 MiB, 69.96 W
2026/10/06 08:09:56.530, 1, 94 %, 7863 MiB, 69.28 W
2026/10/06 08:10:26.538, 0, 100 %, 7865 MiB, 59.75 W
2026/10/06 08:10:26.543, 1, 100 %, 7863 MiB, 66.16 W
2026/10/06 08:10:56.549, 0, 95 %, 7865 MiB, 65.66 W
2026/10/06 08:10:56.559, 1, 95 %, 7863 MiB, 65.72 W
2026/10/06 08:11:26.566, 0, 99 %, 7865 MiB, 68.15 W
2026/10/06 08:11:26.571, 1, 98 %, 7863 MiB, 62.31 W
2026/10/06 08:11:56.579, 0, 99 %, 7865 MiB, 66.98 W
2026/10/06 08:11:56.583, 1, 99 %, 7863 MiB, 66.16 W
2026/10/06 08:12:26.593, 0, 100 %, 7865 MiB, 65.17 W
2026/10/06 08:12:26.598, 1, 100 %, 7863 MiB, 65.42 W
2026/10/06 08:12:56.610, 0, 99 %, 7865 MiB, 65.46 W
2026/10/06 08:12:56.615, 1, 99 %, 7863 MiB, 65.62 W
2026/10/06 08:13:26.622, 0, 99 %, 7865 MiB, 62.97 W
2026/10/06 08:13:26.626, 1, 99 %, 7863 MiB, 64.26 W
2026/10/06 08:13:56.632, 0, 52 %, 7865 MiB, 43.46 W
2026/10/06 08:13:56.638, 1, 52 %, 7863 MiB, 43.17 W
2026/10/06 08:14:26.644, 0, 99 %, 7865 MiB, 65.85 W
2026/10/06 08:14:26.649, 1, 99 %, 7863 MiB, 66.90 W
2026/10/06 08:14:56.659, 0, 97 %, 7865 MiB, 66.69 W
2026/10/06 08:14:56.667, 1, 99 %, 7863 MiB, 66.79 W
2026/10/06 08:15:26.674, 0, 99 %, 7865 MiB, 68.40 W
2026/10/06 08:15:26.679, 1, 99 %, 7863 MiB, 66.50 W
2026/10/06 08:15:56.686, 0, 94 %, 7865 MiB, 82.64 W
2026/10/06 08:15:56.691, 1, 100 %, 7863 MiB, 70.59 W
2026/10/06 08:16:26.701, 0, 99 %, 7865 MiB, 62.09 W
2026/10/06 08:16:26.706, 1, 100 %, 7863 MiB, 64.64 W
2026/10/06 08:16:56.713, 0, 93 %, 7865 MiB, 61.76 W
2026/10/06 08:16:56.720, 1, 99 %, 7863 MiB, 68.90 W
2026/10/06 08:17:26.726, 0, 100 %, 7865 MiB, 63.52 W
2026/10/06 08:17:26.735, 1, 100 %, 7863 MiB, 62.06 W
2026/10/06 08:17:56.742, 0, 98 %, 7865 MiB, 65.17 W
2026/10/06 08:17:56.746, 1, 99 %, 7863 MiB, 65.81 W
2026/10/06 08:18:26.757, 0, 99 %, 7865 MiB, 60.63 W
2026/10/06 08:18:26.762, 1, 99 %, 7863 MiB, 63.13 W
2026/10/06 08:18:56.772, 0, 95 %, 7865 MiB, 64.59 W
2026/10/06 08:18:56.777, 1, 94 %, 7863 MiB, 67.62 W
2026/10/06 08:19:26.784, 0, 96 %, 7865 MiB, 54.07 W
2026/10/06 08:19:26.796, 1, 100 %, 7863 MiB, 45.85 W
2026/10/06 08:19:56.803, 0, 100 %, 7865 MiB, 61.70 W
2026/10/06 08:19:56.808, 1, 99 %, 7863 MiB, 70.11 W
2026/10/06 08:20:26.815, 0, 95 %, 7865 MiB, 75.89 W
2026/10/06 08:20:26.820, 1, 95 %, 7863 MiB, 76.33 W
2026/10/06 08:20:56.829, 0, 99 %, 7865 MiB, 70.78 W
2026/10/06 08:20:56.833, 1, 100 %, 7863 MiB, 66.75 W
2026/10/06 08:21:26.841, 0, 100 %, 7865 MiB, 81.13 W
2026/10/06 08:21:26.850, 1, 94 %, 7863 MiB, 69.29 W
2026/10/06 08:21:56.857, 0, 94 %, 7865 MiB, 47.06 W
2026/10/06 08:21:56.868, 1, 94 %, 7863 MiB, 88.91 W
2026/10/06 08:22:26.875, 0, 94 %, 7865 MiB, 53.74 W
2026/10/06 08:22:26.885, 1, 95 %, 7863 MiB, 64.16 W
2026/10/06 08:22:56.891, 0, 100 %, 7865 MiB, 62.48 W
2026/10/06 08:22:56.896, 1, 100 %, 7863 MiB, 61.18 W
2026/10/06 08:23:26.905, 0, 99 %, 7865 MiB, 62.64 W
2026/10/06 08:23:26.909, 1, 94 %, 7863 MiB, 60.89 W
2026/10/06 08:23:56.917, 0, 100 %, 7865 MiB, 65.56 W
2026/10/06 08:23:56.921, 1, 100 %, 7863 MiB, 62.89 W
2026/10/06 08:24:26.927, 0, 99 %, 7865 MiB, 67.72 W
2026/10/06 08:24:26.932, 1, 100 %, 7863 MiB, 65.72 W
2026/10/06 08:24:56.945, 0, 100 %, 7865 MiB, 65.23 W
2026/10/06 08:24:56.949, 1, 100 %, 7863 MiB, 48.59 W
2026/10/06 08:25:26.960, 0, 100 %, 7865 MiB, 64.94 W
2026/10/06 08:25:26.964, 1, 100 %, 7863 MiB, 63.32 W
2026/10/06 08:25:56.971, 0, 100 %, 7865 MiB, 66.63 W
2026/10/06 08:25:56.976, 1, 100 %, 7863 MiB, 65.62 W
2026/10/06 08:26:26.989, 0, 93 %, 7865 MiB, 61.90 W
2026/10/06 08:26:26.997, 1, 93 %, 7863 MiB, 68.90 W
2026/10/06 08:26:57.004, 0, 94 %, 7865 MiB, 61.22 W
2026/10/06 08:26:57.013, 1, 95 %, 7863 MiB, 64.12 W
2026/10/06 08:27:27.026, 0, 100 %, 7865 MiB, 63.42 W
2026/10/06 08:27:27.030, 1, 100 %, 7863 MiB, 64.94 W
2026/10/06 08:27:57.038, 0, 100 %, 7865 MiB, 61.80 W
2026/10/06 08:27:57.044, 1, 99 %, 7863 MiB, 46.08 W
2026/10/06 08:28:27.059, 0, 100 %, 7865 MiB, 61.80 W
2026/10/06 08:28:27.064, 1, 100 %, 7863 MiB, 65.97 W
2026/10/06 08:28:57.070, 0, 99 %, 7865 MiB, 62.78 W
2026/10/06 08:28:57.074, 1, 100 %, 7863 MiB, 66.75 W
2026/10/06 08:29:27.080, 0, 100 %, 7865 MiB, 62.19 W
2026/10/06 08:29:27.086, 1, 100 %, 7863 MiB, 61.90 W
2026/10/06 08:29:57.092, 0, 100 %, 7865 MiB, 64.68 W
2026/10/06 08:29:57.097, 1, 95 %, 7863 MiB, 64.64 W
2026/10/06 08:30:27.106, 0, 95 %, 7865 MiB, 61.35 W
2026/10/06 08:30:27.110, 1, 95 %, 7863 MiB, 67.05 W
2026/10/06 08:30:57.119, 0, 100 %, 7865 MiB, 61.90 W
2026/10/06 08:30:57.124, 1, 100 %, 7863 MiB, 68.55 W
2026/10/06 08:31:27.131, 0, 95 %, 7865 MiB, 86.50 W
2026/10/06 08:31:27.138, 1, 95 %, 7863 MiB, 47.42 W
2026/10/06 08:31:57.146, 0, 99 %, 7865 MiB, 59.21 W
2026/10/06 08:31:57.151, 1, 100 %, 7863 MiB, 69.38 W
2026/10/06 08:32:27.165, 0, 95 %, 7865 MiB, 54.98 W
2026/10/06 08:32:27.169, 1, 95 %, 7863 MiB, 60.69 W
2026/10/06 08:32:57.177, 0, 95 %, 7865 MiB, 57.84 W
2026/10/06 08:32:57.181, 1, 95 %, 7863 MiB, 55.24 W
2026/10/06 08:33:27.188, 0, 99 %, 7865 MiB, 68.19 W
2026/10/06 08:33:27.196, 1, 95 %, 7863 MiB, 67.18 W
2026/10/06 08:33:57.202, 0, 100 %, 7865 MiB, 60.40 W
2026/10/06 08:33:57.207, 1, 98 %, 7863 MiB, 63.15 W
2026/10/06 08:34:27.213, 0, 100 %, 7865 MiB, 64.78 W
2026/10/06 08:34:27.221, 1, 100 %, 7863 MiB, 62.60 W
2026/10/06 08:34:57.235, 0, 98 %, 7865 MiB, 63.94 W
2026/10/06 08:34:57.240, 1, 100 %, 7863 MiB, 63.77 W
2026/10/06 08:35:27.249, 0, 100 %, 7865 MiB, 66.40 W
2026/10/06 08:35:27.260, 1, 95 %, 7863 MiB, 64.26 W
2026/10/06 08:35:57.268, 0, 100 %, 7865 MiB, 66.83 W
2026/10/06 08:35:57.276, 1, 100 %, 7863 MiB, 65.13 W
2026/10/06 08:36:27.286, 0, 96 %, 7865 MiB, 64.39 W
2026/10/06 08:36:27.294, 1, 100 %, 7863 MiB, 64.57 W
2026/10/06 08:36:57.303, 0, 95 %, 7865 MiB, 65.07 W
2026/10/06 08:36:57.308, 1, 97 %, 7863 MiB, 69.08 W
2026/10/06 08:37:27.315, 0, 95 %, 7865 MiB, 66.40 W
2026/10/06 08:37:27.322, 1, 100 %, 7863 MiB, 65.33 W
2026/10/06 08:37:57.331, 0, 95 %, 7865 MiB, 68.93 W
2026/10/06 08:37:57.339, 1, 99 %, 7863 MiB, 65.68 W
2026/10/06 08:38:27.348, 0, 99 %, 7865 MiB, 66.30 W
2026/10/06 08:38:27.357, 1, 99 %, 7863 MiB, 68.94 W
2026/10/06 08:38:57.364, 0, 99 %, 7865 MiB, 70.15 W
2026/10/06 08:38:57.370, 1, 99 %, 7863 MiB, 61.28 W
2026/10/06 08:39:27.379, 0, 99 %, 7865 MiB, 64.98 W
2026/10/06 08:39:27.383, 1, 99 %, 7863 MiB, 66.59 W
2026/10/06 08:39:57.393, 0, 100 %, 7865 MiB, 59.24 W
2026/10/06 08:39:57.398, 1, 100 %, 7863 MiB, 46.76 W
2026/10/06 08:40:27.411, 0, 100 %, 7865 MiB, 64.24 W
2026/10/06 08:40:27.418, 1, 100 %, 7863 MiB, 62.93 W
2026/10/06 08:40:57.424, 0, 95 %, 7865 MiB, 60.83 W
2026/10/06 08:40:57.434, 1, 95 %, 7863 MiB, 64.64 W
2026/10/06 08:41:27.445, 0, 94 %, 7865 MiB, 56.47 W
2026/10/06 08:41:27.450, 1, 95 %, 7863 MiB, 59.36 W
2026/10/06 08:41:57.458, 0, 99 %, 7865 MiB, 61.70 W
2026/10/06 08:41:57.463, 1, 99 %, 7863 MiB, 55.53 W
2026/10/06 08:42:27.470, 0, 99 %, 7865 MiB, 62.39 W
2026/10/06 08:42:27.474, 1, 99 %, 7863 MiB, 69.09 W
2026/10/06 08:42:57.481, 0, 95 %, 7865 MiB, 66.01 W
2026/10/06 08:42:57.491, 1, 97 %, 7863 MiB, 59.33 W
2026/10/06 08:43:27.502, 0, 95 %, 7865 MiB, 62.93 W
2026/10/06 08:43:27.507, 1, 99 %, 7863 MiB, 67.58 W
2026/10/06 08:43:57.516, 0, 100 %, 7865 MiB, 75.70 W
2026/10/06 08:43:57.522, 1, 100 %, 7863 MiB, 63.30 W
2026/10/06 08:44:27.529, 0, 99 %, 7865 MiB, 70.83 W
2026/10/06 08:44:27.537, 1, 99 %, 7863 MiB, 59.36 W
2026/10/06 08:44:57.544, 0, 100 %, 7865 MiB, 62.00 W
2026/10/06 08:44:57.551, 1, 100 %, 7863 MiB, 69.43 W
2026/10/06 08:45:27.559, 0, 99 %, 7865 MiB, 62.87 W
2026/10/06 08:45:27.564, 1, 99 %, 7863 MiB, 65.13 W
2026/10/06 08:45:57.570, 0, 100 %, 7865 MiB, 61.06 W
2026/10/06 08:45:57.579, 1, 100 %, 7863 MiB, 45.49 W
2026/10/06 08:46:27.590, 0, 99 %, 7865 MiB, 67.96 W
2026/10/06 08:46:27.598, 1, 100 %, 7863 MiB, 65.42 W
2026/10/06 08:46:57.606, 0, 100 %, 7865 MiB, 67.37 W
2026/10/06 08:46:57.611, 1, 100 %, 7863 MiB, 66.79 W
2026/10/06 08:47:27.620, 0, 100 %, 7865 MiB, 62.64 W
2026/10/06 08:47:27.626, 1, 100 %, 7863 MiB, 66.84 W
2026/10/06 08:47:57.633, 0, 100 %, 7865 MiB, 67.08 W
2026/10/06 08:47:57.639, 1, 100 %, 7863 MiB, 64.20 W
2026/10/06 08:48:27.650, 0, 99 %, 7865 MiB, 67.08 W
2026/10/06 08:48:27.655, 1, 99 %, 7863 MiB, 65.52 W
2026/10/06 08:48:57.661, 0, 99 %, 7865 MiB, 55.73 W
2026/10/06 08:48:57.671, 1, 99 %, 7863 MiB, 67.57 W
2026/10/06 08:49:27.680, 0, 98 %, 7865 MiB, 65.81 W
2026/10/06 08:49:27.685, 1, 99 %, 7863 MiB, 66.65 W
2026/10/06 08:49:57.692, 0, 100 %, 7865 MiB, 60.08 W
2026/10/06 08:49:57.697, 1, 100 %, 7863 MiB, 67.58 W
2026/10/06 08:50:27.704, 0, 99 %, 7865 MiB, 64.53 W
2026/10/06 08:50:27.709, 1, 95 %, 7863 MiB, 61.53 W
2026/10/06 08:50:57.715, 0, 99 %, 7865 MiB, 67.80 W
2026/10/06 08:50:57.726, 1, 99 %, 7863 MiB, 65.91 W
2026/10/06 08:51:27.736, 0, 95 %, 7865 MiB, 64.84 W
2026/10/06 08:51:27.744, 1, 95 %, 7863 MiB, 64.51 W
2026/10/06 08:51:57.751, 0, 99 %, 7865 MiB, 60.24 W
2026/10/06 08:51:57.755, 1, 99 %, 7863 MiB, 68.11 W
2026/10/06 08:52:27.765, 0, 94 %, 7865 MiB, 60.44 W
2026/10/06 08:52:27.770, 1, 94 %, 7863 MiB, 64.45 W
2026/10/06 08:52:57.777, 0, 100 %, 7865 MiB, 65.46 W
2026/10/06 08:52:57.782, 1, 95 %, 7863 MiB, 67.76 W
2026/10/06 08:53:27.790, 0, 93 %, 7865 MiB, 65.27 W
2026/10/06 08:53:27.795, 1, 94 %, 7863 MiB, 65.27 W
2026/10/06 08:53:57.801, 0, 94 %, 7865 MiB, 66.11 W
2026/10/06 08:53:57.806, 1, 95 %, 7863 MiB, 64.35 W
2026/10/06 08:54:27.813, 0, 99 %, 7865 MiB, 63.42 W
2026/10/06 08:54:27.824, 1, 99 %, 7863 MiB, 65.56 W
2026/10/06 08:54:57.837, 0, 100 %, 7865 MiB, 60.14 W
2026/10/06 08:54:57.842, 1, 100 %, 7863 MiB, 64.84 W
2026/10/06 08:55:27.856, 0, 95 %, 7865 MiB, 55.63 W
2026/10/06 08:55:27.861, 1, 95 %, 7863 MiB, 63.09 W
2026/10/06 08:55:57.867, 0, 94 %, 7865 MiB, 55.44 W
2026/10/06 08:55:57.879, 1, 93 %, 7863 MiB, 67.08 W
2026/10/06 08:56:27.886, 0, 100 %, 7865 MiB, 66.38 W
2026/10/06 08:56:27.891, 1, 99 %, 7863 MiB, 65.87 W
2026/10/06 08:56:57.897, 0, 100 %, 7865 MiB, 60.05 W
2026/10/06 08:56:57.902, 1, 100 %, 7863 MiB, 65.91 W
2026/10/06 08:57:27.908, 0, 94 %, 7865 MiB, 65.23 W
2026/10/06 08:57:27.913, 1, 95 %, 7863 MiB, 70.16 W
2026/10/06 08:57:57.920, 0, 99 %, 7865 MiB, 66.34 W
2026/10/06 08:57:57.924, 1, 99 %, 7863 MiB, 64.49 W
2026/10/06 08:58:27.931, 0, 100 %, 7865 MiB, 63.52 W
2026/10/06 08:58:27.937, 1, 100 %, 7863 MiB, 64.64 W
2026/10/06 08:58:57.951, 0, 99 %, 7865 MiB, 59.99 W
2026/10/06 08:58:57.961, 1, 99 %, 7863 MiB, 64.00 W
2026/10/06 08:59:27.968, 0, 99 %, 7865 MiB, 57.39 W
2026/10/06 08:59:27.972, 1, 95 %, 7863 MiB, 67.66 W
2026/10/06 08:59:57.984, 0, 99 %, 7865 MiB, 65.02 W
2026/10/06 08:59:57.990, 1, 100 %, 7863 MiB, 67.87 W
2026/10/06 09:00:27.997, 0, 94 %, 7865 MiB, 61.31 W
2026/10/06 09:00:28.002, 1, 95 %, 7863 MiB, 50.49 W
2026/10/06 09:00:58.009, 0, 100 %, 7865 MiB, 50.26 W
2026/10/06 09:00:58.019, 1, 96 %, 7863 MiB, 50.91 W
2026/10/06 09:01:28.027, 0, 100 %, 7865 MiB, 68.54 W
2026/10/06 09:01:28.037, 1, 100 %, 7863 MiB, 65.97 W
2026/10/06 09:01:58.044, 0, 100 %, 7865 MiB, 64.14 W
2026/10/06 09:01:58.049, 1, 99 %, 7863 MiB, 69.72 W
2026/10/06 09:02:28.056, 0, 95 %, 7865 MiB, 77.25 W
2026/10/06 09:02:28.062, 1, 100 %, 7863 MiB, 81.04 W
2026/10/06 09:02:58.070, 0, 95 %, 7865 MiB, 65.56 W
2026/10/06 09:02:58.074, 1, 95 %, 7863 MiB, 64.55 W
2026/10/06 09:03:28.081, 0, 99 %, 7865 MiB, 64.92 W
2026/10/06 09:03:28.086, 1, 99 %, 7863 MiB, 64.68 W
2026/10/06 09:03:58.094, 0, 95 %, 7865 MiB, 64.78 W
2026/10/06 09:03:58.100, 1, 95 %, 7863 MiB, 66.01 W
2026/10/06 09:04:28.106, 0, 99 %, 7865 MiB, 64.30 W
2026/10/06 09:04:28.111, 1, 100 %, 7863 MiB, 64.98 W
2026/10/06 09:04:58.117, 0, 99 %, 7865 MiB, 63.38 W
2026/10/06 09:04:58.123, 1, 100 %, 7863 MiB, 66.90 W
2026/10/06 09:05:28.129, 0, 100 %, 7865 MiB, 61.37 W
2026/10/06 09:05:28.138, 1, 100 %, 7863 MiB, 67.62 W
2026/10/06 09:05:58.144, 0, 100 %, 7865 MiB, 62.29 W
2026/10/06 09:05:58.150, 1, 100 %, 7863 MiB, 60.89 W
2026/10/06 09:06:28.161, 0, 93 %, 7865 MiB, 64.24 W
2026/10/06 09:06:28.167, 1, 94 %, 7863 MiB, 65.85 W
2026/10/06 09:06:58.173, 0, 99 %, 7865 MiB, 63.13 W
2026/10/06 09:06:58.180, 1, 93 %, 7863 MiB, 66.32 W
2026/10/06 09:07:28.191, 0, 100 %, 7865 MiB, 65.85 W
2026/10/06 09:07:28.196, 1, 100 %, 7863 MiB, 62.44 W
2026/10/06 09:07:58.209, 0, 100 %, 7865 MiB, 60.67 W
2026/10/06 09:07:58.213, 1, 100 %, 7863 MiB, 70.20 W
2026/10/06 09:08:28.220, 0, 100 %, 7865 MiB, 60.96 W
2026/10/06 09:08:28.231, 1, 100 %, 7863 MiB, 61.02 W
2026/10/06 09:08:58.238, 0, 100 %, 7865 MiB, 65.07 W
2026/10/06 09:08:58.245, 1, 100 %, 7863 MiB, 63.96 W
2026/10/06 09:09:28.254, 0, 100 %, 7865 MiB, 69.14 W
2026/10/06 09:09:28.259, 1, 100 %, 7863 MiB, 62.74 W
2026/10/06 09:09:58.266, 0, 99 %, 7865 MiB, 65.13 W
2026/10/06 09:09:58.277, 1, 99 %, 7863 MiB, 66.59 W
2026/10/06 09:10:28.284, 0, 99 %, 7865 MiB, 64.68 W
2026/10/06 09:10:28.294, 1, 99 %, 7863 MiB, 65.07 W
2026/10/06 09:10:58.307, 0, 100 %, 7865 MiB, 66.11 W
2026/10/06 09:10:58.312, 1, 100 %, 7863 MiB, 64.88 W
2026/10/06 09:11:28.324, 0, 95 %, 7865 MiB, 55.57 W
2026/10/06 09:11:28.330, 1, 95 %, 7863 MiB, 65.52 W
2026/10/06 09:11:58.338, 0, 100 %, 7865 MiB, 68.58 W
2026/10/06 09:11:58.342, 1, 100 %, 7863 MiB, 82.49 W
2026/10/06 09:12:28.360, 0, 100 %, 7865 MiB, 66.59 W
2026/10/06 09:12:28.366, 1, 100 %, 7863 MiB, 63.77 W
2026/10/06 09:12:58.372, 0, 95 %, 7865 MiB, 54.07 W
2026/10/06 09:12:58.382, 1, 100 %, 7863 MiB, 50.42 W
2026/10/06 09:13:28.389, 0, 99 %, 7865 MiB, 59.89 W
2026/10/06 09:13:28.393, 1, 95 %, 7863 MiB, 63.71 W
2026/10/06 09:13:58.403, 0, 100 %, 7865 MiB, 65.37 W
2026/10/06 09:13:58.410, 1, 100 %, 7863 MiB, 63.67 W
2026/10/06 09:14:28.421, 0, 95 %, 7865 MiB, 59.69 W
2026/10/06 09:14:28.432, 1, 93 %, 7863 MiB, 67.32 W
2026/10/06 09:14:58.438, 0, 99 %, 7865 MiB, 62.58 W
2026/10/06 09:14:58.442, 1, 100 %, 7863 MiB, 62.25 W
2026/10/06 09:15:28.450, 0, 95 %, 7865 MiB, 60.57 W
2026/10/06 09:15:28.459, 1, 99 %, 7863 MiB, 65.87 W
2026/10/06 09:15:58.472, 0, 100 %, 7865 MiB, 61.80 W
2026/10/06 09:15:58.482, 1, 100 %, 7863 MiB, 65.33 W
2026/10/06 09:16:28.488, 0, 99 %, 7865 MiB, 65.11 W
2026/10/06 09:16:28.493, 1, 99 %, 7863 MiB, 64.45 W
2026/10/06 09:16:58.500, 0, 100 %, 7865 MiB, 64.82 W
2026/10/06 09:16:58.504, 1, 100 %, 7863 MiB, 65.91 W
2026/10/06 09:17:28.517, 0, 99 %, 7865 MiB, 68.69 W
2026/10/06 09:17:28.523, 1, 100 %, 7863 MiB, 65.00 W
2026/10/06 09:17:58.536, 0, 100 %, 7865 MiB, 67.47 W
2026/10/06 09:17:58.541, 1, 100 %, 7863 MiB, 62.99 W
2026/10/06 09:18:28.550, 0, 99 %, 7865 MiB, 66.44 W
2026/10/06 09:18:28.556, 1, 96 %, 7863 MiB, 71.13 W
2026/10/06 09:18:58.564, 0, 100 %, 7865 MiB, 64.88 W
2026/10/06 09:18:58.572, 1, 100 %, 7863 MiB, 66.40 W
2026/10/06 09:19:28.579, 0, 94 %, 7865 MiB, 60.50 W
2026/10/06 09:19:28.589, 1, 94 %, 7863 MiB, 64.68 W
2026/10/06 09:19:58.599, 0, 100 %, 7865 MiB, 82.06 W
2026/10/06 09:19:58.604, 1, 100 %, 7863 MiB, 63.61 W
2026/10/06 09:20:28.616, 0, 94 %, 7865 MiB, 63.69 W
2026/10/06 09:20:28.620, 1, 93 %, 7863 MiB, 65.52 W
2026/10/06 09:20:58.627, 0, 100 %, 7865 MiB, 68.23 W
2026/10/06 09:20:58.636, 1, 100 %, 7863 MiB, 68.40 W
2026/10/06 09:21:28.643, 0, 100 %, 7865 MiB, 66.09 W
2026/10/06 09:21:28.647, 1, 100 %, 7863 MiB, 64.53 W
2026/10/06 09:21:58.654, 0, 99 %, 7865 MiB, 65.60 W
2026/10/06 09:21:58.659, 1, 99 %, 7863 MiB, 68.83 W
2026/10/06 09:22:28.668, 0, 99 %, 7865 MiB, 66.33 W
2026/10/06 09:22:28.673, 1, 99 %, 7863 MiB, 66.44 W
2026/10/06 09:22:58.680, 0, 99 %, 7865 MiB, 67.06 W
2026/10/06 09:22:58.687, 1, 99 %, 7863 MiB, 58.99 W
2026/10/06 09:23:28.694, 0, 98 %, 7865 MiB, 65.89 W
2026/10/06 09:23:28.699, 1, 100 %, 7863 MiB, 48.62 W
2026/10/06 09:23:58.705, 0, 94 %, 7865 MiB, 83.94 W
2026/10/06 09:23:58.710, 1, 100 %, 7863 MiB, 47.84 W
2026/10/06 09:24:28.721, 0, 95 %, 7865 MiB, 65.41 W
2026/10/06 09:24:28.726, 1, 95 %, 7863 MiB, 63.17 W
2026/10/06 09:24:58.735, 0, 93 %, 7865 MiB, 57.42 W
2026/10/06 09:24:58.739, 1, 99 %, 7863 MiB, 65.07 W
2026/10/06 09:25:28.747, 0, 93 %, 7865 MiB, 63.20 W
2026/10/06 09:25:28.751, 1, 99 %, 7863 MiB, 68.30 W
2026/10/06 09:25:58.764, 0, 100 %, 7865 MiB, 66.50 W
2026/10/06 09:25:58.768, 1, 100 %, 7863 MiB, 67.08 W
2026/10/06 09:26:28.775, 0, 100 %, 7865 MiB, 82.68 W
2026/10/06 09:26:28.787, 1, 97 %, 7863 MiB, 48.43 W
2026/10/06 09:26:58.794, 0, 94 %, 7865 MiB, 59.18 W
2026/10/06 09:26:58.803, 1, 95 %, 7863 MiB, 65.62 W
2026/10/06 09:27:28.809, 0, 100 %, 7865 MiB, 60.96 W
2026/10/06 09:27:28.819, 1, 99 %, 7863 MiB, 69.42 W
2026/10/06 09:27:58.825, 0, 95 %, 7865 MiB, 65.02 W
2026/10/06 09:27:58.835, 1, 94 %, 7863 MiB, 64.30 W
2026/10/06 09:28:28.841, 0, 99 %, 7865 MiB, 64.30 W
2026/10/06 09:28:28.850, 1, 94 %, 7863 MiB, 69.51 W
2026/10/06 09:28:58.857, 0, 99 %, 7865 MiB, 63.40 W
2026/10/06 09:28:58.861, 1, 100 %, 7863 MiB, 67.91 W
2026/10/06 09:29:28.867, 0, 100 %, 7865 MiB, 68.62 W
2026/10/06 09:29:28.871, 1, 100 %, 7863 MiB, 63.07 W
2026/10/06 09:29:58.883, 0, 100 %, 7865 MiB, 82.98 W
2026/10/06 09:29:58.891, 1, 95 %, 7863 MiB, 68.93 W
2026/10/06 09:30:28.904, 0, 99 %, 7865 MiB, 58.79 W
2026/10/06 09:30:28.913, 1, 99 %, 7863 MiB, 67.51 W
2026/10/06 09:30:58.919, 0, 99 %, 7865 MiB, 69.21 W
2026/10/06 09:30:58.924, 1, 93 %, 7863 MiB, 62.03 W
2026/10/06 09:31:28.931, 0, 99 %, 7865 MiB, 63.24 W
2026/10/06 09:31:28.939, 1, 99 %, 7863 MiB, 61.78 W
2026/10/06 09:31:58.946, 0, 94 %, 7865 MiB, 63.11 W
2026/10/06 09:31:58.955, 1, 95 %, 7863 MiB, 63.50 W
2026/10/06 09:32:28.964, 0, 100 %, 7865 MiB, 65.06 W
2026/10/06 09:32:28.968, 1, 100 %, 7863 MiB, 64.08 W
2026/10/06 09:32:58.976, 0, 99 %, 7865 MiB, 71.11 W
2026/10/06 09:32:58.980, 1, 99 %, 7863 MiB, 68.78 W
2026/10/06 09:33:28.987, 0, 100 %, 7865 MiB, 67.59 W
2026/10/06 09:33:28.997, 1, 100 %, 7863 MiB, 64.32 W
2026/10/06 09:33:59.004, 0, 100 %, 7865 MiB, 52.83 W
2026/10/06 09:33:59.016, 1, 100 %, 7863 MiB, 44.40 W
2026/10/06 09:34:29.026, 0, 94 %, 7865 MiB, 65.98 W
2026/10/06 09:34:29.031, 1, 94 %, 7863 MiB, 70.43 W
2026/10/06 09:34:59.040, 0, 96 %, 7865 MiB, 65.19 W
2026/10/06 09:34:59.044, 1, 98 %, 7863 MiB, 65.74 W
2026/10/06 09:35:29.052, 0, 99 %, 7865 MiB, 68.57 W
2026/10/06 09:35:29.056, 1, 99 %, 7863 MiB, 64.96 W
2026/10/06 09:35:59.063, 0, 100 %, 7865 MiB, 64.51 W
2026/10/06 09:35:59.067, 1, 97 %, 7863 MiB, 64.08 W
2026/10/06 09:36:29.078, 0, 95 %, 7865 MiB, 78.27 W
2026/10/06 09:36:29.087, 1, 95 %, 7863 MiB, 74.67 W
2026/10/06 09:36:59.094, 0, 100 %, 7865 MiB, 65.39 W
2026/10/06 09:36:59.100, 1, 100 %, 7863 MiB, 68.09 W
2026/10/06 09:37:29.112, 0, 94 %, 7865 MiB, 59.77 W
2026/10/06 09:37:29.116, 1, 93 %, 7863 MiB, 62.17 W
2026/10/06 09:37:59.124, 0, 100 %, 7865 MiB, 65.88 W
2026/10/06 09:37:59.129, 1, 95 %, 7863 MiB, 65.35 W
2026/10/06 09:38:29.136, 0, 100 %, 7865 MiB, 63.09 W
2026/10/06 09:38:29.147, 1, 99 %, 7863 MiB, 66.97 W
2026/10/06 09:38:59.153, 0, 100 %, 7865 MiB, 67.55 W
2026/10/06 09:38:59.157, 1, 99 %, 7863 MiB, 62.56 W
2026/10/06 09:39:29.166, 0, 100 %, 7865 MiB, 65.74 W
2026/10/06 09:39:29.176, 1, 100 %, 7863 MiB, 48.78 W
2026/10/06 09:39:59.183, 0, 100 %, 7865 MiB, 67.83 W
2026/10/06 09:39:59.195, 1, 100 %, 7863 MiB, 52.15 W
2026/10/06 09:40:29.204, 0, 95 %, 7865 MiB, 64.51 W
2026/10/06 09:40:29.209, 1, 95 %, 7863 MiB, 65.15 W
2026/10/06 09:40:59.218, 0, 99 %, 7865 MiB, 63.44 W
2026/10/06 09:40:59.222, 1, 100 %, 7863 MiB, 64.14 W
2026/10/06 09:41:29.228, 0, 99 %, 7865 MiB, 56.71 W
2026/10/06 09:41:29.233, 1, 95 %, 7863 MiB, 66.03 W
2026/10/06 09:41:59.239, 0, 100 %, 7865 MiB, 67.69 W
2026/10/06 09:41:59.249, 1, 99 %, 7863 MiB, 64.57 W
2026/10/06 09:42:29.261, 0, 100 %, 7865 MiB, 66.03 W
2026/10/06 09:42:29.265, 1, 100 %, 7863 MiB, 63.50 W
2026/10/06 09:42:59.272, 0, 100 %, 7865 MiB, 60.94 W
2026/10/06 09:42:59.282, 1, 100 %, 7863 MiB, 64.47 W
2026/10/06 09:43:29.289, 0, 100 %, 7865 MiB, 63.93 W
2026/10/06 09:43:29.299, 1, 95 %, 7863 MiB, 64.18 W
2026/10/06 09:43:59.306, 0, 100 %, 7865 MiB, 61.17 W
2026/10/06 09:43:59.315, 1, 99 %, 7863 MiB, 67.06 W
2026/10/06 09:44:29.322, 0, 99 %, 7865 MiB, 62.37 W
2026/10/06 09:44:29.326, 1, 95 %, 7863 MiB, 62.52 W
2026/10/06 09:44:59.335, 0, 99 %, 7865 MiB, 66.62 W
2026/10/06 09:44:59.339, 1, 96 %, 7863 MiB, 63.63 W
2026/10/06 09:45:29.346, 0, 100 %, 7865 MiB, 68.53 W
2026/10/06 09:45:29.355, 1, 100 %, 7863 MiB, 64.12 W
2026/10/06 09:45:59.368, 0, 99 %, 7865 MiB, 61.10 W
2026/10/06 09:45:59.372, 1, 99 %, 7863 MiB, 66.03 W
2026/10/06 09:46:29.383, 0, 100 %, 7865 MiB, 64.71 W
2026/10/06 09:46:29.387, 1, 95 %, 7863 MiB, 94.96 W
2026/10/06 09:46:59.394, 0, 97 %, 7865 MiB, 58.53 W
2026/10/06 09:46:59.405, 1, 100 %, 7863 MiB, 68.68 W
2026/10/06 09:47:29.412, 0, 100 %, 7865 MiB, 61.13 W
2026/10/06 09:47:29.416, 1, 100 %, 7863 MiB, 62.46 W
2026/10/06 09:47:59.422, 0, 100 %, 7865 MiB, 66.13 W
2026/10/06 09:47:59.427, 1, 100 %, 7863 MiB, 61.64 W
2026/10/06 09:48:29.434, 0, 100 %, 7865 MiB, 76.47 W
2026/10/06 09:48:29.443, 1, 100 %, 7863 MiB, 71.34 W
2026/10/06 09:48:59.462, 0, 100 %, 7865 MiB, 50.90 W
2026/10/06 09:48:59.468, 1, 94 %, 7863 MiB, 64.33 W
2026/10/06 09:49:29.478, 0, 99 %, 7865 MiB, 64.86 W
2026/10/06 09:49:29.484, 1, 99 %, 7863 MiB, 66.93 W
2026/10/06 09:49:59.492, 0, 94 %, 7865 MiB, 66.13 W
2026/10/06 09:49:59.497, 1, 95 %, 7863 MiB, 65.74 W
2026/10/06 09:50:29.504, 0, 99 %, 7865 MiB, 66.03 W
2026/10/06 09:50:29.513, 1, 99 %, 7863 MiB, 63.50 W
2026/10/06 09:50:59.521, 0, 100 %, 7865 MiB, 61.13 W
2026/10/06 09:50:59.525, 1, 100 %, 7863 MiB, 63.40 W
2026/10/06 09:51:29.532, 0, 99 %, 7865 MiB, 67.11 W
2026/10/06 09:51:29.538, 1, 99 %, 7863 MiB, 65.93 W
2026/10/06 09:51:59.546, 0, 99 %, 7865 MiB, 69.40 W
2026/10/06 09:51:59.550, 1, 99 %, 7863 MiB, 61.39 W
2026/10/06 09:52:29.557, 0, 100 %, 7865 MiB, 63.24 W
2026/10/06 09:52:29.566, 1, 100 %, 7863 MiB, 68.33 W
2026/10/06 09:52:59.575, 0, 100 %, 7865 MiB, 64.41 W
2026/10/06 09:52:59.579, 1, 100 %, 7863 MiB, 66.87 W
2026/10/06 09:53:29.589, 0, 100 %, 7865 MiB, 63.34 W
2026/10/06 09:53:29.596, 1, 100 %, 7863 MiB, 64.02 W
2026/10/06 09:53:59.608, 0, 99 %, 7865 MiB, 67.20 W
2026/10/06 09:53:59.612, 1, 99 %, 7863 MiB, 68.44 W
2026/10/06 09:54:29.619, 0, 95 %, 7865 MiB, 65.49 W
2026/10/06 09:54:29.624, 1, 95 %, 7863 MiB, 63.50 W
2026/10/06 09:54:59.630, 0, 100 %, 7865 MiB, 55.96 W
2026/10/06 09:54:59.639, 1, 100 %, 7863 MiB, 83.36 W
2026/10/06 09:55:29.647, 0, 100 %, 7865 MiB, 64.08 W
2026/10/06 09:55:29.655, 1, 94 %, 7863 MiB, 64.86 W
2026/10/06 09:55:59.662, 0, 98 %, 7865 MiB, 66.72 W
2026/10/06 09:55:59.667, 1, 99 %, 7863 MiB, 66.33 W
2026/10/06 09:56:29.674, 0, 99 %, 7865 MiB, 66.62 W
2026/10/06 09:56:29.679, 1, 99 %, 7863 MiB, 65.60 W
2026/10/06 09:56:59.687, 0, 99 %, 7865 MiB, 61.62 W
2026/10/06 09:56:59.692, 1, 99 %, 7863 MiB, 66.91 W
2026/10/06 09:57:29.702, 0, 99 %, 7865 MiB, 60.45 W
2026/10/06 09:57:29.708, 1, 99 %, 7863 MiB, 63.59 W
2026/10/06 09:57:59.715, 0, 100 %, 7865 MiB, 64.86 W
2026/10/06 09:57:59.719, 1, 100 %, 7863 MiB, 63.24 W
2026/10/06 09:58:29.726, 0, 100 %, 7865 MiB, 63.54 W
2026/10/06 09:58:29.732, 1, 100 %, 7863 MiB, 61.10 W
2026/10/06 09:58:59.746, 0, 99 %, 7865 MiB, 67.98 W
2026/10/06 09:58:59.750, 1, 100 %, 7863 MiB, 68.43 W
2026/10/06 09:59:29.758, 0, 100 %, 7865 MiB, 64.57 W
2026/10/06 09:59:29.763, 1, 99 %, 7863 MiB, 65.50 W
2026/10/06 09:59:59.770, 0, 99 %, 7865 MiB, 60.00 W
2026/10/06 09:59:59.775, 1, 95 %, 7863 MiB, 60.45 W
2026/10/06 10:00:29.781, 0, 94 %, 7865 MiB, 69.07 W
2026/10/06 10:00:29.786, 1, 100 %, 7863 MiB, 75.06 W
2026/10/06 10:00:59.798, 0, 95 %, 7865 MiB, 65.29 W
2026/10/06 10:00:59.802, 1, 94 %, 7863 MiB, 50.02 W
2026/10/06 10:01:29.811, 0, 94 %, 7865 MiB, 63.69 W
2026/10/06 10:01:29.816, 1, 99 %, 7863 MiB, 60.71 W
2026/10/06 10:01:59.822, 0, 99 %, 7865 MiB, 66.13 W
2026/10/06 10:01:59.833, 1, 95 %, 7863 MiB, 49.27 W
2026/10/06 10:02:29.839, 0, 100 %, 7865 MiB, 56.06 W
2026/10/06 10:02:29.851, 1, 100 %, 7863 MiB, 61.58 W
2026/10/06 10:02:59.858, 0, 95 %, 7865 MiB, 72.09 W
2026/10/06 10:02:59.862, 1, 100 %, 7863 MiB, 63.69 W
2026/10/06 10:03:29.872, 0, 95 %, 7865 MiB, 80.75 W
2026/10/06 10:03:29.877, 1, 100 %, 7863 MiB, 63.75 W
2026/10/06 10:03:59.885, 0, 95 %, 7865 MiB, 62.37 W
2026/10/06 10:03:59.889, 1, 95 %, 7863 MiB, 68.39 W
2026/10/06 10:04:29.896, 0, 99 %, 7865 MiB, 63.93 W
2026/10/06 10:04:29.901, 1, 100 %, 7863 MiB, 64.92 W
2026/10/06 10:04:59.908, 0, 100 %, 7865 MiB, 67.59 W
2026/10/06 10:04:59.916, 1, 100 %, 7863 MiB, 66.29 W
2026/10/06 10:05:29.924, 0, 99 %, 7865 MiB, 62.66 W
2026/10/06 10:05:29.935, 1, 99 %, 7863 MiB, 64.82 W
2026/10/06 10:05:59.948, 0, 94 %, 7865 MiB, 57.39 W
2026/10/06 10:05:59.953, 1, 94 %, 7863 MiB, 57.49 W
2026/10/06 10:06:29.961, 0, 99 %, 7865 MiB, 60.12 W
2026/10/06 10:06:29.971, 1, 99 %, 7863 MiB, 62.87 W
2026/10/06 10:06:59.980, 0, 100 %, 7865 MiB, 64.82 W
2026/10/06 10:06:59.984, 1, 100 %, 7863 MiB, 68.15 W
2026/10/06 10:07:29.995, 0, 99 %, 7865 MiB, 58.69 W
2026/10/06 10:07:30.004, 1, 94 %, 7863 MiB, 68.15 W
2026/10/06 10:08:00.011, 0, 100 %, 7865 MiB, 60.22 W
2026/10/06 10:08:00.016, 1, 97 %, 7863 MiB, 62.97 W
2026/10/06 10:08:30.029, 0, 97 %, 7865 MiB, 64.14 W
2026/10/06 10:08:30.041, 1, 99 %, 7863 MiB, 63.22 W
2026/10/06 10:09:00.054, 0, 100 %, 7865 MiB, 59.95 W
2026/10/06 10:09:00.064, 1, 100 %, 7863 MiB, 64.00 W
2026/10/06 10:09:30.070, 0, 100 %, 7865 MiB, 64.82 W
2026/10/06 10:09:30.077, 1, 100 %, 7863 MiB, 44.44 W
2026/10/06 10:10:00.084, 0, 99 %, 7865 MiB, 69.26 W
2026/10/06 10:10:00.088, 1, 99 %, 7863 MiB, 61.70 W
2026/10/06 10:10:30.094, 0, 99 %, 7865 MiB, 66.15 W
2026/10/06 10:10:30.101, 1, 99 %, 7863 MiB, 67.47 W
2026/10/06 10:11:00.108, 0, 100 %, 7865 MiB, 65.76 W
2026/10/06 10:11:00.116, 1, 100 %, 7863 MiB, 67.08 W
2026/10/06 10:11:30.122, 0, 99 %, 7865 MiB, 65.50 W
2026/10/06 10:11:30.126, 1, 100 %, 7863 MiB, 63.22 W
2026/10/06 10:12:00.138, 0, 95 %, 7865 MiB, 71.42 W
2026/10/06 10:12:00.142, 1, 95 %, 7863 MiB, 64.64 W
2026/10/06 10:12:30.155, 0, 100 %, 7865 MiB, 62.58 W
2026/10/06 10:12:30.160, 1, 100 %, 7863 MiB, 71.47 W
2026/10/06 10:13:00.168, 0, 100 %, 7865 MiB, 64.33 W
2026/10/06 10:13:00.175, 1, 100 %, 7863 MiB, 66.20 W
2026/10/06 10:13:30.182, 0, 100 %, 7865 MiB, 64.39 W
2026/10/06 10:13:30.186, 1, 99 %, 7863 MiB, 61.76 W
2026/10/06 10:14:00.192, 0, 100 %, 7865 MiB, 66.79 W
2026/10/06 10:14:00.197, 1, 100 %, 7863 MiB, 65.91 W
2026/10/06 10:14:30.210, 0, 100 %, 7865 MiB, 52.57 W
2026/10/06 10:14:30.219, 1, 95 %, 7863 MiB, 66.69 W
2026/10/06 10:15:00.226, 0, 99 %, 7865 MiB, 65.76 W
2026/10/06 10:15:00.231, 1, 99 %, 7863 MiB, 61.57 W
2026/10/06 10:15:30.238, 0, 99 %, 7865 MiB, 59.79 W
2026/10/06 10:15:30.244, 1, 99 %, 7863 MiB, 64.64 W
2026/10/06 10:16:00.253, 0, 94 %, 7865 MiB, 64.16 W
2026/10/06 10:16:00.264, 1, 94 %, 7863 MiB, 66.59 W
2026/10/06 10:16:30.271, 0, 93 %, 7865 MiB, 64.49 W
2026/10/06 10:16:30.276, 1, 94 %, 7863 MiB, 62.93 W
2026/10/06 10:17:00.283, 0, 99 %, 7865 MiB, 66.63 W
2026/10/06 10:17:00.287, 1, 99 %, 7863 MiB, 60.98 W
2026/10/06 10:17:30.295, 0, 95 %, 7865 MiB, 65.76 W
2026/10/06 10:17:30.304, 1, 95 %, 7863 MiB, 64.49 W
2026/10/06 10:18:00.311, 0, 100 %, 7865 MiB, 78.08 W
2026/10/06 10:18:00.317, 1, 95 %, 7863 MiB, 63.77 W
2026/10/06 10:18:30.324, 0, 93 %, 7865 MiB, 65.85 W
2026/10/06 10:18:30.329, 1, 99 %, 7863 MiB, 67.37 W
2026/10/06 10:19:00.335, 0, 100 %, 7865 MiB, 66.20 W
2026/10/06 10:19:00.344, 1, 100 %, 7863 MiB, 65.62 W
2026/10/06 10:19:30.355, 0, 100 %, 7865 MiB, 66.69 W
2026/10/06 10:19:30.366, 1, 100 %, 7863 MiB, 70.84 W
2026/10/06 10:20:00.372, 0, 100 %, 7865 MiB, 56.80 W
2026/10/06 10:20:00.377, 1, 100 %, 7863 MiB, 59.66 W
2026/10/06 10:20:30.390, 0, 100 %, 7865 MiB, 49.57 W
2026/10/06 10:20:30.396, 1, 100 %, 7863 MiB, 64.26 W
2026/10/06 10:21:00.403, 0, 99 %, 7865 MiB, 68.73 W
2026/10/06 10:21:00.408, 1, 99 %, 7863 MiB, 66.98 W
2026/10/06 10:21:30.421, 0, 99 %, 7865 MiB, 69.86 W
2026/10/06 10:21:30.426, 1, 100 %, 7863 MiB, 66.88 W
2026/10/06 10:22:00.432, 0, 100 %, 7865 MiB, 63.03 W
2026/10/06 10:22:00.437, 1, 100 %, 7863 MiB, 61.96 W
2026/10/06 10:22:30.443, 0, 100 %, 7865 MiB, 64.14 W
2026/10/06 10:22:30.447, 1, 100 %, 7863 MiB, 66.40 W
2026/10/06 10:23:00.459, 0, 100 %, 7865 MiB, 63.81 W
2026/10/06 10:23:00.463, 1, 100 %, 7863 MiB, 62.83 W
2026/10/06 10:23:30.469, 0, 100 %, 7865 MiB, 60.38 W
2026/10/06 10:23:30.473, 1, 100 %, 7863 MiB, 67.97 W
2026/10/06 10:24:00.480, 0, 100 %, 7865 MiB, 63.17 W
2026/10/06 10:24:00.485, 1, 100 %, 7863 MiB, 65.23 W
2026/10/06 10:24:30.491, 0, 100 %, 7865 MiB, 64.49 W
2026/10/06 10:24:30.501, 1, 100 %, 7863 MiB, 63.61 W
2026/10/06 10:25:00.515, 0, 100 %, 7865 MiB, 63.46 W
2026/10/06 10:25:00.523, 1, 100 %, 7863 MiB, 61.31 W
2026/10/06 10:25:30.529, 0, 95 %, 7865 MiB, 65.95 W
2026/10/06 10:25:30.534, 1, 94 %, 7863 MiB, 64.72 W
2026/10/06 10:26:00.542, 0, 94 %, 7865 MiB, 64.12 W
2026/10/06 10:26:00.547, 1, 94 %, 7863 MiB, 64.43 W
2026/10/06 10:26:30.555, 0, 92 %, 7865 MiB, 60.71 W
2026/10/06 10:26:30.560, 1, 96 %, 7863 MiB, 66.11 W
2026/10/06 10:27:00.566, 0, 100 %, 7865 MiB, 67.59 W
2026/10/06 10:27:00.572, 1, 100 %, 7863 MiB, 65.06 W
2026/10/06 10:27:30.578, 0, 94 %, 7865 MiB, 67.90 W
2026/10/06 10:27:30.584, 1, 93 %, 7863 MiB, 60.57 W
2026/10/06 10:28:00.591, 0, 100 %, 7865 MiB, 63.93 W
2026/10/06 10:28:00.596, 1, 95 %, 7863 MiB, 52.37 W
2026/10/06 10:28:30.608, 0, 99 %, 7865 MiB, 55.15 W
2026/10/06 10:28:30.612, 1, 94 %, 7863 MiB, 60.31 W
2026/10/06 10:29:00.623, 0, 100 %, 7865 MiB, 65.29 W
2026/10/06 10:29:00.627, 1, 100 %, 7863 MiB, 66.69 W
2026/10/06 10:29:30.635, 0, 100 %, 7865 MiB, 66.97 W
2026/10/06 10:29:30.646, 1, 100 %, 7863 MiB, 70.93 W
2026/10/06 10:30:00.653, 0, 98 %, 7865 MiB, 66.03 W
2026/10/06 10:30:00.660, 1, 99 %, 7863 MiB, 58.99 W
2026/10/06 10:30:30.667, 0, 98 %, 7865 MiB, 67.16 W
2026/10/06 10:30:30.671, 1, 99 %, 7863 MiB, 69.07 W
2026/10/06 10:31:00.678, 0, 99 %, 7865 MiB, 67.50 W
2026/10/06 10:31:00.683, 1, 99 %, 7863 MiB, 66.15 W
2026/10/06 10:31:30.690, 0, 100 %, 7865 MiB, 65.64 W
2026/10/06 10:31:30.695, 1, 100 %, 7863 MiB, 65.31 W
2026/10/06 10:32:00.701, 0, 99 %, 7865 MiB, 66.52 W
2026/10/06 10:32:00.706, 1, 99 %, 7863 MiB, 69.42 W
2026/10/06 10:32:30.712, 0, 100 %, 7865 MiB, 60.90 W
2026/10/06 10:32:30.716, 1, 99 %, 7863 MiB, 63.59 W
2026/10/06 10:33:00.723, 0, 93 %, 7865 MiB, 79.44 W
2026/10/06 10:33:00.728, 1, 100 %, 7863 MiB, 106.65 W
2026/10/06 10:33:30.735, 0, 95 %, 7865 MiB, 54.85 W
2026/10/06 10:33:30.740, 1, 94 %, 7863 MiB, 54.66 W
2026/10/06 10:34:00.752, 0, 100 %, 7865 MiB, 49.95 W
2026/10/06 10:34:00.756, 1, 100 %, 7863 MiB, 58.36 W
2026/10/06 10:34:30.762, 0, 94 %, 7865 MiB, 61.52 W
2026/10/06 10:34:30.769, 1, 99 %, 7863 MiB, 63.11 W
2026/10/06 10:35:00.776, 0, 95 %, 7865 MiB, 54.88 W
2026/10/06 10:35:00.781, 1, 95 %, 7863 MiB, 69.22 W
2026/10/06 10:35:30.787, 0, 100 %, 7865 MiB, 65.06 W
2026/10/06 10:35:30.792, 1, 100 %, 7863 MiB, 64.86 W
2026/10/06 10:36:00.805, 0, 100 %, 7865 MiB, 68.14 W
2026/10/06 10:36:00.809, 1, 100 %, 7863 MiB, 64.82 W
2026/10/06 10:36:30.816, 0, 95 %, 7865 MiB, 64.90 W
2026/10/06 10:36:30.821, 1, 100 %, 7863 MiB, 63.20 W
2026/10/06 10:37:00.834, 0, 94 %, 7865 MiB, 60.35 W
2026/10/06 10:37:00.844, 1, 99 %, 7863 MiB, 67.65 W
2026/10/06 10:37:30.856, 0, 93 %, 7865 MiB, 63.63 W
2026/10/06 10:37:30.861, 1, 99 %, 7863 MiB, 63.54 W
2026/10/06 10:38:00.871, 0, 94 %, 7865 MiB, 80.41 W
2026/10/06 10:38:00.879, 1, 95 %, 7863 MiB, 69.85 W
2026/10/06 10:38:30.886, 0, 100 %, 7865 MiB, 65.35 W
2026/10/06 10:38:30.897, 1, 100 %, 7863 MiB, 67.51 W
2026/10/06 10:39:00.904, 0, 99 %, 7865 MiB, 79.44 W
2026/10/06 10:39:00.908, 1, 100 %, 7863 MiB, 65.64 W
2026/10/06 10:39:30.918, 0, 100 %, 7865 MiB, 65.45 W
2026/10/06 10:39:30.923, 1, 100 %, 7863 MiB, 67.26 W
2026/10/06 10:40:00.934, 0, 99 %, 7865 MiB, 65.00 W
2026/10/06 10:40:00.940, 1, 100 %, 7863 MiB, 60.57 W
2026/10/06 10:40:30.946, 0, 96 %, 7865 MiB, 60.74 W
2026/10/06 10:40:30.957, 1, 99 %, 7863 MiB, 67.80 W
2026/10/06 10:41:00.970, 0, 97 %, 7865 MiB, 56.19 W
2026/10/06 10:41:00.974, 1, 93 %, 7863 MiB, 70.97 W
2026/10/06 10:41:30.981, 0, 99 %, 7865 MiB, 63.44 W
2026/10/06 10:41:30.985, 1, 99 %, 7863 MiB, 67.45 W
2026/10/06 10:42:00.998, 0, 99 %, 7865 MiB, 64.55 W
2026/10/06 10:42:01.009, 1, 99 %, 7863 MiB, 62.17 W
2026/10/06 10:42:31.015, 0, 100 %, 7865 MiB, 71.60 W
2026/10/06 10:42:31.025, 1, 100 %, 7863 MiB, 60.68 W
2026/10/06 10:43:01.031, 0, 100 %, 7865 MiB, 65.06 W
2026/10/06 10:43:01.038, 1, 100 %, 7863 MiB, 68.39 W
2026/10/06 10:43:31.048, 0, 94 %, 7865 MiB, 79.88 W
2026/10/06 10:43:31.055, 1, 94 %, 7863 MiB, 94.36 W
2026/10/06 10:44:01.072, 0, 95 %, 7865 MiB, 63.99 W
2026/10/06 10:44:01.076, 1, 95 %, 7863 MiB, 66.09 W
2026/10/06 10:44:31.084, 0, 100 %, 7865 MiB, 61.19 W
2026/10/06 10:44:31.089, 1, 100 %, 7863 MiB, 64.72 W
2026/10/06 10:45:01.099, 0, 100 %, 7865 MiB, 62.01 W
2026/10/06 10:45:01.104, 1, 100 %, 7863 MiB, 61.10 W
2026/10/06 10:45:31.110, 0, 100 %, 7865 MiB, 61.29 W
2026/10/06 10:45:31.117, 1, 100 %, 7863 MiB, 64.43 W
2026/10/06 10:46:01.124, 0, 100 %, 7865 MiB, 62.99 W
2026/10/06 10:46:01.131, 1, 100 %, 7863 MiB, 63.34 W
2026/10/06 10:46:31.143, 0, 100 %, 7865 MiB, 69.21 W
2026/10/06 10:46:31.147, 1, 99 %, 7863 MiB, 66.97 W
2026/10/06 10:47:01.155, 0, 100 %, 7865 MiB, 67.11 W
2026/10/06 10:47:01.162, 1, 100 %, 7863 MiB, 66.73 W
2026/10/06 10:47:31.175, 0, 99 %, 7865 MiB, 66.67 W
2026/10/06 10:47:31.183, 1, 100 %, 7863 MiB, 61.39 W
2026/10/06 10:48:01.195, 0, 99 %, 7865 MiB, 62.17 W
2026/10/06 10:48:01.200, 1, 99 %, 7863 MiB, 64.00 W
2026/10/06 10:48:31.206, 0, 100 %, 7865 MiB, 66.38 W
2026/10/06 10:48:31.211, 1, 95 %, 7863 MiB, 67.18 W
2026/10/06 10:49:01.218, 0, 100 %, 7865 MiB, 66.44 W
2026/10/06 10:49:01.222, 1, 100 %, 7863 MiB, 68.79 W
2026/10/06 10:49:31.228, 0, 99 %, 7865 MiB, 66.19 W
2026/10/06 10:49:31.232, 1, 99 %, 7863 MiB, 63.07 W
2026/10/06 10:50:01.240, 0, 94 %, 7865 MiB, 58.95 W
2026/10/06 10:50:01.244, 1, 95 %, 7863 MiB, 64.98 W
2026/10/06 10:50:31.254, 0, 100 %, 7865 MiB, 61.64 W
2026/10/06 10:50:31.259, 1, 100 %, 7863 MiB, 63.36 W
2026/10/06 10:51:01.270, 0, 100 %, 7865 MiB, 66.63 W
2026/10/06 10:51:01.275, 1, 100 %, 7863 MiB, 66.34 W
2026/10/06 10:51:31.281, 0, 95 %, 7865 MiB, 64.68 W
2026/10/06 10:51:31.287, 1, 99 %, 7863 MiB, 66.16 W
2026/10/06 10:52:01.293, 0, 99 %, 7865 MiB, 66.73 W
2026/10/06 10:52:01.301, 1, 99 %, 7863 MiB, 60.63 W
2026/10/06 10:52:31.309, 0, 99 %, 7865 MiB, 64.04 W
2026/10/06 10:52:31.313, 1, 93 %, 7863 MiB, 66.93 W
2026/10/06 10:53:01.319, 0, 100 %, 7865 MiB, 61.55 W
2026/10/06 10:53:01.324, 1, 100 %, 7863 MiB, 62.80 W
2026/10/06 10:53:31.330, 0, 100 %, 7865 MiB, 69.32 W
2026/10/06 10:53:31.335, 1, 100 %, 7863 MiB, 45.98 W
2026/10/06 10:54:01.342, 0, 100 %, 7865 MiB, 61.16 W
2026/10/06 10:54:01.346, 1, 100 %, 7863 MiB, 48.43 W
2026/10/06 10:54:31.352, 0, 95 %, 7865 MiB, 55.37 W
2026/10/06 10:54:31.356, 1, 95 %, 7863 MiB, 67.33 W
2026/10/06 10:55:01.372, 0, 94 %, 7865 MiB, 65.46 W
2026/10/06 10:55:01.376, 1, 93 %, 7863 MiB, 53.48 W
2026/10/06 10:55:31.387, 0, 99 %, 7865 MiB, 67.96 W
2026/10/06 10:55:31.391, 1, 100 %, 7863 MiB, 68.25 W
2026/10/06 10:56:01.398, 0, 99 %, 7865 MiB, 63.36 W
2026/10/06 10:56:01.402, 1, 93 %, 7863 MiB, 54.40 W
2026/10/06 10:56:31.411, 0, 100 %, 7865 MiB, 68.73 W
2026/10/06 10:56:31.416, 1, 100 %, 7863 MiB, 66.15 W
2026/10/06 10:57:01.422, 0, 94 %, 7865 MiB, 72.82 W
2026/10/06 10:57:01.427, 1, 94 %, 7863 MiB, 99.32 W
2026/10/06 10:57:31.434, 0, 100 %, 7865 MiB, 64.86 W
2026/10/06 10:57:31.446, 1, 100 %, 7863 MiB, 44.66 W
2026/10/06 10:58:01.461, 0, 100 %, 7865 MiB, 65.99 W
2026/10/06 10:58:01.469, 1, 100 %, 7863 MiB, 64.33 W
2026/10/06 10:58:31.477, 0, 93 %, 7865 MiB, 66.48 W
2026/10/06 10:58:31.481, 1, 100 %, 7863 MiB, 64.82 W
2026/10/06 10:59:01.490, 0, 100 %, 7865 MiB, 63.89 W
2026/10/06 10:59:01.494, 1, 100 %, 7863 MiB, 63.24 W
2026/10/06 10:59:31.506, 0, 100 %, 7865 MiB, 69.31 W
2026/10/06 10:59:31.510, 1, 100 %, 7863 MiB, 59.86 W
2026/10/06 11:00:01.517, 0, 99 %, 7865 MiB, 64.47 W
2026/10/06 11:00:01.526, 1, 99 %, 7863 MiB, 65.41 W
2026/10/06 11:00:31.537, 0, 99 %, 7865 MiB, 67.50 W
2026/10/06 11:00:31.542, 1, 99 %, 7863 MiB, 61.58 W
2026/10/06 11:01:01.548, 0, 95 %, 7865 MiB, 63.40 W
2026/10/06 11:01:01.553, 1, 95 %, 7863 MiB, 68.19 W
2026/10/06 11:01:31.560, 0, 99 %, 7865 MiB, 55.54 W
2026/10/06 11:01:31.564, 1, 95 %, 7863 MiB, 68.29 W
2026/10/06 11:02:01.577, 0, 100 %, 7865 MiB, 65.59 W
2026/10/06 11:02:01.584, 1, 100 %, 7863 MiB, 64.96 W
2026/10/06 11:02:31.590, 0, 100 %, 7865 MiB, 63.67 W
2026/10/06 11:02:31.594, 1, 100 %, 7863 MiB, 63.89 W
2026/10/06 11:03:01.600, 0, 100 %, 7865 MiB, 49.76 W
2026/10/06 11:03:01.608, 1, 100 %, 7863 MiB, 80.65 W
2026/10/06 11:03:31.621, 0, 100 %, 7865 MiB, 64.51 W
2026/10/06 11:03:31.625, 1, 100 %, 7863 MiB, 63.54 W
2026/10/06 11:04:01.631, 0, 99 %, 7865 MiB, 65.59 W
2026/10/06 11:04:01.636, 1, 99 %, 7863 MiB, 66.87 W
2026/10/06 11:04:31.643, 0, 99 %, 7865 MiB, 65.93 W
2026/10/06 11:04:31.648, 1, 99 %, 7863 MiB, 66.09 W
2026/10/06 11:05:01.655, 0, 99 %, 7865 MiB, 68.76 W
2026/10/06 11:05:01.660, 1, 99 %, 7863 MiB, 54.46 W
2026/10/06 11:05:31.667, 0, 95 %, 7865 MiB, 66.13 W
2026/10/06 11:05:31.672, 1, 95 %, 7863 MiB, 64.96 W
2026/10/06 11:06:01.682, 0, 99 %, 7865 MiB, 55.47 W
2026/10/06 11:06:01.686, 1, 94 %, 7863 MiB, 64.72 W
2026/10/06 11:06:31.702, 0, 99 %, 7865 MiB, 69.50 W
2026/10/06 11:06:31.713, 1, 100 %, 7863 MiB, 69.75 W
2026/10/06 11:07:01.726, 0, 100 %, 7865 MiB, 66.56 W
2026/10/06 11:07:01.733, 1, 100 %, 7863 MiB, 63.73 W
2026/10/06 11:07:31.740, 0, 95 %, 7865 MiB, 64.38 W
2026/10/06 11:07:31.744, 1, 99 %, 7863 MiB, 73.11 W
2026/10/06 11:08:01.751, 0, 97 %, 7865 MiB, 64.41 W
2026/10/06 11:08:01.755, 1, 96 %, 7863 MiB, 62.85 W
2026/10/06 11:08:31.762, 0, 99 %, 7865 MiB, 67.89 W
2026/10/06 11:08:31.771, 1, 99 %, 7863 MiB, 67.01 W
2026/10/06 11:09:01.780, 0, 99 %, 7865 MiB, 65.84 W
2026/10/06 11:09:01.785, 1, 99 %, 7863 MiB, 63.59 W
2026/10/06 11:09:31.791, 0, 94 %, 7865 MiB, 65.59 W
2026/10/06 11:09:31.796, 1, 100 %, 7863 MiB, 63.30 W
2026/10/06 11:10:01.803, 0, 100 %, 7865 MiB, 65.35 W
2026/10/06 11:10:01.808, 1, 94 %, 7863 MiB, 64.18 W
2026/10/06 11:10:31.822, 0, 100 %, 7865 MiB, 62.85 W
2026/10/06 11:10:31.830, 1, 100 %, 7863 MiB, 63.85 W
2026/10/06 11:11:01.836, 0, 100 %, 7865 MiB, 63.01 W
2026/10/06 11:11:01.840, 1, 100 %, 7863 MiB, 60.61 W
2026/10/06 11:11:31.848, 0, 95 %, 7865 MiB, 65.15 W
2026/10/06 11:11:31.853, 1, 95 %, 7863 MiB, 63.40 W
2026/10/06 11:12:01.860, 0, 100 %, 7865 MiB, 67.69 W
2026/10/06 11:12:01.864, 1, 100 %, 7863 MiB, 64.82 W
2026/10/06 11:12:31.872, 0, 98 %, 7865 MiB, 65.25 W
2026/10/06 11:12:31.878, 1, 98 %, 7863 MiB, 64.57 W
2026/10/06 11:13:01.888, 0, 100 %, 7865 MiB, 65.45 W
2026/10/06 11:13:01.893, 1, 100 %, 7863 MiB, 63.50 W
2026/10/06 11:13:31.900, 0, 99 %, 7865 MiB, 66.42 W
2026/10/06 11:13:31.909, 1, 99 %, 7863 MiB, 68.93 W
2026/10/06 11:14:01.917, 0, 100 %, 7865 MiB, 64.92 W
2026/10/06 11:14:01.924, 1, 100 %, 7863 MiB, 61.84 W
2026/10/06 11:14:31.931, 0, 97 %, 7865 MiB, 69.40 W
2026/10/06 11:14:31.938, 1, 99 %, 7863 MiB, 65.27 W
2026/10/06 11:15:01.945, 0, 99 %, 7865 MiB, 59.67 W
2026/10/06 11:15:01.950, 1, 99 %, 7863 MiB, 67.22 W
2026/10/06 11:15:31.963, 0, 94 %, 7865 MiB, 66.23 W
2026/10/06 11:15:31.970, 1, 94 %, 7863 MiB, 67.36 W
2026/10/06 11:16:01.983, 0, 99 %, 7865 MiB, 65.15 W
2026/10/06 11:16:01.991, 1, 96 %, 7863 MiB, 65.70 W
2026/10/06 11:16:32.002, 0, 98 %, 7865 MiB, 52.34 W
2026/10/06 11:16:32.007, 1, 95 %, 7863 MiB, 63.40 W
2026/10/06 11:17:02.022, 0, 100 %, 7865 MiB, 70.00 W
2026/10/06 11:17:02.030, 1, 100 %, 7863 MiB, 64.76 W
2026/10/06 11:17:32.036, 0, 91 %, 7865 MiB, 63.15 W
2026/10/06 11:17:32.041, 1, 93 %, 7863 MiB, 71.99 W
2026/10/06 11:18:02.049, 0, 100 %, 7865 MiB, 76.38 W
2026/10/06 11:18:02.057, 1, 90 %, 7863 MiB, 97.23 W
2026/10/06 11:18:32.065, 0, 100 %, 7865 MiB, 46.82 W
2026/10/06 11:18:32.069, 1, 100 %, 7863 MiB, 70.04 W
2026/10/06 11:19:02.081, 0, 99 %, 7865 MiB, 66.52 W
2026/10/06 11:19:02.085, 1, 94 %, 7863 MiB, 68.87 W
2026/10/06 11:19:32.095, 0, 91 %, 7865 MiB, 65.84 W
2026/10/06 11:19:32.099, 1, 92 %, 7863 MiB, 65.31 W
2026/10/06 11:20:02.106, 0, 95 %, 7865 MiB, 77.84 W
2026/10/06 11:20:02.111, 1, 100 %, 7863 MiB, 77.84 W
2026/10/06 11:20:32.117, 0, 100 %, 7865 MiB, 62.66 W
2026/10/06 11:20:32.126, 1, 100 %, 7863 MiB, 65.70 W
2026/10/06 11:21:02.134, 0, 100 %, 7865 MiB, 67.89 W
2026/10/06 11:21:02.138, 1, 94 %, 7863 MiB, 65.50 W
2026/10/06 11:21:32.145, 0, 91 %, 7865 MiB, 54.75 W
2026/10/06 11:21:32.150, 1, 89 %, 7863 MiB, 63.89 W
2026/10/06 11:22:02.159, 0, 92 %, 7865 MiB, 65.35 W
2026/10/06 11:22:02.164, 1, 92 %, 7863 MiB, 65.06 W
2026/10/06 11:22:32.172, 0, 100 %, 7865 MiB, 62.89 W
2026/10/06 11:22:32.177, 1, 100 %, 7863 MiB, 69.01 W
2026/10/06 11:23:02.184, 0, 100 %, 7865 MiB, 80.61 W
2026/10/06 11:23:02.193, 1, 100 %, 7863 MiB, 64.08 W
2026/10/06 11:23:32.202, 0, 100 %, 7865 MiB, 68.32 W
2026/10/06 11:23:32.207, 1, 100 %, 7863 MiB, 68.00 W
2026/10/06 11:24:02.214, 0, 100 %, 7865 MiB, 59.12 W
2026/10/06 11:24:02.219, 1, 100 %, 7863 MiB, 66.38 W
2026/10/06 11:24:32.227, 0, 94 %, 7865 MiB, 67.25 W
2026/10/06 11:24:32.237, 1, 99 %, 7863 MiB, 62.85 W
2026/10/06 11:25:02.244, 0, 100 %, 7865 MiB, 60.25 W
2026/10/06 11:25:02.248, 1, 100 %, 7863 MiB, 62.03 W
2026/10/06 11:25:32.256, 0, 100 %, 7865 MiB, 65.49 W
2026/10/06 11:25:32.260, 1, 100 %, 7863 MiB, 66.13 W
2026/10/06 11:26:02.267, 0, 100 %, 7865 MiB, 77.06 W
2026/10/06 11:26:02.277, 1, 100 %, 7863 MiB, 84.23 W
2026/10/06 11:26:32.284, 0, 100 %, 7865 MiB, 65.10 W
2026/10/06 11:26:32.288, 1, 100 %, 7863 MiB, 67.61 W
2026/10/06 11:27:02.294, 0, 94 %, 7865 MiB, 65.10 W
2026/10/06 11:27:02.303, 1, 94 %, 7863 MiB, 63.79 W
2026/10/06 11:27:32.310, 0, 98 %, 7865 MiB, 63.05 W
2026/10/06 11:27:32.314, 1, 100 %, 7863 MiB, 51.82 W
2026/10/06 11:28:02.326, 0, 100 %, 7865 MiB, 63.97 W
2026/10/06 11:28:02.330, 1, 100 %, 7863 MiB, 61.00 W
2026/10/06 11:28:32.337, 0, 99 %, 7865 MiB, 59.90 W
2026/10/06 11:28:32.347, 1, 99 %, 7863 MiB, 67.75 W
2026/10/06 11:29:02.354, 0, 95 %, 7865 MiB, 64.57 W
2026/10/06 11:29:02.359, 1, 95 %, 7863 MiB, 63.94 W
2026/10/06 11:29:32.366, 0, 100 %, 7865 MiB, 64.71 W
2026/10/06 11:29:32.371, 1, 100 %, 7863 MiB, 68.19 W
2026/10/06 11:30:02.383, 0, 99 %, 7865 MiB, 66.91 W
2026/10/06 11:30:02.388, 1, 99 %, 7863 MiB, 68.29 W
2026/10/06 11:30:32.397, 0, 94 %, 7865 MiB, 64.76 W
2026/10/06 11:30:32.408, 1, 93 %, 7863 MiB, 54.36 W
2026/10/06 11:31:02.415, 0, 100 %, 7865 MiB, 62.17 W
2026/10/06 11:31:02.420, 1, 100 %, 7863 MiB, 62.37 W
2026/10/06 11:31:32.426, 0, 94 %, 7865 MiB, 65.14 W
2026/10/06 11:31:32.431, 1, 100 %, 7863 MiB, 75.60 W
2026/10/06 11:32:02.439, 0, 93 %, 7865 MiB, 62.27 W
2026/10/06 11:32:02.443, 1, 99 %, 7863 MiB, 65.02 W
2026/10/06 11:32:32.449, 0, 98 %, 7865 MiB, 65.10 W
2026/10/06 11:32:32.454, 1, 99 %, 7863 MiB, 68.14 W
2026/10/06 11:33:02.461, 0, 94 %, 7865 MiB, 61.82 W
2026/10/06 11:33:02.466, 1, 95 %, 7863 MiB, 55.21 W
2026/10/06 11:33:32.475, 0, 100 %, 7865 MiB, 69.31 W
2026/10/06 11:33:32.479, 1, 100 %, 7863 MiB, 66.23 W
2026/10/06 11:34:02.487, 0, 100 %, 7865 MiB, 65.15 W
2026/10/06 11:34:02.491, 1, 99 %, 7863 MiB, 66.83 W
2026/10/06 11:34:32.498, 0, 99 %, 7865 MiB, 62.99 W
2026/10/06 11:34:32.506, 1, 95 %, 7863 MiB, 61.10 W
2026/10/06 11:35:02.514, 0, 100 %, 7865 MiB, 64.38 W
2026/10/06 11:35:02.521, 1, 99 %, 7863 MiB, 71.17 W
2026/10/06 11:35:32.534, 0, 94 %, 7865 MiB, 65.25 W
2026/10/06 11:35:32.538, 1, 93 %, 7863 MiB, 65.80 W
2026/10/06 11:36:02.545, 0, 100 %, 7865 MiB, 62.52 W
2026/10/06 11:36:02.556, 1, 100 %, 7863 MiB, 69.07 W
2026/10/06 11:36:32.569, 0, 94 %, 7865 MiB, 66.72 W
2026/10/06 11:36:32.576, 1, 99 %, 7863 MiB, 67.26 W
2026/10/06 11:37:02.584, 0, 99 %, 7865 MiB, 68.43 W
2026/10/06 11:37:02.590, 1, 98 %, 7863 MiB, 67.12 W
2026/10/06 11:37:32.597, 0, 95 %, 7865 MiB, 49.92 W
2026/10/06 11:37:32.602, 1, 100 %, 7863 MiB, 66.03 W
2026/10/06 11:38:02.610, 0, 99 %, 7865 MiB, 66.13 W
2026/10/06 11:38:02.614, 1, 99 %, 7863 MiB, 61.00 W
2026/10/06 11:38:32.622, 0, 99 %, 7865 MiB, 66.13 W
2026/10/06 11:38:32.627, 1, 97 %, 7863 MiB, 65.76 W
2026/10/06 11:39:02.633, 0, 98 %, 7865 MiB, 62.21 W
2026/10/06 11:39:02.638, 1, 98 %, 7863 MiB, 66.19 W
2026/10/06 11:39:32.646, 0, 95 %, 7865 MiB, 64.57 W
2026/10/06 11:39:32.658, 1, 94 %, 7863 MiB, 66.38 W
2026/10/06 11:40:02.671, 0, 93 %, 7865 MiB, 65.49 W
2026/10/06 11:40:02.676, 1, 99 %, 7863 MiB, 66.15 W
2026/10/06 11:40:32.683, 0, 100 %, 7865 MiB, 63.59 W
2026/10/06 11:40:32.687, 1, 100 %, 7863 MiB, 62.62 W
2026/10/06 11:41:02.694, 0, 100 %, 7865 MiB, 64.18 W
2026/10/06 11:41:02.699, 1, 100 %, 7863 MiB, 64.08 W
2026/10/06 11:41:32.706, 0, 95 %, 7865 MiB, 64.38 W
2026/10/06 11:41:32.711, 1, 95 %, 7863 MiB, 65.50 W
2026/10/06 11:42:02.719, 0, 100 %, 7865 MiB, 66.33 W
2026/10/06 11:42:02.723, 1, 100 %, 7863 MiB, 68.65 W
2026/10/06 11:42:32.731, 0, 94 %, 7865 MiB, 60.25 W
2026/10/06 11:42:32.735, 1, 94 %, 7863 MiB, 64.72 W
2026/10/06 11:43:02.746, 0, 97 %, 7865 MiB, 66.81 W
2026/10/06 11:43:02.750, 1, 100 %, 7863 MiB, 65.80 W
2026/10/06 11:43:32.761, 0, 95 %, 7865 MiB, 65.84 W
2026/10/06 11:43:32.769, 1, 99 %, 7863 MiB, 69.17 W
2026/10/06 11:44:02.775, 0, 95 %, 7865 MiB, 65.74 W
2026/10/06 11:44:02.780, 1, 95 %, 7863 MiB, 81.38 W
2026/10/06 11:44:32.787, 0, 100 %, 7865 MiB, 65.45 W
2026/10/06 11:44:32.791, 1, 100 %, 7863 MiB, 64.18 W
2026/10/06 11:45:02.800, 0, 99 %, 7865 MiB, 64.41 W
2026/10/06 11:45:02.805, 1, 99 %, 7863 MiB, 61.68 W
2026/10/06 11:45:32.812, 0, 99 %, 7865 MiB, 66.62 W
2026/10/06 11:45:32.822, 1, 99 %, 7863 MiB, 65.02 W
2026/10/06 11:46:02.833, 0, 99 %, 7865 MiB, 63.59 W
2026/10/06 11:46:02.837, 1, 100 %, 7863 MiB, 64.18 W
2026/10/06 11:46:32.850, 0, 99 %, 7865 MiB, 65.15 W
2026/10/06 11:46:32.854, 1, 99 %, 7863 MiB, 64.96 W
2026/10/06 11:47:02.860, 0, 100 %, 7865 MiB, 61.43 W
2026/10/06 11:47:02.866, 1, 100 %, 7863 MiB, 65.74 W
2026/10/06 11:47:32.873, 0, 95 %, 7865 MiB, 64.67 W
2026/10/06 11:47:32.881, 1, 95 %, 7863 MiB, 66.77 W
2026/10/06 11:48:02.888, 0, 100 %, 7865 MiB, 85.46 W
2026/10/06 11:48:02.898, 1, 100 %, 7863 MiB, 76.86 W
2026/10/06 11:48:32.909, 0, 100 %, 7865 MiB, 70.82 W
2026/10/06 11:48:32.915, 1, 100 %, 7863 MiB, 66.67 W
2026/10/06 11:49:02.923, 0, 100 %, 7865 MiB, 63.15 W
2026/10/06 11:49:02.927, 1, 100 %, 7863 MiB, 62.81 W
2026/10/06 11:49:32.939, 0, 100 %, 7865 MiB, 64.02 W
2026/10/06 11:49:32.948, 1, 100 %, 7863 MiB, 61.74 W
2026/10/06 11:50:02.962, 0, 100 %, 7865 MiB, 68.82 W
2026/10/06 11:50:02.966, 1, 100 %, 7863 MiB, 61.62 W
2026/10/06 11:50:32.973, 0, 99 %, 7865 MiB, 65.68 W
2026/10/06 11:50:32.983, 1, 99 %, 7863 MiB, 63.50 W
2026/10/06 11:51:02.990, 0, 99 %, 7865 MiB, 65.06 W
2026/10/06 11:51:02.996, 1, 99 %, 7863 MiB, 67.51 W
2026/10/06 11:51:33.003, 0, 100 %, 7865 MiB, 61.43 W
2026/10/06 11:51:33.007, 1, 100 %, 7863 MiB, 63.73 W
2026/10/06 11:52:03.016, 0, 100 %, 7865 MiB, 64.71 W
2026/10/06 11:52:03.027, 1, 100 %, 7863 MiB, 67.76 W
2026/10/06 11:52:33.034, 0, 94 %, 7865 MiB, 55.24 W
2026/10/06 11:52:33.038, 1, 95 %, 7863 MiB, 62.81 W
2026/10/06 11:53:03.049, 0, 95 %, 7865 MiB, 53.91 W
2026/10/06 11:53:03.061, 1, 94 %, 7863 MiB, 64.28 W
2026/10/06 11:53:33.068, 0, 93 %, 7865 MiB, 42.46 W
2026/10/06 11:53:33.077, 1, 94 %, 7863 MiB, 105.20 W
2026/10/06 11:54:03.092, 0, 95 %, 7865 MiB, 68.04 W
2026/10/06 11:54:03.099, 1, 95 %, 7863 MiB, 64.86 W
2026/10/06 11:54:33.106, 0, 95 %, 7865 MiB, 59.28 W
2026/10/06 11:54:33.111, 1, 95 %, 7863 MiB, 65.99 W
2026/10/06 11:55:03.124, 0, 95 %, 7865 MiB, 62.31 W
2026/10/06 11:55:03.129, 1, 99 %, 7863 MiB, 61.00 W
2026/10/06 11:55:33.136, 0, 95 %, 7865 MiB, 79.00 W
2026/10/06 11:55:33.141, 1, 100 %, 7863 MiB, 49.04 W
2026/10/06 11:56:03.151, 0, 99 %, 7865 MiB, 69.65 W
2026/10/06 11:56:03.156, 1, 99 %, 7863 MiB, 62.62 W
2026/10/06 11:56:33.163, 0, 100 %, 7865 MiB, 66.03 W
2026/10/06 11:56:33.167, 1, 100 %, 7863 MiB, 63.30 W
2026/10/06 11:57:03.173, 0, 100 %, 7865 MiB, 61.33 W
2026/10/06 11:57:03.178, 1, 97 %, 7863 MiB, 86.42 W
2026/10/06 11:57:33.184, 0, 95 %, 7865 MiB, 61.29 W
2026/10/06 11:57:33.189, 1, 96 %, 7863 MiB, 61.74 W
2026/10/06 11:58:03.196, 0, 100 %, 7865 MiB, 65.15 W
2026/10/06 11:58:03.201, 1, 94 %, 7863 MiB, 63.69 W
2026/10/06 11:58:33.211, 0, 99 %, 7865 MiB, 57.46 W
2026/10/06 11:58:33.220, 1, 95 %, 7863 MiB, 58.59 W
2026/10/06 11:59:03.227, 0, 99 %, 7865 MiB, 65.35 W
2026/10/06 11:59:03.232, 1, 99 %, 7863 MiB, 66.09 W
2026/10/06 11:59:33.246, 0, 94 %, 7865 MiB, 59.38 W
2026/10/06 11:59:33.251, 1, 99 %, 7863 MiB, 63.20 W
2026/10/06 12:00:03.262, 0, 93 %, 7865 MiB, 66.03 W
2026/10/06 12:00:03.267, 1, 95 %, 7863 MiB, 64.53 W
2026/10/06 12:00:33.274, 0, 99 %, 7865 MiB, 60.61 W
2026/10/06 12:00:33.279, 1, 100 %, 7863 MiB, 68.58 W
2026/10/06 12:01:03.286, 0, 100 %, 7865 MiB, 65.60 W
2026/10/06 12:01:03.295, 1, 99 %, 7863 MiB, 66.58 W
2026/10/06 12:01:33.302, 0, 99 %, 7865 MiB, 61.23 W
2026/10/06 12:01:33.306, 1, 95 %, 7863 MiB, 65.21 W
2026/10/06 12:02:03.313, 0, 99 %, 7865 MiB, 65.93 W
2026/10/06 12:02:03.325, 1, 93 %, 7863 MiB, 65.70 W
2026/10/06 12:02:33.332, 0, 94 %, 7865 MiB, 65.60 W
2026/10/06 12:02:33.340, 1, 94 %, 7863 MiB, 53.58 W
2026/10/06 12:03:03.347, 0, 100 %, 7865 MiB, 65.74 W
2026/10/06 12:03:03.352, 1, 100 %, 7863 MiB, 61.19 W
2026/10/06 12:03:33.359, 0, 95 %, 7865 MiB, 66.42 W
2026/10/06 12:03:33.363, 1, 99 %, 7863 MiB, 64.63 W
2026/10/06 12:04:03.370, 0, 100 %, 7865 MiB, 61.10 W
2026/10/06 12:04:03.375, 1, 95 %, 7863 MiB, 70.54 W
2026/10/06 12:04:33.384, 0, 100 %, 7865 MiB, 64.96 W
2026/10/06 12:04:33.388, 1, 100 %, 7863 MiB, 63.69 W
2026/10/06 12:05:03.396, 0, 94 %, 7865 MiB, 65.39 W
2026/10/06 12:05:03.406, 1, 94 %, 7863 MiB, 65.54 W
2026/10/06 12:05:33.412, 0, 99 %, 7865 MiB, 64.51 W
2026/10/06 12:05:33.422, 1, 99 %, 7863 MiB, 63.40 W
2026/10/06 12:06:03.429, 0, 99 %, 7865 MiB, 63.54 W
2026/10/06 12:06:03.439, 1, 99 %, 7863 MiB, 66.24 W
2026/10/06 12:06:33.449, 0, 100 %, 7865 MiB, 62.46 W
2026/10/06 12:06:33.453, 1, 100 %, 7863 MiB, 63.85 W
2026/10/06 12:07:03.462, 0, 95 %, 7865 MiB, 62.76 W
2026/10/06 12:07:03.468, 1, 99 %, 7863 MiB, 79.53 W
2026/10/06 12:07:33.477, 0, 98 %, 7865 MiB, 65.45 W
2026/10/06 12:07:33.481, 1, 93 %, 7863 MiB, 68.58 W
2026/10/06 12:08:03.488, 0, 94 %, 7865 MiB, 57.30 W
2026/10/06 12:08:03.493, 1, 95 %, 7863 MiB, 61.92 W
2026/10/06 12:08:33.499, 0, 99 %, 7865 MiB, 61.43 W
2026/10/06 12:08:33.504, 1, 95 %, 7863 MiB, 71.26 W
2026/10/06 12:09:03.511, 0, 99 %, 7865 MiB, 60.61 W
2026/10/06 12:09:03.516, 1, 99 %, 7863 MiB, 65.89 W
2026/10/06 12:09:33.523, 0, 100 %, 7865 MiB, 66.81 W
2026/10/06 12:09:33.528, 1, 100 %, 7863 MiB, 59.57 W
2026/10/06 12:10:03.533, 0, 99 %, 7865 MiB, 66.77 W
2026/10/06 12:10:03.546, 1, 99 %, 7863 MiB, 64.28 W
2026/10/06 12:10:33.553, 0, 100 %, 7865 MiB, 61.68 W
2026/10/06 12:10:33.557, 1, 96 %, 7863 MiB, 67.36 W
2026/10/06 12:11:03.563, 0, 99 %, 7865 MiB, 65.74 W
2026/10/06 12:11:03.568, 1, 99 %, 7863 MiB, 64.76 W
2026/10/06 12:11:33.575, 0, 99 %, 7865 MiB, 63.63 W
2026/10/06 12:11:33.579, 1, 99 %, 7863 MiB, 70.19 W
2026/10/06 12:12:03.586, 0, 99 %, 7865 MiB, 66.81 W
2026/10/06 12:12:03.591, 1, 99 %, 7863 MiB, 68.29 W
2026/10/06 12:12:33.598, 0, 99 %, 7865 MiB, 66.77 W
2026/10/06 12:12:33.603, 1, 98 %, 7863 MiB, 66.24 W
2026/10/06 12:13:03.613, 0, 99 %, 7865 MiB, 65.35 W
2026/10/06 12:13:03.618, 1, 98 %, 7863 MiB, 65.95 W
2026/10/06 12:13:33.634, 0, 100 %, 7865 MiB, 66.33 W
2026/10/06 12:13:33.641, 1, 100 %, 7863 MiB, 66.11 W
2026/10/06 12:14:03.648, 0, 93 %, 7865 MiB, 59.90 W
2026/10/06 12:14:03.652, 1, 96 %, 7863 MiB, 62.23 W
2026/10/06 12:14:33.660, 0, 100 %, 7865 MiB, 63.54 W
2026/10/06 12:14:33.665, 1, 100 %, 7863 MiB, 69.17 W
2026/10/06 12:15:03.673, 0, 99 %, 7865 MiB, 64.63 W
2026/10/06 12:15:03.677, 1, 94 %, 7863 MiB, 68.72 W
2026/10/06 12:15:33.685, 0, 100 %, 7865 MiB, 64.22 W
2026/10/06 12:15:33.689, 1, 99 %, 7863 MiB, 66.15 W
2026/10/06 12:16:03.701, 0, 100 %, 7865 MiB, 65.15 W
2026/10/06 12:16:03.711, 1, 97 %, 7863 MiB, 52.28 W
2026/10/06 12:16:33.725, 0, 99 %, 7865 MiB, 63.75 W
2026/10/06 12:16:33.731, 1, 99 %, 7863 MiB, 67.80 W
2026/10/06 12:17:03.745, 0, 95 %, 7865 MiB, 58.24 W
2026/10/06 12:17:03.753, 1, 95 %, 7863 MiB, 59.83 W
2026/10/06 12:17:33.760, 0, 99 %, 7865 MiB, 63.54 W
2026/10/06 12:17:33.771, 1, 93 %, 7863 MiB, 66.29 W
2026/10/06 12:18:03.778, 0, 100 %, 7865 MiB, 56.42 W
2026/10/06 12:18:03.792, 1, 100 %, 7863 MiB, 66.05 W
2026/10/06 12:18:33.798, 0, 99 %, 7865 MiB, 71.06 W
2026/10/06 12:18:33.803, 1, 99 %, 7863 MiB, 70.64 W
2026/10/06 12:19:03.809, 0, 99 %, 7865 MiB, 63.63 W
2026/10/06 12:19:03.821, 1, 100 %, 7863 MiB, 65.60 W
2026/10/06 12:19:33.834, 0, 100 %, 7865 MiB, 66.38 W
2026/10/06 12:19:33.839, 1, 100 %, 7863 MiB, 63.99 W
2026/10/06 12:20:03.846, 0, 94 %, 7865 MiB, 64.71 W
2026/10/06 12:20:03.854, 1, 99 %, 7863 MiB, 63.69 W
2026/10/06 12:20:33.862, 0, 95 %, 7865 MiB, 66.91 W
2026/10/06 12:20:33.869, 1, 95 %, 7863 MiB, 64.28 W
2026/10/06 12:21:03.876, 0, 100 %, 7865 MiB, 63.77 W
2026/10/06 12:21:03.881, 1, 100 %, 7863 MiB, 67.02 W
2026/10/06 12:21:33.891, 0, 94 %, 7865 MiB, 54.46 W
2026/10/06 12:21:33.896, 1, 95 %, 7863 MiB, 66.34 W
2026/10/06 12:22:03.903, 0, 99 %, 7865 MiB, 67.01 W
2026/10/06 12:22:03.907, 1, 99 %, 7863 MiB, 60.31 W
2026/10/06 12:22:33.917, 0, 95 %, 7865 MiB, 65.70 W
2026/10/06 12:22:33.926, 1, 95 %, 7863 MiB, 48.43 W
2026/10/06 12:23:03.937, 0, 100 %, 7865 MiB, 62.85 W
2026/10/06 12:23:03.942, 1, 100 %, 7863 MiB, 63.26 W
2026/10/06 12:23:33.949, 0, 100 %, 7865 MiB, 67.01 W
2026/10/06 12:23:33.954, 1, 94 %, 7863 MiB, 84.23 W
2026/10/06 12:24:03.961, 0, 94 %, 7865 MiB, 64.96 W
2026/10/06 12:24:03.966, 1, 94 %, 7863 MiB, 49.44 W
2026/10/06 12:24:33.974, 0, 100 %, 7865 MiB, 62.81 W
2026/10/06 12:24:33.981, 1, 100 %, 7863 MiB, 47.04 W
2026/10/06 12:25:03.987, 0, 100 %, 7865 MiB, 68.23 W
2026/10/06 12:25:03.991, 1, 100 %, 7863 MiB, 62.87 W
2026/10/06 12:25:34.003, 0, 95 %, 7865 MiB, 65.84 W
2026/10/06 12:25:34.008, 1, 95 %, 7863 MiB, 65.41 W
2026/10/06 12:26:04.014, 0, 97 %, 7865 MiB, 64.18 W
2026/10/06 12:26:04.019, 1, 100 %, 7863 MiB, 64.76 W
2026/10/06 12:26:34.030, 0, 100 %, 7865 MiB, 67.75 W
2026/10/06 12:26:34.038, 1, 100 %, 7863 MiB, 63.36 W
2026/10/06 12:27:04.046, 0, 94 %, 7865 MiB, 59.86 W
2026/10/06 12:27:04.057, 1, 94 %, 7863 MiB, 55.40 W
2026/10/06 12:27:34.064, 0, 99 %, 7865 MiB, 61.23 W
2026/10/06 12:27:34.072, 1, 99 %, 7863 MiB, 63.50 W
2026/10/06 12:28:04.083, 0, 100 %, 7865 MiB, 66.23 W
2026/10/06 12:28:04.087, 1, 100 %, 7863 MiB, 65.02 W
2026/10/06 12:28:34.094, 0, 94 %, 7865 MiB, 64.65 W
2026/10/06 12:28:34.098, 1, 93 %, 7863 MiB, 54.26 W
2026/10/06 12:29:04.107, 0, 100 %, 7865 MiB, 65.98 W
2026/10/06 12:29:04.112, 1, 100 %, 7863 MiB, 68.78 W
2026/10/06 12:29:34.122, 0, 100 %, 7865 MiB, 65.54 W
2026/10/06 12:29:34.126, 1, 95 %, 7863 MiB, 66.38 W
2026/10/06 12:30:04.133, 0, 99 %, 7865 MiB, 65.54 W
2026/10/06 12:30:04.142, 1, 95 %, 7863 MiB, 49.83 W
2026/10/06 12:30:34.149, 0, 100 %, 7865 MiB, 59.86 W
2026/10/06 12:30:34.153, 1, 100 %, 7863 MiB, 66.67 W
2026/10/06 12:31:04.160, 0, 99 %, 7865 MiB, 64.61 W
2026/10/06 12:31:04.165, 1, 99 %, 7863 MiB, 65.95 W
2026/10/06 12:31:34.173, 0, 99 %, 7865 MiB, 63.34 W
2026/10/06 12:31:34.177, 1, 100 %, 7863 MiB, 65.46 W
2026/10/06 12:32:04.186, 0, 100 %, 7865 MiB, 71.89 W
2026/10/06 12:32:04.190, 1, 100 %, 7863 MiB, 65.60 W
2026/10/06 12:32:34.198, 0, 100 %, 7865 MiB, 69.26 W
2026/10/06 12:32:34.204, 1, 100 %, 7863 MiB, 92.39 W
2026/10/06 12:33:04.211, 0, 100 %, 7865 MiB, 67.55 W
2026/10/06 12:33:04.215, 1, 100 %, 7863 MiB, 66.77 W
2026/10/06 12:33:34.222, 0, 98 %, 7865 MiB, 66.23 W
2026/10/06 12:33:34.228, 1, 99 %, 7863 MiB, 68.09 W
2026/10/06 12:34:04.235, 0, 100 %, 7865 MiB, 67.79 W
2026/10/06 12:34:04.240, 1, 100 %, 7863 MiB, 60.77 W
2026/10/06 12:34:34.246, 0, 100 %, 7865 MiB, 66.91 W
2026/10/06 12:34:34.251, 1, 100 %, 7863 MiB, 63.34 W
2026/10/06 12:35:04.259, 0, 94 %, 7865 MiB, 65.25 W
2026/10/06 12:35:04.264, 1, 94 %, 7863 MiB, 66.09 W
2026/10/06 12:35:34.271, 0, 95 %, 7865 MiB, 65.39 W
2026/10/06 12:35:34.276, 1, 95 %, 7863 MiB, 65.41 W
2026/10/06 12:36:04.283, 0, 99 %, 7865 MiB, 62.27 W
2026/10/06 12:36:04.289, 1, 100 %, 7863 MiB, 63.85 W
2026/10/06 12:36:34.295, 0, 99 %, 7865 MiB, 64.92 W
2026/10/06 12:36:34.299, 1, 99 %, 7863 MiB, 67.22 W
2026/10/06 12:37:04.306, 0, 100 %, 7865 MiB, 64.02 W
2026/10/06 12:37:04.310, 1, 100 %, 7863 MiB, 68.87 W
2026/10/06 12:37:34.317, 0, 94 %, 7865 MiB, 64.08 W
2026/10/06 12:37:34.325, 1, 95 %, 7863 MiB, 65.60 W
2026/10/06 12:38:04.333, 0, 100 %, 7865 MiB, 63.05 W
2026/10/06 12:38:04.337, 1, 99 %, 7863 MiB, 62.85 W
2026/10/06 12:38:34.351, 0, 99 %, 7865 MiB, 65.02 W
2026/10/06 12:38:34.355, 1, 100 %, 7863 MiB, 66.48 W
2026/10/06 12:39:04.363, 0, 100 %, 7865 MiB, 63.54 W
2026/10/06 12:39:04.367, 1, 100 %, 7863 MiB, 49.64 W
2026/10/06 12:39:34.381, 0, 94 %, 7865 MiB, 75.74 W
2026/10/06 12:39:34.385, 1, 100 %, 7863 MiB, 46.99 W
2026/10/06 12:40:04.394, 0, 93 %, 7865 MiB, 64.92 W
2026/10/06 12:40:04.398, 1, 94 %, 7863 MiB, 65.60 W
2026/10/06 12:40:34.411, 0, 99 %, 7865 MiB, 65.59 W
2026/10/06 12:40:34.422, 1, 99 %, 7863 MiB, 64.76 W
2026/10/06 12:41:04.432, 0, 94 %, 7865 MiB, 65.39 W
2026/10/06 12:41:04.438, 1, 95 %, 7863 MiB, 68.33 W
2026/10/06 12:41:34.445, 0, 90 %, 7865 MiB, 66.13 W
2026/10/06 12:41:34.449, 1, 94 %, 7863 MiB, 65.60 W
2026/10/06 12:42:04.456, 0, 100 %, 7865 MiB, 64.61 W
2026/10/06 12:42:04.460, 1, 100 %, 7863 MiB, 62.42 W
2026/10/06 12:42:34.470, 0, 94 %, 7865 MiB, 79.63 W
2026/10/06 12:42:34.482, 1, 95 %, 7863 MiB, 63.99 W
2026/10/06 12:43:04.488, 0, 100 %, 7865 MiB, 69.07 W
2026/10/06 12:43:04.493, 1, 100 %, 7863 MiB, 68.15 W
2026/10/06 12:43:34.504, 0, 100 %, 7865 MiB, 63.83 W
2026/10/06 12:43:34.508, 1, 100 %, 7863 MiB, 61.19 W
2026/10/06 12:44:04.517, 0, 100 %, 7865 MiB, 64.67 W
2026/10/06 12:44:04.527, 1, 100 %, 7863 MiB, 63.30 W
2026/10/06 12:44:34.533, 0, 99 %, 7865 MiB, 64.08 W
2026/10/06 12:44:34.538, 1, 100 %, 7863 MiB, 60.31 W
2026/10/06 12:45:04.545, 0, 100 %, 7865 MiB, 66.81 W
2026/10/06 12:45:04.549, 1, 100 %, 7863 MiB, 66.19 W
2026/10/06 12:45:34.557, 0, 99 %, 7865 MiB, 69.40 W
2026/10/06 12:45:34.565, 1, 98 %, 7863 MiB, 66.87 W
2026/10/06 12:46:04.571, 0, 99 %, 7865 MiB, 66.42 W
2026/10/06 12:46:04.580, 1, 99 %, 7863 MiB, 68.05 W
2026/10/06 12:46:34.587, 0, 99 %, 7865 MiB, 64.67 W
2026/10/06 12:46:34.592, 1, 99 %, 7863 MiB, 68.53 W
2026/10/06 12:47:04.599, 0, 0 %, 7865 MiB, 57.95 W
2026/10/06 12:47:04.604, 1, 0 %, 7863 MiB, 108.65 W
2026/10/06 12:47:34.610, 0, 100 %, 7865 MiB, 57.72 W
2026/10/06 12:47:34.622, 1, 100 %, 7863 MiB, 47.94 W
2026/10/06 12:48:04.630, 0, 99 %, 7865 MiB, 62.76 W
2026/10/06 12:48:04.634, 1, 99 %, 7863 MiB, 63.15 W
2026/10/06 12:48:34.640, 0, 94 %, 7865 MiB, 66.33 W
2026/10/06 12:48:34.645, 1, 100 %, 7863 MiB, 44.69 W
2026/10/06 12:49:04.653, 0, 99 %, 7865 MiB, 61.58 W
2026/10/06 12:49:04.657, 1, 99 %, 7863 MiB, 61.45 W
2026/10/06 12:49:34.665, 0, 100 %, 7865 MiB, 63.34 W
2026/10/06 12:49:34.669, 1, 100 %, 7863 MiB, 60.22 W
2026/10/06 12:50:04.676, 0, 94 %, 7865 MiB, 65.93 W
2026/10/06 12:50:04.680, 1, 95 %, 7863 MiB, 60.06 W
2026/10/06 12:50:34.688, 0, 98 %, 7865 MiB, 66.07 W
2026/10/06 12:50:34.692, 1, 94 %, 7863 MiB, 76.04 W
2026/10/06 12:51:04.700, 0, 100 %, 7865 MiB, 57.88 W
2026/10/06 12:51:04.707, 1, 100 %, 7863 MiB, 78.76 W
2026/10/06 12:51:34.714, 0, 95 %, 7865 MiB, 65.64 W
2026/10/06 12:51:34.718, 1, 99 %, 7863 MiB, 64.63 W
2026/10/06 12:52:04.725, 0, 95 %, 7865 MiB, 66.13 W
2026/10/06 12:52:04.736, 1, 100 %, 7863 MiB, 47.45 W
2026/10/06 12:52:34.749, 0, 93 %, 7865 MiB, 64.76 W
2026/10/06 12:52:34.759, 1, 94 %, 7863 MiB, 68.00 W
2026/10/06 12:53:04.766, 0, 92 %, 7865 MiB, 66.13 W
2026/10/06 12:53:04.775, 1, 95 %, 7863 MiB, 64.43 W
2026/10/06 12:53:34.782, 0, 99 %, 7865 MiB, 59.67 W
2026/10/06 12:53:34.787, 1, 99 %, 7863 MiB, 66.83 W
2026/10/06 12:54:04.799, 0, 100 %, 7865 MiB, 48.49 W
2026/10/06 12:54:04.806, 1, 100 %, 7863 MiB, 64.53 W
2026/10/06 12:54:34.814, 0, 99 %, 7865 MiB, 63.54 W
2026/10/06 12:54:34.818, 1, 98 %, 7863 MiB, 63.30 W
2026/10/06 12:55:04.824, 0, 100 %, 7865 MiB, 63.54 W
2026/10/06 12:55:04.828, 1, 100 %, 7863 MiB, 64.68 W
2026/10/06 12:55:34.834, 0, 99 %, 7865 MiB, 59.08 W
2026/10/06 12:55:34.838, 1, 94 %, 7863 MiB, 67.06 W
2026/10/06 12:56:04.845, 0, 99 %, 7865 MiB, 65.54 W
2026/10/06 12:56:04.849, 1, 98 %, 7863 MiB, 67.18 W
2026/10/06 12:56:34.856, 0, 99 %, 7865 MiB, 72.09 W
2026/10/06 12:56:34.861, 1, 93 %, 7863 MiB, 86.88 W
2026/10/06 12:57:04.874, 0, 99 %, 7865 MiB, 64.96 W
2026/10/06 12:57:04.879, 1, 100 %, 7863 MiB, 63.11 W
2026/10/06 12:57:34.886, 0, 100 %, 7865 MiB, 60.00 W
2026/10/06 12:57:34.891, 1, 100 %, 7863 MiB, 63.59 W
2026/10/06 12:58:04.897, 0, 100 %, 7865 MiB, 64.12 W
2026/10/06 12:58:04.905, 1, 96 %, 7863 MiB, 65.25 W
2026/10/06 12:58:34.912, 0, 100 %, 7865 MiB, 68.28 W
2026/10/06 12:58:34.917, 1, 100 %, 7863 MiB, 65.70 W
2026/10/06 12:59:04.924, 0, 99 %, 7865 MiB, 63.24 W
2026/10/06 12:59:04.928, 1, 98 %, 7863 MiB, 62.66 W
2026/10/06 12:59:34.936, 0, 94 %, 7865 MiB, 65.93 W
2026/10/06 12:59:34.944, 1, 94 %, 7863 MiB, 65.50 W
2026/10/06 13:00:04.958, 0, 100 %, 7865 MiB, 66.48 W
2026/10/06 13:00:04.963, 1, 94 %, 7863 MiB, 65.99 W
2026/10/06 13:00:34.969, 0, 100 %, 7865 MiB, 72.33 W
2026/10/06 13:00:34.980, 1, 94 %, 7863 MiB, 67.06 W
2026/10/06 13:01:04.988, 0, 100 %, 7865 MiB, 68.92 W
2026/10/06 13:01:04.997, 1, 100 %, 7863 MiB, 67.41 W
2026/10/06 13:01:35.008, 0, 100 %, 7865 MiB, 65.35 W
2026/10/06 13:01:35.012, 1, 100 %, 7863 MiB, 63.91 W
2026/10/06 13:02:05.024, 0, 91 %, 7865 MiB, 58.04 W
2026/10/06 13:02:05.029, 1, 94 %, 7863 MiB, 67.51 W
2026/10/06 13:02:35.037, 0, 100 %, 7865 MiB, 53.78 W
2026/10/06 13:02:35.042, 1, 100 %, 7863 MiB, 72.88 W
2026/10/06 13:03:05.049, 0, 100 %, 7865 MiB, 64.32 W
2026/10/06 13:03:05.053, 1, 100 %, 7863 MiB, 63.11 W
2026/10/06 13:03:35.065, 0, 94 %, 7865 MiB, 67.75 W
2026/10/06 13:03:35.070, 1, 99 %, 7863 MiB, 60.71 W
2026/10/06 13:04:05.077, 0, 100 %, 7865 MiB, 67.94 W
2026/10/06 13:04:05.081, 1, 100 %, 7863 MiB, 67.36 W
2026/10/06 13:04:35.088, 0, 100 %, 7865 MiB, 65.25 W
2026/10/06 13:04:35.092, 1, 100 %, 7863 MiB, 64.08 W
2026/10/06 13:05:05.101, 0, 99 %, 7865 MiB, 62.85 W
2026/10/06 13:05:05.111, 1, 98 %, 7863 MiB, 69.51 W
2026/10/06 13:05:35.117, 0, 100 %, 7865 MiB, 66.13 W
2026/10/06 13:05:35.121, 1, 100 %, 7863 MiB, 65.95 W
2026/10/06 13:06:05.130, 0, 100 %, 7865 MiB, 63.79 W
2026/10/06 13:06:05.135, 1, 98 %, 7863 MiB, 65.27 W
2026/10/06 13:06:35.141, 0, 94 %, 7865 MiB, 54.26 W
2026/10/06 13:06:35.152, 1, 94 %, 7863 MiB, 64.43 W
2026/10/06 13:07:05.167, 0, 98 %, 7865 MiB, 67.30 W
2026/10/06 13:07:05.176, 1, 99 %, 7863 MiB, 67.71 W
2026/10/06 13:07:35.188, 0, 100 %, 7865 MiB, 62.76 W
2026/10/06 13:07:35.198, 1, 100 %, 7863 MiB, 66.48 W
2026/10/06 13:08:05.204, 0, 100 %, 7865 MiB, 69.50 W
2026/10/06 13:08:05.208, 1, 100 %, 7863 MiB, 60.51 W
2026/10/06 13:08:35.215, 0, 94 %, 7865 MiB, 54.04 W
2026/10/06 13:08:35.221, 1, 94 %, 7863 MiB, 51.95 W
2026/10/06 13:09:05.228, 0, 99 %, 7865 MiB, 67.01 W
2026/10/06 13:09:05.239, 1, 99 %, 7863 MiB, 64.20 W
2026/10/06 13:09:35.246, 0, 99 %, 7865 MiB, 66.42 W
2026/10/06 13:09:35.250, 1, 99 %, 7863 MiB, 67.80 W
2026/10/06 13:10:05.257, 0, 100 %, 7865 MiB, 55.18 W
2026/10/06 13:10:05.269, 1, 100 %, 7863 MiB, 64.18 W
2026/10/06 13:10:35.276, 0, 99 %, 7865 MiB, 63.24 W
2026/10/06 13:10:35.284, 1, 99 %, 7863 MiB, 65.89 W
2026/10/06 13:11:05.294, 0, 94 %, 7865 MiB, 64.57 W
2026/10/06 13:11:05.303, 1, 94 %, 7863 MiB, 63.30 W
2026/10/06 13:11:35.310, 0, 100 %, 7865 MiB, 62.60 W
2026/10/06 13:11:35.320, 1, 100 %, 7863 MiB, 68.78 W
2026/10/06 13:12:05.334, 0, 94 %, 7865 MiB, 61.92 W
2026/10/06 13:12:05.340, 1, 93 %, 7863 MiB, 65.60 W
2026/10/06 13:12:35.350, 0, 100 %, 7865 MiB, 47.77 W
2026/10/06 13:12:35.362, 1, 100 %, 7863 MiB, 76.09 W
2026/10/06 13:13:05.368, 0, 99 %, 7865 MiB, 63.44 W
2026/10/06 13:13:05.373, 1, 99 %, 7863 MiB, 69.99 W
2026/10/06 13:13:35.382, 0, 99 %, 7865 MiB, 58.43 W
2026/10/06 13:13:35.392, 1, 94 %, 7863 MiB, 64.92 W
2026/10/06 13:14:05.399, 0, 94 %, 7865 MiB, 65.06 W
2026/10/06 13:14:05.406, 1, 94 %, 7863 MiB, 95.48 W
2026/10/06 13:14:35.418, 0, 100 %, 7865 MiB, 66.81 W
2026/10/06 13:14:35.428, 1, 100 %, 7863 MiB, 62.23 W
2026/10/06 13:15:05.438, 0, 100 %, 7865 MiB, 62.60 W
2026/10/06 13:15:05.442, 1, 100 %, 7863 MiB, 60.31 W
2026/10/06 13:15:35.450, 0, 94 %, 7865 MiB, 59.18 W
2026/10/06 13:15:35.457, 1, 94 %, 7863 MiB, 66.09 W
2026/10/06 13:16:05.467, 0, 99 %, 7865 MiB, 64.41 W
2026/10/06 13:16:05.473, 1, 100 %, 7863 MiB, 67.06 W
2026/10/06 13:16:35.480, 0, 99 %, 7865 MiB, 67.20 W
2026/10/06 13:16:35.491, 1, 95 %, 7863 MiB, 61.84 W
2026/10/06 13:17:05.498, 0, 94 %, 7865 MiB, 66.81 W
2026/10/06 13:17:05.504, 1, 93 %, 7863 MiB, 53.94 W
2026/10/06 13:17:35.511, 0, 96 %, 7865 MiB, 66.62 W
2026/10/06 13:17:35.520, 1, 99 %, 7863 MiB, 69.03 W
2026/10/06 13:18:05.526, 0, 99 %, 7865 MiB, 63.05 W
2026/10/06 13:18:05.533, 1, 100 %, 7863 MiB, 60.08 W
2026/10/06 13:18:35.540, 0, 94 %, 7865 MiB, 64.96 W
2026/10/06 13:18:35.551, 1, 95 %, 7863 MiB, 60.41 W
2026/10/06 13:19:05.561, 0, 95 %, 7865 MiB, 65.84 W
2026/10/06 13:19:05.571, 1, 96 %, 7863 MiB, 66.77 W
2026/10/06 13:19:35.579, 0, 99 %, 7865 MiB, 59.77 W
2026/10/06 13:19:35.584, 1, 98 %, 7863 MiB, 57.52 W
2026/10/06 13:20:05.601, 0, 99 %, 7865 MiB, 68.28 W
2026/10/06 13:20:05.605, 1, 97 %, 7863 MiB, 63.36 W
2026/10/06 13:20:35.612, 0, 99 %, 7865 MiB, 67.75 W
2026/10/06 13:20:35.617, 1, 99 %, 7863 MiB, 68.19 W
2026/10/06 13:21:05.624, 0, 94 %, 7865 MiB, 64.90 W
2026/10/06 13:21:05.633, 1, 99 %, 7863 MiB, 63.59 W
2026/10/06 13:21:35.639, 0, 100 %, 7865 MiB, 60.88 W
2026/10/06 13:21:35.649, 1, 99 %, 7863 MiB, 46.62 W
2026/10/06 13:22:05.655, 0, 99 %, 7865 MiB, 66.13 W
2026/10/06 13:22:05.659, 1, 100 %, 7863 MiB, 66.29 W
2026/10/06 13:22:35.671, 0, 93 %, 7865 MiB, 68.62 W
2026/10/06 13:22:35.682, 1, 99 %, 7863 MiB, 62.42 W
2026/10/06 13:23:05.689, 0, 99 %, 7865 MiB, 67.16 W
2026/10/06 13:23:05.693, 1, 93 %, 7863 MiB, 66.54 W
2026/10/06 13:23:35.705, 0, 100 %, 7865 MiB, 66.23 W
2026/10/06 13:23:35.709, 1, 100 %, 7863 MiB, 64.08 W
2026/10/06 13:24:05.716, 0, 100 %, 7865 MiB, 67.65 W
2026/10/06 13:24:05.726, 1, 100 %, 7863 MiB, 63.46 W
2026/10/06 13:24:35.733, 0, 99 %, 7865 MiB, 61.10 W
2026/10/06 13:24:35.738, 1, 100 %, 7863 MiB, 65.11 W
2026/10/06 13:25:05.744, 0, 99 %, 7865 MiB, 64.18 W
2026/10/06 13:25:05.750, 1, 100 %, 7863 MiB, 59.63 W
2026/10/06 13:25:35.762, 0, 99 %, 7865 MiB, 66.58 W
2026/10/06 13:25:35.766, 1, 100 %, 7863 MiB, 66.58 W
2026/10/06 13:26:05.773, 0, 100 %, 7865 MiB, 65.74 W
2026/10/06 13:26:05.781, 1, 99 %, 7863 MiB, 66.87 W
2026/10/06 13:26:35.790, 0, 100 %, 7865 MiB, 50.71 W
2026/10/06 13:26:35.795, 1, 100 %, 7863 MiB, 63.36 W
2026/10/06 13:27:05.801, 0, 94 %, 7865 MiB, 64.51 W
2026/10/06 13:27:05.806, 1, 94 %, 7863 MiB, 77.69 W
2026/10/06 13:27:35.816, 0, 94 %, 7865 MiB, 65.15 W
2026/10/06 13:27:35.823, 1, 97 %, 7863 MiB, 51.56 W
2026/10/06 13:28:05.835, 0, 100 %, 7865 MiB, 65.06 W
2026/10/06 13:28:05.840, 1, 95 %, 7863 MiB, 62.52 W
2026/10/06 13:28:35.848, 0, 100 %, 7865 MiB, 55.66 W
2026/10/06 13:28:35.863, 1, 98 %, 7863 MiB, 59.63 W
2026/10/06 13:29:05.872, 0, 93 %, 7865 MiB, 82.64 W
2026/10/06 13:29:05.877, 1, 95 %, 7863 MiB, 62.97 W
2026/10/06 13:29:35.884, 0, 94 %, 7865 MiB, 68.33 W
2026/10/06 13:29:35.889, 1, 94 %, 7863 MiB, 64.33 W
2026/10/06 13:30:05.899, 0, 99 %, 7865 MiB, 64.12 W
2026/10/06 13:30:05.905, 1, 99 %, 7863 MiB, 68.29 W
2026/10/06 13:30:35.912, 0, 94 %, 7865 MiB, 53.87 W
2026/10/06 13:30:35.916, 1, 95 %, 7863 MiB, 65.60 W
2026/10/06 13:31:05.923, 0, 94 %, 7865 MiB, 66.62 W
2026/10/06 13:31:05.927, 1, 94 %, 7863 MiB, 65.89 W
2026/10/06 13:31:35.940, 0, 100 %, 7865 MiB, 69.99 W
2026/10/06 13:31:35.946, 1, 100 %, 7863 MiB, 64.86 W
2026/10/06 13:32:05.952, 0, 100 %, 7865 MiB, 69.01 W
2026/10/06 13:32:05.956, 1, 100 %, 7863 MiB, 62.72 W
2026/10/06 13:32:35.963, 0, 94 %, 7865 MiB, 80.46 W
2026/10/06 13:32:35.968, 1, 94 %, 7863 MiB, 78.22 W
2026/10/06 13:33:05.975, 0, 100 %, 7865 MiB, 61.33 W
2026/10/06 13:33:05.983, 1, 100 %, 7863 MiB, 67.06 W
2026/10/06 13:33:35.993, 0, 100 %, 7865 MiB, 65.45 W
2026/10/06 13:33:35.998, 1, 100 %, 7863 MiB, 68.09 W
2026/10/06 13:34:06.005, 0, 100 %, 7865 MiB, 62.07 W
2026/10/06 13:34:06.015, 1, 100 %, 7863 MiB, 52.74 W
2026/10/06 13:34:36.030, 0, 94 %, 7865 MiB, 65.84 W
2026/10/06 13:34:36.035, 1, 95 %, 7863 MiB, 65.70 W
2026/10/06 13:35:06.048, 0, 98 %, 7865 MiB, 65.35 W
2026/10/06 13:35:06.058, 1, 95 %, 7863 MiB, 65.50 W
2026/10/06 13:35:36.070, 0, 94 %, 7865 MiB, 62.17 W
2026/10/06 13:35:36.075, 1, 94 %, 7863 MiB, 62.27 W
2026/10/06 13:36:06.083, 0, 99 %, 7865 MiB, 66.87 W
2026/10/06 13:36:06.087, 1, 99 %, 7863 MiB, 65.46 W
2026/10/06 13:36:36.098, 0, 100 %, 7865 MiB, 64.38 W
2026/10/06 13:36:36.103, 1, 100 %, 7863 MiB, 68.19 W
2026/10/06 13:37:06.110, 0, 99 %, 7865 MiB, 67.36 W
2026/10/06 13:37:06.115, 1, 99 %, 7863 MiB, 64.18 W
2026/10/06 13:37:36.125, 0, 100 %, 7865 MiB, 50.15 W
2026/10/06 13:37:36.129, 1, 100 %, 7863 MiB, 46.40 W
2026/10/06 13:38:06.140, 0, 99 %, 7865 MiB, 69.56 W
2026/10/06 13:38:06.151, 1, 99 %, 7863 MiB, 63.20 W
2026/10/06 13:38:36.162, 0, 100 %, 7865 MiB, 49.07 W
2026/10/06 13:38:36.166, 1, 100 %, 7863 MiB, 65.13 W
2026/10/06 13:39:06.172, 0, 100 %, 7865 MiB, 65.74 W
2026/10/06 13:39:06.184, 1, 100 %, 7863 MiB, 67.51 W
2026/10/06 13:39:36.191, 0, 93 %, 7865 MiB, 63.15 W
2026/10/06 13:39:36.197, 1, 92 %, 7863 MiB, 66.58 W
2026/10/06 13:40:06.210, 0, 94 %, 7865 MiB, 63.99 W
2026/10/06 13:40:06.215, 1, 93 %, 7863 MiB, 62.66 W
2026/10/06 13:40:36.221, 0, 100 %, 7865 MiB, 70.72 W
2026/10/06 13:40:36.226, 1, 100 %, 7863 MiB, 59.92 W
2026/10/06 13:41:06.239, 0, 100 %, 7865 MiB, 63.05 W
2026/10/06 13:41:06.243, 1, 97 %, 7863 MiB, 62.39 W
2026/10/06 13:41:36.249, 0, 94 %, 7865 MiB, 52.24 W
2026/10/06 13:41:36.258, 1, 94 %, 7863 MiB, 89.83 W
2026/10/06 13:42:06.265, 0, 99 %, 7865 MiB, 64.22 W
2026/10/06 13:42:06.270, 1, 99 %, 7863 MiB, 68.04 W
2026/10/06 13:42:36.277, 0, 99 %, 7865 MiB, 64.72 W
2026/10/06 13:42:36.281, 1, 99 %, 7863 MiB, 66.34 W
2026/10/06 13:43:06.293, 0, 99 %, 7865 MiB, 62.21 W
2026/10/06 13:43:06.297, 1, 100 %, 7863 MiB, 66.87 W
2026/10/06 13:43:36.305, 0, 100 %, 7865 MiB, 82.39 W
2026/10/06 13:43:36.310, 1, 100 %, 7863 MiB, 47.94 W
2026/10/06 13:44:06.324, 0, 100 %, 7865 MiB, 64.28 W
2026/10/06 13:44:06.329, 1, 99 %, 7863 MiB, 61.58 W
2026/10/06 13:44:36.335, 0, 100 %, 7865 MiB, 66.62 W
2026/10/06 13:44:36.340, 1, 100 %, 7863 MiB, 69.86 W
2026/10/06 13:45:06.349, 0, 100 %, 7865 MiB, 63.83 W
2026/10/06 13:45:06.353, 1, 100 %, 7863 MiB, 60.51 W
2026/10/06 13:45:36.369, 0, 93 %, 7865 MiB, 86.04 W
2026/10/06 13:45:36.375, 1, 94 %, 7863 MiB, 64.38 W
2026/10/06 13:46:06.383, 0, 99 %, 7865 MiB, 63.63 W
2026/10/06 13:46:06.387, 1, 100 %, 7863 MiB, 69.90 W
2026/10/06 13:46:36.393, 0, 94 %, 7865 MiB, 66.03 W
2026/10/06 13:46:36.398, 1, 98 %, 7863 MiB, 69.94 W
2026/10/06 13:47:06.404, 0, 94 %, 7865 MiB, 64.96 W
2026/10/06 13:47:06.412, 1, 95 %, 7863 MiB, 66.13 W
2026/10/06 13:47:36.423, 0, 99 %, 7865 MiB, 64.38 W
2026/10/06 13:47:36.428, 1, 99 %, 7863 MiB, 63.59 W
2026/10/06 13:48:06.438, 0, 99 %, 7865 MiB, 67.01 W
2026/10/06 13:48:06.442, 1, 94 %, 7863 MiB, 66.93 W
2026/10/06 13:48:36.450, 0, 100 %, 7865 MiB, 61.58 W
2026/10/06 13:48:36.460, 1, 94 %, 7863 MiB, 64.04 W
2026/10/06 13:49:06.472, 0, 100 %, 7865 MiB, 66.13 W
2026/10/06 13:49:06.476, 1, 100 %, 7863 MiB, 64.57 W
2026/10/06 13:49:36.484, 0, 99 %, 7865 MiB, 62.37 W
2026/10/06 13:49:36.492, 1, 99 %, 7863 MiB, 66.54 W
2026/10/06 13:50:06.499, 0, 95 %, 7865 MiB, 68.14 W
2026/10/06 13:50:06.505, 1, 94 %, 7863 MiB, 64.82 W
2026/10/06 13:50:36.519, 0, 99 %, 7865 MiB, 62.95 W
2026/10/06 13:50:36.523, 1, 94 %, 7863 MiB, 69.32 W
2026/10/06 13:51:06.534, 0, 100 %, 7865 MiB, 69.40 W
2026/10/06 13:51:06.545, 1, 100 %, 7863 MiB, 65.80 W
2026/10/06 13:51:36.551, 0, 100 %, 7865 MiB, 66.03 W
2026/10/06 13:51:36.556, 1, 100 %, 7863 MiB, 65.89 W
2026/10/06 13:52:06.570, 0, 100 %, 7865 MiB, 64.67 W
2026/10/06 13:52:06.575, 1, 94 %, 7863 MiB, 81.72 W
2026/10/06 13:52:36.588, 0, 99 %, 7865 MiB, 63.15 W
2026/10/06 13:52:36.593, 1, 99 %, 7863 MiB, 69.51 W
2026/10/06 13:53:06.608, 0, 100 %, 7865 MiB, 63.54 W
2026/10/06 13:53:06.618, 1, 100 %, 7863 MiB, 67.41 W
2026/10/06 13:53:36.625, 0, 99 %, 7865 MiB, 66.67 W
2026/10/06 13:53:36.629, 1, 99 %, 7863 MiB, 67.06 W
2026/10/06 13:54:06.637, 0, 99 %, 7865 MiB, 68.53 W
2026/10/06 13:54:06.642, 1, 99 %, 7863 MiB, 64.53 W
2026/10/06 13:54:36.649, 0, 99 %, 7865 MiB, 66.19 W
2026/10/06 13:54:36.653, 1, 98 %, 7863 MiB, 67.51 W
