split	index	duration_s	ref_source	ref	hyp_phowhisper	hyp_parakeet	raw_phowhisper	raw_parakeet
train	560	13.80	pseudo_label	thì là mọi người sẽ nghĩ là nên lập gia đình hay là nên tiếp tục sống cuộc sống mà mình đang còn nhiều hoài bão mà mình phải đi khám phá mình phải đi thế này thế nọ thì em vẫn đang đấu tranh với cái suy nghĩ đó của em nhưng em nghĩ là cái khả năng của em em không đủ	thì là mọi người sẽ nghĩ là nên lập gia đình hay là nên tiếp tục sống cuộc sống mà mình đang còn nhiều hoài bão mà mình phải đi khám phá mình phải đi thế này thì em vẫn đang đấu tranh với cái suy nghĩ đó của em nhưng em nghĩ là cái khả năng của em em không đủ	thì là mọi người sẽ nghĩ là nên lập gia gia đình hay là nên tiếp tục sống cuộc sống mà mình đang còn nhiều hoàião mà mình phải đi khám phá mình phải đi thế này hay nọ thì em vẫn đang đấu tranh với cái suy nghĩ đó của em nhưng em nghĩ là cái khả năng của em em không đủ	thì là mọi người sẽ nghĩ là nên lập gia đình hay là nên tiếp tục sống cuộc sống mà mình đang còn nhiều hoài bão mà mình phải đi khám phá mình phải đi thế này thì em vẫn đang đấu tranh với cái suy nghĩ đó của em nhưng em nghĩ là cái khả năng của em em không đủ.	Thì là mọi người sẽ nghĩ là nên lập gia gia đình hay là nên tiếp tục sống cuộc sống mà mình đang còn nhiều hoàião mà mình phải đi khám phá, mình phải đi thế này hay nọ, thì em vẫn đang đấu tranh với cái suy nghĩ đó của em, nhưng em nghĩ là cái khả năng của em em không đủ.
train	9119	14.70	pseudo_label	mình thấy chả bằng ai cả mình thấy kém thấp kém rồi thua thua hết mọi người trong câu chuyện viết nhạc nếu em là con trai hoặc nếu em hai mươi bảy tuổi chắc chắn em sẽ chọn tự do nhưng bởi vì em là phụ nữ nó có những cái nó rất là khó bởi vì	mình thấy chả bằng ai cả mình thấy kém thấp kém rồi thua thua hết mọi người trong câu chuyện viết nhạc nếu em là con trai hoặc nếu em hai tư tảy tuổi chắc chắn em sẽ chọn tự do nhưng bởi vì em là phụ nữ nó có những cái nó rất là khó bởi vì	mình th thấy chả bằng ai là mình thấy kém thấp kém rồi thua thuế hết mọi người trong câu chuyện biết nhà nếu em là con trai hoặc nếu em hai mươi bảy tuổi chắc chắn em sẽ chọn tự do nhưng bởi vì em là phụ nữ nó có những cái nó rất là khó bởi vì	mình thấy chả bằng ai cả mình thấy kém thấp kém rồi thua thua hết mọi người trong câu chuyện viết nhạc nếu em là con trai hoặc nếu em hai tư tảy tuổi chắc chắn em sẽ chọn tự do nhưng bởi vì em là phụ nữ nó có những cái nó rất là khó bởi vì.	Mình th thấy chả bằng ai là, Mình thấy kém, thấp kém rồi thua thuế hết mọi người trong câu chuyện biết nhà. Nếu em là con trai hoặc nếu em hai mươi bảy tuổi chắc chắn em sẽ chọn tự do, nhưng bởi vì em là phụ nữ nó có những cái nó rất là khó, bởi vì.
train	9126	11.60	pseudo_label	thì nỗi lo của cá nhân mình chỉ lo rằng là đến một ngày cảm xúc mình không còn nữa thôi mình không lo rằng là đủ với người khác mình không lo rằng là đủ rằng là	thì nỗi lo của cá nhân mình chỉ lo rằng là đến một ngày à cảm xúc mình không còn nữa thôi mình không lo rằng là đủ với người khác mình không lo rằng đủ rằng là	thì nỗi lo của cá nhân mình chỉ lo rằng là đến một ngày cảm xúc mình không còn nữa thôi m mình không lo rằng là đủ với người khác mình không lo rằng là đủ rằng là	thì nỗi lo của cá nhân mình chỉ lo rằng là đến một ngày à cảm xúc mình không còn nữa thôi mình không lo rằng là đủ với người khác mình không lo rằng đủ rằng là.	Thì nỗi lo của cá nhân mình chỉ lo rằng là đến một ngày cảm xúc mình không còn nữa thôi. M mình không lo rằng là đủ với người khác, mình không lo rằng là đủ rằng là.
train	9127	11.60	pseudo_label	mình viết từ hai không mười hai và đến bây giờ cũng bằng những cái cảm xúc đấy về khán giả chỉ lo một ngày là tự nhiên mất cái cảm xúc đấy đi thì thì như thế nào thành ra là bị thiếu thiếu thì phải đi tìm và tìm thì lên cái chỗ này	viết từ hai không mười hai và đến bây giờ cũng bằng những cảm xúc ấy về khán giả chỉ lo một ngày là tự nhận mất cái cảm xúc ấy đi thì thì như thế nào thế này ra là bị thiếu thiếu thì tìm và tìm đi lên cái chỗ này thôi	nhình nhất từ hai không trăm mười hai và đến bây giờ cũng bằng những cái cảm xúc đấy về khán giả chỉ lo một ngày là tự nhiên mất cái cảm xúc về đi thì thì như thế nào thế thành ra là bị thiếu thiếu phải đi tìm và tìm thì lên cái chỗ này đấy	viết từ hai không mười hai và đến bây giờ cũng bằng những cảm xúc ấy về khán giả chỉ lo một ngày là tự nhận mất cái cảm xúc ấy đi thì thì như thế nào thế này ra là bị thiếu thiếu thì tìm và tìm đi lên cái chỗ này thôi.	Nhình nhất từ hai không trăm mười hai và đến bây giờ cũng bằng những cái cảm xúc đấy về khán giả, chỉ lo một ngày là tự nhiên mất cái cảm xúc về đi thì thì như thế nào? Thế thành ra là bị thiếu, thiếu phải đi tìm và tìm thì lên cái chỗ này đấy.
train	9129	11.00	pseudo_label	làm rất là nhiều cho nên là đôi lúc em sẽ quên mất cái bản thân của mình cái lo thứ hai của em thì nó hơi xa ra một chút xíu là em đã sống đủ tử tế với những người xung quanh chưa	làm rất nhiều cho nên là đôi lúc em sẽ quên mất bản thân của mình cái lo thứ hai của em thì nó hơi xa một chút xíu là em đã sống đủ tử tế với những người xung quanh chưa	làm rất là nhiều cho nên là đôi lúc em sẽ quên mất cái bản thân của mình cái lo thứ hai của em thì nó hơi xa lên một chút xíu là em đã sống đủ tử tế tới những người xung quanh chưa	làm rất nhiều cho nên là đôi lúc em sẽ quên mất bản thân của mình cái lo thứ hai của em thì nó hơi xa một chút xíu là em đã sống đủ tử tế với những người xung quanh chưa.	Làm rất là nhiều, cho nên là đôi lúc em sẽ quên mất cái bản thân của mình. Cái lo thứ hai của em thì nó hơi xa lên một chút xíu là em đã sống đủ tử tế tới những người xung quanh chưa?
train	9152	13.60	pseudo_label	st em em thì em chắc chắn là em chọn sên canh tại vì nói đơn giản hơn trong lĩnh vực nghề nghiệp của em người mẫu thì nó là một cái nghề nó có tuổi thọ rất là ngắn trong tất cả các ngành nghề mà nói về giải trí	sen kênh em thì em chắc chắn là em chọn sen kênh tại vì nó đơn giản hơn trong lĩnh vực nghề nghiệp của em người mẫu thì nó là một cái nghề nó có tuổi thọ rất là ngắn trong tất cả các ngành nghề mà nói về giải trí	xen canh em em thì em chắc chắn là em chọn sen canh tại vì nói đơn giản thôi trong lĩnh vực nghề nghiệp của em người mẫu thì nó là một cái nghề nó có tuổi thọ rất là ngắn trong tất cả các ngành nghề mà nói về giải trí	sen kênh em thì em chắc chắn là em chọn sen kênh tại vì nó đơn giản hơn trong lĩnh vực nghề nghiệp của em người mẫu thì nó là một cái nghề nó có tuổi thọ rất là ngắn trong tất cả các ngành nghề mà nói về giải trí.	Xen canh em em thì em chắc chắn là em chọn sen canh, tại vì nói đơn giản thôi trong lĩnh vực nghề nghiệp của em, người mẫu thì nó là một cái nghề nó có tuổi thọ rất là ngắn trong tất cả các ngành nghề mà nói về giải trí.
train	9159	14.70	pseudo_label	hay là mình làm cái live sho vào cái lúc mà mọi người chưa thuộc những cái bài hát chẳng hạn hay là nó chưa đủ hay để mà người ta nghe người ta ngắm ngay chẳng hạn thì cái việc mà đôi khi mình quay trở lại một cái mảnh đất cũ nhìn ngắm lại nó và lại	hay là mình làm cái lai phiu xô vào cái lúc mà mọi người chưa thuộc những cái bài hát chẳng hạn hay là nó chưa đủ hay để mà người ta nghe người ta ngấm ngay chẳng hạn đấy thì cái việc mà đôi khi mình quay trở lại một cái mảnh đất cũ nhìn ngắm lại nó và lại	hay là mình làm cái lai chô vào cái lúc mà mọi người chưa thuộc những cái bài hát chẳng hạn hay là nó chưa đủ hay để mà người ta nghe người ta ngấm ngay chẳng hạn thì cái việc mà đôi khi mình quay trở lại một cái mảnh đất cũ nhìn ngắm lại nó và lại	hay là mình làm cái lai phiu xô vào cái lúc mà mọi người chưa thuộc những cái bài hát chẳng hạn hay là nó chưa đủ hay để mà người ta nghe người ta ngấm ngay chẳng hạn đấy thì cái việc mà đôi khi mình quay trở lại một cái mảnh đất cũ nhìn ngắm lại nó và lại.	Hay là mình làm cái lai chô vào cái lúc mà mọi người chưa thuộc những cái bài hát, chẳng hạn, hay là nó chưa đủ hay để mà người ta nghe người ta ngấm ngay, chẳng hạn thì cái việc mà đôi khi mình quay trở lại một cái mảnh đất cũ, nhìn ngắm lại nó và lại.
train	751	13.60	pseudo_label	mà thực ra nó là một cái kỹ thuật để tóm tắt lại thông tin và mỗi hình này thì nó sẽ đại diện cho một câu hỏi mình sẽ bắt đầu với hình vuông trước câu hỏi của hình vuông là west race thinking có nghĩa là	mà thực ra nó là một cái kỹ thuật để tòm tắt lại thông tin và mỗi hình này thì nó sẽ đại diện cho câu hỏi mình sẽ bắt đầu bởi hình vuông trước câu hỏi của hình vuông là uắtt câu về là gì các bạn đang nghĩ đến gì có nghĩa là	mà thực ra nó là một cái kỹ kỹ thuật để tóm tắt lại thông tin và mỗi hình này thì nó sẽ đại diện cho một câu hỏi mình sẽ bắt đầu với hình vuông trước câu hỏi của hình vuông làoắtờ quâyơ tinh có nghĩa là	mà thực ra nó là một cái kỹ thuật để tòm tắt lại thông tin và mỗi hình này thì nó sẽ đại diện cho câu hỏi mình sẽ bắt đầu bởi hình vuông trước câu hỏi của hình vuông là uắtt câu về là gì các bạn đang nghĩ đến gì có nghĩa là.	Mà thực ra nó là một cái kỹ kỹ thuật để tóm tắt lại thông tin, và mỗi hình này thì nó sẽ đại diện cho một câu hỏi mình sẽ bắt đầu với hình vuông trước. Câu hỏi của hình vuông làoắtờ quâyơ tinh có nghĩa là
train	11359	14.80	pseudo_label	kỹ năng những tri thức của chúng ta khi đi làm thì nó thay đổi rất là nhanh và nó lỗi thời cũng rất nhanh bảy trong mười kỹ năng quan trọng nhất để chúng ta làm việc hiệu quả thì sẽ thay đổi trong vòng năm năm theo số liệu của diễn đàn kinh tế thế giới	kỹ năng những tri thức của chúng ta khi đi làm thì nó thay đổi rất là nhanh và nó lỗi thời cũng rất nhanh bảy trong mười kỹ năng quan trọng nhất để chúng ta làm việc hiệu quả thì sẽ thay đổi trong vòng năm năm theo số liệu của diễn đàn kinh tế thế giới	kỹ năng những tri thức của chúng ta khi đi làm thì nó thay đổi rất là nhanh và nó lỗi thời cũng rất nhanh bảy trong mười kỹ năng quan trọng nhất để chúng ta làm việc hiệu quả thì sẽ thay đổi trong vòng năm năm theo số liệu của diễn đàn kinh tế thế giới	kỹ năng những tri thức của chúng ta khi đi làm thì nó thay đổi rất là nhanh và nó lỗi thời cũng rất nhanh bảy trong mười kỹ năng quan trọng nhất để chúng ta làm việc hiệu quả thì sẽ thay đổi trong vòng năm năm theo số liệu của diễn đàn kinh tế thế giới.	Kỹ năng, những tri thức của chúng ta khi đi làm thì nó thay đổi rất là nhanh, và nó lỗi thời cũng rất nhanh. bảy trong mười kỹ năng quan trọng nhất để chúng ta làm việc hiệu quả thì sẽ thay đổi trong vòng năm năm theo số liệu của Diễn đàn Kinh tế Thế giới.
train	11363	13.90	pseudo_label	và đó là ba nỗi đau rất là lớn ruby thấy trong rất nhiều năm và nó chưa có giải pháp tốt và mình muốn bắt đầu một cái sự nghiệp mới để giải quyết vấn đề này tụi mình sáng lập ra cua để giải quyết những vấn đề mà mình vừa nói tới và crush là một network	và đó là ba nỗi đau rất là lớn rùa biển thấy trong rất nhiều năm và nó chưa có giải pháp tốt ở và mình muốn bắt đầu ở một cái sự nghiệp mới để giải quyết vấn đề này tụ mình sáng lập ra khi rớt để giải quyết những vấn đề mà mình vừa nói tới và khi rớt một nét guốc	và đón là ba nỗi đau rất là lớn r rồiiện thấy trong rất nhiều năm và nó chưa có giải pháp tốt và mình muốn bắt đầu một cái sự nghiệp mới để giải quyết vấn đề này tụi mình sáng lập ra khii rớ để giải quyết những vấn đề mà mình vừa nói tới và khii rớ một nétuốc	và đó là ba nỗi đau rất là lớn rùa biển thấy trong rất nhiều năm và nó chưa có giải pháp tốt ở và mình muốn bắt đầu ở một cái sự nghiệp mới để giải quyết vấn đề này tụ mình sáng lập ra khi rớt để giải quyết những vấn đề mà mình vừa nói tới và khi rớt một nét guốc.	Và đón là ba nỗi đau rất là lớn, R rồiiện thấy trong rất nhiều năm và nó chưa có giải pháp tốt và mình muốn bắt đầu một cái sự nghiệp mới để giải quyết vấn đề này. tụi mình sáng lập ra khii rớ để giải quyết những vấn đề mà mình vừa nói tới, và khii rớ một nétuốc.
train	11372	10.50	pseudo_label	trường đại học hàng đầu thế giới như là new york unice u pan harvard tâm đến quy tụ nhân tài trong hai lĩnh vực này để thực hiện sứ mệnh này	trường đại học hàng đầu thế giới như là ở niu doóc ở uniparty ở ukraine ở harvard tổ mình quy tụ nhân tài trong hai lĩnh vực này để thực hiện sứ bệnh này	trường đại học hàng đầu thế giới như là niw yo unsi pen harvớ tụi mình quy tụ nhân tài trong hai lĩnh vực này để thực hiện sứ m bệnh này	trường đại học hàng đầu thế giới như là ở niu doóc ở uniparty ở ukraine ở harvard tổ mình quy tụ nhân tài trong hai lĩnh vực này để thực hiện sứ bệnh này.	Trường đại học hàng đầu thế giới như là Niw Yo Unsi Pen Harvớ, tụi mình quy tụ nhân tài trong hai lĩnh vực này để thực hiện sứ m bệnh này.
train	11445	15.00	pseudo_label	mình phỏng vấn chung nguyễn từ exce final t lúc mà mình phỏng vấn chung là acce finaly đã trở thành union rồi và mình nhìn câu chuyện của họ thì mình thấy quả thành công rất là nhanh chóng lớn kiểu thành công qua đêm nhưng chung có kể với mình là để mà	mình phỏng vấn trung nguyễn từ xin phin tơ ty lúc mà mình phỏng vấn trung là xin phin thì đã trở thành unit con rồi và mình nhìn câu chuyện của họ thì mình thấy ồ thành công rất nhanh chóng lớn kiểu thành công qua đêm ờ nhưng trung có kể với mình là để mà	mình phỏng vấn chung nguyễnừ ế xin phi ni ti lúc mà mình phỏng vấn chung là ế xin phii đã trở thànhu ni con rồi và mình nhìn câu chuyện của họ thì mình thấy thành công rất là nhanh chóng với kiểu thành công qua đêmờ nhưng chung có kể với mình là để mà	mình phỏng vấn trung nguyễn từ xin phin tơ ty lúc mà mình phỏng vấn trung là xin phin thì đã trở thành unit con rồi và mình nhìn câu chuyện của họ thì mình thấy ồ thành công rất nhanh chóng lớn kiểu thành công qua đêm ờ nhưng trung có kể với mình là để mà.	Mình phỏng vấn chung Nguyễnừ ế xin Phi ni ti lúc mà mình phỏng vấn chung là ế xin Phii đã trở thànhu ni con rồi, và mình nhìn câu chuyện của họ thì mình thấy thành công rất là nhanh chóng, với kiểu thành công qua đêmỜ, nhưng chung có kể với mình là để mà.
validation	99	12.80	pseudo_label	khi res một rủi ro khá là lớn chia sẻ chắc là hậu khá là quen thuộc với khái niệm này đó là risk và dire đúng không thì một start có rất nhiều res là những rủi ro thì mình phải biết là đâu là những rủi ro lớn nhất và mình phải lên kế hoạch để mình có thể	churis là một rủi ro khá là lớn chia sẻ chắc là hậu khá là quen thu hợp với khái niệm là rít và de rít được móc thì một startup có rất nhiều rít là những rủi ro thì mình phải biết là đâu là những rủi ro lớn nhất và mình phải lên kế hoạch để mình có thể	khii rít là rủi ro khá là lớn chia sẻ rất là hậu khá năng quen thuộc với khái niệm này đó là rít và đi rít đúng không thì sờ ắp có rất nhiều rít rít là những rủi ro thì mình phải biết là đâu là những rủi ro lớn nhất và mình phải lên kế hoạch để mình có thể	churis là một rủi ro khá là lớn chia sẻ chắc là hậu khá là quen thu hợp với khái niệm là rít và de rít được móc thì một startup có rất nhiều rít là những rủi ro thì mình phải biết là đâu là những rủi ro lớn nhất và mình phải lên kế hoạch để mình có thể.	Khii rít là rủi ro khá là lớn, chia sẻ rất là hậu khá năng quen thuộc với khái niệm này đó là rít và đi rít đúng không? thì sờ ắp có rất nhiều rít rít là những rủi ro thì mình phải biết là đâu là những rủi ro lớn nhất và mình phải lên kế hoạch để mình có thể.
validation	1309	10.90	pseudo_label	cái tập phỏng vấn ruby phỏng vấn anh đức phùng là gm của câu trách tại việt nam thì mình biết từ góc nhìn của mình thì mình biết rằng câu trách là một một startup mà có	unk tập phỏng vấn rú bi phỏng vấn anh đức phùng là di em của câu chếch tại việt nam thì mình biết từ góc nhìn của mình thì mình biết rằng câu chếch là một một sờ tát ắp mà có	cái tác phỏng vấn rui phỏng vấn anh đức phùng là d em của g câu trếch tại việt nam thì mình biết từ góc nhìn của mình thì mình biết là câu tráchch là một ờ một sờ tát ắp mà có	unk tập phỏng vấn rú bi phỏng vấn anh đức phùng là di em của câu chếch tại việt nam thì mình biết từ góc nhìn của mình thì mình biết rằng câu chếch là một một sờ tát ắp mà có.	Cái tác phỏng vấn Rui phỏng vấn anh Đức Phùng là D em của G câu trếch tại Việt Nam, thì mình biết từ góc nhìn của mình thì mình biết là câu tráchch là một ờ một sờ tát ắp mà có.
train	767	13.10	pseudo_label	cách thức vận hành cho đến là trong việc là xây dựng các sản phẩm dịch vụ theo những cái gì mà mình nghĩ là ok là nó hợp lý nó là đúng nó sẽ tạo ra những bước chuyển biến mạnh mẽ	cách thức vận hành cho đến là à trong việc là xây dựng các sản phẩm dịch vụ theo những cái gì mà mình nghĩ là ô kê là nó hợp lý nó là đúng nó sẽ tạo ra những biết chuyển biến mạnh mẽ	cách thức vận hành cho đến là trong việc là xây dựng các sản phẩm dịch vụ theo những cái gì mà mình nghĩ là o kê là nó hợp lý nó là đúng nó sẽ tạo ra những bước chuyển biến mạnh mẽ	cách thức vận hành cho đến là à trong việc là xây dựng các sản phẩm dịch vụ theo những cái gì mà mình nghĩ là ô kê là nó hợp lý nó là đúng nó sẽ tạo ra những biết chuyển biến mạnh mẽ.	Cách thức vận hành cho đến là trong việc là xây dựng các sản phẩm dịch vụ theo những cái gì mà mình nghĩ là o kê là nó hợp lý, nó là đúng, nó sẽ tạo ra những bước chuyển biến mạnh mẽ.
train	775	10.20	pseudo_label	rất là mong là ope sẽ sớm trở thành một trong những công ty top mười của việt nam và sẽ có rất là nhiều cái thứ thú vị chúng ta có thể mong đợi từ opec cảm ơn rất là nhiều cảm ơn em cảm ơn	rất là mong là ô pét sẽ sớm trở thành nhà một trong những công ty tốp người của việt nam và sẽ có rất nhiều thứ thú vị chúng ta có thể mong đợi từ ô pét cám ơn rất là nhiều cảm ơn anh	r rất là mong là ô pét sẽ sớm trở thành một trong những công ty top mười của việt nam và sẽ có rất là nhiều cái thứ thú vị chúng ta có thể mong đợi từ ô pét cảm ơn rất là nhiều cảm ơn c cảm ơn	rất là mong là ô pét sẽ sớm trở thành nhà một trong những công ty tốp người của việt nam và sẽ có rất nhiều thứ thú vị chúng ta có thể mong đợi từ ô pét cám ơn rất là nhiều cảm ơn anh.	R rất là mong là  Ô Pét sẽ sớm trở thành một trong những công ty top mười của Việt Nam và sẽ có rất là nhiều cái thứ thú vị. chúng ta có thể mong đợi từ Ô Pét. Cảm ơn rất là nhiều. cảm ơn. C cảm ơn.
train	11578	14.60	pseudo_label	với đối tượng khách hàng phù hợp với cả cái hình thức vận hành số cho đến cái dịch vụ khách hàng ở đằng sau cho đến giải quyết quyền lợi bồi thường thanh toán kể cả việc thanh toán mua bảo hiểm cũng như về sau việc trả bồi thường cho khách hàng làm sao có thể tất cả những cái đó	với đối tượng khách hàng phù hợp với cả cái hình thức vận hành số cho đến ghế dịch vụ khách hàng ở đằng sau cho đến giải quyết quyền lợi bồi thường thanh toán kể cả việc thanh toán mô bảo hiểm cũng như về sau việc trả bồi thường cho khách hàng làm sao có thể tất cả những cái đó	với đối tượng khách hàng phù hợp với cả cái hình thức vận vận hành số cho đến cái dịch vụ khách hàng ở đằng sau cho đến giải quyết quyền lợi bồi thường thanh toán kể cả việc thanh toán mua bảo hiểm cũng như về sau việc trả bồi thường cho khách hàng làm sao có thể tất cả những cái đó	với đối tượng khách hàng phù hợp với cả cái hình thức vận hành số cho đến ghế dịch vụ khách hàng ở đằng sau cho đến giải quyết quyền lợi bồi thường thanh toán kể cả việc thanh toán mô bảo hiểm cũng như về sau việc trả bồi thường cho khách hàng làm sao có thể tất cả những cái đó.	Với đối tượng khách hàng phù hợp với cả cái hình thức vận vận hành số, cho đến cái dịch vụ khách hàng ở đằng sau cho đến giải quyết quyền lợi bồi thường, thanh toán, kể cả việc thanh toán mua bảo hiểm cũng như về sau việc trả bồi thường cho khách hàng, làm sao có thể tất cả những cái đó?
train	11580	14.20	pseudo_label	trước khi chúng ta đi vào sâu hơn một chút liên quan đến các dịch vụ các sản phẩm thì anh cũng là một người đã công tác rất nhiều năm cho các công ty đa quốc gia công ty quốc tế từ ag đến chóp thì đây cũng là một câu hỏi liên quan đến cá nhân anh thì	ờ trước khi chúng ta đi vào sâu hơn một chút liên quan đến các cái dịch vụ các cái sản phẩm thì anh cũng là một người đã công tác rất nhiều năm cho các công ty đa quốc gia công ty quốc tế từ ai ai gi đến chắp thì đây cũng là một câu hỏi đến liên quan đến cá nhân anh thì	trước khi chúng ta đi vào sâu hơn một chút liên quan đến các cái dịch vụ các cái sản phẩm thì anh cũng là một người đã công tác rất nhiều năm cho các công ty đa quốc gia công ty quốc tế từ e ai đến chu thì đây cũng là một câu hỏi liên quan đến cá nhân anh thì	ờ trước khi chúng ta đi vào sâu hơn một chút liên quan đến các cái dịch vụ các cái sản phẩm thì anh cũng là một người đã công tác rất nhiều năm cho các công ty đa quốc gia công ty quốc tế từ ai ai gi đến chắp thì đây cũng là một câu hỏi đến liên quan đến cá nhân anh thì.	 trước khi chúng ta đi vào sâu hơn một chút liên quan đến các cái dịch vụ, các cái sản phẩm thì anh cũng là một người đã công tác rất nhiều năm cho các công ty đa quốc gia, công ty quốc tế từ E ai đến Chu thì đây cũng là một câu hỏi liên quan đến cá nhân anh thì
train	11615	10.70	pseudo_label	anh tăng tốc như thế nào anh đang thay đổi gọi là cái hướng đi ra làm sao anh lái xe có sao nhãng hay không hay là anh đang sử dụng gọi là phanh xe hoặc thắng xe đó	anh tăng tốc như thế nào anh đang thay đổi à gọi là cái hướng đi ra làm sao anh lái xe có sao nhãng hay không hay là anh đang sử dụng à gọi là phanh xe hoặc thắng xe đó	anh tăng tốc như thế nào anh đang thay đổi gọi là cái hướng đi ra làm sao anh lái xe có sao nhãng hay không h hay là anh đang sử dụng gọi là phanh xe hoặc thắng xe đó	anh tăng tốc như thế nào anh đang thay đổi à gọi là cái hướng đi ra làm sao anh lái xe có sao nhãng hay không hay là anh đang sử dụng à gọi là phanh xe hoặc thắng xe đó.	Anh tăng tốc như thế nào Anh đang thay đổi gọi là cái hướng đi ra làm sao? Anh lái xe có sao nhãng hay không? H hay là anh đang sử dụng gọi là phanh xe hoặc thắng xe đó.
train	11622	12.30	pseudo_label	vừa là đảm bảo gọi là bảo hiểm cho họ tuy nhiên là anh cũng đưa các cái công nghệ telem marti vào và cũng là có một cái game me fication để kích động các bạn là người lái xe hoặc là người dùng của mình là tham gia nhiều hơn và	vừa là đảm bảo và gọi là bảo hiểm cho họ tuy nhiên là ai cũng đưa các công nghệ tai lê ma tích vào và cũng là có một cái nghiêm y cây sờn để kích động các bạn là người lái xe hoặc là người dùng của mình là tham gia nhiều hơn và	vừa là đảm bảo và gọi là bảo hiểm cho họ tuy nhiên là anh cũng đưa các cái công nghệ te lê ma tí vào và cũng là có một cái nghii phi c cây sừn để kích động các bạn là người lái xe hoặc là người dùng của mình là tham gia nhiều hơn và	vừa là đảm bảo và gọi là bảo hiểm cho họ tuy nhiên là ai cũng đưa các công nghệ tai lê ma tích vào và cũng là có một cái nghiêm y cây sờn để kích động các bạn là người lái xe hoặc là người dùng của mình là tham gia nhiều hơn và.	Vừa là đảm bảo và gọi là bảo hiểm cho họ, tuy nhiên là anh cũng đưa các cái công nghệ Te lê Ma Tí vào và cũng là có một cái nghii phi c cây sừn để kích động các bạn là người lái xe hoặc là người dùng của mình là tham gia nhiều hơn, và
train	11628	11.00	pseudo_label	hai mươi phần trăm hoặc là cái giá rẻ hơn cho bảo hiểm với cái việc là mình có thể có một cái thú vui lái xe chạy xe nhanh nhiều lúc chạy xe nhanh nhưng không phải liên không phải là nó sẽ liên quan đến cái điểm xấu	hai mươi phần trăm hoặc là cái giá rẻ hơn cho bảo hiểm với cái việc là mình có thể có một cái thú vui là sẽ chạy xe nhanh nhiều lúc mà chạy xe nhanh nhưng không phải liên không phải là nó sẽ liên quan đến cái điểm xấu	hai mươi phần trăm hoặc là cái giá rẻ hơn cho bảo hiểm với cái việc là mình có thể có một cái thú vui lái xe chạy xe nhanh nhiều lúc mà chạy xe nhanh nhưng không phải liền không phải là nó sẽ liên quan đến cái điểm xấu	hai mươi phần trăm hoặc là cái giá rẻ hơn cho bảo hiểm với cái việc là mình có thể có một cái thú vui là sẽ chạy xe nhanh nhiều lúc mà chạy xe nhanh nhưng không phải liên không phải là nó sẽ liên quan đến cái điểm xấu.	Hai mươi phần trăm hoặc là cái giá rẻ hơn cho bảo hiểm với cái việc là mình có thể có một cái thú vui lái xe chạy xe nhanh. Nhiều lúc mà chạy xe nhanh, nhưng không phải liền không phải là nó sẽ liên quan đến cái điểm xấu.
train	13010	13.30	pseudo_label	à cái bên trong này đủ rồi cái nhìn bên trong này đủ rồi đến lúc nhìn ra ngoài mình có mình có biết được không với chị nhá thì nó là là phụ nữ rồi có những cái hành trình mà chị phải đợi đến lúc có con em bé đầu tiên thì là	à cái bên trong này đủ rồi cái nhìn bên trong này đủ rồi đến lúc nhìn ra ngoài mình có mình có biết được không với chị nhá thì nó là là phụ nữ rồi có những cái hành trình mà chị phải đợi đến lúc có con nhá em bé đầu tiên thì là	à cái bên trong này đủ rồi cái nhìn bên trong này đủ rồi đến lúc nhìn ra ngoài mình có mình có biết được không với chị nhá thì nó là là phụ nữ thì có những cái hành trình mà chị phải đợi đến lúc có con cái em bé đầu tiên thì là	à cái bên trong này đủ rồi cái nhìn bên trong này đủ rồi đến lúc nhìn ra ngoài mình có mình có biết được không với chị nhá thì nó là là phụ nữ rồi có những cái hành trình mà chị phải đợi đến lúc có con nhá em bé đầu tiên thì là.	À cái bên trong này đủ rồi, cái nhìn bên trong này đủ rồi, đến lúc nhìn ra ngoài, mình có mình có biết được không? Với chị nhá thì nó là là phụ nữ thì có những cái hành trình mà chị phải đợi đến lúc có con cái em bé đầu tiên thì là.
train	13016	14.60	pseudo_label	em kiểu như là em kiểu nhận ra ấy nhận ra là á mình đang sống đây rồi đây rồi ngày xưa mình mình nghĩ đến nó và nó ở đây rồi thế còn thật ra là cái lúc mà em ở đấy và lúc mà em sống và em làm việc ở đấy thì em lại không nghĩ đến cái điều đấy	em kiểu là em kiểu nhận ra ý nhận ra là ác đây rồi ngày xưa mình mình nghĩ đến nó và nó ở đây rồi chứ còn thật ra là cái lúc mà em ở đấy và lúc mà em sống và em làm việc ở đây thì em lại không nghĩ đến điều đấy	em kiểu hay là em kiểu nhận ra ấy nhận ra là ai mình đang sống đây rồi đây rồi ngày xưa mình mình nghĩ đến nó và nó ở đây rồi thế còn thật ra là cái lúc mà em ở đấy và lúc mà em sống vào và em làm việc ở đấy thì em lại không nghĩ đến cái điều đấy	em kiểu là em kiểu nhận ra ý nhận ra là ác đây rồi ngày xưa mình mình nghĩ đến nó và nó ở đây rồi chứ còn thật ra là cái lúc mà em ở đấy và lúc mà em sống và em làm việc ở đây thì em lại không nghĩ đến điều đấy.	Em kiểu hay là em kiểu nhận ra ấy, nhận ra là ai mình đang sống đây rồi đây rồi, ngày xưa mình mình nghĩ đến nó và nó ở đây rồi, thế còn thật ra là cái lúc mà em ở đấy và lúc mà em sống vào và em làm việc ở đấy thì em lại không nghĩ đến cái điều đấy.
train	13031	10.30	pseudo_label	nhưng mà sau này thì một cái thứ mà bản thân thì mình học được là nếu mình vất vả vì nó hơn thì mình sướng hơn ừ đúng nên chị	nhưng mà sau này thì một cái thứ mà bản thân thì mình học được ấy là nếu mình vất vả vì nó hơn thì mình sướng hơn ừ đúng nên chị		nhưng mà sau này thì một cái thứ mà bản thân thì mình học được ấy là nếu mình vất vả vì nó hơn thì mình sướng hơn ừ đúng nên chị.	 ⁇ 
train	13067	14.20	pseudo_label	mức độ một cái cấp độ về nổi tiếng họ sẽ luôn nghĩ về lứa tiếp theo và với những cái kinh nghiệm mà mình có được thì mình rất muốn là à cái đấy có thể trở thành công thức để mình tiếp tục nhân bản không	mức độ một cái cấp độ về nổi tiếng họ sẽ luôn nghĩ về lứa tiếp theo và với những cái kinh nghiệm mà mình có được thì mình dẫn rất muốn là ai kia đấy có thể trở thành công thức để mình tiếp tục nhân bản không	ức độ một cái cấp độ về nổi tiếng họ sẽ luôn nghĩ về lứa tiếp theo và với những cái kinh nghiệm mà mình có được thì mình rất rất muốn là à cái đấy có thể trở thành công thức để mình tiếp tục nhân bản không	mức độ một cái cấp độ về nổi tiếng họ sẽ luôn nghĩ về lứa tiếp theo và với những cái kinh nghiệm mà mình có được thì mình dẫn rất muốn là ai kia đấy có thể trở thành công thức để mình tiếp tục nhân bản không.	ức độ một cái cấp độ về nổi tiếng, họ sẽ luôn nghĩ về lứa tiếp theo và với những cái kinh nghiệm mà mình có được thì mình rất rất muốn là à cái đấy có thể trở thành công thức để mình tiếp tục nhân bản không?
train	13074	13.60	pseudo_label	cảm thấy gấp gáp mà kể cả đạo diễn bên nhạc tất cả mọi người đều có chung một cái suy nghĩ rằng là phải làm thôi phải phải chiến thôi bởi vì là không biết là đến ngày mai thì nó sẽ còn có chuyện gì xảy ra nữa nên là tất cả mọi người đều uốc rất là nhanh	cảm thấy gấp gáp mà kể cả đạo diễn ban nhạc tất cả mọi người đều có chung một cái suy nghĩ rằng là phải làm thôi phải phải chiến thôi bởi vì là không biết là đến ngày mai thì nó sẽ còn có chuyện gì xảy ra nữa thế là tất cả mọi người đều uống rất là nhanh	cảm thấy gấp gáp mà kể cả đạo diễn bên nhàạc tất cả mọi người đều có chung một cái suy nghĩ rằng là phải làm thôi phải phải chiến thôi bởi vì là không biết là đến ngày mai thì nó sẽ còn có chuyện gì xảy ra nữa tất cả mọi người đều uống rất là nhanh	cảm thấy gấp gáp mà kể cả đạo diễn ban nhạc tất cả mọi người đều có chung một cái suy nghĩ rằng là phải làm thôi phải phải chiến thôi bởi vì là không biết là đến ngày mai thì nó sẽ còn có chuyện gì xảy ra nữa thế là tất cả mọi người đều uống rất là nhanh.	Cảm thấy gấp gáp, mà kể cả đạo diễn bên nhàạc, tất cả mọi người đều có chung một cái suy nghĩ rằng là phải làm thôi, phải phải chiến thôi, bởi vì là không biết là đến ngày mai thì nó sẽ còn có chuyện gì xảy ra nữa., tất cả mọi người đều uống rất là nhanh.
train	13099	11.10	pseudo_label	nó đem lại cho mình giá trị thế nên là mẹ em cũng không cấm cản hay là cũng không gọi là đưa cho em những cái lời khuyên nào đó nữa như ngày xưa thì mẹ em hay đưa cho em lời khuyên	nó đem lại cho mình giá trị thế nên là mẹ em cũng không không cấm cản hay là cũng không gọi là đưa cho em những cái lời khuyên nào đó nữa nhưng ngày xưa thì mẹ em hay đưa cho em lời khuyên	nó đem lại cho mình giá trị thế nên là mẹ em cũng không không cầm cả hay là cũng không gọi là đưa cho em những cái lời khuyên nào đó nữa nhưng ngày xưa thì mẹ em hay đưa cho em lời khuyên	nó đem lại cho mình giá trị thế nên là mẹ em cũng không không cấm cản hay là cũng không gọi là đưa cho em những cái lời khuyên nào đó nữa nhưng ngày xưa thì mẹ em hay đưa cho em lời khuyên.	Nó đem lại cho mình giá trị, thế nên là mẹ em cũng không không cầm cả, hay là cũng không gọi là đưa cho em những cái lời khuyên nào đó nữa, nhưng ngày xưa thì mẹ em hay đưa cho em lời khuyên.
validation	1475	14.90	pseudo_label	cái sự tự tin về ngoại hình nó chưa có nhiều nhưng mà em không hẳn là tuyết tự ti đúng không thì có liệu nó có một cái khoảnh khắc nào ở một cái lúc nào có một cái suy nghĩ nào đấy nó lóe lên và em nghĩ rằng là à tôi nghĩ là đến một lúc tôi nên thay đổi một chút về ngoại hình của tôi	cái sự tự tin về ngoại hình nó chưa có nhiều nhưng mà em không hẳn là tuyết tự ti đúng không thì có liệu nó có một khoảng cách nào ở một cái lúc nào có một cái suy nghĩ nào để nó lóe lên và em nghĩ rằng là à tôi nghĩ đến một lúc tôi nên thay đổi một chút ngoại hình của tôi	cái sự tự tin về ngoại hình nó chưa có nhiều nhưng mà em không hẳn là tuyýp tự ti đúng không thì có liệu nó có một cái khoảnh khắc nào ở một cái lúc nào có một cái suy nghĩ nào đấy nó lóe lên và em nghĩ rằng là à tôi nghĩ là đến một lúc tôi nên thay đổi một chút về ngoại hình của tôi	cái sự tự tin về ngoại hình nó chưa có nhiều nhưng mà em không hẳn là tuyết tự ti đúng không thì có liệu nó có một khoảng cách nào ở một cái lúc nào có một cái suy nghĩ nào để nó lóe lên và em nghĩ rằng là à tôi nghĩ đến một lúc tôi nên thay đổi một chút ngoại hình của tôi.	Cái sự tự tin về ngoại hình nó chưa có nhiều, nhưng mà em không hẳn là tuyýp tự ti, đúng không? thì có liệu nó có một cái khoảnh khắc nào ở một cái lúc nào, có một cái suy nghĩ nào đấy nó lóe lên, và em nghĩ rằng là à Tôi nghĩ là đến một lúc tôi nên thay đổi một chút về ngoại hình của tôi.
train	944	15.00	pseudo_label	nước mỹ là về cơ bản người ta đã gọi nước mỹ là đặc biệt rồi nhưng mà ở trong đó thì silicon valley nó còn khác hollywood nó còn khác wall street new york ở cái độ gọi là cái độ điên rồ của họ khi mà mình nghĩ một cái vấn đề thì có	ở nước mỹ là về cơ bản người ta đã gọi nước mỹ là đặc biệt rồi nhưng mà ở trong đó thì si li kênh va lây nó còn khác hô ly gút nó còn khác quân sờ pít new york ở cái cái cái cái độ à gọi là cái độ điên rồ của họ khi mà mình nghĩ về một cái vấn đề thì à có	ờ nước mỹ là về cơ bản người ta đã gọi nước mỹ là đặc biệt rồi nhưng mà ở trong đó thì si li cơna lây nó còn khác hô li gút nó còn khác guờ rít niu óc ở cái cái cái cái độờ gọi là cái độ điên rồồ của họ khi mà mình nghĩ một cái vấn đề thì có	ở nước mỹ là về cơ bản người ta đã gọi nước mỹ là đặc biệt rồi nhưng mà ở trong đó thì si li kênh va lây nó còn khác hô ly gút nó còn khác quân sờ pít new york ở cái cái cái cái độ à gọi là cái độ điên rồ của họ khi mà mình nghĩ về một cái vấn đề thì à có.	Ờ nước Mỹ là về cơ bản người ta đã gọi nước Mỹ là đặc biệt rồi, nhưng mà ở trong đó thì si li cơna lây nó còn khác hô li gút, nó còn khác guờ rít Niu óc ở cái cái cái cái độờ gọi là cái độ điên rồồ của họ khi mà mình nghĩ một cái vấn đề thì có.
train	13537	12.90	pseudo_label	mới nghĩ là là nó chỉ là cái mình mình hay nghĩ là văn hóa của mình hay con người của mình chưa có rady cho cái chuyện đó mình nghĩ nó cần một số yếu tố thứ nhất á là mình cần một cái môi trường mà mình khuyến khích	mui nghĩ là là nó chỉ là cái mình à mình hay nghĩ là văn hoá của mình hay con người của mình chưa có ra đi về cái chuyện đó huyền nó cần một số yếu tố thứ nhất á là mình cần một cái môi trường mà mình khuyến khích	huy nghĩ là là nó chỉ là cái mình mình hay nghĩ là văn hóa của mình hay con người của mình chưa có ra đi cho cái chuyện đó uy nghĩ nó cần một số yếu tố th thứ nhất á là mình cần một cái môi trường mà mình khuyến khích	mui nghĩ là là nó chỉ là cái mình à mình hay nghĩ là văn hoá của mình hay con người của mình chưa có ra đi về cái chuyện đó huyền nó cần một số yếu tố thứ nhất á là mình cần một cái môi trường mà mình khuyến khích.	Huy nghĩ là là nó chỉ là cái mình mình hay nghĩ là văn hóa của mình hay con người của mình chưa có ra đi cho cái chuyện đó.uy nghĩ nó cần một số yếu tố. Th thứ nhất á là mình cần một cái môi trường mà mình khuyến khích.
train	13538	14.50	pseudo_label	thì có thể bên mỹ là nó là một cái độ tập trung của rất là nhiều các dân tộc khác nhau các từ các quốc gia khác nhau từ các nền văn hóa khác nhau tụ lại ở chợ chỗ đó và có thể mình coi là là chỗ đấy sẽ có rất là nhiều ý tưởng điên rồ khác nhau nhưng mà nếu mà chúng ta quay trở lại việt nam chẳng hạn	thì có thể bên mỹ là nó là một cái độ tập trung của rất là nhiều các dân tộc khác nhau các cái từ các quốc gia khác nhau từ các nền văn hoá khác nhau tụ lại chỗ chỗ đó và có thể mình coi là là chỗ đấy sẽ có dễ nhiều ý tưởng điên rồ khác nhau nhưng mà nếu mà chúng ta quay trở lại việt nam chẳng hạn	cóì thể bên mỹ là nó là một cái độ tập trung của rất là nhiều các dân tộc khác nhau các cái từ các quốc gia khác nhau từ các nền văn hóa khác nhau tụ lại ở chỗ đó và có thể mình coi là là chỗ đấy sẽ có rất là nhiều ý tưởng điên rồ khác nhau nhưng mà nếu mà chúng ta quay trở lại việt nam chẳng hạn	thì có thể bên mỹ là nó là một cái độ tập trung của rất là nhiều các dân tộc khác nhau các cái từ các quốc gia khác nhau từ các nền văn hoá khác nhau tụ lại chỗ chỗ đó và có thể mình coi là là chỗ đấy sẽ có dễ nhiều ý tưởng điên rồ khác nhau nhưng mà nếu mà chúng ta quay trở lại việt nam chẳng hạn.	Cóì thể bên Mỹ là nó là một cái độ tập trung của rất là nhiều các dân tộc khác nhau, các cái từ các quốc gia khác nhau, từ các nền văn hóa khác nhau, tụ lại ở chỗ đó và có thể mình coi là là chỗ đấy sẽ có rất là nhiều ý tưởng điên rồ khác nhau, nhưng mà nếu mà chúng ta quay trở lại Việt Nam, chẳng hạn.
train	13553	13.40	pseudo_label	trời khi mà khi mà cái game nó được đón nhận có hàng chục triệu hay hàng trăm triệu người sử dụng kiếm được hàng tỷ đô la thì công ty ngay lập tức trở thành một kỳ lâm đó là một cái ví dụ mà huy nghĩ là người việt hoàn toàn	ờ trời ờ khi mà khi mà cái game nó được đón nhận có hàng chục triệu hay hàng trăm triệu người sử dụng chiếm được hàng tỷ đô la thì công ty ngay lập tức trở thành một kỳ lân đó là một cái ví dụ mà huy nghĩ là người việt hoàn toàn		ờ trời ờ khi mà khi mà cái game nó được đón nhận có hàng chục triệu hay hàng trăm triệu người sử dụng chiếm được hàng tỷ đô la thì công ty ngay lập tức trở thành một kỳ lân đó là một cái ví dụ mà huy nghĩ là người việt hoàn toàn.	 ⁇ 
train	13569	13.00	pseudo_label	của huy mà người indonesia họ đều quay về nước hết bởi vì lúc đấy chính phủ indonesia có một cuộc cải cách về công nghiệp và mang những người học từ nước ngoài về để cùng xây dựng một cái văn hóa về công nghiệp công nghệ	của huy mà người in lai gia họ đều quay về nước khác bởi vì lúc đấy chính phủ in lai gia có một cái cuộc cải cách về công nghiệp và mang những người học từ nước ngoài về để cùng xây dựng hoặc cái văn hoá về công nghiệp công nghệ		của huy mà người in lai gia họ đều quay về nước khác bởi vì lúc đấy chính phủ in lai gia có một cái cuộc cải cách về công nghiệp và mang những người học từ nước ngoài về để cùng xây dựng hoặc cái văn hoá về công nghiệp công nghệ.	 ⁇ 
train	13585	15.00	pseudo_label	tức nghĩa là cái độ lan tỏa của nó rộng hơn những công nghệ khác rất nhiều nhưng mà đồng thời nó cũng mang một cái tiếng xấu nhất định là có thể bị scam có thể bị mất tiền tất nhiên mọi thứ giống như vậy thì chẳng khác gì cái chuyện ngày xưa khi mà người ta lên sàn thương mại điện tử người ta mua đồ	tức là cái cái độ lan tỏa của nó rộng hơn những công nghệ khác rất nhiều nhưng đồng thời nó cũng mang một tiếng xấu nhất định là có thể bị xem có thể bị mất tiền tất cả mọi thứ giống như vậy thì chẳng khác gì cái chuyện ngày xưa khi mà người ta lên sàn thương mại điện tử người ta mua đồ	tức nghĩa là cái cái độ lan tỏa của nó rộng hơn những công nghệ khác rất nhiều nhưng mà đồng thời nó cũng mang một cái tiếng xấu nhất định là có thể bị cam có thể bị mất tiền tất cả mọi thứ giống như vậy thì chẳng khác gì cái chuyện ngày xưa khi mà người ta lên sàn thương mại điện tử người ta mua đồ xong	tức là cái cái độ lan tỏa của nó rộng hơn những công nghệ khác rất nhiều nhưng đồng thời nó cũng mang một tiếng xấu nhất định là có thể bị xem có thể bị mất tiền tất cả mọi thứ giống như vậy thì chẳng khác gì cái chuyện ngày xưa khi mà người ta lên sàn thương mại điện tử người ta mua đồ.	Tức nghĩa là cái cái độ lan tỏa của nó rộng hơn những công nghệ khác rất nhiều, nhưng mà đồng thời nó cũng mang một cái tiếng xấu nhất định là có thể bị cam, có thể bị mất tiền, tất cả mọi thứ giống như vậy thì chẳng khác gì cái chuyện ngày xưa, khi mà người ta lên sàn thương mại điện tử, người ta mua đồ xong.
train	13606	12.30	pseudo_label	cái góc nhìn như là với miro vậy và đâu đó thì mình nhận được cái sự đồng tình và ủng hộ của mọi người và đâu đó chính những cái un official những cái những cái sai sig chat	cái cái cái góc nhìn như là với mi rô vậy và đâu đó thì mình nhận được sự đồng đồng tình và ủng hộ của mọi người và đâu đó chính những cái in official những cái những cái sai sai chat	cái cái cái cái góc nhìn như là với mi rô vậy và đâu đó thì mình nhận được cái sự đồng đồng tình và ủng hộ của mọi người và đâu đó chính những cái in nó ph phí sồ những cái những cái sai sai chát	cái cái cái góc nhìn như là với mi rô vậy và đâu đó thì mình nhận được sự đồng đồng tình và ủng hộ của mọi người và đâu đó chính những cái in official những cái những cái sai sai chat.	Cái cái cái cái góc nhìn như là với mi rô vậy, và đâu đó thì mình nhận được cái sự đồng đồng tình và ủng hộ của mọi người. và đâu đó chính những cái in nó ph phí sồ, những cái những cái sai sai chát.
train	14185	13.20	pseudo_label	trong vòng mười mấy năm vừa rồi là mình rất ít ở việt nam học hết ba chalo ở bên singapore và hồi đấy là mình học bất động sản xong rồi mình làm bất động sản ở bên singapore lúc mà mình muốn chuyển sang làm marketing ấy thì mình đi học về master marketing	trong vòng mười mấy năm vừa rồi là mình rất ít ở việt nam học hết basho tàu ở ven sinh và hồi đấy là mình học bất động sản sao người mình làm bất động sản ở ven sinh lúc mà mình muốn chuyển sang làm marketing thì mình đi học về masterpiece marketing	trong vòng mười mấy năm vừa rồi là mình rất ít ở việt nam học hết ba chơ dô ở bên ở v bên sinh và hồi đấy là mình học bất động sản x xong rồi mình làm bất động sản ở bên sinh lúc mà mình muốn chuyển sang ma két tinh thì mình đi học về mát tờ ma két tinh	trong vòng mười mấy năm vừa rồi là mình rất ít ở việt nam học hết basho tàu ở ven sinh và hồi đấy là mình học bất động sản sao người mình làm bất động sản ở ven sinh lúc mà mình muốn chuyển sang làm marketing thì mình đi học về masterpiece marketing.	Trong vòng mười mấy năm vừa rồi là mình rất ít ở Việt Nam, học hết ba chơ dô ở bên ở V bên sinh và hồi đấy là mình học bất động sản. X xong rồi mình làm bất động sản ở bên sinh. lúc mà mình muốn chuyển sang ma két tinh thì mình đi học về mát tờ ma két tinh.
train	14186	10.20	pseudo_label	và sau đó thì mình làm cho year health trong hell cach mình hai năm vừa rồi mình ở mỹ làm việc cho một số các công ty về ai và ở kênh là con sumer healthy	và sau đó thì mình làm cho gi hao trong heo kate trách hai năm vừa rồi mình ở mỹ làm việc cho một số các công ty về ai và ở đây là con suy mờ heo kate	và sau đó thì mình làm cho diô heo trong heo kê trách mình hai năm vừa rồi mình ở mỹ làm việc cho một số các công ty về a ai và ở k trên là con su mờ heo kê	và sau đó thì mình làm cho gi hao trong heo kate trách hai năm vừa rồi mình ở mỹ làm việc cho một số các công ty về ai và ở đây là con suy mờ heo kate.	Và sau đó thì mình làm cho Diô heo trong heo kê trách mình hai năm vừa rồi, mình ở Mỹ làm việc cho một số các công ty về A ai và ở k trên là con su mờ heo kê.
train	14188	12.70	pseudo_label	qua sự chia sẻ của lê thì ruby thấy cái kinh nghiệm của lê làm việc chính trong lĩnh vực cần zoom m take nhưng mà chắc trước đấy thì lê cũng đã học và cũng có làm một số công việc liên quan tới về brand marketing trước đó rồi	qua sự chia sẻ của lê thì ru bi thấy cái kinh nghiệm của lê làm việc chính trong lĩnh vực cần jun mờ tếch nhưng mà chắc trước đấy thì lê cũng đã học và cũng có làm một số công việc liên quan tới về bờ ren marketing trước đó rồi	qua sự chia sẻ của lê thì rui thấy cái kinh nghiệm của lê làm việc chính trong lĩnh vực cần duờếch nhưng mà chắc trước đấy thì lê cũng đã học và cũng có làm một số công việc liên quan tới về bờen ma ke tinh trước đó rồi	qua sự chia sẻ của lê thì ru bi thấy cái kinh nghiệm của lê làm việc chính trong lĩnh vực cần jun mờ tếch nhưng mà chắc trước đấy thì lê cũng đã học và cũng có làm một số công việc liên quan tới về bờ ren marketing trước đó rồi.	Qua sự chia sẻ của Lê thì Rui thấy cái kinh nghiệm của Lê làm việc chính trong lĩnh vực cần duờếch, nhưng mà chắc trước đấy thì Lê cũng đã học và cũng có làm một số công việc liên quan tới về Bờen ma ke tinh trước đó rồi.
train	14248	15.00	pseudo_label	thế thì ở đấy là lý thuyết nha ôi cảm ơn cô giáo một lần nữa đã chia sẻ cho vy hẳn một lịch sử của lĩnh vực marketing lần đầu tiên robin được nghe đầy đủ như thế về lịch sử đủ dài mà trong thời gian ngắn như vậy tại vì là tại vì là mình vừa	thế thì ở đấy là né hơn đến thuốc nhau tôi cám ơn cô giáo một lần nữa đã chia sẻ cho biên hẳn một lịch sử của lĩnh vực marketing lần đầu tiên robin được nghe đầy đủ như thế về một lịch sử đủ dài mà trong thời gian ngắn như vậy tại vì là tại vì là mình vừa	thế thì ở đấy là lý thuyếtá ô tôi cảm ơn cô giáo một lần nữa đã chia sẻ cho biết hẳn một lịch sử của lĩnh vực mar két tinh lần đầu tiên vuibin được nghe đầy đủ như thế về lịch sử đủ dài mà trong thời gian ngắn như vậy tại vì là tại vì là mình vừa	thế thì ở đấy là né hơn đến thuốc nhau tôi cám ơn cô giáo một lần nữa đã chia sẻ cho biên hẳn một lịch sử của lĩnh vực marketing lần đầu tiên robin được nghe đầy đủ như thế về một lịch sử đủ dài mà trong thời gian ngắn như vậy tại vì là tại vì là mình vừa.	Thế thì ở đấy là lý thuyếtá. Ô Tôi cảm ơn cô giáo một lần nữa đã chia sẻ cho biết hẳn một lịch sử của lĩnh vực mar két tinh lần đầu tiên vuibin được nghe đầy đủ như thế, về lịch sử đủ dài mà trong thời gian ngắn như vậy, tại vì là tại vì là mình vừa.
train	14250	13.90	pseudo_label	lúc phỏng vấn anh dịch giả cuốn sách này thì cái case study đấy là nói về một cái chiến dịch của gojec gọi là để không ai bị bỏ lại phía sau thì cái chiến dịch này là chiến dịch mà gojec phối hợp hợp tác với cả đài htv	à lúc phỏng vấn anh dịch giả cuốn sách này thì cái cây xta đi đấy là nói về một cái chiến dịch của câu trách gọi là để không ai bị bỏ lại phía sau thì cái chiến dịch này là chiến dịch mà câu trách phối hợp hợp tác với cả đài hát tê vê		à lúc phỏng vấn anh dịch giả cuốn sách này thì cái cây xta đi đấy là nói về một cái chiến dịch của câu trách gọi là để không ai bị bỏ lại phía sau thì cái chiến dịch này là chiến dịch mà câu trách phối hợp hợp tác với cả đài hát tê vê.	 ⁇ 
train	14253	14.40	pseudo_label	thật sự qua cái qua ba bốn tháng vừa rồi nó nó xảy ra những cái tốc độ nó xảy ra nhanh hơn trong bất cứ giai đoạn lịch sử nào như bọn mình vẫn ngồi ở nhà vẫn là việc vẫn kiếm tiền nhưng mà ví dụ như là các anh đối tác tài xế của mình đi	thật sự qua qua ba bốn tháng vừa rồi nó nó xảy ra cái tốc độ nó xảy ra nhanh hơn trong bất kỳ giai đoạn lịch sử nào như bọn mình vẫn ngồi ở nhà vẫn là việc vẫn kiếm tiền nhưng mà ví dụ như là những các anh đối tác tài xế của mình đi	thật sự qua cái qua ba bốn tháng vừa rồi nó nó xảy ra những cái tốc độ nó xảy ra nhanh hơn trong bất cứ giai đoạn lịch sử nào như bọn mình vẫn ngồi ở nhà vẫn là việc vẫn kiếm tiền nhưng mà ví dụ như là những các anh đối tác tài xế của mình đi	thật sự qua qua ba bốn tháng vừa rồi nó nó xảy ra cái tốc độ nó xảy ra nhanh hơn trong bất kỳ giai đoạn lịch sử nào như bọn mình vẫn ngồi ở nhà vẫn là việc vẫn kiếm tiền nhưng mà ví dụ như là những các anh đối tác tài xế của mình đi.	Thật sự qua cái qua ba bốn tháng vừa rồi, nó nó xảy ra những cái tốc độ nó xảy ra nhanh hơn trong bất cứ giai đoạn lịch sử nào, như bọn mình vẫn ngồi ở nhà vẫn là việc vẫn kiếm tiền, nhưng mà ví dụ như là những các anh đối tác tài xế của mình đi.
train	14259	14.60	pseudo_label	nó không có khó tại vì thực ra là bọn mình không sẽ không phải là gọi là chạy theo hay là cố gắng làm gì cả bởi vì nó đã là cái gì đấy nó đã ở trong bản thân nó là bạn nó là mình rồi nó là trong dna của mình rồi	nó không nó không quá khó tại vì thực ra là bọn mình không sẽ không phải là là chạy theo trai này là cố ngăn gì cả bởi vì nó đã là cái gì đấy nó đã ở trong bản thân nó là bạn nó là mình rồi nó là trong đi en ây của mình rồi	nó không nó không có khó ại vì thực ra là bọn mình không sẽ không phải là gọi là chạy theoen hay là cố gắng d làm gì cả bởi vì nó đã là cái gì đấy nó đã ở trong bản thân nó là bạn nó là mình rồi nó là trong đi en ây của mình rồi	nó không nó không quá khó tại vì thực ra là bọn mình không sẽ không phải là là chạy theo trai này là cố ngăn gì cả bởi vì nó đã là cái gì đấy nó đã ở trong bản thân nó là bạn nó là mình rồi nó là trong đi en ây của mình rồi.	Nó không, nó không có khó,ại vì thực ra là bọn mình không sẽ không phải là gọi là chạy theoen hay là cố gắng d làm gì cả, bởi vì nó đã là cái gì đấy, nó đã ở trong bản thân, nó là bạn nó là mình rồi, nó là trong đi en ây của mình rồi.
train	1151	10.00	pseudo_label	anh phải đính chính nè cái suy nghĩ này anh có hồi trẻ chứ không phải là ý là anh có hồi mà anh ba mươi khoảng ba mươi mốt ba mươi hai còn bây giờ anh đã chấp nhận được cái việc đó	anh phải đính chính ngay cái suy nghĩ này anh anh có hồi trẻ chứ không phải là ý là anh có hồi mà anh ba mươi khoảng ba mươi mốt ba mươi hai còn bây giờ anh đã chấp nhận được cái việc đó	anh phải đính chứng nè cái suy nghĩ nè anh anh có hồi trẻ chứ không phải là ý là anh có hồi mà anh ba mươi khoảng ba mươi mốt ba mươi hai còn bây giờ anh đã chấp nhận được cái việc đó	anh phải đính chính ngay cái suy nghĩ này anh anh có hồi trẻ chứ không phải là ý là anh có hồi mà anh ba mươi khoảng ba mươi mốt ba mươi hai còn bây giờ anh đã chấp nhận được cái việc đó.	Anh phải đính chứng nè, cái suy nghĩ nè, anh anh có hồi trẻ chứ không phải là ý là anh có hồi mà anh ba mươi khoảng ba mươi mốt, ba mươi hai, còn bây giờ anh đã chấp nhận được cái việc đó.
train	15934	11.40	pseudo_label	và kiểu cùng khách hàng khách hàng tới với một cái clip và sau đó mình làm nó tốt hơn mình trip mình nó theo cách của mình và tricking nghĩa là gì mình	và kiểu cùng khách hàng khách hàng tới với một cái píp và sau đó mình làm nó tốt hơn mình truýt mừn nó theo cách của mình và truýt mừn nghĩa là gì à mình	và kiểu cùng khách hàng khách hàng tới với một cái cờ rítp và sau đó mình làm nó tốt hơn mình tru mình nó theo cách của mình và trích minh nghĩa là gì ạ ờ mìnhờ	và kiểu cùng khách hàng khách hàng tới với một cái píp và sau đó mình làm nó tốt hơn mình truýt mừn nó theo cách của mình và truýt mừn nghĩa là gì à mình.	Và kiểu cùng khách hàng, khách hàng tới với một cái cờ rítp và sau đó mình làm nó tốt hơn, mình tru mình nó theo cách của mình và trích minh nghĩa là gì ạ?Ờ mìnhờ.
train	15952	12.40	pseudo_label	mình chỉ lên nó mình muốn làm gì làm nhiều khi không cần cái clip gì hết chỉ cần cầm máy lên nó quay thôi thì cũng về thì nó vẫn ra được một cái gì đó nó lạ hơn thì còn về cái phần	thậm chí ơn lên nó mình muốn làm gì làm nhiều khi không cần cái bờ ríp hết cần cầm máy là nó quay thôi thì cũng về thì nó vẫn ra được cái gì đó nó lạ hơn ừ thì ờ còn về cái phần	chìnhỉ lên đó mình muốn làm gì làm nhiều khi không còn cái rít gì hết còn cầm máy lên nó quay thôi thì cũng về thì nó vẫn ra được một cái gì đó nó lạ hơn ừ thì còn về cái phầnờ	thậm chí ơn lên nó mình muốn làm gì làm nhiều khi không cần cái bờ ríp hết cần cầm máy là nó quay thôi thì cũng về thì nó vẫn ra được cái gì đó nó lạ hơn ừ thì ờ còn về cái phần.	Chìnhỉ lên đó, mình muốn làm gì làm nhiều khi không còn cái rít gì hết, còn cầm máy lên nó quay thôi thì cũng về thì nó vẫn ra được một cái gì đó nó lạ hơn. Ừ thì còn về cái phầnờ.
train	15967	13.00	pseudo_label	ờ anh thấy rất là nhiều đạo diễn khác người ta khi mà người ta làm trong cái quốc người ta người ta rất là có những cái riêng á khi mà anh anh nhìn khánh đi anh nhìn phương vũ mọi người đều làm ra những cái quốc của người ta rất là	ở anh thấy rất nhiều đạo diễn khác người ta khi mà người ta làm trong trường quốc người ta người ta rất là có những cái riêng ớ khi mà anh anh nhìn khánh đi anh nhìn phương vũ mọi người đều làm ra những thứ quốc của người ta rất là	ờ anh thấy rất là nhiều đạo diễn khác người ta khi mà người ta làm theo cái quốc của người ta người ta rất là có những cái riêng á ừ khi mà anh anh nhìn khánh đi anh nhìn phương vũ mọi người đều làm ra những thứ quốc của người ta rất là	ở anh thấy rất nhiều đạo diễn khác người ta khi mà người ta làm trong trường quốc người ta người ta rất là có những cái riêng ớ khi mà anh anh nhìn khánh đi anh nhìn phương vũ mọi người đều làm ra những thứ quốc của người ta rất là.	Ờ, anh thấy rất là nhiều đạo diễn khác, người ta, khi mà người ta làm theo cái Quốc của người ta, người ta rất là có những cái riêng á, Ừ khi mà anh anh nhìn Khánh đi, anh nhìn Phương Vũ, mọi người đều làm ra những thứ quốc của người ta rất là.
train	15977	12.40	pseudo_label	và mình đạt được nó thì khi mà mình suy nghĩ về nó thì mình sẽ truyền một cái năng lượng gì đó lên vũ trụ và vũ trụ nghe được cái chuyện đó và nó cũng sẽ phản hồi về tới mình	và mình đạt được nó thì khi mà mình suy nghĩ về nó thì mình sẽ truyền một cái năng lượng gì đó lên vũ trụ và vũ trụ nghe được cái chuyện đó và nó cũng sẽ phản hồi tới mình	và mình đạt được nó ừ thì khi mà mình suy nghĩ về nó thì mình sẽ truyền một cái năng lượng gì đó lên vũ trụ ừ và vũ trụ nghe được cái chuyện đó và nó cũng sẽ phản hồi về tới mình	và mình đạt được nó thì khi mà mình suy nghĩ về nó thì mình sẽ truyền một cái năng lượng gì đó lên vũ trụ và vũ trụ nghe được cái chuyện đó và nó cũng sẽ phản hồi tới mình.	Và mình đạt được nó, Ừ thì khi mà mình suy nghĩ về nó thì mình sẽ truyền một cái năng lượng gì đó lên vũ trụ ừ và vũ trụ nghe được cái chuyện đó và nó cũng sẽ phản hồi về tới mình.
train	15987	11.20	pseudo_label	nghĩa là năm năm trước mê bi anh sẽ có một cái gô gì đó anh ghi xuống nhưng mà trong cái quá trình anh đến cái gô đó anh đổi anh nghĩ vẫn ok mọi người anh nghĩ mọi người không nên nghĩ đó là một cái sự kiểu	nghĩ là năm năm trước mấy đi anh sẽ có một cái cô gì đó anh ghi xuống nhưng mà trong quá trình anh đến cái cô đó anh đổi anh nghĩ vẫn ok mọi người anh nghĩ mọi người không nên nghĩ đó là một cái sự kiểu	ng là năm trước mê bi anh sẽ có một cái gô gì đó anh ghi xuống nhưng mà trong cái quá trình anh đến cái cô đó anh đổi anh nghĩ vẫn o kê mọi người anh nghĩ mọi người không nên nghĩ đó là một cái sự kiểu	nghĩ là năm năm trước mấy đi anh sẽ có một cái cô gì đó anh ghi xuống nhưng mà trong quá trình anh đến cái cô đó anh đổi anh nghĩ vẫn ok mọi người anh nghĩ mọi người không nên nghĩ đó là một cái sự kiểu.	Ng là năm trước, Mê bi anh sẽ có một cái gô gì đó, anh ghi xuống, nhưng mà trong cái quá trình anh đến cái cô đó, anh đổi, anh nghĩ vẫn o kê, Mọi người anh nghĩ mọi người không nên nghĩ đó là một cái sự kiểu.
validation	1774	14.90	pseudo_label	không muốn làm nó giống cái quầy vừa mới làm hoặc là một vài quất trước em vừa làm kiểu em rất là reset những cái người mà người ta có thể giữ được một cái mút của người ta mà xuyên suốt ba năm mười năm người ta vẫn làm ra được cái mút của người ta cái đó rất là hay	không muốn làm nó giống cái guốc em vừa mới làm hoặc là một vài guốc trước em vừa làm kiểu em rất là rì s táp những người mà người ta có thể giữ được một cái mút của người ta mà xuyên suốt ba năm mười năm người ta vẫn làm ra được cái mút của người ta cái đó rất là hay	không muốn làm nó giống cái quốc em vừa mới làm hoặc là một bài quốc trước em vừa làm ừ kiểu em rất làéts những cái người mà người ta có thể giữ được một cái mút của người ta mà xuyên suốt ba năm mười năm người ta vẫn làm ra được cái mút của người ta cái đó rất là hay	không muốn làm nó giống cái guốc em vừa mới làm hoặc là một vài guốc trước em vừa làm kiểu em rất là rì s táp những người mà người ta có thể giữ được một cái mút của người ta mà xuyên suốt ba năm mười năm người ta vẫn làm ra được cái mút của người ta cái đó rất là hay.	Không muốn làm nó giống cái quốc, em vừa mới làm, hoặc là một bài quốc trước em vừa làm.Ừ kiểu em rất làéts những cái người mà người ta có thể giữ được một cái mút của người ta mà xuyên suốt ba năm mười năm, người ta vẫn làm ra được cái mút của người ta, cái đó rất là hay.
train	16709	14.70	pseudo_label	thì cái sản phẩm đó cơ bản là nó phải gói được một cái điều gì đó có nghĩa là mình đang mượn vật chất để mình gói một cái thứ phi vật chất thì cái phi vật chất đó chính là cái hành vi sử dụng và cái trải nghiệm tuy nhiên rằng là cái sự thú vị	thì cái sản phẩm nó cơ bản là nó phải gói được một cái điều gì đó có nghĩa là mình đang mượn vật chất để mình gói một thứ phi vật chất thì cái phi vật chất đó chính là cái hành vi sử dụng và cái trải nghiệm nhiều tuy nhiên rằng là ờ cái sự thú vị	thì cái sản phẩm nó cơ bản là nó phải gói được một cái điều gì đó có nghĩa là mình đang mượn vật chất để mình gói một cái thứ phi vật chất thì cái phi vật chất đó chính là cái hành vi sử dụng và cái trải nghiệm dạ vâng tuy nhiên rằng là cái sự thú vị	thì cái sản phẩm nó cơ bản là nó phải gói được một cái điều gì đó có nghĩa là mình đang mượn vật chất để mình gói một thứ phi vật chất thì cái phi vật chất đó chính là cái hành vi sử dụng và cái trải nghiệm nhiều tuy nhiên rằng là ờ cái sự thú vị.	Thì cái sản phẩm nó cơ bản là nó phải gói được một cái điều gì đó có nghĩa là mình đang mượn vật chất để mình gói một cái thứ phi vật chất, thì cái phi vật chất đó chính là cái hành vi sử dụng và cái trải nghiệm dạ vâng, Tuy nhiên, rằng là cái sự thú vị.
train	16736	15.00	pseudo_label	thì đó là những cái tất nhiên đó là một số những cái trao đổi bên lề thôi nhưng mà nó đọng lại cho hòa được rất là nhiều những cái suy nghĩ về cái hướng mà chúng ta sẽ làm kiến trúc tiếp theo như thế nào em mong là một ngày nào đó sau khi xem chương trình này thì chủ đầu tư sẽ bắt đầu gọi lại hòa ơi có tiền rồi	thì thì đó là những cái tất nhiên đó là một số những cái trao đổi bên lề thôi nhưng mà nó đọng lại cho hoàng được rất nhiều những cái suy nghĩ về cái hướng mà chúng ta sẽ làm kiến trúc tiếp theo như thế nào em mong là một ngày nào đó sau khi xem chương trình này thì chủ đầu tư sẽ bắt đầu gọi lại hoàng ơi có tiền rồi	thì thì đó là những cái tất nhiên đó là một số những cái trao đổi bên lề thôi nhưng mà nó đọng lại cho được rất là nhiều những cái suy nghĩ về cái hướng mà chúng ta sẽ làm kiến trúc tiếp theo như thế nào em mong là một ngày nào đó sau khi xem chương trình này thì chủ đầu tư sẽ bắt đầu gọi lại ơi có tiền rồi	thì thì đó là những cái tất nhiên đó là một số những cái trao đổi bên lề thôi nhưng mà nó đọng lại cho hoàng được rất nhiều những cái suy nghĩ về cái hướng mà chúng ta sẽ làm kiến trúc tiếp theo như thế nào em mong là một ngày nào đó sau khi xem chương trình này thì chủ đầu tư sẽ bắt đầu gọi lại hoàng ơi có tiền rồi.	Thì thì đó là những cái, tất nhiên, đó là một số những cái trao đổi bên lề thôi,, nhưng mà nó đọng lại cho được rất là nhiều những cái suy nghĩ về cái hướng mà chúng ta sẽ làm kiến trúc tiếp theo như thế nào. Em mong là một ngày nào đó, sau khi xem chương trình này thì chủ đầu tư sẽ bắt đầu gọi lại ơi, có tiền rồi.
train	16745	14.90	pseudo_label	đạt được những cái hiệu ứng nhất định thực tế thì đối với lại một cái câu chuyện bên lề của một nhà thiết kế với một bức hình sản phẩm thì hoài nghĩ đó là câu chuyện bếp núc à ok cho nên là có những thứ nó sẽ rất hay	đạt được những cái hiệu quả nhất định thực tế thì đối với lại một cái câu chuyện bên lề của một nhà thiết kế với lòng bất kỳ sản phẩm thì hoài nghĩ đó là câu chuyện bếp núc à ok cho nên là có những thứ nó sẽ là rất hay	đ đạt được những cái hiệu ứng nhất định ực tế thì đối với lại một cái câu chuyện bên lề của một nhà thiết kế với một một bất kỳ sản phẩm thìoàng nghĩ đó là câu chuyện bếp núc và kê cho nên là có những thứ nó sẽờ rất hay	đạt được những cái hiệu quả nhất định thực tế thì đối với lại một cái câu chuyện bên lề của một nhà thiết kế với lòng bất kỳ sản phẩm thì hoài nghĩ đó là câu chuyện bếp núc à ok cho nên là có những thứ nó sẽ là rất hay.	Đ đạt được những cái hiệu ứng nhất định.ực tế thì đối với lại một cái câu chuyện bên lề của một nhà thiết kế với một một bất kỳ sản phẩm thìoàng nghĩ đó là câu chuyện bếp núc và  kê, cho nên là có những thứ nó sẽờ rất hay.
train	16769	13.40	pseudo_label	dạ vâng khi chúng ta làm việc được một cách chủ động thì cơ bản thì chúng ta cũng sẽ bình tĩnh hơn tại vì chúng ta có thể chủ động sắp xếp được công việc thời gian chủ động sắp xếp được những cái thứ mà chúng ta muốn làm dạ chủ động chọn lựa các cái vấn đề mà chúng ta quan tâm	dạ vâng khi chúng ta làm việc được một cách chủ động thì cơ bản thì chúng ta cũng sẽ bình tĩnh hơn dạ tại vì chúng ta có thể chủ động sắp xếp được công việc thời gian chủ động sắp xếp được những thứ mà chúng ta muốn làm dạ chủ động chọn lựa các cái vấn đề mà chúng ta quan tâm	dạ vâng khi chúng ta làm việc được một cách chủ động thì cơ bản thì chúng ta sẽ bình tĩnh hơn tại vì chúng ta có thể chủ động sắp xếp được công việc thời gian chủ động sắp xếp được những cái thứ mà chúng ta muốn làm chủ động chọn lựa các cái vấn đề mà chúng ta quan tâm	dạ vâng khi chúng ta làm việc được một cách chủ động thì cơ bản thì chúng ta cũng sẽ bình tĩnh hơn dạ tại vì chúng ta có thể chủ động sắp xếp được công việc thời gian chủ động sắp xếp được những thứ mà chúng ta muốn làm dạ chủ động chọn lựa các cái vấn đề mà chúng ta quan tâm.	Dạ, vâng, khi chúng ta làm việc được một cách chủ động thì cơ bản thì chúng ta sẽ bình tĩnh hơn,, tại vì chúng ta có thể chủ động sắp xếp được công việc thời gian, chủ động sắp xếp được những cái thứ mà chúng ta muốn làm, chủ động chọn lựa các cái vấn đề mà chúng ta quan tâm.
train	16778	14.90	pseudo_label	là chắc chắn là điều rằng là chúng ta có thể làm được rất rất là nhiều việc tuyệt vời và quan trọng rất là cố gắng là làm chung với nhau tại vì làm chung với nhau nó mới vui chúng ta luôn luôn phải sống chung với đồng bọn chúng ta lẻ loi quá là chúng ta sẽ bị tiêu diệt liền thì thì	và chắc chắn là điều rằng là chúng ta có thể làm rất nhiều việc tuyệt vời và quan trọng những lời cố gắng là làm chung với nhau vì làm chung với nhau nó mới vui chúng ta luôn luôn phải sống chung với đồng bọn chúng ta lẻ loi quá là chúng ta sẽ bị tiêu dịch liền dạ thì thì	là chắc chắn là điều rằng là chúng ta có thể làm được rất là nhiều việc tuyệt vời và quan trọng rất là cố gắng là làm chung với nhau tại vì làm chung với nhau nói mới vui chúng ta luôn luôn phải sống chung với đồng bọnt chúng ta lẻ loi quá là chúng ta sẽ bị tiêu diệt liền thì thì thì	và chắc chắn là điều rằng là chúng ta có thể làm rất nhiều việc tuyệt vời và quan trọng những lời cố gắng là làm chung với nhau vì làm chung với nhau nó mới vui chúng ta luôn luôn phải sống chung với đồng bọn chúng ta lẻ loi quá là chúng ta sẽ bị tiêu dịch liền dạ thì thì.	Là chắc chắn là điều rằng là chúng ta có thể làm được rất là nhiều việc tuyệt vời, và quan trọng rất là cố gắng là làm chung với nhau, tại vì làm chung với nhau, nói mới vui. Chúng ta luôn luôn phải sống chung với đồng bọnt. Chúng ta lẻ loi quá là chúng ta sẽ bị tiêu diệt liền thì thì thì
train	16779	15.00	pseudo_label	cái cơn vui nó sẽ vui hơn và buồn nó sẽ đi qua và quan trọng nhất là những cái đó là cái động lực rất là lớn là một cái môi trường tốt để mà chúng ta làm được nhiều thứ còn thực ra làm thứ gì đó thì mỗi một người sẽ tự xác	cái cái cái cơn vui nó sẽ vui hơn và buồn nó sẽ đi qua mộng và và quan trọng nhất là những cái đó là cái động lực rất là lớn là một môi trường tốt để mà chúng ta làm được nhiều thứ còn thực ra làm thứ gì đó thì mỗi một người sẽ tự sắc	cái cái cái cơn vui nó sẽ vui hơn và buồn nó sẽ đi qua nó buồn hơn và và quan trọng nhất là những cái đó là cái động lực rất là lớn là một cái môi trường tốt để mà chúng ta làm được nhiều thứ còn thực ra làm thứ gì đó thì mỗi một người sẽ tự sát	cái cái cái cơn vui nó sẽ vui hơn và buồn nó sẽ đi qua mộng và và quan trọng nhất là những cái đó là cái động lực rất là lớn là một môi trường tốt để mà chúng ta làm được nhiều thứ còn thực ra làm thứ gì đó thì mỗi một người sẽ tự sắc.	Cái cái cái cơn vui nó sẽ vui hơn, và buồn nó sẽ đi qua nó buồn hơn, và và quan trọng nhất là những cái đó là cái động lực rất là lớn là một cái môi trường tốt để mà chúng ta làm được nhiều thứ, còn thực ra làm thứ gì đó thì mỗi một người sẽ tự sát.
validation	1863	12.70	pseudo_label	sau quần hết ba bốn tiếng thì có nghĩa là chúng ta ý thức được nó là chỉ trong vòng khoảng ba bốn tiếng thôi nhưng mà bây giờ chúng ta phải ý thức với nó trong vòng hai bốn tiếng thực sự là hai bốn tiếng tròn chữ đôi khi đâu phải là đêm nào cũng ngủ được đâu	xào quần hết ba bốn tiếng thì có nghĩa là chúng ta ý thức được nó là chỉ trong vòng khoảng ba bốn tiếng thôi nhưng bây giờ chúng ta phải ý thức với nó trong vòng hai bốn tiếng dạ thực sự là hai bốn tiếng tròn trứng dạ để đôi khi đâu phải đêm nào cũng ngủ được đâu	sau gần hết ba bốn tiếng thì cũng nghĩa là cái chúng ta ý thức được nó là chỉ trong vòng khoảng ba bốn tiếng thôi nhưng mà bây giờ chúng ta phải ý thức với nó trong vòng hai mươi bốn tiếngạ thực sự là hai bốn tiếng tròn chính thì đôi khi đâu phải là đêm nào ngủ được đâu	xào quần hết ba bốn tiếng thì có nghĩa là chúng ta ý thức được nó là chỉ trong vòng khoảng ba bốn tiếng thôi nhưng bây giờ chúng ta phải ý thức với nó trong vòng hai bốn tiếng dạ thực sự là hai bốn tiếng tròn trứng dạ để đôi khi đâu phải đêm nào cũng ngủ được đâu.	Sau gần hết ba bốn tiếng thì cũng nghĩa là cái chúng ta ý thức được nó là chỉ trong vòng khoảng ba bốn tiếng thôi, nhưng mà bây giờ chúng ta phải ý thức với nó trong vòng hai mươi bốn tiếngạ thực sự là hai bốn tiếng tròn chính thì đôi khi đâu phải là đêm nào ngủ được đâu.
train	1274	15.00	pseudo_label	hơi tế nhị một chút nhưng mà ví dụ như chị đang nói đến các cố vấn của mình thế thì cho em xin phép hỏi là những cố vấn của chị là những ai có thể những cái profile của họ như thế nào để có thể là các bạn sẽ có những cái gọi là cái motivation espiration để sau này mình cũng sẽ tìm một cố vấn kiểu	hơi tế nhị một chút nhưng mà ví dụ như chị đang nói đến các cái cố vấn của mình thế thì em xin phép hỏi là những cố vấn của chị là những ai có thể cái phâu phai của họ như thế nào để có thể là các bạn sẽ có những cái gọi là cái a mô tivi tờn ít pờ rây từn để sau này mình cũng sẽ tìm một cố vấn kiểu	hơi tế nhị một chút nhưng mà ví dụ như chị đang nói đến các cái cố vấn của mình thế thì cho em xin phép hỏi là những cố vấn của chị là những ai có thể những cái pô phai của họ như thế nào để có thể là các bạn sẽ có những cái gọi là cái mô tiây sừn í pi râyừn để sau này mình cũng sẽ tìm một cố vấn kiểu	hơi tế nhị một chút nhưng mà ví dụ như chị đang nói đến các cái cố vấn của mình thế thì em xin phép hỏi là những cố vấn của chị là những ai có thể cái phâu phai của họ như thế nào để có thể là các bạn sẽ có những cái gọi là cái a mô tivi tờn ít pờ rây từn để sau này mình cũng sẽ tìm một cố vấn kiểu.	Hơi tế nhị một chút, nhưng mà ví dụ như chị đang nói đến các cái cố vấn của mình thế thì cho em xin phép hỏi là những cố vấn của chị là những ai có thể những cái pô phai của họ như thế nào để có thể là các bạn sẽ có những cái gọi là cái mô tiây sừn, Í pi Râyừn để sau này mình cũng sẽ tìm một cố vấn kiểu.
train	17506	12.40	pseudo_label	vấn đề đó và những cái gì mà chị đang đạt được ở trong công ty hiện tại và những cái điều kiện mà chị đã đã đưa ra cả thị trường bên ngoài để có thể đạt được một cái bình đẳng giới xin chào chị hoàng anh xin chào reno và cảm ơn về lời giới thiệu của rino	vấn đề đó và những cái gì mà chị đang đạt được ở trong công ty hiện tại và những cái điều kiện mà chị đã đã đưa ra cả thị trường bên ngoài để có thể đạt được một cái bình đẳng giới xin chào chị hoàng anh xin chào ri nô và cảm ơn về lời giới thiệu cô ri nô	vấn đề đó và những cái gì mà chị đang đạt được ở trong công ty hiện tại và những cái điều kiện mà chị đã đã đưa ra cả thị trường bên ngoài để có thể đạt được một cái bìnhẳng giới xin chào chị hoàng anh xin chào r nô và cảm ơn về lời giới thiệu của rin nô	vấn đề đó và những cái gì mà chị đang đạt được ở trong công ty hiện tại và những cái điều kiện mà chị đã đã đưa ra cả thị trường bên ngoài để có thể đạt được một cái bình đẳng giới xin chào chị hoàng anh xin chào ri nô và cảm ơn về lời giới thiệu cô ri nô.	Vấn đề đó và những cái gì mà chị đang đạt được ở trong công ty hiện tại, và những cái điều kiện mà chị đã đã đưa ra cả thị trường bên ngoài để có thể đạt được một cái bìnhẳng giới. Xin chào chị Hoàng Anh. Xin chào R Nô và cảm ơn về lời giới thiệu của Rin nô.
train	17508	13.60	pseudo_label	và một tổ chức luôn hỗ trợ tôi để mà phát triển và thành công thì tại bnj cái kết quả gọi là thước đo quan trọng nhất cho nên tôi đã nhận được cái sự những cái chương trình	và một tổ chức luôn hỗ trợ tôi để mà phát triển và thành công thì tại bình dương á cái kết quả vẫn là thước đo quan trọng nhất cho nên tôi đã nhận được cái sự những cái chương trình à	và một tổ chức luân hỗ trợ tôi để mà phát triển và thành công thì tại p cái kết quả gọi là thước đo quan trọng nhất cho nên tôi đã nhận được cái sự những cái chương trình	và một tổ chức luôn hỗ trợ tôi để mà phát triển và thành công thì tại bình dương á cái kết quả vẫn là thước đo quan trọng nhất cho nên tôi đã nhận được cái sự những cái chương trình à.	Và một tổ chức luân hỗ trợ tôi để mà phát triển và thành công, thì tại p cái kết quả gọi là thước đo quan trọng nhất, cho nên tôi đã nhận được cái sự những cái chương trình.
train	17522	12.40	pseudo_label	mà thực sự là mỗi vai trò đều tạo động lực cho mình và tôi cảm thấy rất là may mắn khi có mình có một cái hội hệ thống hỗ trợ như vậy cho nên tôi cũng mong muốn góp phần thúc đẩy cái sự trao quyền cho phụ nữ tại p	mà thực sự là một vai trò đều tạo động lực cho mình và tôi cảm thấy rất may mắn khi có mình có một cái hộ hài thông hỗ trợ như vậy cho nên tôi cũng mong muốn góp phần thúc đẩy cái sự trao quyền cho phụ nữ tại phim hành dinh	mà thực sự là mỗi vai trò đều tạo động lực cho mình và tôi cảm thấy rất là may mắn khi có mình có một cái h hội thợ hệ thống hỗ trợ như vậy cho nên tôi cũng mong muốn góp phần thúc đẩy cái sự trao quyền cho phụ nữ tại pi	mà thực sự là một vai trò đều tạo động lực cho mình và tôi cảm thấy rất may mắn khi có mình có một cái hộ hài thông hỗ trợ như vậy cho nên tôi cũng mong muốn góp phần thúc đẩy cái sự trao quyền cho phụ nữ tại phim hành dinh.	Mà thực sự là mỗi vai trò đều tạo động lực cho mình, và tôi cảm thấy rất là may mắn khi có mình có một cái h hội thợ hệ thống hỗ trợ như vậy, cho nên tôi cũng mong muốn góp phần thúc đẩy cái sự trao quyền cho phụ nữ tại pi .
train	17527	15.00	pseudo_label	lâu dài không thể một sớm một chiều và nó đòi hỏi cái sự nỗ lực và cố gắng của tất cả chúng ta thì tôi mong rằng là tất cả mọi người đều góp phần vào việc là phá vỡ định kiến về giới	ờ lâu dài ờ không thể một sớm một chiều và nó đòi hỏi cái sự nỗ lực và cố gắng của tất cả chúng ta ờ thì tôi mong rằng là tất cả mọi người ờ đều góp phần vào việc là ờ phá vỡ định kiến về giới	l lâu dài không thể ngồi sớm một chiều và nó đòi hỏi cái sự nỗ lực và cố gắng của tất cả chúng ta thì tôi mong rằng là tất cả mọi người đều góp phần vào việc là phá vỡ định kiến về giới	ờ lâu dài ờ không thể một sớm một chiều và nó đòi hỏi cái sự nỗ lực và cố gắng của tất cả chúng ta ờ thì tôi mong rằng là tất cả mọi người ờ đều góp phần vào việc là ờ phá vỡ định kiến về giới.	L lâu dài không thể ngồi sớm một chiều và nó đòi hỏi cái sự nỗ lực và cố gắng của tất cả chúng ta thì tôi mong rằng là tất cả mọi người đều góp phần vào việc là phá vỡ định kiến về giới.
train	17535	13.50	pseudo_label	những cái kết quả mà chị đã đạt được và chị đã ghi nhận được đến thời điểm ngày hôm nay là những là như thế nào và cái mong muốn của chị có thể tiếp theo trong tương lai nó sẽ là những kết quả gì thầy nhờ những cái nỗ lực mà mà như mình vừa kể	những kết quả mà chị đã đạt được và chị đã ghi nhận được tới đến thời điểm ngày hôm nay là những lời như thế nào và cái mong muốn của chị có thể tiếp theo trong tương lai nó sẽ là những kết quả gì thầy nhờ những nỗ lực mà mà như mình vừa kể	những cái kết quả mà chị đã đạt được và chị đã ghi nhận được đến thời điểm ngày hôm nay là những là như thế nào và cái mong muốn của chị có thể tiếp theo trong tương lai đó sẽ là những kết quả gì thầy nhờ những cái nỗ lực mà mà như mình vừa kể	những kết quả mà chị đã đạt được và chị đã ghi nhận được tới đến thời điểm ngày hôm nay là những lời như thế nào và cái mong muốn của chị có thể tiếp theo trong tương lai nó sẽ là những kết quả gì thầy nhờ những nỗ lực mà mà như mình vừa kể.	Những cái kết quả mà chị đã đạt được, và chị đã ghi nhận được đến thời điểm ngày hôm nay là những là như thế nào? và cái mong muốn của chị có thể tiếp theo trong tương lai đó sẽ là những kết quả gì? Thầy nhờ những cái nỗ lực mà mà như mình vừa kể.
validation	1956	15.00	pseudo_label	kể cả trong công việc và trong gia đình thì cái việc phân chia công việc đó cũng không phải là anh phải làm việc a và tôi phải làm việc b mà nó đến tức là tự nhiên và mọi người đều làm dựa trên cái yêu thích của mình nữa ví dụ một bạn thì thích nấu ăn cơm bạn thì thích dọn dẹp nhà cửa	kể cả trong công việc và trong gia đình thì cái cái vị phân chia công việc đó cũng không phải là anh phải làm việc a và tôi phải làm việc bê mà nó đến đó là tự nhiên và mỗi người đều làm dựa trên cái yêu yêu thích của mình nữa ví dụ bạn lại thích nấu ăn cơ bội bạn thì thích dọn dẹp nhà cửa	kể cả trong công việc và trong gia đình thì cái cái việc phân chia công việc đó cũng không phải là anh phải làm việc a và tôi phải làm việc bê mà nó đến đó là tự nhiên và mọi người đều làm dựa trên cái yêu thích của mình nữa ví dụ một bạn thích nấu ăn cơ bạn thì thích dọn dẹp nhà cửa	kể cả trong công việc và trong gia đình thì cái cái vị phân chia công việc đó cũng không phải là anh phải làm việc a và tôi phải làm việc bê mà nó đến đó là tự nhiên và mỗi người đều làm dựa trên cái yêu yêu thích của mình nữa ví dụ bạn lại thích nấu ăn cơ bội bạn thì thích dọn dẹp nhà cửa.	Kể cả trong công việc và trong gia đình thì cái cái việc phân chia công việc đó cũng không phải là anh phải làm việc A và tôi phải làm việc Bê, mà nó đến đó là tự nhiên và mọi người đều làm dựa trên cái yêu thích của mình nữa, ví dụ một bạn thích nấu ăn cơ bạn thì thích dọn dẹp nhà cửa.
train	21292	13.80	pseudo_label	nó lại gần như chứa tất cả những cái gì mà mình say mê mình thích thú và đối với mình cái quyển sách bây giờ nó chỉ là là một cái người bạn mà mỗi lần mở một trang bất kỳ nào ra thì chỉ có thể	nó lại gần như chứa tất cả những cái gì mà mình mình mình mình say mê mình thích thú và bạn đối với mình cái quyển sách bây giờ nó chỉ là là một cái người bạn mà mỗi lần mở một trang bất kỳ nào ra thì thì có thể	nó lại gần như chứa tất cả những cái gì mà mình mình mình mình mình say mê mình thích thú và bạn đối với mình cái quyển sách bây giờ nó chỉ là là một cái người bạn mà mỗi lần mở một trang bất kỳ nào ra thì chỉ có thể à	nó lại gần như chứa tất cả những cái gì mà mình mình mình mình say mê mình thích thú và bạn đối với mình cái quyển sách bây giờ nó chỉ là là một cái người bạn mà mỗi lần mở một trang bất kỳ nào ra thì thì có thể.	Nó lại gần như chứa tất cả những cái gì mà mình mình mình mình mình say mê, mình thích thú và bạn đối với mình cái quyển sách bây giờ nó chỉ là là một cái người bạn mà mỗi lần mở một trang bất kỳ nào ra thì chỉ có thể à.
train	21315	12.60	pseudo_label	họ phải có trong đầu một cái thang đánh giá về chuyện cái thông tin nào là quan trọng xong rồi họ tóm tắt lại và người đọc tóm tắt đấy thì coi như là mình chỉ ghét được cái mà người đã tóm tắt họ đưa ra thôi	họ phải có trong đầu một cái thang đánh giá về chuyện cái thông tin nào là quan trọng trong lời họ tóm tắt lại và người đọc tóm tắt đấy thì coi như là mình chỉ ghét được cái mà người đã tóm tắt họ đưa ra thôi	họ phải có trong đầu một cái thang đánh giá về chuyện cái thông tin nào là quan trọng xong rồi họ tóm tắt lại và người đọc tóm tắt đấy thì coi như là mình chỉ ghép được cái mà người đã tóm tắt họ đưa ra thôi	họ phải có trong đầu một cái thang đánh giá về chuyện cái thông tin nào là quan trọng trong lời họ tóm tắt lại và người đọc tóm tắt đấy thì coi như là mình chỉ ghét được cái mà người đã tóm tắt họ đưa ra thôi.	Họ phải có trong đầu một cái thang đánh giá về chuyện cái thông tin nào là quan trọng xong rồi họ tóm tắt lại và người đọc tóm tắt đấy thì coi như là mình chỉ ghép được cái mà người đã tóm tắt họ đưa ra thôi.
train	21328	11.10	pseudo_label	sáu mươi phần trăm dna giống hệt với con người tức là sáu mươi phần trăm dna của con người là chuối chứ không phải là bảy mươi phần trăm là nước các thứ này nọ đấy thì mình thấy là đôi khi	sáu mươi phần trăm đi en ây giống hệt với con người tức là sáu mươi phần trăm đi en ây của con người là chuối chứ không phải là bảy mươi phần trăm là nước các thứ này đó à đấy thì mình thấy là đôi khi	sáu mươi phần trăm dnây giống hệ với con người tức là sáu mươi phần trămna của việt của con người là chuối chứ không phải là bảy mươi phần trăm là nước các thứ hai nọ đấy thì mình thấy là đôi khi	sáu mươi phần trăm đi en ây giống hệt với con người tức là sáu mươi phần trăm đi en ây của con người là chuối chứ không phải là bảy mươi phần trăm là nước các thứ này đó à đấy thì mình thấy là đôi khi.	Sáu mươi phần trăm dnây giống hệ với con người tức là sáu mươi phần trămna của Việt của con người là chuối chứ không phải là bảy mươi phần trăm là nước các thứ hai nọ đấy thì mình thấy là đôi khi.
train	21338	11.40	pseudo_label	bởi vì cái điều kiện ấy một người nói với mình là hãy làm sách đi hay là mình tự nói với mình hãy có một cái gì tác động nào bên ngoài chúng ta không bao giờ biết được	bởi vì cái điều kiện ấy một người nói với mình là hãy làm sách đi hay là mình tự nói với mình hãy có một cái gì tác động nào bên ngoài chúng ta không bao giờ biết được	bởi vì cái điều kiện ấy một người nói với mình là hãy làm sách đi hay là mình tự nói với mình ãy có một cái gì tác động nào bên ngoài chúng ta không bao giờ biết được	bởi vì cái điều kiện ấy một người nói với mình là hãy làm sách đi hay là mình tự nói với mình hãy có một cái gì tác động nào bên ngoài chúng ta không bao giờ biết được.	Bởi vì cái điều kiện ấy, một người nói với mình là hãy làm sách đi, hay là mình tự nói với mình,ãy có một cái gì tác động nào bên ngoài chúng ta không bao giờ biết được.
train	21361	11.40	pseudo_label	chúng ta không thể cưỡng cầu được rằng là mọi thứ đã được sinh ra cái nào khớp với nhau thì khớp với nhau mà cái nào nó đã đẩy nhau thì nó đẩy nhau nó tự có quy luật của nó chúng ta	chúng ta không thể cưỡng cầu được rằng là mọi thứ đã được sinh ra cái nào khớp với nhau thì khớp với nhau mà cái nào nó đã đẩy nhau thì nó đẩy nhau nó nó tự có quy luật của nó chúng ta	chúng ta không thể cưỡng cầu được rằng là mọi thứ đã được sinh ra cái nào khớp với nhau thì khớp với nhau mà cái nào nó đã đẩy nhau thì nó đẩy nhau nó nó tự có quy luật của nó chúng ta	chúng ta không thể cưỡng cầu được rằng là mọi thứ đã được sinh ra cái nào khớp với nhau thì khớp với nhau mà cái nào nó đã đẩy nhau thì nó đẩy nhau nó nó tự có quy luật của nó chúng ta.	Chúng ta không thể cưỡng cầu được rằng là mọi thứ đã được sinh ra cái nào khớp với nhau thì khớp với nhau, mà cái nào nó đã đẩy nhau thì nó đẩy nhau, nó nó tự có quy luật của nó chúng ta.
train	21386	12.60	pseudo_label	một trong những cái ước mơ từ thời trẻ của mình mà bây giờ vẫn có đấy là làm thế nào để chúng ta sống ở mỗi nơi một chút và chúng ta có thể quan sát cái đời sống ở đấy nếm nó một chút xong đấy lại đi chỗ khác chúng ta cứ	một trong những cái ước mơ từ thời trẻ của mình mà bây giờ vẫn có đấy là làm thế nào để chúng ta sống ở mỗi nơi một chút và chúng ta có thể quan sát cái đời sống ở đấy nếm nó một chút xong lại lại đi chỗ khác chúng ta cứ	một trong những cái ước mơ từ thời trẻ của mình mà bây giờ vẫn có đấy là làm thế nào để chúng ta sống ở mỗi nơi một chút và chúng ta có thể quan sát cái đời sống ở đấy nếm nó một chút x xong đấy lại đi chỗ khác chúng ta cứ	một trong những cái ước mơ từ thời trẻ của mình mà bây giờ vẫn có đấy là làm thế nào để chúng ta sống ở mỗi nơi một chút và chúng ta có thể quan sát cái đời sống ở đấy nếm nó một chút xong lại lại đi chỗ khác chúng ta cứ.	Một trong những cái ước mơ từ thời trẻ của mình mà bây giờ vẫn có đấy là làm thế nào để chúng ta sống ở mỗi nơi một chút, và chúng ta có thể quan sát cái đời sống ở đấy nếm nó một chút. X xong đấy lại đi chỗ khác. chúng ta cứ.
train	21390	10.20	pseudo_label	nên là cảm ơn chị hôm nay đã đến với trà cúc miên man cảm ơn chị ờ cảm ơn tất cả mọi người đã theo dõi cuộc trò chuyện của chúng tôi	nên là cám ơn chí hôm nay đã đến với a trà cúc miên man cám ơn chị minh ừ à cám ơn tất cả mọi người đã theo dõi cuộc trò chuyện của chúng tôi	nên là cảm ơn chị hôm nay đã đến với trà cúc miên man cảm ơn cảm ơn tất cả mọi người đã theo dõi cuộc trò chuyện của chúng tôi	nên là cám ơn chí hôm nay đã đến với a trà cúc miên man cám ơn chị minh ừ à cám ơn tất cả mọi người đã theo dõi cuộc trò chuyện của chúng tôi.	Nên là cảm ơn chị hôm nay đã đến với Trà Cúc Miên Man, cảm ơn cảm ơn tất cả mọi người đã theo dõi cuộc trò chuyện của chúng tôi.
train	21850	13.30	pseudo_label	mà mix của rất nhiều yếu tố chứ nó không chỉ đơn thuần chỉ là yếu tố cảm xúc hay yếu tố thu hút mình hoàn toàn có thể khởi phát cái tâm yêu thương đó với mọi người nhưng đồng thời mình cũng từng tước đi cái quyền cái cơ hội	mà mích của rất nhiều yếu tố chứ nó không chỉ đơn thuần chỉ là yếu tố cảm xúc và yếu tố thu hút mình hoàn toàn có thể khởi phát cái tâm yêu thương đó với mọi người nhưng đồng thời mình cũng từng tước đi cái quyền cái cơ hội	mài của rất nhiều yếu tố chứ nó không chỉ đơn thuần chỉ là yếu tố cảm xúc hay yếu tố thu hút mình hoàn toàn có thể khởi phát cái tâm yêu thương đó với mọi người nhưng đồng thời mình cũng từng tước đi cái quyền cái cơ hội	mà mích của rất nhiều yếu tố chứ nó không chỉ đơn thuần chỉ là yếu tố cảm xúc và yếu tố thu hút mình hoàn toàn có thể khởi phát cái tâm yêu thương đó với mọi người nhưng đồng thời mình cũng từng tước đi cái quyền cái cơ hội.	Mài của rất nhiều yếu tố chứ nó không chỉ đơn thuần chỉ là yếu tố cảm xúc hay yếu tố thu hút, mình hoàn toàn có thể khởi phát cái tâm yêu thương đó với mọi người, nhưng đồng thời mình cũng từng tước đi cái quyền, cái cơ hội.
train	21873	12.50	pseudo_label	kết hợp với lại những cái trải nghiệm mà cơ thể mình được khoan khoái thoải mái khi mà mình được ăn được chăm sóc được vỗ về được âu yếm rồi các thứ lúc nhỏ thì nó mới	kết hợp với lại những cái trải nghiệm mà cơ thể mình được khoan khoái thoải mái khi mà mình được ăn được chăm sóc được vỗ về được âu yếm rồi các thứ lúc nhỏ thì nó mới	kết hợp với lại những cái trải nghiệm mà cơ thể mình được khoan khoái thoải mái khi mà mình được ăn được chăm sóc được vỗ về được âu yếm và các thứ lúc nhỏ thì nó mới	kết hợp với lại những cái trải nghiệm mà cơ thể mình được khoan khoái thoải mái khi mà mình được ăn được chăm sóc được vỗ về được âu yếm rồi các thứ lúc nhỏ thì nó mới.	Kết hợp với lại những cái trải nghiệm mà cơ thể mình được khoan khoái, thoải mái khi mà mình được ăn, được chăm sóc, được vỗ về, được âu yếm và các thứ lúc nhỏ thì nó mới.
train	21885	13.20	pseudo_label	ôm ấp họ đúng không nếu mình tình cảm với họ thì nó sẽ như thế nào nó có mối liên hệ không chị minh vừa mới chạm tới một cái chủ đề của một cái nhánh tâm lý học khác nó gọi là ivlusine pyclocy tâm lý học tiến hóa	ôm ấp họ đúng không nếu mình tình cảm với họ thì nó sẽ như thế nào và có mối dưới liên hệ không chị minh vừa mới chạm tới một cái chủ đề của một cái nhánh tâm lý học khác nó gọi là tâm lý học tiến hóa	ô ấp họ đúng không nếu mình tình cảm với họ thì nó sẽ như thế nào và có mối giới liên hệ không chị minh vừa mới chạm tới một cái chủ đề của một cái nhánh tâm lý học khác nó gọi là vô lu sinha ri sài cô rô si tâm lý học tiến hóa	ôm ấp họ đúng không nếu mình tình cảm với họ thì nó sẽ như thế nào và có mối dưới liên hệ không chị minh vừa mới chạm tới một cái chủ đề của một cái nhánh tâm lý học khác nó gọi là tâm lý học tiến hóa.	Ô ấp họ đúng không? Nếu mình tình cảm với họ thì nó sẽ như thế nào và có mối giới liên hệ không? Chị Minh vừa mới chạm tới một cái chủ đề của một cái nhánh tâm lý học khác nó gọi là vô Lu sinha ri Sài cô rô si tâm lý học tiến hóa.
train	21900	14.00	pseudo_label	ờ ở đây thì em sẽ quay về một cái quan điểm của tâm lý học nhân bản và kể cả tâm lý học tích cực đó là con người chúng ta sẽ có một cái xu hướng tạm gọi là xu hướng hướng thử	ầm ở đây thì em sẽ quay về một cái cái quan điểm ờ của tâm lý học nhân bản và kể cả tâm lý học tích cực đó là con người chúng ta sẽ có một cái xu hướng tạm gọi là xu hướng hướng thưởng	ờ ở đây thì em sẽ quay về một cái cái quan điểm của tâm lý học nhân bản và kể cả tâm lý học tích cực đó là con người chúng ta sẽ có một cái xu hướng tạm gọi là xu hướng hướng thượng	ầm ở đây thì em sẽ quay về một cái cái quan điểm ờ của tâm lý học nhân bản và kể cả tâm lý học tích cực đó là con người chúng ta sẽ có một cái xu hướng tạm gọi là xu hướng hướng thưởng.	Ờ ở đây thì em sẽ quay về một cái cái quan điểm của tâm lý học nhân bản, và kể cả tâm lý học tích cực đó là con người chúng ta sẽ có một cái xu hướng, tạm gọi là xu hướng hướng thượng.
train	21922	14.20	pseudo_label	ví dụ như nói về cái một cái mô hình gọi là selform pashi của một cái nhà tâm lý học đi đầu trong cái hướng này đó là christen nefe thì bà ấy cho rằng là để chúng ta có cái lòng tự trắc ẩn mà hướng trắc ẩn mà hướng về phía mình á	thí dụ như nói về cái một cái mô hình gọi là sét phòng phát sinh của một cái nhà tâm lý học đi đầu trong cái cái cái hướng này đó là chris serns đi thì bà ấy cho rằng là để chúng ta có cái lòng tự trắc ẩn mà hướng trắc ẩn mà hướng về phía mình á	ví dụ như nói về cái một cái mô hình gọi là se còngát sinh của một cái nhà tâm lý học đi đầu trong cái cái cái hướng này đó là rít từ nép đi thì bà ấy cho rằng là để chúng ta có cái lòng tự trắc ẩn mà hướng tắc ẩn mà hướng về phía mình á	thí dụ như nói về cái một cái mô hình gọi là sét phòng phát sinh của một cái nhà tâm lý học đi đầu trong cái cái cái hướng này đó là chris serns đi thì bà ấy cho rằng là để chúng ta có cái lòng tự trắc ẩn mà hướng trắc ẩn mà hướng về phía mình á.	Ví dụ như nói về cái một cái mô hình gọi là se còngát sinh của một cái nhà tâm lý học đi đầu trong cái cái cái hướng này, đó là rít từ nép đi thì bà ấy cho rằng là để chúng ta có cái lòng tự trắc ẩn mà hướng tắc ẩn mà hướng về phía mình á.
train	21925	14.20	pseudo_label	chú tâm để mình biết được toàn bộ các cái diễn biến xung quanh ví dụ em thấy con rùi nó đang bay bay hay tất cả các thứ gì đó và đôi khi là mình có một cái phản xạ tự nhiên là mình muốn quơ hay là mình muốn đập hay là mình muốn đuổi nó đi gì đó thì cái đó là mình thấy mình thấy tất cả các diễn biến thân tâm của mình	ờ chú tâm để mình biết được toàn bộ các diễn biến xung quanh ví dụ như em thấy con ruồi nó ăn bay bay bay tất cả các thứ gì đó đôi khi mình có một phản xạ tự nhiên mình muốn quê hay mình muốn đập hay mình muốn đuổi nó đi vậy đó thì cái đó mình thấy mình thấy tất cả các diễn biến thân tâm của mình	ch chú tâm để mình biết được toàn bộ các cái diễn biến xung quanh í dụ em thấy con ruồi nó đang bay bay bay hay tất cả các thứ gì đó và đôi khi là mình có một cái phản xạ tự nhiên là mình muốn quơ hay là mình muốn đập hay là mình muốn đuổi nó đi gì đó thì cái đó là mình thấy mình thấy tất cả các diễn biến thân tâm của mình	ờ chú tâm để mình biết được toàn bộ các diễn biến xung quanh ví dụ như em thấy con ruồi nó ăn bay bay bay tất cả các thứ gì đó đôi khi mình có một phản xạ tự nhiên mình muốn quê hay mình muốn đập hay mình muốn đuổi nó đi vậy đó thì cái đó mình thấy mình thấy tất cả các diễn biến thân tâm của mình.	Ch chú tâm để mình biết được toàn bộ các cái diễn biến xung quanh,í dụ em thấy con ruồi nó đang bay bay bay hay tất cả các thứ gì đó, và đôi khi là mình có một cái phản xạ tự nhiên là mình muốn quơ, hay là mình muốn đập hay là mình muốn đuổi nó đi gì đó, thì cái đó là mình thấy mình thấy tất cả các diễn biến thân tâm của mình.
train	21926	13.40	pseudo_label	và mình đáp ứng nó một cách thật sự là tử tế thì em nghĩ là với cái mô hình đó chúng ta hoàn toàn có thể cho chính mình cái cái appression và mình thích thì bây giờ mình có thể làm một cái bài tập trong cái trường phái tham vấn	và mình đáp ứng nó một cách thực sự là tử tế thì em nghĩ là với cái mô hình đó chúng ta hoàn toàn sẽ cho chính mình cái cái ập phát sển và mình thích thì bây giờ mình có thể làm một cái bài tập trong cái trường phải tham vấn	và mình đáp ứng nó một cách thật sự là tử tế thì em nghĩ là với cái mô hình đó chúng ta hoàn toàn thể cho chính mình cái cái cái ập ph phát sừ và mình thích thì bây giờ mình có thể làm một cái bài tập trong cái trường phái tham vấn	và mình đáp ứng nó một cách thực sự là tử tế thì em nghĩ là với cái mô hình đó chúng ta hoàn toàn sẽ cho chính mình cái cái ập phát sển và mình thích thì bây giờ mình có thể làm một cái bài tập trong cái trường phải tham vấn.	Và mình đáp ứng nó một cách thật sự là tử tế thì em nghĩ là với cái mô hình đó chúng ta hoàn toàn thể cho chính mình cái cái cái ập ph phát sừ, và mình thích thì bây giờ mình có thể làm một cái bài tập trong cái trường phái tham vấn.
train	22388	15.00	pseudo_label	một nhân vật rất là xuất sắc mà có thể đóng được rất là nhiều loại vai có thể nói là ông ba vân đã ảnh hưởng rất là lớn đến sự nghiệp của cô bởi vì con nhớ là sau cái vở đó cô và ông ba vân có thu rất là nhiều những cái dĩa và một cái dĩa	một mà nhân vật rất là xuất sắc mà có thể đóng được rất nhiều loại vai có thể nói là ông ba vân đã ảnh hưởng rất là lớn đến sự nghiệp của cô bởi vì con nhớ là sau cái vở đó cô và ông ba vân có thu rất là nhiều những cái dĩa mà một cái dĩa mà	một nhân vật rất là xuất sắc mà có thể đóng được rất là nhiều loại vai có thể nói là ông ba vân đã ảnh hưởng rất là lớn đến sự nghiệp của cô bởi vì con nhớ là sau cái vở ở đó cô và ông ba vân có thu rất là nhiều những cái đ dĩa mà một cái dĩa mà	một mà nhân vật rất là xuất sắc mà có thể đóng được rất nhiều loại vai có thể nói là ông ba vân đã ảnh hưởng rất là lớn đến sự nghiệp của cô bởi vì con nhớ là sau cái vở đó cô và ông ba vân có thu rất là nhiều những cái dĩa mà một cái dĩa mà.	Một nhân vật rất là xuất sắc mà có thể đóng được rất là nhiều loại vai. Có thể nói là ông Ba Vân đã ảnh hưởng rất là lớn đến sự nghiệp của cô, bởi vì con nhớ là sau cái vở ở đó cô và ông Ba Vân có thu rất là nhiều những cái đ dĩa mà một cái dĩa mà.
train	22390	14.70	pseudo_label	có duyên nhất là cái câu ông sáng tạo tác giả thì không có viết nha ổng sáng tạo khi đưa bài lên thâu đĩa nè thằng nhỏ chạy á bớ người ta bắt nó lại nó móc túi quá hay cái người sống	có duyên nhất là cái cậu cũng sáng tạo tác giả thì không có viết nghe ông sáng tạo khi đưa bài lên thôn lĩa này hàng nhỏ trả lời bớ người ta bắt nó lại nó móc túi ha ha hả hà hà cái người đó sống	có d duy nhất là cái cậu ổng sáng tạo tác giả thì không có giết nha ổng sáng tạo khi đưa bài lên theo đĩa nè thằng nhỏ chạy á bớt người ta bắt nó lại nó móc túi quá cái người hả sống	có duyên nhất là cái cậu cũng sáng tạo tác giả thì không có viết nghe ông sáng tạo khi đưa bài lên thôn lĩa này hàng nhỏ trả lời bớ người ta bắt nó lại nó móc túi ha ha hả hà hà cái người đó sống.	Có d duy nhất là cái cậu ổng sáng tạo, tác giả thì không có giết nha. ổng sáng tạo khi đưa bài lên theo đĩa nè, thằng nhỏ chạy á bớt người ta bắt nó lại nó móc túi quá cái người hả sống.
train	22409	14.10	pseudo_label	cô phải hát ra một cái một cô gái ở quê lên thị thành thì bị một anh chàng đếm đàn anh dụ dỗ ảnh tước mất trinh tiết xong rồi ảnh đẩy ra đường sau này cổ vinh gian lại là cổ bắt đầu tìm anh chàng này cổ trả thù	cô phải hát ra một cái một cô gái ở quê lên thị thành thì bị một anh chàng đánh đàn ánh điệu võ anh tước mất trinh tiết xong anh đẩy ra đường sau này của vinh giang lại là cổ bắt đầu có tìm con chàng này của trà thùng	cô phải hát gai một cái một cô gái ở quê lên thị thành tại bị anh chàng đú đàn á ảnh dụ dỗ ảnhước mắtinh tiết xong rồi ảnh đẩy ra đường sau này củainh giang lại là cổ bắt đầu có tìm anh chàng nàyỗ trả thù	cô phải hát ra một cái một cô gái ở quê lên thị thành thì bị một anh chàng đánh đàn ánh điệu võ anh tước mất trinh tiết xong anh đẩy ra đường sau này của vinh giang lại là cổ bắt đầu có tìm con chàng này của trà thùng.	Cô phải hát gai một cái một cô gái ở quê lên thị Thành tại bị anh chàng đú đàn á, ảnh dụ dỗ ảnhước mắtinh tiết xong rồi ảnh đẩy ra đường. sau này củainh Giang lại là cổ bắt đầu có tìm anh chàng nàyỗ trả thù.
train	22416	11.20	pseudo_label	nó từng bước nó thay đổi mãi nó đi từ bước này nó lăn qua tới bước khác vì cái người mà bị cô chỉ vào mặt á là một cái anh ma cô	nó từng bước nó thay đổi mãi nó đi từ bước này nó lăn qua tới bước khác lăn lănănănăn vì cái người mà bị cô chỉ vào mặt á là một cái anh ma cô dạ	nó từng bước nó thay đổi mãi nó đi từ bước này nó lăn qua tới mức khác vì cái người mà bị cô chỉ vào mặt á là một cái anh ma cô	nó từng bước nó thay đổi mãi nó đi từ bước này nó lăn qua tới bước khác lăn lănănănăn vì cái người mà bị cô chỉ vào mặt á là một cái anh ma cô dạ.	Nó từng bước nó thay đổi mãi, nó đi từ bước này, nó lăn qua tới mức khác vì cái người mà bị cô chỉ vào mặt á là một cái anh ma cô.
train	22444	13.80	pseudo_label	nó là sân khấu nó phải sân khấu nó thì nó mới đặt lên luôn em đem nó quay hình cô lấy ví dụ như em nói ví dụ như anh lâm sang cũng tạ tốn còn đồ long đao á	nó là sân khấu nó phải sân khấu nếu thì nó mới đạt chuẩn luôn em đem nó mới ghi hình cô lấy ví dụ như em nói ví dụ như anh thanh sang đúng tạ tốn tầm đồ đâm đau		nó là sân khấu nó phải sân khấu nếu thì nó mới đạt chuẩn luôn em đem nó mới ghi hình cô lấy ví dụ như em nói ví dụ như anh thanh sang đúng tạ tốn tầm đồ đâm đau.	 ⁇ 
train	22465	14.80	pseudo_label	đồ của popo thì bây giờ nó thật ra nhiều lắm nhiều người biết lắm đây bà già bây giờ không còn được đội những cái đồ đẹp này nữa để ta làm thì bây giờ ta làm cho diễn viên trẻ nó xài đây là một cái anh chàng con trai nữa	đồ của bo bo thì bây giờ nó thật ra nhiều lắm nhiều người biết lắm đây bà gà bây giờ không còn được đổi những cái đồ đẹp này nữa để ta làm thì bây giờ ta làm cho diễn viên trẻ nó sai đây là một cái anh chàng con trai nhé	đồ của bô bo thì bây giờ nó thật ra nhiều lắm nhiều người biết lắm đây bà gà bây giờ không còn được đội những cái đồ đẹp này nữa để ta làm thì bây giờ ta làm cho diễn viên trẻ nó xài đây là một cái anh chàng con traié	đồ của bo bo thì bây giờ nó thật ra nhiều lắm nhiều người biết lắm đây bà gà bây giờ không còn được đổi những cái đồ đẹp này nữa để ta làm thì bây giờ ta làm cho diễn viên trẻ nó sai đây là một cái anh chàng con trai nhé.	Đồ của bô bo thì bây giờ nó thật ra nhiều lắm, nhiều người biết lắm đây bà gà bây giờ không còn được đội những cái đồ đẹp này nữa, để ta làm thì bây giờ ta làm cho diễn viên trẻ nó xài. Đây là một cái anh chàng con traié.
train	22483	13.30	pseudo_label	anh cái nghề của anh anh kinh doanh này kia anh đối tác này kia mà anh đương đầu với họ đâu có dễ đâu có dễ còn bà hả sướng tay lắm bà ở nhà bà phê phê bà thức thì bà làm	anh cái nghề của anh kinh doanh này kia anh đối tác này kia mà anh đương đầu với họ đâu có dễ đâu có dễ còn bà hả sững tài lắm bà ở nhà bà phê phê bà thích thì bà làm	anh cứ nghề của anh anh kinh doanh này kia anh đối tác này kia mà anh đương đầu với họ đâu có dễ đâu có dễ còn bà hả sướng t tay lắm bà ở nhà bà phê phê bà thích thì bà làm	anh cái nghề của anh kinh doanh này kia anh đối tác này kia mà anh đương đầu với họ đâu có dễ đâu có dễ còn bà hả sững tài lắm bà ở nhà bà phê phê bà thích thì bà làm.	Anh cứ nghề của anh, anh kinh doanh này kia, anh đối tác này kia mà anh đương đầu với họ đâu có dễ, đâu có dễ, còn bà hả sướng t tay lắm bà ở nhà bà phê phê bà thích thì bà làm.
train	2129	11.90	pseudo_label	tức là cái đấy sau khi mà em làm ba d một thời gian dài á em muốn chuyển qua làm clip reactor thì em có thấy là cái công việc ba d ở việt nam nó có một cái	sau khi mà em làm ba đê một thời gian dài á em muốn chuyển qua làm trẻ yêu trẻ ra tời thì em có thấy là cái cái công việc ba đê ở việt nam nó có một cái		sau khi mà em làm ba đê một thời gian dài á em muốn chuyển qua làm trẻ yêu trẻ ra tời thì em có thấy là cái cái công việc ba đê ở việt nam nó có một cái.	 ⁇ 
train	26277	11.80	pseudo_label	xin chào mọi người chào mừng mọi người đến một tập khác của med hôm nay khách mời của chúng ta là thảo đan thảo đan là một video adis và credit breatter đang ở việt nam thực ra tung biết tới thảo đan gần đây qua dự án music video của suboy	xin chào mọi người chào mừng mọi người đến một tập khác của em e đi hôm nay khách mời chúng ta là thảo đan thảo đan là một vi dao a đít và cây tơ rét tơ ở đan về việt nam thực ra cũng biết tới thảo đan gần đây qua dự án âm nhuếc vi đi ô của xu bôi		xin chào mọi người chào mừng mọi người đến một tập khác của em e đi hôm nay khách mời chúng ta là thảo đan thảo đan là một vi dao a đít và cây tơ rét tơ ở đan về việt nam thực ra cũng biết tới thảo đan gần đây qua dự án âm nhuếc vi đi ô của xu bôi.	 ⁇ 
train	26299	15.00	pseudo_label	thì em muốn làm những thứ mà có ý nghĩa với bản thân mình hơn thì đối với em thì những paul jack mà em sẽ làm được ở việt nam thì nó có ý nghĩa cho em hơn lúc mà làm ở các công ty như trước rồi ở mỹ thì thực ra là làm thì giúp em traping rất hay nhưng mà	thì em muốn làm những thứ mà có ý nghĩa với bản thân mình hơn thì đối với em thì những pha chết mà em sẽ làm được được việt nam thì nó có ý nghĩa cho em hơn lúc mà làm ở các công ty như trước rồi ở mỹ thực ra là làm thì rất xúc tinh rất hay nhưng mà	thì em muốn là những thứ mà có ý nghĩa với bản thân mình hơn thì đối với em thì như po chết mà em sẽ làm ở việc việt nam thì nó có ý nghĩa cho em hơn lúc mà làm ở các công ty như như trước rồi ở mỹ thì thực ra là làm thì rất em trít tinh rất hay nhưng mà	thì em muốn làm những thứ mà có ý nghĩa với bản thân mình hơn thì đối với em thì những pha chết mà em sẽ làm được được việt nam thì nó có ý nghĩa cho em hơn lúc mà làm ở các công ty như trước rồi ở mỹ thực ra là làm thì rất xúc tinh rất hay nhưng mà.	Thì em muốn là những thứ mà có ý nghĩa với bản thân mình hơn, thì đối với em thì như Po chết mà em sẽ làm ở việc Việt Nam thì nó có ý nghĩa cho em hơn. lúc mà làm ở các công ty như như trước rồi ở Mỹ thì thực ra là làm thì rất em trít tinh rất hay, nhưng mà
train	26300	14.80	pseudo_label	bác sĩ ở mỹ thì bảo là nó là gon thôi vì thực ra nó không phải là mắt mà nó là một cái phần của brand của em bị diamode nên là nó làm cho không nhìn tức là em không nhìn thấy trong festival mà nó không express	bác sĩ hồ nếch thì bảo là nó là gong thôi vì thực ra nó không phải là mắt mà nó là một cái phần của rên của em bị đơ mớt nên là nó nó làm cho không nhìn tức là em không nhìn thấy trong truyền sách trần của em mà nó không xây dựng	bác sĩ ở mỹ thì bảo là nó là gon thôi vì thời gian nó không phải là mắt mà nó là một cái phần củaờ rêm của em bị đam mết nên là nó nó làm cho không nhìn tức là em không nhìn thấy trong phờ tế x trường quay mà nó không ế sít	bác sĩ hồ nếch thì bảo là nó là gong thôi vì thực ra nó không phải là mắt mà nó là một cái phần của rên của em bị đơ mớt nên là nó nó làm cho không nhìn tức là em không nhìn thấy trong truyền sách trần của em mà nó không xây dựng.	Bác sĩ ở Mỹ thì bảo là nó là gon thôi, vì thời gian nó không phải là mắt, mà nó là một cái phần củaờ rêm của em bị đam mết nên là nó nó làm cho không nhìn, tức là em không nhìn thấy trong phờ tế x trường quay mà nó không ế sít.
train	26312	13.80	pseudo_label	rất là to và nó dễ hơn là nếu mà em đi kiểu em không biết forbes hoặc là từ cái ngày em từ new york về thì em đã làm những dự án nào ngày đầu tiên em về việt nam ngày hôm đó	rất là to và nó dễ hơn là nếu mà em đi kéo em không biết pho ri đa gạch ai vào máy tính lệnh rồi cái ngày em từ new york về thì em đã làm những dự án nào ngày đầu tiên em về việt nam ngày hôm đó	rất là to và nó dễ hơn là nếu mà em đi kéo em không biết phói đaừ cái ngày em từ nióc về thì em đã làm những dự án nào ngày đầu tiên em về việt nam ngày hôm đó	rất là to và nó dễ hơn là nếu mà em đi kéo em không biết pho ri đa gạch ai vào máy tính lệnh rồi cái ngày em từ new york về thì em đã làm những dự án nào ngày đầu tiên em về việt nam ngày hôm đó.	Rất là to và nó dễ hơn là nếu mà em đi kéo em không biết phói đaừ cái ngày em từ Nióc về thì em đã làm những dự án nào. Ngày đầu tiên em về Việt Nam, ngày hôm đó.
train	26344	12.70	pseudo_label	à là ba triệu à hai bà trưng s là một trong id justin nhất tại vì thực ra là những thứ họ nói bà triệu hai bà trưng em cứ ngồi ip và tạm thời là hai bà trưng	ờ là bà triệu à hai bà trưng sai là một trong những ai đi xuyên chết tốt nhất tại vì thứ ra là những thứ họ nói bà triệu hai bà trưng em nhìn tập sâu mười ngày cướp quan trẻ chưa về kinh phía dạ bật đạn thợ là hai bà trưng		ờ là bà triệu à hai bà trưng sai là một trong những ai đi xuyên chết tốt nhất tại vì thứ ra là những thứ họ nói bà triệu hai bà trưng em nhìn tập sâu mười ngày cướp quan trẻ chưa về kinh phía dạ bật đạn thợ là hai bà trưng.	 ⁇ 
validation	2915	13.00	pseudo_label	cái tốt ở trang sca là tất cả thầy cô giáo đều vẫn đang part ong the field tức là họ không phải là những người mà nghỉ hưu rồi rồi đi dạy mà là họ vẫn đang làm trong nghề nên là thật ra cái connection mà biết ở new york nó tức	cái tốt của trắng s vi ây là tất cả thầy cô giáo đều vẫn đang phơi động về phía tức là họ không phải là những người mà nghỉ hưu rồi rồi đi dạy mà là họ vẫn đang làm trong nghề nên là thử ra cái kần nếch sừn mà biến đổi ở niu doóc nói tất	cái tốt ở trắng ét vây là tất cả thầy cô giáo đều vẫn đang pát đồng và phiêu tức là họ không phải là những người mà nghỉ hưu rồi rồi đi dạy mà là họ làm vẫn đang làm trong nghề nên là thực ra cái căn nếừn mà biết ở niu doóc nó tức	cái tốt của trắng s vi ây là tất cả thầy cô giáo đều vẫn đang phơi động về phía tức là họ không phải là những người mà nghỉ hưu rồi rồi đi dạy mà là họ vẫn đang làm trong nghề nên là thử ra cái kần nếch sừn mà biến đổi ở niu doóc nói tất.	Cái tốt ở trắng ét Vây là tất cả thầy cô giáo đều vẫn đang pát đồng và phiêu, tức là họ không phải là những người mà nghỉ hưu rồi rồi đi dạy, mà là họ làm vẫn đang làm trong nghề, nên là thực ra cái căn nếừn mà biết ở Niu Doóc nó tức.
train	31695	11.80	pseudo_label	không quan trọng lắm nhưng mà kỹ thuật số thì nó tiện hơn video nhiều view hơn hay là nhiều subscribe như subscriber làm nhà phê bình hay là làm phim làm phim chủ động hay là bị động	không quan trọng lắm nhưng mà kỹ thuật số thì nó tiện hơn video nhiều view hơn hay là nhiều subscribe nhiều subscribe làm nhạc phê bình hay làm phim làm phim chủ động hay là bị động	không quan trọng lắm nhưng mà kỹ thuật số để nó tiện hơn video nhiều video hơn hay là nhiều subscriber nhiều subsribeber làm nhà phê bình hay là làm phim làm phim chủ động hay là bị động	không quan trọng lắm nhưng mà kỹ thuật số thì nó tiện hơn video nhiều view hơn hay là nhiều subscribe nhiều subscribe làm nhạc phê bình hay làm phim làm phim chủ động hay là bị động.	Không quan trọng lắm, nhưng mà kỹ thuật số để nó tiện hơn, video, nhiều video hơn hay là nhiều subscriber, nhiều subsribeber làm nhà phê bình hay là làm phim làm phim chủ động hay là bị động.
train	31704	14.50	pseudo_label	anh chia tay người yêu sau anh tìm với người mới đúng không chắc chắn kiểu gì anh cũng sẽ phải sử dụng những áo văn cũ kiểu như là trong quá trình mình quen ấy rồi cũng sẽ phải đến những cái giai đoạn như kiểu là em ăn cơm trưa hay là em dạo này em hôm nay thế nào á	còn anh chia tay người yêu cho hình tìm người mới đúng không chắc chắn kiểu gì anh cũng sẽ phải sử dụng những áng văn cũ kiểu như là trong quá trình mình quen ý rồi cũng sẽ phải đến những giai đoạn như kiểu là em ăn cơm trưa hay là em dọn em hôm nay thế nào	con anh chia tay người yêu sau anh tìm với người mới đúng không chắc chắn kiểu gì ấy cũng sẽ phải sử dụng những cái án văn cũ kiểu như là trong quá trình mình quen hết rồi cũng sẽ phải đến những cái giai đoạn như kiểu là em ăn cơm trưa hay là em dạo em hôm nay thế nào á	còn anh chia tay người yêu cho hình tìm người mới đúng không chắc chắn kiểu gì anh cũng sẽ phải sử dụng những áng văn cũ kiểu như là trong quá trình mình quen ý rồi cũng sẽ phải đến những giai đoạn như kiểu là em ăn cơm trưa hay là em dọn em hôm nay thế nào.	Con anh chia tay người yêu sau anh tìm với người mới, đúng không, chắc chắn kiểu gì ấy cũng sẽ phải sử dụng những cái án văn cũ. kiểu như là trong quá trình mình quen hết rồi cũng sẽ phải đến những cái giai đoạn như kiểu là em ăn cơm trưa hay là em dạo em hôm nay thế nào á.
train	31708	13.00	pseudo_label	bây giờ nếu mà trong em nói là sang tập thứ hai luôn này có bao giờ nghĩ về chuyện bắt đầu bắt đầu như một buổi nhậu thật sự rồi chị ạ	bây giờ nếu mà cho mấy em nói là sang tập thứ hai luôn này có bao giờ nghĩ về chuyện bây giờ bắt đầu như một buổi nhậu thực sự rồi chị ạ	bây giờ nếu mà cho em nói là xong tập thứ hai luôn này có bao giờ nghĩ về chuyện bắt đầu bắt đầu như một buổi nhậu thực sự rồi chị ạ	bây giờ nếu mà cho mấy em nói là sang tập thứ hai luôn này có bao giờ nghĩ về chuyện bây giờ bắt đầu như một buổi nhậu thực sự rồi chị ạ.	Bây giờ, nếu mà cho em nói là xong tập thứ hai luôn này, có bao giờ nghĩ về chuyện? bắt đầu bắt đầu như một buổi nhậu thực sự rồi chị ạ.
train	31709	13.30	pseudo_label	có thế nó mới lạ em cũng hỏi đi anh cân hết tầm này rồi hai chai rồi bon lắm mồm bắt đầu bon rồi	có thế nó mới là át tơ òa ơ ờ ngơ ngác câu hỏi đi anh cân hết thập này là ai trai rồi bon lắm mùa bắt đầu bon rồi	có thế đâu mười lăm từ áo hờ ờ em hỏi đi anh cân hết tầm này là hai chai rồi bon lắm mồ bắt đầu bon	có thế nó mới là át tơ òa ơ ờ ngơ ngác câu hỏi đi anh cân hết thập này là ai trai rồi bon lắm mùa bắt đầu bon rồi.	Có thế đâu mười lăm từ áo hờ ờ em hỏi đi, anh cân hết, tầm này là hai chai rồi bon lắm, mồ bắt đầu bon.
train	31711	10.90	pseudo_label	huy my ơi bây giờ hả muốn lên đỉnh hả về lấy cái roi đánh test test vào mông một cái là lên đỉnh liền nhưng mà nó nhưng mà nếu như mà đối với lại huy my chuyện đó nó không phải	huy mê ơi bây giờ ở hả muốn lên đỉnh hả dễ lấy cái cái roi đánh tét tét vào mong một cái là lên đỉnh liền nhưng mà nó như mộc nếu như mà đối với lại huy mê chuyện đó nó hổng phải	huy m ơi bây giờ hả muốn lên đỉnh hả về lấy cái cái roi đánh tét tép vào mông một cái là lên đỉnhiền nhưng mà nó nhưng mà nếu như mà đối với lại him m chuyện đó nó không phải	huy mê ơi bây giờ ở hả muốn lên đỉnh hả dễ lấy cái cái roi đánh tét tét vào mong một cái là lên đỉnh liền nhưng mà nó như mộc nếu như mà đối với lại huy mê chuyện đó nó hổng phải.	Huy m ơi, bây giờ hả muốn lên đỉnh hả? về lấy cái cái roi đánh tét tép vào mông một cái là lên đỉnhiền, nhưng mà nó nhưng mà nếu như mà đối với lại Him m chuyện đó nó không phải.
train	31716	14.50	pseudo_label	từng có suy nghĩ đấy nhưng mà thực ra khi mà nhìn mọi người làm ấy thì nhận ra là có những cái mình nên xem thì hay hơn nhưng mà bây giờ thử thì ok mọc lăng thôi cũng muốn thử một lần nhưng mà	từng có suy nghĩ đấy nhưng mà thực ra khi mà nhìn mọi người làm ấy thì mình nhận ra có những cái mình nên xem thay hơn nhìn cái lăng biển biển tử thì thì ok mộc lăng hói cũng muốn cũng muốn thử một lần nhưng mà	từng có suy nghĩ đấy nhưng mà thực ra khi mà nhìn mọi người làm ấy thì nhận ra là có những cái mình nên xem thì hay hơn đó nhưng mà cứ ạừ thì o kk mócẫn cũng muốn đấy qu thú cũng muốn th từ một lần nhưng mà	từng có suy nghĩ đấy nhưng mà thực ra khi mà nhìn mọi người làm ấy thì mình nhận ra có những cái mình nên xem thay hơn nhìn cái lăng biển biển tử thì thì ok mộc lăng hói cũng muốn cũng muốn thử một lần nhưng mà.	Từng có suy nghĩ đấy, nhưng mà thực ra khi mà nhìn mọi người làm ấy thì nhận ra là có những cái mình nên xem thì hay hơn đó nhưng mà cứ ạỪ thì o kk mócẫn, cũng muốn đấy, Qu thú cũng muốn th từ một lần, nhưng mà.
train	31720	13.60	pseudo_label	cũng muốn lắm nhưng mà chưa có dự định gì để chia sẻ huy có chia sẻ gì về dự định của huy cho nó có hay ai không chúc mừng nhà tài trợ chia	món lăm nhưng mà cũng chưa có dự định gì để chia sẻ hy vỹ có chia sẻ gì vì dự định của hy vỹ cho nó võ hoa không chúc mừng à nhà tài trợ chia chia chia chiu	muốn lắm nhưng mà chưa có dự định gì để chia sẻ huy có chia sẻ gì về dự định cử huy cho nó có hay hay không chúc mừng nhà thấy chợ chia chia chia	món lăm nhưng mà cũng chưa có dự định gì để chia sẻ hy vỹ có chia sẻ gì vì dự định của hy vỹ cho nó võ hoa không chúc mừng à nhà tài trợ chia chia chia chiu.	Muốn lắm, nhưng mà chưa có dự định gì để chia sẻ, Huy có chia sẻ gì về dự định cử Huy cho nó có hay hay không? Chúc mừng nhà thấy chợ chia chia chia.
train	36483	14.00	pseudo_label	chuyển đổi cho tặng giao dịch giữa hai người với nhau có rất nhiều người có một cái ác cảm nhất định với cái cụm từ nft và cái ngành nthy nói nói chung thì em thấy gần đây bên nước ngoài có vài cái dự án đó bắt đầu không có dùng chữ nft nữa	chuyển đổi cho tận giao dịch giữa hai người với nhau dạ có rất nhiều người có một cái ác cảm nhất định với cái cụm từ en ép thi và cái ngành en ép thi nói nói chung thì em thấy gần đây bên nước ngoài có vài dự án nó bắt đầu không có dùng một sự en ép thi nữa	chuyển đổi cho tặng giao dịch giữa hai người với nhau ạ có rất nhiều người có một cái ác cảm nhất định với cái cụm từ n ép và cái ngành nó nói chung thì em thấy gần đây bên nước ngoài có vài cái dự án đó bắt đầu không có dùng chữ n ép t nữa	chuyển đổi cho tận giao dịch giữa hai người với nhau dạ có rất nhiều người có một cái ác cảm nhất định với cái cụm từ en ép thi và cái ngành en ép thi nói nói chung thì em thấy gần đây bên nước ngoài có vài dự án nó bắt đầu không có dùng một sự en ép thi nữa.	Chuyển đổi cho tặng giao dịch giữa hai người với nhau.ạ có rất nhiều người có một cái ác cảm nhất định với cái cụm từ n ép và cái ngành  nó nói chung thì em thấy gần đây bên nước ngoài có vài cái dự án đó bắt đầu không có dùng chữ n ép t nữa.
train	36492	10.60	pseudo_label	em nghĩ mình đã mất một phần nửa người khán giả không thực ra nếu mà mình đi sâu thì nó kiểu nó siêu sâu luôn và nó đòi hỏi một cái thời gian tìm tòi rất là rất là clazi	em nghĩ mình đã mất một phần nữa người khác giả hông thực ra nếu mình đi sâu thì nó kiểu nó siêu sâu luôn và nó thòi hỏi một thời gian tìm tòi rất là rất là phê duy	em nghĩ mình đã mất một phần nửa người khán giả không thực ra nếu mà mình đi sâu thì nó kiểu nó siêu sâu luôn và nó đòi hỏi một cái thời gian tìm tòi rất là rất làay	em nghĩ mình đã mất một phần nữa người khác giả hông thực ra nếu mình đi sâu thì nó kiểu nó siêu sâu luôn và nó thòi hỏi một thời gian tìm tòi rất là rất là phê duy.	Em nghĩ mình đã mất một phần nửa người khán giả, không thực ra, nếu mà mình đi sâu thì nó kiểu nó siêu sâu luôn và nó đòi hỏi một cái thời gian tìm tòi rất là rất làay.
train	36498	14.70	pseudo_label	không ai tin là bạn đã uống cho được một trăm triệu bạn có thể là chụp tấm hình bạn đang cầm cái ly ok cũng có thể là làm mượn ly được bạn nói là tôi cầm cái bill tôi đã trả tiền cho cái đó ok vẫn có thể phát được nhưng nếu mà là	không ai tin là bạn đã uống chai rượu trăm triệu bạn có thể là chụp tấm hình bạn đang cầm cái ly ô kê cũng có thể là làm mượn ly được à bạn nói là tôi cầm cái biu tôi đã trả tiền cho cái đó ô kê vẫn có thể phát được nhưng nếu mà lợn	không ai tin là bạn đã uống chai được một trăm triệu bạn có thể là chụp tấm hình bạn đang cầm một cái ly ô kê cũng có thể là làm mượn ly được à bạn nói là tôi cầm cái bi tôi đã trả tiền cho cái đó ô kê vẫn có thể phát được nhưng nếu mà là	không ai tin là bạn đã uống chai rượu trăm triệu bạn có thể là chụp tấm hình bạn đang cầm cái ly ô kê cũng có thể là làm mượn ly được à bạn nói là tôi cầm cái biu tôi đã trả tiền cho cái đó ô kê vẫn có thể phát được nhưng nếu mà lợn.	Không ai tin là bạn đã uống chai được một trăm triệu, Bạn có thể là chụp tấm hình bạn đang cầm một cái ly  Ô kê cũng có thể là làm mượn ly được à Bạn nói là tôi cầm cái bi. tôi đã trả tiền cho cái đó  Ô kê vẫn có thể phát được, nhưng nếu mà là
train	36505	15.00	pseudo_label	công nghệ v a và thứ hai là cái công nghệ pr nó đang được đặt lên trên chạy trên cái nền tảng là blockchain và nâng cao một chút nữa là ví dụ ai có cái nft thì mới có thể đi vào được cái val gary hoặc v a concert đó để mà	con ngại vi a và thứ hai là cái con ngại vi a nó đang được đặt lên trên chạy trên cái nền tảng là lốc trên và nâng cao một chút nữa là ví dụ ai có cái en ép ti thì mới có thể đi vào được cái vi a ga la ri hoặc vi a con sợt đó để mà	công nghệ v a mà thứ hai là cái công nghệ vi a nó đang được đặt lên trên chạy trên cái nền tảng là bờ lóc trên và nâng cao một chút nữa là ví dụ ai có cái en ép ti thì mới có thể đi vào được cái a gaa ri hoặc vi a con sart đó để mà	con ngại vi a và thứ hai là cái con ngại vi a nó đang được đặt lên trên chạy trên cái nền tảng là lốc trên và nâng cao một chút nữa là ví dụ ai có cái en ép ti thì mới có thể đi vào được cái vi a ga la ri hoặc vi a con sợt đó để mà.	Công nghệ V a mà thứ hai là cái công nghệ vi a nó đang được đặt lên trên chạy trên cái nền tảng là bờ lóc trên, và nâng cao một chút nữa là ví dụ ai có cái en ép ti thì mới có thể đi vào được cái a gaa ri hoặc Vi a con sart đó để mà.
train	36515	10.10	pseudo_label	cái điều đầu tiên hết là cái cái user của nft việt nam thật ra không nhiều người việt nam chỉ thích là mua thấp bán cao thôi bán thấp vậy	cái điều đầu tiên hết là cái cái a nhiêu sờ của aướt ti việt nam thật ra không nhiều dạ ờ người việt nam chỉ thích là mua thấp vắng cao thôi mua cao vắng thấp dợ hả	cái điều đầu tiên hết là cái cáiu sờ của em ép ti việt nam thật ra không nhiều ờ người việt nam chỉ thích là mua thấp bán cao thôi âng cao bán thấpạ	cái điều đầu tiên hết là cái cái a nhiêu sờ của aướt ti việt nam thật ra không nhiều dạ ờ người việt nam chỉ thích là mua thấp vắng cao thôi mua cao vắng thấp dợ hả.	Cái điều đầu tiên hết là cái cáiu sờ của em ép ti Việt Nam thật ra không nhiều.Ờ người Việt Nam chỉ thích là mua thấp bán cao thôi,âng cao bán thấpạ.
train	36523	13.40	pseudo_label	thời gian đầu thì vì thật sự là dep ra một cái dự án về nfp pl và đặc biệt là mình tự dep trong cái giai đoạn sau này thì bắt đầu sục cốt	thời gian đầu á thì à vị thật sự là đáp ra một cái dự án về a neo tiểu lắp phom và đặc biệt là mình tự đáp trong cái giai đoạn sau này thì bắt đầu sụp cốt	những thời gian đầu thì vì thật sự là đép ra một cái dự án về ét tiờ lóc pho và đặc biệt là mình tự đép trong cái giai đoạn sau này thì bắt đầu sụ cốt	thời gian đầu á thì à vị thật sự là đáp ra một cái dự án về a neo tiểu lắp phom và đặc biệt là mình tự đáp trong cái giai đoạn sau này thì bắt đầu sụp cốt.	Những thời gian đầu thì vì thật sự là đép ra một cái dự án về  ét tiờ lóc pho, và đặc biệt là mình tự đép trong cái giai đoạn sau này thì bắt đầu sụ cốt.
train	36528	11.80	pseudo_label	sẵn anh nhấn anh nói web ba anh giải thích luôn web ba cho người nha ok mọi người thì vẫn hay nói là ở web ba web hai nó khác nhau như thế nào thì	sẵn anh nhấn anh nói goép ba đi anh vợ thích luôn goép ba cho người ở nhà mọi người thì vẫn hay nói là goép ba goép hai nó khác nhau như thế nào thì	sẵn anh nhắn anh nói quét ba đi anh giải thích luôn quét ba cho người nha ô kê à mọi người thì vẫn hay nói là ởwép ba wép hai nó khác nhau như thế nào thì	sẵn anh nhấn anh nói goép ba đi anh vợ thích luôn goép ba cho người ở nhà mọi người thì vẫn hay nói là goép ba goép hai nó khác nhau như thế nào thì.	Sẵn anh nhắn, anh nói quét ba đi, anh giải thích luôn quét ba cho người nha  Ô kê à mọi người thì vẫn hay nói là ởwép ba,wép hai nó khác nhau như thế nào thì
train	41286	12.40	pseudo_label	thường là umpi hút thuốc điều này những tấm hình dưới hai mươi tuổi dạ điều đó là trái trâu rồi có những điều đó từng hút thuốc uống bia rồi bây giờ sẽ là một chương tiếp theo cuộc đời của mọi người này	thường là ung thư thuốc để điều là những tấm hình dưới hai mươi tấu kí dạ điều đã từng là điều chay trâu đều có những đều đã từng hút thuốc bún bia rồi bây giờ sẽ là một chương tiếp theo cuộc đời mọi người này	v i hút thuốc là nhữngấm hình dưới hai mươi ch trâu đều có những huống thuốcúia rồi bây giờ sẽ là một chương tiếp theo cuộc đời của mọi người này	thường là ung thư thuốc để điều là những tấm hình dưới hai mươi tấu kí dạ điều đã từng là điều chay trâu đều có những đều đã từng hút thuốc bún bia rồi bây giờ sẽ là một chương tiếp theo cuộc đời mọi người này.	V,i hút thuốc là nhữngấm hình dưới hai mươi ch trâu đều có những huống thuốcúia rồi bây giờ sẽ là một chương tiếp theo cuộc đời của mọi người này.
train	41293	11.60	pseudo_label	điều gì khiến anh văn tự hào nhất trong bức ảnh này và siêu năng lực của mình sẽ là gì thì cái giai đoạn này là cái giai đoạn khoảng tầm hai không hai hai cái giai đoạn này cái giai đoạn mà tim	điều gì khiến anh văn tự hào nhất trong bức ảnh này và siêu năng lực của mình rất là gì thì cái giai đoạn này là cái giai đoạn phản tầm mà hai không hai hai cái giai đoạn này là cái giai đoạn mà tim	điều gì khiến anh v văn tự hào nhất trong bức ảnh này và siêu năng lực của mình sẽ là gì ì cái giai đoạn này là cái giai đoạn khoảng tầm hai nghìn không hai hai cái giai đoạn này là cái giai đoạn mà tim	điều gì khiến anh văn tự hào nhất trong bức ảnh này và siêu năng lực của mình rất là gì thì cái giai đoạn này là cái giai đoạn phản tầm mà hai không hai hai cái giai đoạn này là cái giai đoạn mà tim.	Điều gì khiến anh V văn tự hào nhất trong bức ảnh này và siêu năng lực của mình sẽ là gì?ì cái giai đoạn này là cái giai đoạn khoảng tầm hai nghìn không hai hai? cái giai đoạn này là cái giai đoạn mà tim?
train	41294	12.40	pseudo_label	team tech của việc xem là đông nhất thì hồi đó giờ là anh chưa có kinh nghiệm trong vai trò quản lý một cái team lớn như vậy chỉ có đa số hai ba bạn thôi thì anh nghĩ đó cũng là một cái điều anh tự hào ở đây	tim thắt của việc xe là đông nhất thì hồi đó giờ anh chưa có có kinh nghiệm trên vai trò quản lý một cái phim mà lớn như vậy chỉ đỡ số hai ba bạn thôi thì anh nghĩ đó cũng là một cái điều anh tự hào ở đây	ti thắt của việcê ra đông nhất thì hồi đó giờ anh chưa có có kinh nghiệm trên vai trò quản lý một cái sim mà lớn như vậy chỉ đó đa số hai bả bạn của anh để nghị đó có một cái điều anh tự hào ở đây	tim thắt của việc xe là đông nhất thì hồi đó giờ anh chưa có có kinh nghiệm trên vai trò quản lý một cái phim mà lớn như vậy chỉ đỡ số hai ba bạn thôi thì anh nghĩ đó cũng là một cái điều anh tự hào ở đây.	Ti thắt của việcê ra đông nhất thì hồi đó giờ anh chưa có có kinh nghiệm trên vai trò quản lý một cái sim mà lớn như vậy, chỉ đó đa số hai bả bạn của anh để nghị đó có một cái điều anh tự hào ở đây.
train	41303	13.10	pseudo_label	mình bật mẹ mình luôn chưa bật con mình chưa bao nhiêu bật mẹ mình vài lần trong khoảng hai mươi ngày nay rồi những ngày gần đây thì mình bắt đầu kiềm lại mình thấy nó là	mình bật mẹ mình luôn chưa bật con mình mình cô biết mình chưa bật câu mình bật mẹ mình bật mẹ mình vài lần trong khoảng hai mươi ngày nay rồi những ngày gần đây thì mình bắt đầu kìm lại mình thấy nó là		mình bật mẹ mình luôn chưa bật con mình mình cô biết mình chưa bật câu mình bật mẹ mình bật mẹ mình vài lần trong khoảng hai mươi ngày nay rồi những ngày gần đây thì mình bắt đầu kìm lại mình thấy nó là.	 ⁇ 
train	41305	10.90	pseudo_label	không một cánh tay nào giơ lên với anh thì nó không mất đi đâu cả khi mà có rồi nó chỉ cất đi thôi mình ưu tiên những cái khác thôi mà khi cần thì nó vẫn sẽ vẫn sẽ ở đó có gia đình là có thêm chứ không có mất đi	không một cạnh tay nào giơ lên với anh thì nó không mất đi rồi ạ khi mà có rồi nó chỉ cất đi thôi mình ưu tiên những cái khác thôi mà khi cần thì nó vẫn sẽ vẫn sẽ ở đó có gia đình là có thêm chứ không có mất đi	không một cánh tay nào giơ l lên với anh thì nó không mất đi đâu khi mà có rồi nó chỉ cất đi thôi mình ưu tiên những cái khác thôi mà khi cần thì nó vẫn sẽ vẫn sẽ ở đó có gia đình là có thêm chứ không có mất đi	không một cạnh tay nào giơ lên với anh thì nó không mất đi rồi ạ khi mà có rồi nó chỉ cất đi thôi mình ưu tiên những cái khác thôi mà khi cần thì nó vẫn sẽ vẫn sẽ ở đó có gia đình là có thêm chứ không có mất đi.	Không một cánh tay nào giơ l lên, với anh thì nó không mất đi đâu, Khi mà có rồi, nó chỉ cất đi thôi, mình ưu tiên những cái khác thôi, mà khi cần thì nó vẫn sẽ vẫn sẽ ở đó, có gia đình là có thêm chứ không có mất đi.
train	41312	15.00	pseudo_label	ở nhà và quán xuyến gia đình và giữ tiền nhà mình mình suy nghĩ một chút về mặt giới hạn khi mà có gia đình liệu mình sẽ có một số cái hành động mình muốn nhưng mà mình không thể làm được huy muốn ra nước ngoài huy làm nhưng mà huy đang có vợ đang có con	ở nhà quán xuyến gia đình và giữ tiền hiện mình mình sẽ nghĩ một chút về mặt giới hạn nhé khi mà có gia đình liệu mình sẽ có một số cái hành động mình muốn nhưng mà mình không thể làm được huy muốn ra nước ngoài huy là nhưng mà huy đang có vợ đang có con		ở nhà quán xuyến gia đình và giữ tiền hiện mình mình sẽ nghĩ một chút về mặt giới hạn nhé khi mà có gia đình liệu mình sẽ có một số cái hành động mình muốn nhưng mà mình không thể làm được huy muốn ra nước ngoài huy là nhưng mà huy đang có vợ đang có con.	 ⁇ 
train	41313	14.40	pseudo_label	và vợ con huy đang mong muốn một cuộc sống ổn định thì liệu đó có phải là giới hạn đối với những cái việc mà mình đang mong muốn để phát triển năng lực hay không về bản chất nếu như mình đang không có vợ con mình đang chỉ là mình thôi thì mình hoàn toàn có thể có những cái sự lựa chọn	và vợ con khi đang mong muốn một cuộc sống ổn định thì liệu đó có phải là giới hạn đối với những cái việc mà mình đang mong muốn tác động hơn không về bản chất nếu như mình đang không có vợ con mình đang chỉ là mình thôi thì mình hoàn toàn có thể có những sự lựa chọn		và vợ con khi đang mong muốn một cuộc sống ổn định thì liệu đó có phải là giới hạn đối với những cái việc mà mình đang mong muốn tác động hơn không về bản chất nếu như mình đang không có vợ con mình đang chỉ là mình thôi thì mình hoàn toàn có thể có những sự lựa chọn.	 ⁇ 
train	5328	14.10	pseudo_label	là sẽ tập trung tốt hơn khi mà làm những công việc quan trọng vào buổi sáng cho nên là đến bây giờ thì mình chuyển hoàn toàn sang là các công việc quan trọng thì có lẽ là làm vào buổi sáng và dậy sớm để làm được việc đấy thì muốn dậy sớm thì chắc chắn là không thể nào thức khuya được rồi	là sẽ tập trung tốt hơn khi mà làm những công việc quan trọng vào buổi sáng cho nên là đến bây giờ thì mình chuyển hoàn toàn sang là các công việc quan trọng thì có lẽ là là làm vào buổi sáng và dậy sớm để làm được việc đấy thì muốn dậy sớm thì chắc chắn là không thể nào thuyết huyền được rồi	là là sẽ tập trung tốt hơn khi mà làm những cái công việc quan trọng ở buổi sáng cho nên là đến bây giờ thì mình chuyển hoàn toàn rằng là các công việc quan trọng thì có lẽ là là làm vào buổi sáng và dậy sớm để làm được việc đấy thì muốn dậy sớm thì chắc chắn là không thể nào thức quyền được rồi	là sẽ tập trung tốt hơn khi mà làm những công việc quan trọng vào buổi sáng cho nên là đến bây giờ thì mình chuyển hoàn toàn sang là các công việc quan trọng thì có lẽ là là làm vào buổi sáng và dậy sớm để làm được việc đấy thì muốn dậy sớm thì chắc chắn là không thể nào thuyết huyền được rồi.	Là là sẽ tập trung tốt hơn khi mà làm những cái công việc quan trọng ở buổi sáng, cho nên là đến bây giờ thì mình chuyển hoàn toàn rằng là các công việc quan trọng thì có lẽ là là làm vào buổi sáng, và dậy sớm để làm được việc đấy, thì muốn dậy sớm thì chắc chắn là không thể nào thức quyền được rồi.
train	41460	15.00	pseudo_label	thì người ta tại thời điểm đấy thì nó còn khá là mới và gần như là cứ học là cảm thấy đam mê cứ học mặc dù gì đó thì đều cảm thấy rất là rất là thích thú với những gì mà mình được xem mình được thấy thì mình là một cái người mà rất là thích lập trình hồi đấy thì cảm giác là mình	ờ thì hôm nay tại hệ miễn đấy thì nó còn khá là mới và à gần như là cứ học là cảm thấy đam mê cứ học hoặc cái gì đó thì để mình cảm thấy rất là rất là thích thú với những gì mà mình được xem mình được thấy à thì mình là một cái người mà rất là thích lập trình thôi đấy thì cảm giác là ờ mình lập	ờ thì tại thời điểm đấy thì nó còn khá là mới và gần như là cứ học là cảm thấy đam mê học mặc một gì đó thì đều cảm thấy rất là rất là thích thú với cả những gì mà mình được xem mình được thấy thì mình là một cái người mà rất là thích lập trình hồi đấy thì cảm giác là mình lập	ờ thì hôm nay tại hệ miễn đấy thì nó còn khá là mới và à gần như là cứ học là cảm thấy đam mê cứ học hoặc cái gì đó thì để mình cảm thấy rất là rất là thích thú với những gì mà mình được xem mình được thấy à thì mình là một cái người mà rất là thích lập trình thôi đấy thì cảm giác là ờ mình lập.	Ờ thì tại thời điểm đấy thì nó còn khá là mới, và gần như là cứ học là cảm thấy đam mê, học mặc một gì đó thì đều cảm thấy rất là rất là thích thú với cả những gì mà mình được xem, mình được thấy thì mình là một cái người mà rất là thích lập trình, hồi đấy thì cảm giác là mình lập.
train	41481	14.80	pseudo_label	thì tiếp tục lên và đến bây giờ thì nó là câu chuyện của bảy trăm người thì câu chuyện bảy trăm người bây giờ nó lại là làm sao để chúng ta có thể lên được một nghìn người và cái bài toán teaming point tại thời điểm hiện tại thì mọi người đều đang nhìn thấy là làm sao chúng ta có thể giải quyết được những cái thách thức	ờ thì thì tiếp tục lên và đến bây giờ thì đó là câu chuyện ờ của bảy trăm người thì câu chuyện bảy trăm người bây giờ nó lại là làm sao để chúng ta có thể lên được một nghìn người ờ và cái bài toán cái cái cái tít pin poi tại điển tại thì mọi người đều đang nhìn thấy là làm sao chúng ta có thể giải quyết được những cái thách thức	ờ thì thì tiếp tục lên và đến bây giờ thì đó là câu chuyệnẩ bảy trăm người thì câu chuyện bảy trăm người bây giờ nó lại là làm sao để chúng ta có thể thấy là một nghìn ngườiờ và cái bài toán cái cái tí pin po tại thời điểm tại thì mọi người đang nhìn thấy là làm sao chúng ta có thể giải quyết được những cái thách thức	ờ thì thì tiếp tục lên và đến bây giờ thì đó là câu chuyện ờ của bảy trăm người thì câu chuyện bảy trăm người bây giờ nó lại là làm sao để chúng ta có thể lên được một nghìn người ờ và cái bài toán cái cái cái tít pin poi tại điển tại thì mọi người đều đang nhìn thấy là làm sao chúng ta có thể giải quyết được những cái thách thức.	Ờ thì thì tiếp tục lên và đến bây giờ thì đó là câu chuyệnẩ bảy trăm người. thì câu chuyện bảy trăm người, bây giờ nó lại là làm sao để chúng ta có thể thấy là một nghìn ngườiờ và cái bài toán cái cái tí pin po tại thời điểm tại thì mọi người đang nhìn thấy là làm sao chúng ta có thể giải quyết được những cái thách thức.
train	41517	13.50	pseudo_label	tám người thì thôi họ viết những cái nội dung email nó rất là gay gắt thôi đừng bao giờ liên hệ với chúng tôi nữa chúng tôi không quan tâm đến dịch vụ này chỉ có vài người là họ có lịch sự	tám người thì thôi họ viết những cái cái nội dung email nó rất là gay gắt là thôi đừng bao giờ liên hệ với chúng tôi nữa ờ chúng tôi không quan tâm đến dịch vụ này là chỉ có vài người là họ có lịch sự	tám người thì thôi họ viết những cái cái nội dung i meo nó rất là gay gắt là thôi đừng bao giờ liên hệ với chúng tôi nữa chúng tôi không quan tâm được dịch vụ này chỉ có vài người là họ có lịch sự	tám người thì thôi họ viết những cái cái nội dung email nó rất là gay gắt là thôi đừng bao giờ liên hệ với chúng tôi nữa ờ chúng tôi không quan tâm đến dịch vụ này là chỉ có vài người là họ có lịch sự.	Tám người thì thôi, họ viết những cái cái nội dung I meo nó rất là gay gắt là thôi, đừng bao giờ liên hệ với chúng tôi nữa chúng tôi không quan tâm được dịch vụ này chỉ có vài người là họ có lịch sự.
train	41551	15.00	pseudo_label	chắc chắn là có ở trước mười lăm năm thì không thể nào mà không sai lầm được mặc dù là mình cũng không mong muốn thì bối cảnh thì nó cũng có khá là khá là khác nhau và có một vài trường hợp hơi đáng tiếc thì mình nghĩ là cái bối cảnh đầu tiên đấy là khi mà mình tuyển dụng	chắc chắn là có ở trước mười lăm năm thì không thể nào mà không không sai lầm được mặc dù là mình không mong muốn thì bối cảnh thì nó cũng có khá là khá là khác nhau mới có một vài trường hợp hơi đáng tiếc thì mình nghĩ là cái bối cảnh đầu tiên đấy là khi mà mình tuyển dụng	chắc chắn là có từ chứ mười lăm năm thì không thể nào mà không không sai lầm được ặc dù là mình cũng không mong muốn thì bối cảnh thì nó cũng có khá là khá là khác nhau phải có một vài trường hợp hơi đáng tiếc thì mình nghĩ là cái bối cảnh đầu tiên đấy là khi mà mình tuyển dụng	chắc chắn là có ở trước mười lăm năm thì không thể nào mà không không sai lầm được mặc dù là mình không mong muốn thì bối cảnh thì nó cũng có khá là khá là khác nhau mới có một vài trường hợp hơi đáng tiếc thì mình nghĩ là cái bối cảnh đầu tiên đấy là khi mà mình tuyển dụng.	Chắc chắn là có từ chứ mười lăm năm thì không thể nào mà không không sai lầm được,ặc dù là mình cũng không mong muốn thì bối cảnh thì nó cũng có khá là khá là khác nhau, phải có một vài trường hợp hơi đáng tiếc thì mình nghĩ là cái bối cảnh đầu tiên đấy là khi mà mình tuyển dụng.
train	41555	11.90	pseudo_label	cái này đúng là một trong những thách thức của một tổ chức lớn ấy thì mình nghĩ rằng là cái đầu tiên đấy là cái quá trình on boarding đúng không khi mà mình đưa một cái người mới vào tổ chức thì mình làm những hoạt động gì	ờ cái này đúng là một trong những thách thức của ờ một tổ chức lớn ý thì à mình nghĩ rằng là cái đầu tiên đấy là cái quá trình on bo đinh đúng không khi mà mình ờ đưa một cái người mới vào tổ chức thì à mình làm những cái hoạt động gì	cái này đúng là một trong những thách thức của tổ chức lớn thì mình nghĩ rằng là cái đầu tiên đấy là cái quá trình bo điinh đúng không khi mà mình đưa một cái người mới vào tổ chức thì mình làm những cái hoạt động gì	ờ cái này đúng là một trong những thách thức của ờ một tổ chức lớn ý thì à mình nghĩ rằng là cái đầu tiên đấy là cái quá trình on bo đinh đúng không khi mà mình ờ đưa một cái người mới vào tổ chức thì à mình làm những cái hoạt động gì.	Cái này đúng là một trong những thách thức của tổ chức lớn thì mình nghĩ rằng là cái đầu tiên đấy là cái quá trình bo điinh đúng không? Khi mà mình đưa một cái người mới vào tổ chức thì mình làm những cái hoạt động gì?
validation	4602	15.00	pseudo_label	đấy cái đội thứ hai mà chúng ta nói đến đấy là cái đội gọi là accoumanator hay là một số chỗ khác thì gọi là castrom sạc sex vân vân là để mà giúp khách hàng họ có thể thành công khi mà dùng những cái sản phẩm dịch vụ của mình thì	đấy à cái đội thứ hai mà chúng ta nói đến là cái đội gọi là à cao me nơ chờ hay là một số chỗ khác thì gọi là ca sầm sặc sét vân bân ờ là để mà giúp khách hàng họ có thể thành công khi mà dùng những cái sản phẩm chính phủ của mình ờ thì	ờ cái đội thứ hai mà chúng ta nói đến là cái đội gọi là c cao mê ni chờ hay là một số chỗ khác thì gọi là các sầm sạc sét vân vânờ là để mà giúp khách hàng họ có thể là thành công khi mà dùng những cái sản phẩm dịch vụ của mìnhờ thì	đấy à cái đội thứ hai mà chúng ta nói đến là cái đội gọi là à cao me nơ chờ hay là một số chỗ khác thì gọi là ca sầm sặc sét vân bân ờ là để mà giúp khách hàng họ có thể thành công khi mà dùng những cái sản phẩm chính phủ của mình ờ thì.	Ờ cái đội thứ hai mà chúng ta nói đến là cái đội gọi là  c cao mê ni chờ hay là một số chỗ khác thì gọi là các sầm sạc sét, vân vânờ là để mà giúp khách hàng họ có thể là thành công khi mà dùng những cái sản phẩm dịch vụ của mìnhờ thì.
train	3752	13.90	pseudo_label	chọn tấm này và sau tin vui đó thì đôi khi có những cái cuộc hành trình không có dễ dàng lắm chỉ có ốm nghẹn giai đoạn đó có phương ốm nghén ba tháng đầu thì rất là nặng sau đó thì ốm nghén cũng phải đến sáu bảy tháng thì là phương vẫn nôn	chọn tấm này ưm và sau tin vui đó thì đôi khi có những cái cuộc hành trình không có dễ dàng lắm chỉ có ốm nghén giai đoạn đó có phương ốm nghén ba tháng đầu thì rất là nặng sau đó thì ốm nghén cũng phải đến sáu bảy tháng thì là phương vẫn nôn	ch chọn tối nayừ tại sau tin vui đó thì đôi khi có những cái cuộc hành trình không có dễ dàng lắm chỉ có ốm nghén giai đoạn đó có ốm nghén ba tháng đầu thì rất là nặng sau đó thì ốm nghén cũng phải đến sáu bảy tháng nên là phương vẫn nôn	chọn tấm này ưm và sau tin vui đó thì đôi khi có những cái cuộc hành trình không có dễ dàng lắm chỉ có ốm nghén giai đoạn đó có phương ốm nghén ba tháng đầu thì rất là nặng sau đó thì ốm nghén cũng phải đến sáu bảy tháng thì là phương vẫn nôn.	Ch chọn tối nayỪ tại sau tin vui đó thì đôi khi có những cái cuộc hành trình không có dễ dàng lắm, chỉ có ốm nghén giai đoạn đó, có ốm nghén ba tháng đầu thì rất là nặng, sau đó thì ốm nghén cũng phải đến sáu bảy tháng nên là Phương vẫn nôn.
train	42544	12.60	pseudo_label	kháng thương là một chương trình nơi khách mời chia sẻ về cách họ đi qua những tổn thương và họa sĩ sẽ lắng nghe để vẽ lại câu chuyện đó giúp khách mời khám phá sức mạnh bên trong và tự tin hơn trước những thử thách phía trước	kháng thương là một chương trình nơi khách mời chia sẻ về cách họ đi qua những tổn thương và họa sĩ sẽ lắng nghe để vẽ lại câu chuyện đó giúp khách mời khám phá sức mạnh bên trong và tự tin hơn trước những thử thách phía trước	kháng thương là một chương trình nơi khách mời chia sẻ về cách họ đi qua những tổn thương và sĩ sẽ lắng ngheêm để lại câu chuyện đó úc khách mời khám phá sức mạnh bên trong và tự tin hơn trước những thử thách phía trước	kháng thương là một chương trình nơi khách mời chia sẻ về cách họ đi qua những tổn thương và họa sĩ sẽ lắng nghe để vẽ lại câu chuyện đó giúp khách mời khám phá sức mạnh bên trong và tự tin hơn trước những thử thách phía trước.	Kháng Thương là một chương trình nơi khách mời chia sẻ về cách họ đi qua những tổn thương, và sĩ sẽ lắng ngheêm để lại câu chuyện đó.úc khách mời khám phá sức mạnh bên trong và tự tin hơn trước những thử thách phía trước.
train	42546	10.90	pseudo_label	ba rưỡi sau đó thì makeup lúc bốn giờ sau đó tôi lên máy bay và bay chuyến bay bảy giờ và cuối cùng thì cũng đã đến được đây nhưng mà cái cảm giác mà phương nhớ rõ nhất là khi mà phương	ba rưỡi sau đó thì mết cốc lúc bốn giờ sau đợt tôi lên máy bay và bay chuyến bay bảy giờ rồi cuối cùng thì cũng đã đến được đây nhưng mà cái cảm giác mà phương nhớ rõ nhất là khi mà phương	ba rưỡi sau đó thì mấy cốc lúc bốn giờ sau đó tôi lên máy bay và bay chuyến bay bảy giờ và cuối cùng thì cũng đã đến nước đây nhưng mà cái cảm giác mà phương nhớ rõ nhất là khi mà phương	ba rưỡi sau đó thì mết cốc lúc bốn giờ sau đợt tôi lên máy bay và bay chuyến bay bảy giờ rồi cuối cùng thì cũng đã đến được đây nhưng mà cái cảm giác mà phương nhớ rõ nhất là khi mà phương.	 ba rưỡi, sau đó thì mấy cốc lúc bốn giờ sau đó tôi lên máy bay và bay chuyến bay bảy giờ, và cuối cùng thì cũng đã đến nước đây, nhưng mà cái cảm giác mà Phương nhớ rõ nhất là khi mà Phương.
train	42547	14.80	pseudo_label	lái xe ra khỏi nhà từ nhà đi đến sân bay tự nhiên hương cảm thấy một cái niềm vui nó khó tả hương không biết tại sao cảm thấy rất là thoải mái rất là tự do và cảm thấy rất là hứng khởi cái cảm giác tự nhiên mình lái xe mình	lái xe ra khỏi nhà từ nhà đi đến sân bay tự nhiên phương cảm thấy một cái niềm vui nó khó tả cô không biết tại sao cảm thấy rất là thoải mái rất là tự do và cảm thấy rất là hứng khởi cái cảm giác tự nhiên mình lái xe mình	lái xe ra khỏi nhà từ nhà đi đến sân bay tự nhiên vương cảm thấy một cái niềm vui nó khó tả cô không biết tại sao cảm gi thấy rất là thoải mái rất là tự do và cảm thấy rất là hứng khởi cái cảm giác tự nhiên mình lái xe mình	lái xe ra khỏi nhà từ nhà đi đến sân bay tự nhiên phương cảm thấy một cái niềm vui nó khó tả cô không biết tại sao cảm thấy rất là thoải mái rất là tự do và cảm thấy rất là hứng khởi cái cảm giác tự nhiên mình lái xe mình.	Lái xe ra khỏi nhà, từ nhà đi đến sân bay, tự nhiên vương cảm thấy một cái niềm vui, nó khó tả, cô không biết tại sao cảm gi thấy rất là thoải mái, rất là tự do và cảm thấy rất là hứng khởi cái cảm giác tự nhiên mình lái xe mình.
train	42577	14.80	pseudo_label	trở lại là chính mình nhiều hơn vì khi mà mình trở lại là chính mình được thì lúc đó mình sẽ có đầy đủ về trải nghiệm về sự khôn ngoan về sự phân tích về sự phân định về cách nhìn nhận của cuộc sống nhìn nhận về con người nhìn nhận về mọi thứ	trở lại là chính mình yêu hơn vì khi mà mình trở lại là chính mình được thì lúc đó mình sẽ có đầy đủ về trải nghiệm về sự khôn ngoan về sự phân tích về sự phân định về cách nhìn nhận cuộc sống nhìn nhận với con người nhìn nhận về mọi thứ	trở lại là chính mình nhiều hơn vì khi mà mình trở lại là chính mình được thì lúc đó mình sẽ có đầy đủ về trải nghiệm về sự khôn ngoan về sự phân tích về sự phân định về cách nhìn nhận của cuộc sống nhìn nhận về con người nhìn nhận về mọi thứ	trở lại là chính mình yêu hơn vì khi mà mình trở lại là chính mình được thì lúc đó mình sẽ có đầy đủ về trải nghiệm về sự khôn ngoan về sự phân tích về sự phân định về cách nhìn nhận cuộc sống nhìn nhận với con người nhìn nhận về mọi thứ.	Trở lại là chính mình nhiều hơn, vì khi mà mình trở lại là chính mình được thì lúc đó mình sẽ có đầy đủ về trải nghiệm, về sự khôn ngoan, về sự phân tích, về sự phân định, về cách nhìn nhận của cuộc sống, nhìn nhận về con người, nhìn nhận về mọi thứ.
train	42587	14.00	pseudo_label	ít nhiều một người họa sĩ mà mới chỉ gặp mình đúng một tiếng rưỡi lại vẽ ra được một bức tranh mà miêu tả được ít nhiều là con người của mình thì đó là một sự cảm động rất là lớn lúc này chị sẽ muốn đặt tên cho tác phẩm này là gì	ít nhiều một người họa sĩ mà mới chỉ gặp mình đúng một tính sữa lệ vẽ cho được một bức tranh mà miêu tả được ít nhiều là con người của mình thì đó là sự cảm động rất là lớn lúc này chị sẽ muốn đặt tên cho tác phẩm này là gì	ít nhiều một người ngoạ sĩ nó mới chỉ gặp mình đúng một t tiếng rưỡi lại vẽơi được một bức tranh mà miêu tả được ít nhiều là con người của mình thì đó là một sự cảm động rất là lớn lúc này chị sẽ muốn đặt tên cho tác phẩm này là gì	ít nhiều một người họa sĩ mà mới chỉ gặp mình đúng một tính sữa lệ vẽ cho được một bức tranh mà miêu tả được ít nhiều là con người của mình thì đó là sự cảm động rất là lớn lúc này chị sẽ muốn đặt tên cho tác phẩm này là gì.	Ít nhiều một người ngoạ sĩ nó mới chỉ gặp mình đúng một t tiếng rưỡi, lại vẽơi được một bức tranh mà miêu tả được ít nhiều là con người của mình thì đó là một sự cảm động rất là lớn. Lúc này chị sẽ muốn đặt tên cho tác phẩm này là gì?
validation	4711	11.20	pseudo_label	điểm nào sẽ có một cái ghế để cho mình nghỉ ngơi nghĩa là đôi khi mình chỉ cần một cái ghế để cho mình nghỉ mình có thể ngồi xuống mình nghỉ mình ngắm nghía xung quanh nhưng mà mình cũng không có ở bên trong mình vẫn là một cái cảm giác nó khá là	điểm nào sẽ có một cái ghế để cho mình nghỉ ngơi thế à đôi khi mình chỉ cần một cái ghế để cho mình nghỉ mình có thể ngồi xuống mình nghỉ mình ngắm nghía xung quanh nhưng mình cũng không có ở bên trong mình vẫn là một cái cảm giác nó khá là	điểm nào sẽ có một cái ghế để cho mình nghỉ ngơi nhưng đôi khi mình chỉ cần một cái ghế để cho mình nghỉ mình có thể ngồi xuống mình nghỉ mình ngắm nghía xung quanh nhưng mà mình cũng không có ở bên trong mình vẫn là một cái cảm giác nó khá là	điểm nào sẽ có một cái ghế để cho mình nghỉ ngơi thế à đôi khi mình chỉ cần một cái ghế để cho mình nghỉ mình có thể ngồi xuống mình nghỉ mình ngắm nghía xung quanh nhưng mình cũng không có ở bên trong mình vẫn là một cái cảm giác nó khá là.	Điểm nào sẽ có một cái ghế để cho mình nghỉ ngơi, nhưng, đôi khi mình chỉ cần một cái ghế để cho mình nghỉ, mình có thể ngồi xuống, mình nghỉ, mình ngắm nghía xung quanh, nhưng mà mình cũng không có ở bên trong mình vẫn là một cái cảm giác nó khá là.
train	42996	10.50	pseudo_label	kiểu vẫn ngon ngòm chút đó nhưng mình pha ít lắm mình pha ít với chút sữa với cái đường mình uống rất ít thì tự nhiên thấy nó rất là trong veo và mình thấy ở đây đây là cái thức uống hóa ra là người ta thích vì nó như thế này	kiểu vợ ngọc mòng chưa rác nhưng mình pha ít lắm mình pha ít về chút sữa với chất đường mình uống rất ít thì tự nhiên thấy nó rất là trong veo và mình thấy ở đây đây là cái thức uống hoa ra là người ta thích vì nó như thế này	kiểu v vợ ngòm chút á nhưng mình pha ít mình pha ít với chút sữa với chứ đường mình uống rất ít thì tự nhiên thấy nó rất là trong veoo và mình thấy ở đây đây đây là cái thức uống hóa ra là người ta thích vì nó như thế này	kiểu vợ ngọc mòng chưa rác nhưng mình pha ít lắm mình pha ít về chút sữa với chất đường mình uống rất ít thì tự nhiên thấy nó rất là trong veo và mình thấy ở đây đây là cái thức uống hoa ra là người ta thích vì nó như thế này.	Kiểu v vợ ngòm chút á, nhưng mình pha ít, mình pha ít với chút sữa với chứ đường mình uống rất ít thì tự nhiên thấy nó rất là trong veoo và mình thấy ở đây đây đây là cái thức uống hóa ra là người ta thích vì nó như thế này.
train	43077	15.00	pseudo_label	cái điều này là cái điều mà mà nó khác với lại một cái một cái mv sau khi mà mv sau là quỳnh lúc mà quỳnh ra một cái bảng master mình không chỉnh sửa mình làm y chang như vậy luôn mình không cắt bớt bất kỳ một cái gì tại vì cái đó là mv nhưng mà là phim thì nó cần cái cảm xúc	cái điều này là cái điều mà mà mà nó khác với lại một cái một cái em vi sau khi mà em vi sau á là quỳnh lúc mà quỳnh ra một cái bảng mát tơ mình không chỉnh sửa mình làm y chang như vậy luôn mình không cắt bớt bất kỳ một cái gì thì vì cái đó là em vi nhưng mà là phim thì nó cần cái cảm xúc	cái điều này là cái điều mà mà mà nó khác với lại một cái một cái em vi s sau khi mà em vi sâu á là quỳnh lúc mà quỳnh ra một cái bả bản mát tơ mình không chỉnh sửa mình làm y chang như vậy luôn mình không cắt bất bất kỳ một cái gì tại vì cái đó là em vi nhưng mà là phim thì nó cần cái cảm xúc	cái điều này là cái điều mà mà mà nó khác với lại một cái một cái em vi sau khi mà em vi sau á là quỳnh lúc mà quỳnh ra một cái bảng mát tơ mình không chỉnh sửa mình làm y chang như vậy luôn mình không cắt bớt bất kỳ một cái gì thì vì cái đó là em vi nhưng mà là phim thì nó cần cái cảm xúc.	Cái điều này là cái điều mà mà mà nó khác với lại một cái một cái em vi s sau, khi mà em vi sâu á là Quỳnh lúc mà Quỳnh ra một cái bả bản mát tơ, mình không chỉnh sửa, mình làm y chang như vậy luôn, mình không cắt bất bất kỳ một cái gì tại vì cái đó là em vi, nhưng mà là phim thì nó cần cái cảm xúc.
train	43078	12.30	pseudo_label	và với cái phim mình mình nên đôi khi rằng bởi vì mình cũng rất là cắn rứt là mọi người đã làm rất là tốt rồi nhưng mà mình phải hy sinh mình phải hy sinh hy sinh cái gì thì mình phải chọn	và với cái phim mình mình mình nên đôi khi rằng bởi vì mình cũng rất là cắn rứt là mọi người đã làm rất là tốt rồi nhưng mà mình phải hy sinh mình phải hy sinh hy sinh cái gì mình phải chọn	và với cái phim mình mình mình nên đôi khi rằng bởi vì mình cũng rất là cắnứt là mọi người đã làm rất là tốt rồi nhưng mà mình phải hy sinh mình phải hy sinh hy sinh cái gì mình phải chọn	và với cái phim mình mình mình nên đôi khi rằng bởi vì mình cũng rất là cắn rứt là mọi người đã làm rất là tốt rồi nhưng mà mình phải hy sinh mình phải hy sinh hy sinh cái gì mình phải chọn.	Và với cái phim mình mình mình nên đôi khi rằng bởi vì mình cũng rất là cắnứt là mọi người đã làm rất là tốt rồi, nhưng mà mình phải hy sinh, mình phải hy sinh, hy sinh cái gì mình phải chọn.
train	43088	12.20	pseudo_label	những người bạn của mình đi nước ngoài họ cũng như thế thôi họ cũng rất là đắn đo có về không và mình tưởng tượng được cho nên huy nói cái là mình xây dựng ban đầu là với không khí trầm tư	những người bạn của mình đi nước ngoài họ cũng như thế thôi họ cũng rất đắn đo có vì không và mình tưởng tượng được cho lê huy nói cái là mình xây dựng ban đầu là với không khí trầm tư	những người bạn của mình đi nước ngoài chẳng hạn họ cũng như thế thôi họ cũng rất là đắn đo có về hay không và mình mình tưởng tượng được cho nên huy nó cái là mình xây dựng ban đầu là cái không khí trầm tư	những người bạn của mình đi nước ngoài họ cũng như thế thôi họ cũng rất đắn đo có vì không và mình tưởng tượng được cho lê huy nói cái là mình xây dựng ban đầu là với không khí trầm tư.	Những người bạn của mình đi nước ngoài chẳng hạn, họ cũng như thế thôi, Họ cũng rất là đắn đo, có về hay không, và mình mình tưởng tượng được cho nên Huy nó cái là mình xây dựng ban đầu là cái không khí trầm tư.
train	43099	14.20	pseudo_label	mình sẽ phải cố gắng dồn hết cái sự tập trung tưởng tượng ra để từ đó sẽ nuôi tự đó sẽ tạo ra cảm hứng chứ không phải là lúc nào mình cũng sẵn sàng ửng quá uống sáng này quá phải ngồi vào nhạc là hứng liền không có đôi khi ngồi vô	mình sẽ phải cố gắng dồn hết cái sự tập trung tưởng tượng ra để từ đó sẽ nuôi tự đó sẽ tạo cảm hứng chứ không phải là lúc nào mình cũng sẵn sàng ở hôm nay hứng quắc hông sang hãy hưng hứng quắc hoàn vườn nhạc là hưng liền hông có đôi khi ngồi vô	mình sẽ phải cố gắng dồn hết cái sự tập trung tưởng tượng ra để từ đó sẽ nuôi tự đó sẽ tạo ra cảm hứng chứ không phải là lúc nào mình cũng sẵn sàng ứngung này hứng quá cũng sáng này ung hứng quá phảiôi và nhạc làứng liền không có đôi khi ngồi vô	mình sẽ phải cố gắng dồn hết cái sự tập trung tưởng tượng ra để từ đó sẽ nuôi tự đó sẽ tạo cảm hứng chứ không phải là lúc nào mình cũng sẵn sàng ở hôm nay hứng quắc hông sang hãy hưng hứng quắc hoàn vườn nhạc là hưng liền hông có đôi khi ngồi vô.	Mình sẽ phải cố gắng dồn hết cái sự tập trung tưởng tượng ra để từ đó sẽ nuôi tự đó sẽ tạo ra cảm hứng chứ không phải là lúc nào mình cũng sẵn sàng ứngung này hứng  quá,  cũng sáng này ung hứng quá, phảiôi và nhạc làứng liền, không có đôi khi ngồi vô.
train	43115	12.60	pseudo_label	mình nghĩ là cũng có thể là dự án nó bắt đầu chày được rồi và quỳnh thấy đang khá là vui rồi sang năm sẽ có dự định về album rồi con search các thứ các thứ	quỳnh nghĩ là cũng có thể dự án nó bắt đầu chạy được rồi và quỳnh thấy đang khá là vui về sang năm sẽ có dự định về âm bom rồi còn sớt các thứ	quìnhnh nghĩ là cũng có thể là dự án nó bắt đầu ch chạy được rồi và quỳnh thấy đang khá là vui rồi về sang năm sẽ có dự định về a bum rồi về con sớt các thứ	quỳnh nghĩ là cũng có thể dự án nó bắt đầu chạy được rồi và quỳnh thấy đang khá là vui về sang năm sẽ có dự định về âm bom rồi còn sớt các thứ.	Quìnhnh nghĩ là cũng có thể là dự án nó bắt đầu ch chạy được rồi, và Quỳnh thấy đang khá là vui rồi về sang năm sẽ có dự định về a bum rồi về con sớt các thứ.
validation	431	10.70	pseudo_label	thì từ cái khoảng thời gian hai năm trước lúc mà phim rạp nó chiếu cho tới bây giờ nó cũng không có dám về thì có rất nhiều vấn đề mà nó không thể về được thì nó nó mình cũng hiểu trong cái tâm trạng của mọi người	thì từ cái khoảng thời gian hai năm trước lúc mà phim rò mới chiếu cho tới bây giờ nó cũng không có dám về thì còn rất nhiều vấn đề mà nó không thể về được thì nó nó nó mình cũng hiểu giù cái tâm trạng của mọi người	thì từ cái khoảng thời gian hai năm trước lúc mà phim rà mới chiếu cho tới bây giờ nó cũng không có dám về thì có rất nhiều vấn đề mà nó không thể về được thì nó nó nó nó mình cũng hiểu trong cái tâm trạng của mọi người	thì từ cái khoảng thời gian hai năm trước lúc mà phim rò mới chiếu cho tới bây giờ nó cũng không có dám về thì còn rất nhiều vấn đề mà nó không thể về được thì nó nó nó mình cũng hiểu giù cái tâm trạng của mọi người.	Thì từ cái khoảng thời gian hai năm trước, lúc mà phim rà mới chiếu cho tới bây giờ nó cũng không có dám về, thì có rất nhiều vấn đề mà nó không thể về được, thì nó nó nó nó mình cũng hiểu trong cái tâm trạng của mọi người.
train	54123	12.90	pseudo_label	xin mời các bạn đến với dubbe tạ trong tiếng anh gọi là dum beo nhưng mà chúng tôi cũng rất là mong là qua việc gặp tạ chúng tôi sẽ trở nên thông minh hơn và đấy là tất cả những gì mà chúng ta sẽ trò chuyện trong dum beo và chúng ta sẽ đến với chủ đề thứ hai	xin mời các bạn đến với đăm bèo cụ tạ trong tiếng anh gọi là đăm bèo nhưng mà chúng tôi cũng rất là mong là qua việc tập tạ chúng tôi sẽ trở nên thông minh hơn và đấy là tất cả những gì mà chúng ta sẽ trò chuyện trong đăm đèo và chúng ta sẽ đến với chủ đề thứ hai	chin mừng các bạn đến với đăm beo c thực tạ trong tiếng anh gọi là đăm beo nhưng mà chúng tôi rất là mong là qua việc cập tạ chúng tôi sẽ trở nên thông minh hơn và đấy là tất cả những gì mà chúng ta sẽ trò chuyện trong đăm đeo và chúng ta sẽ đến với chủ đề thứ hai	xin mời các bạn đến với đăm bèo cụ tạ trong tiếng anh gọi là đăm bèo nhưng mà chúng tôi cũng rất là mong là qua việc tập tạ chúng tôi sẽ trở nên thông minh hơn và đấy là tất cả những gì mà chúng ta sẽ trò chuyện trong đăm đèo và chúng ta sẽ đến với chủ đề thứ hai.	Chin mừng các bạn đến với đăm beo c thực tạ trong tiếng Anh gọi là đăm beo, nhưng mà chúng tôi rất là mong là qua việc cập tạ. chúng tôi sẽ trở nên thông minh hơn, và đấy là tất cả những gì mà chúng ta sẽ trò chuyện trong đăm đeo và chúng ta sẽ đến với chủ đề thứ hai.
train	54130	14.40	pseudo_label	thì nghĩ là không phải là về mativation tiếng việt mình nói là động động lực á không phải động lực theo nghĩa là cái phần mà discrin hơn là phải kỷ luật là phải xách đít lô đi tập có mấy lần ghi lớp từ	chị nghĩ là không phải là về mô ti vây sơn tiếng việt mình nối động động lực á không phải động lực theo nghỉ là cái phần mà đi sít lin hơn là phải kỷ luật chỉ luật là phải xách đích lô đi đập có mấy lần ghi lớn từ	thì nghĩ là không phải là về mơi vây sơn tiếng việt mình nói động động lực á không phải động lực theo nghĩ là cái phần mà đi xích li hơn là phải k cái luật kỷ luật là phải xách đít lừa đi đi tập có mấy lần ghi lớ từ	chị nghĩ là không phải là về mô ti vây sơn tiếng việt mình nối động động lực á không phải động lực theo nghỉ là cái phần mà đi sít lin hơn là phải kỷ luật chỉ luật là phải xách đích lô đi đập có mấy lần ghi lớn từ.	Thì nghĩ là không phải là về mơi vây Sơn tiếng Việt mình nói động động lực á, không phải động lực theo nghĩ là cái phần mà đi xích li hơn là phải k cái luật, kỷ luật là phải xách đít lừa đi đi tập có mấy lần ghi lớ từ.
train	54142	12.60	pseudo_label	là mình cũng bảo kiểu nâng tạ bao nhiêu nhá tức là mình cũng muốn nhìn cái mục tiêu của người ta để trở thành cái động lực cho mình làm việc ở công ty cũng thế chứ mình cũng nhìn thấy top năm công ty media ở việt nam ấy	là mình cũng bảo ừ kiểu nâng tạ bao nhiêu nhờ tức là mình cũng muốn nhìn cái mục tiêu của người ta để trở thành cái động lực cho mình làm việc ở công ty cũng thế chứ mình cũng nhìn thấy top năm công ty media ở việt nam	là mình cũng bảo ừ kiểu nâng t tạo bao nhiêu ấy nhở tức là mình cũng muốn nhìn cái mục tiêu của người ta để trở thành cái động lực cho mình là làm việc ở công ty cũng thế chứ mình cũng nhìn thấy top năm công ty mia ở việt nam	là mình cũng bảo ừ kiểu nâng tạ bao nhiêu nhờ tức là mình cũng muốn nhìn cái mục tiêu của người ta để trở thành cái động lực cho mình làm việc ở công ty cũng thế chứ mình cũng nhìn thấy top năm công ty media ở việt nam.	Là mình cũng bảo ừ kiểu nâng t tạo bao nhiêu ấy nhở, tức là mình cũng muốn nhìn cái mục tiêu của người ta để trở thành cái động lực cho mình. Là làm việc ở công ty cũng thế chứ, mình cũng nhìn thấy top năm công ty Mia ở Việt Nam.
train	54165	13.10	pseudo_label	xong rồi ồ cái gì sai cái gì sai nhích lên một tí cũng được bằng cái gì đấy thêm bài ư thêm cái gì đấy đi để mà nhìn thì nó lên đấy thì theo dõi rất là kỹ cái biển cái biểu đồ đấy để biết là à ok	xong rồi ồ cái gì sai cái gì sai nhích một tí cũng được bằng cái gì đấy thêm bài thêm cái gì đấy đi để mà nhìn thấy nó lên thế thì theo dõi rất là kỹ cái biển cái cái biểu đồ đấy để biết là à ok	xao mày ờ cái gì sai cái gì sai nhích cái một tí cũng được bằng cái gì đấy thêm bài ư thêm cái gì đấy đi để mà nhìn thấy nó lên đấy thì theo dõi rất là kỹ cái biển cái biểu đồ đấy để biết là à ô kê	xong rồi ồ cái gì sai cái gì sai nhích một tí cũng được bằng cái gì đấy thêm bài thêm cái gì đấy đi để mà nhìn thấy nó lên thế thì theo dõi rất là kỹ cái biển cái cái biểu đồ đấy để biết là à ok.	Xao mày ờ cái gì sai, cái gì sai nhích cái một tí cũng được bằng cái gì đấy, thêm bài ư, thêm cái gì đấy đi để mà nhìn thấy nó lên đấy thì theo dõi rất là kỹ cái biển cái biểu đồ đấy để biết là à ô kê.
train	54174	11.50	pseudo_label	một cái video cứ như thế từ từ thì tự dưng là mình sẽ phát triển model morticong of cano	một cái video cứ như thế từ từ thì tượng rưng là mình sẽ phát triển	một cái vi đ đi ô cứ như thế từ từ thì tự dưng là mình sẽ phát triển phờ mỹ và mô đôây sen mô ôâyên vật châu anh ápừ sờơn xít taai đừ ph	một cái video cứ như thế từ từ thì tượng rưng là mình sẽ phát triển.	Một cái vi đ đi ô cứ như thế, từ từ thì tự dưng là mình sẽ phát triển Phờ Mỹ và mô đôây sen mô  Ôâyên vật Châu anh ápừ sờơn xít Taai Đừ ph.
train	54178	14.30	pseudo_label	và mình phải biết là cái cái step nhỏ mình sẽ làm mà mình cũng sẽ đạt tới nó mà tới nó không thì mình cũng phải yêu thương cái gì đó trong cái thời gian mình làm chậm không phải làm chậm mà làm hoài thì nó hay đâu thì làm chậm mà phải yêu thương nó hoài	và mình phải biết là cái cái sờ tép nhỏ mình sẽ làm mà mình cũng sẽ đạt tới nó và tới nó không thì mình cũng phải in thu cái gì đó trong cái thời gian mình ờ mình làm chậm không phải làm chậm mà làm hoài thì nó hay đâu thì làm chậm mà phải in thu cái nó hoài	mà mình phải biết là cái cái sờ tép nhỏ mình sẽ làm mà mình cũng sẽ đạt tới nó và t tới nó không thì mình cũng phải in thua cái gì đó trong cái thời gian mình mình làm chậm không phải làm chậm mà làm hoài thì nó hay đâu thì làm chậm mà phải im thuu của nóài	và mình phải biết là cái cái sờ tép nhỏ mình sẽ làm mà mình cũng sẽ đạt tới nó và tới nó không thì mình cũng phải in thu cái gì đó trong cái thời gian mình ờ mình làm chậm không phải làm chậm mà làm hoài thì nó hay đâu thì làm chậm mà phải in thu cái nó hoài.	Mà mình phải biết là cái cái sờ tép nhỏ, mình sẽ làm mà mình cũng sẽ đạt tới nó, và t tới nó không thì mình cũng phải in thua cái gì đó trong cái thời gian mình mình làm chậm, không phải làm chậm mà làm hoài thì nó hay đâu thì làm chậm mà phải im thuu của nóài.
validation	6042	11.50	pseudo_label	kiểu max excill để không đi ấy nhưng mà bây giờ mình biết cái phần thưởng của mình khi mà mình tập xong tức là trong não mình nó tự tiết ra những cái hormones và mình cảm thấy là kiểu sau đấy mình rất là	kiểu mếch x cừu để không đi ấy nhưng mà bây giờ mình biết cái phần thưởng của mình khi mà mình tập xong tức là trong não mình nó tự tiếp ra những cái hóc môn mà mình cảm thấy là kiểu sau đấy mình rất là	kiểu mế xích kiu để không đi ý nhưng mà bây giờ mình biết cái phần thưởng của mình khi mà mình tập xong rất là trong não mình nó tự tiết ra những cái hoócr môn và mình cảm thấy là kiểu sau đến mình rất là	kiểu mếch x cừu để không đi ấy nhưng mà bây giờ mình biết cái phần thưởng của mình khi mà mình tập xong tức là trong não mình nó tự tiếp ra những cái hóc môn mà mình cảm thấy là kiểu sau đấy mình rất là.	Kiểu mế xích kiu để không đi ý, nhưng mà bây giờ mình biết cái phần thưởng của mình, khi mà mình tập xong rất là trong não, mình, nó tự tiết ra những cái hoócr môn và mình cảm thấy là kiểu sau đến mình rất là.
train	54209	13.60	pseudo_label	nếu mình nói về một cái cấp độ khoa học á thì sẽ cần có những cái nghiên cứu kéo dài thời gian và đúng chuẩn để ra một cái kết luận là có stress hay nhiều hơn hay không vì vì nếu mình chỉ tuyên bố không thì nó chỉ là một cái lời tuyên bố thôi	nếu mình nói về một cái cấp độ khoa học ớ thì sẽ cần có những cái nghiên cứu kéo dài thời gian và đúng chuẩn để để ra một cái kết luận là có stress nhiều hơn hay không vì vì ờ nếu mình chỉ tuyên bố không thì nó chỉ là lời tuyên bố thôi	nếu mình nói về một cái cấp độ khoa học thì sẽ cần có những cái nghiên cứu kéo dài thời gian và đúng chuẩn để để ra một cái kết luận là có st trétss hay nhiều hơn hay không vì vì nếu mình chỉ tuyên bố không á thì nó chỉ là một cái lời tuyên bố thôi	nếu mình nói về một cái cấp độ khoa học ớ thì sẽ cần có những cái nghiên cứu kéo dài thời gian và đúng chuẩn để để ra một cái kết luận là có stress nhiều hơn hay không vì vì ờ nếu mình chỉ tuyên bố không thì nó chỉ là lời tuyên bố thôi.	Nếu mình nói về một cái cấp độ khoa học thì sẽ cần có những cái nghiên cứu kéo dài thời gian và đúng chuẩn để để ra một cái kết luận là có st trétss hay nhiều hơn hay không, vì vì nếu mình chỉ tuyên bố không á thì nó chỉ là một cái lời tuyên bố thôi.
train	54249	15.00	pseudo_label	bạn nữ bạn sẽ sẽ stress và khi stress thì đâu có ham muốn có ham muốn thì làm sao mà cảm thấy thỏa mãn hay là soi trào gì được nó trở thành một cái chuyện phải làm á khi mà bạn nữ đau hoặc là không có cảm thấy thoải mái thì bạn nam bạn	bạn nữ bạn sẽ sẽ sẽ stress và khi stress thì đâu có ham muốn thì không có ham muốn thì làm sao mà cảm thấy thỏa mãn hay là sôi trào gì được nó nó trở thành một cái chuyện phải làm á khi mà bạn nữ đau hoặc là không có cảm thấy thoải mái thì bạn nam bạn cũng	bạn nữ bạn sẽ sẽ sẽ st tréts và khi st trét thì đâu có ham muốn thì h không có ham muốn thì làm sao mà cảm thấy tho mã ánn hay là sôi trào gì được nó nó trở thành một cái chuyện phải làm khi mà bạn nữ đâu hoặc là không có cảm thấy thoải mái thì bạn nam bạn	bạn nữ bạn sẽ sẽ sẽ stress và khi stress thì đâu có ham muốn thì không có ham muốn thì làm sao mà cảm thấy thỏa mãn hay là sôi trào gì được nó nó trở thành một cái chuyện phải làm á khi mà bạn nữ đau hoặc là không có cảm thấy thoải mái thì bạn nam bạn cũng.	Bạn nữ bạn sẽ sẽ sẽ st tréts, và khi st trét thì đâu có ham muốn thì h không có ham muốn thì làm sao mà cảm thấy tho mã ánn hay là sôi trào gì được nó nó trở thành một cái chuyện phải làm, khi mà bạn nữ đâu hoặc là không có cảm thấy thoải mái thì bạn nam bạn.
train	54256	10.80	pseudo_label	cái câu cái câu chuyện mà giả sử các bạn nữ cảm thấy khô trong cái mối quan hệ rằng chắc là bạn này không thích mình mặc mình không đủ hấp dẫn rồi rồi với tất cả những cái suy nghĩ	cái câu cái câu chuyện mà giả sử cái bạn nữ cảm thấy khô trong máu quan hệ rằng chắc là bạn này không thích mình hoặc mình không đủ hấp dẫn rồi rồi với tất cả những cái suy nghĩ	cái câu cái câu chuyện mà giả sử cái bạn nữ cảm thấy khô trong cái mối quan hệ rằng chắc là bạn này không thích mình mình không đủ hấp dẫn rồi rồi với tất cả những cái suy nghĩ	cái câu cái câu chuyện mà giả sử cái bạn nữ cảm thấy khô trong máu quan hệ rằng chắc là bạn này không thích mình hoặc mình không đủ hấp dẫn rồi rồi với tất cả những cái suy nghĩ.	Cái câu cái câu chuyện mà giả sử cái bạn nữ cảm thấy khô trong cái mối quan hệ rằng chắc là bạn này không thích mình mình không đủ hấp dẫn, rồi rồi với tất cả những cái suy nghĩ.
train	54268	14.30	pseudo_label	với loài người nói chung á sách còn có một cái mà những cái loài khác không có đó là cái tính giải trí chỉ có loài người mới sử dụng sách để giải trí ừ ha chứ những phần lớn những cái sinh vật khác thì họ	với loài người nói chung á sách còn có một cái mà những cái loài khác không có đó là cái tính giải trí chỉ có loài người mới sử dụng sách để giải trí ừ ha chứ những cái những phần lớn những cái cái sinh vật khác thì họ	với loài người nói chung á xét còn có một cái mà những cái loài khác không có đó là cái tính giải trí chỉ có loài người mới sử dụng xét để giải trí ừ ha chứ những những phần lớn những cái cái sinh vật khác thì họ	với loài người nói chung á sách còn có một cái mà những cái loài khác không có đó là cái tính giải trí chỉ có loài người mới sử dụng sách để giải trí ừ ha chứ những cái những phần lớn những cái cái sinh vật khác thì họ.	Với loài người nói chung á xét còn có một cái mà những cái loài khác không có đó là cái tính giải trí, chỉ có loài người mới sử dụng xét để giải trí ừ ha chứ những những phần lớn những cái cái sinh vật khác thì họ.
train	54292	13.00	pseudo_label	những cái sự đụng chạm khác những cái tương tác những cái xúc chạm khác hoặc là thậm chí là có thể hay không có thể việc sử dụng những cái công cụ hỗ trợ sử dụng đồ chơi	những cái sự đụng chạm khác những cái tương tác những cái ờ xúc chạm khác hoặc là thậm chí là có thể hay không có thể việc sử dụng những cái công cụ hỗ trợ sử dụng đồ chơi	những cái sự đụng chạm khác những cái tương tác những cái xúc chạm khác hoặc là thậm chí là có thể hay không có thể việc sử dụng những cái công cụ hỗ trợ sử dụng đồ chơi	những cái sự đụng chạm khác những cái tương tác những cái ờ xúc chạm khác hoặc là thậm chí là có thể hay không có thể việc sử dụng những cái công cụ hỗ trợ sử dụng đồ chơi.	Những cái sự đụng chạm khác, những cái tương tác, những cái xúc chạm khác, hoặc là thậm chí là có thể hay không có thể việc sử dụng những cái công cụ hỗ trợ sử dụng đồ chơi.
train	54318	14.00	pseudo_label	hiển nhiên trong cái đời sống của mỗi người cái chuyện mình có thể làm đó là mình gia tăng cái sự bao dung hơn với chính mình và mình có trách nhiệm trong cái chuyện sử dụng những cái cách thức để mình ứng phó với stress	ờ hiển nhiên trong cái cái đời sống của mỗi người cái chuyện mình có thể làm á đó là mình gia tăng cái sự bao dung hơn với chính mình và mình có trách nhiệm trong cái chuyện sử dụng những cái cách thức để mình ứng phó với stress	ờ hiển nhiên trong cái cái đời sống của mỗi người cái chuyện mình có thể làm á đó là mình gia tăng cái cái sự bao dung hơn với chính mình và mình có trách nhiệm trong cái chuyện sử dụng những cách thức để ứng phó với s tre	ờ hiển nhiên trong cái cái đời sống của mỗi người cái chuyện mình có thể làm á đó là mình gia tăng cái sự bao dung hơn với chính mình và mình có trách nhiệm trong cái chuyện sử dụng những cái cách thức để mình ứng phó với stress.	Ờ hiển nhiên, trong cái cái đời sống của mỗi người, cái chuyện mình có thể làm á đó là mình gia tăng cái cái sự bao dung hơn với chính mình, và mình có trách nhiệm trong cái chuyện sử dụng những cách thức để ứng phó với s tre.
validation	6062	15.00	pseudo_label	giới tính ở việt nam đi đâu phải là cái câu chuyện mới mẻ gì đâu đúng không nhưng mà đến bây giờ chúng ta vẫn chưa có những cái chính sách nào quá rõ ràng trong việc này cả cho nên là cầu mong đi mọi người kiểu bùng lên đi mọi người tham gia vào các cuộc livestream khi mà hả chính phủ nè quốc hội nè	giới tính ở việt nam đi đâu phải là cái câu chuyện mới mẻ ở đâu đúng không nhưng đến bây giờ chúng ta vẫn chưa có những chính sách nào quá rõ ràng trong việc này cả cho nên là cầu mong cho mọi người kiểu vùng lên để mọi người tham gia vào các cuộc livestream khi mà hả chính phủ nào quốc hội nhà đầu	giới một giới tính ở việt nam đi đâu phải là cái câu chuyện mới mẻ đâu đúng không nhưng mà đến bây giờ chúng ta vẫn chưa có những cái chính sách nào quá rõ ràng trong việc này cả cho nên là cầu mong đi mọi người kiểu bùng lên để mọi người tham gia vào các cuộc laiờrime khi mà hả chính phủ nè quốc hội nè	giới tính ở việt nam đi đâu phải là cái câu chuyện mới mẻ ở đâu đúng không nhưng đến bây giờ chúng ta vẫn chưa có những chính sách nào quá rõ ràng trong việc này cả cho nên là cầu mong cho mọi người kiểu vùng lên để mọi người tham gia vào các cuộc livestream khi mà hả chính phủ nào quốc hội nhà đầu.	Giới một giới tính ở Việt Nam đi đâu phải là cái câu chuyện mới mẻ đâu, đúng không? Nhưng mà đến bây giờ chúng ta vẫn chưa có những cái chính sách nào quá rõ ràng trong việc này cả, cho nên là cầu mong đi mọi người kiểu bùng lên để mọi người tham gia vào các cuộc laiờrime khi mà hả chính phủ nè, Quốc hội nè.
train	54470	13.10	pseudo_label	vào phan run thì làm thế nào thoát khỏi phan john có thể là mình có những cái khát khao mong muốn đi xa trong tình yêu mà không được thỏa đáng thì mình bức xúc hay là mình cảm thấy thiệt thòi nhưng mà tới một lúc nào đó mình cũng sẽ thấy rằng là	vào phen rôn thì làm thoát khỏi phen rôn có thể là mình có những cái khát khao mong muốn đi xa trong tình yêu mà không được thỏa đáng thì mình bức xúc hay là mình cảm thấy thiệt thòi nhưng mà tới một lúc nào đó mình cũng sẽ thấy rằng là	nào phen dôn thì làm nào thoát khỏi phen dôn có thể là mình có những cái khát khao mong muốn đi xa trong tình yêu mà không được thoả đáng thì mình bức xúc hay là mình cảm thấy thiệt thòi nhưng mà tới một lúc nào đó mình cũng sẽ thấy rằng là	vào phen rôn thì làm thoát khỏi phen rôn có thể là mình có những cái khát khao mong muốn đi xa trong tình yêu mà không được thỏa đáng thì mình bức xúc hay là mình cảm thấy thiệt thòi nhưng mà tới một lúc nào đó mình cũng sẽ thấy rằng là.	Nào phen dôn thì làm nào thoát khỏi Phen dôn? có thể là mình có những cái khát khao mong muốn đi xa trong tình yêu mà không được thoả đáng thì mình bức xúc hay là mình cảm thấy thiệt thòi, nhưng mà tới một lúc nào đó mình cũng sẽ thấy rằng là
train	54510	14.00	pseudo_label	bị ném vào tình bạn cho một cái john chỉ có dán nhãn là tình bạn thôi không tiến xa thêm được nữa mà rất là nhiều người ở rơi cái trạng thái này nó có thể vào một cái tình cảnh bi đát thì nó cũng là yêu đơn phương đấy chứ nhưng mà	chỉ bị ném vào tình bạn bị cho vào một cái rôn chỉ có dán nhãn là tình bạn thôi không tiến xa thêm được nữa mà rất là nhiều người ở rơi cái trạng thái này nó có thể vào một cái tình cảnh bi đát thì nó là yêu đơn phương ấy nhưng mà	b bị ném vào tình bạn bị choò cái giôn chỉ có dán nhãn là tình bạn thôi không tiến xa thêm được nữa và rất là nhiều người ở rơi cái trạng thái này nó có thể vào một cái tình cảnh bi đát thì nó là yêu đơn phương ấy chứ nhưng mà	chỉ bị ném vào tình bạn bị cho vào một cái rôn chỉ có dán nhãn là tình bạn thôi không tiến xa thêm được nữa mà rất là nhiều người ở rơi cái trạng thái này nó có thể vào một cái tình cảnh bi đát thì nó là yêu đơn phương ấy nhưng mà.	B bị ném vào tình bạn bị choò cái giôn chỉ có dán nhãn là tình bạn thôi, không tiến xa thêm được nữa, và rất là nhiều người ở rơi cái trạng thái này nó có thể vào một cái tình cảnh bi đát thì nó là yêu đơn phương ấy chứ, nhưng mà
train	54515	14.50	pseudo_label	cái người mà đã yêu rồi cho bị cho vào fanzon ấy thầy dù mình có nói rằng là hãy trân quý tình bạn này đi thì người ta vẫn thấy không đủ vẫn thấy muốn phải thoát ra khỏi cái feng john thế nhưng mà khi mình nhìn vào cái thế ngược lại đúng là chuyện tình yêu hay kể cả chuyện	cái người mà đã yêu rồi mà cho bị cho vào phen rôn ấy thầy dù mình có nói rằng là hãy trân quý tình bạn này đi thì người ta vẫn thấy không đủ vẫn thấy muốn phải thoát ra khỏi cái phen rôn thế nhưng mà khi mình nhìn vào cái thế ngược lại đúng là chuyện tình yêu hay kể cả chuyện	cái người mà đã yêu rồi mà cho bị cho vào phen dôn ấy thầy dù mình có nói rằng là hãy trân quý tình bạn này đi thì người ta vẫn thấy không đủ vẫn thấy muốn phải thoát ra khỏi cái phen dôn thế nhưng mà khi mình nhìn vào cái thế ngược lại đúng là chuyện tình yêu hay kể cả chuyện	cái người mà đã yêu rồi mà cho bị cho vào phen rôn ấy thầy dù mình có nói rằng là hãy trân quý tình bạn này đi thì người ta vẫn thấy không đủ vẫn thấy muốn phải thoát ra khỏi cái phen rôn thế nhưng mà khi mình nhìn vào cái thế ngược lại đúng là chuyện tình yêu hay kể cả chuyện.	Cái người mà đã yêu rồi mà cho bị cho vào phen dôn ấy thầy, dù mình có nói rằng là hãy trân quý tình bạn này đi thì người ta vẫn thấy không đủ, vẫn thấy muốn phải thoát ra khỏi cái phen dôn, thế nhưng mà khi mình nhìn vào cái thế ngược lại, đúng là chuyện tình yêu hay kể cả chuyện.
train	54537	14.20	pseudo_label	khi mà nhạc sĩ trịnh công sơn phát hiện ra là mình sống chưa có đủ sâu sống vội sống lướt ơ hờ với một số đối tượng thương yêu của mình là anh đã muốn đi làm mới con người mình lại tại sao mà mình lại để cho mình rơi vào cái trạng thái đó	khi mà nhạc sĩ trịnh công sơn phát hiện ra là mình sống chưa có đủ sâu sống vội sống lướt ơ hờ với một số đối tượng thương yêu của mình là anh đã muốn đi làm mới con người mình lại là tại sao mà mình lại để cho mình rơi vào cái trạng thái đó	khi mà nhạc sĩ trịnh công sơn phát hiện ra là mình sống chưa có đủ sâu sốngóng vội sóng nướct ơ hờ với một số đối tượng thương yêu của mình là anh đã muốn đi làm mới con người mình lại tại sao mà mình lại để cho mình rơi vào cái trạng thái đó	khi mà nhạc sĩ trịnh công sơn phát hiện ra là mình sống chưa có đủ sâu sống vội sống lướt ơ hờ với một số đối tượng thương yêu của mình là anh đã muốn đi làm mới con người mình lại là tại sao mà mình lại để cho mình rơi vào cái trạng thái đó.	Khi mà nhạc sĩ Trịnh Công Sơn phát hiện ra là mình sống chưa có đủ sâu, sốngóng vội, sóng nướct ơ hờ với một số đối tượng thương yêu của mình là anh đã muốn đi làm mới con người mình lại tại sao mà mình lại để cho mình rơi vào cái trạng thái đó?
train	54586	11.40	pseudo_label	thì từ đó thầy mới bắt đầu là quan sát chăm sóc chữa lành nó và vượt qua được thế rồi bây giờ thầy có rất rất nhiều những người thân là một phần có thể nói là không thể thiếu trong cuộc đời của mình	thì từ đó thì mới bắt đầu là quan sát chăm sóc chữa lành á và và vượt qua được thế rồi bây giờ thầy có rất nhiều người thân là một phần có thể nói là không thể thiếu trong cuộc đời của mình	thì từ đóầy mới bắt đầu là quan sát chăm sóc chữa lành và và vượt qua được rồi bây giờầy có rất rất nhiều những người thân là một phần có thể nói là không thể thiếu trong cuộc đời của mình	thì từ đó thì mới bắt đầu là quan sát chăm sóc chữa lành á và và vượt qua được thế rồi bây giờ thầy có rất nhiều người thân là một phần có thể nói là không thể thiếu trong cuộc đời của mình.	Thì từ đóầy mới bắt đầu là quan sát, chăm sóc, chữa lành và và vượt qua được rồi bây giờầy có rất rất nhiều những người thân là một phần có thể nói là không thể thiếu trong cuộc đời của mình.
train	54598	12.40	pseudo_label	dựa trên một cái từ có sẵn đó là in dipence thì bây giờ là inter depence tức là chúng ta liên lập với nhau để tồn tại vậy thì có những lúc chúng ta cần tách ra để làm mới chính mình	dựa trên một cái từ có sẵn đó là in đi pen đừn thì bây giờ in tơ đi pen đừn tức là chúng ta liên lập với nhau để tồn tại vậy thì có những lúc chúng ta cần tách ra để làm mới chính mình		dựa trên một cái từ có sẵn đó là in đi pen đừn thì bây giờ in tơ đi pen đừn tức là chúng ta liên lập với nhau để tồn tại vậy thì có những lúc chúng ta cần tách ra để làm mới chính mình.	 ⁇ 
train	54599	13.10	pseudo_label	mình làm mới chính mình mình nạp năng lượng đủ đầy mình cảm thấy bình an cảm thấy vui vẻ cảm thấy nhiều năng lượng cảm thấy yêu đời rồi thì mình hãy bước trở ra để kết nối cộng đồng và xã hội bước ra ngoài kia	mình làm mới chính mình mình nạp năng lượng đủ đầy mình cảm thấy bình an cảm thấy vui vẻ cảm thấy nhiều năng lượng cảm thấy yêu đời rồi thì mình hãy bước trở ra để kết nối cộng đồng và xã hội bước ra ngoài kia		mình làm mới chính mình mình nạp năng lượng đủ đầy mình cảm thấy bình an cảm thấy vui vẻ cảm thấy nhiều năng lượng cảm thấy yêu đời rồi thì mình hãy bước trở ra để kết nối cộng đồng và xã hội bước ra ngoài kia.	 ⁇ 
train	55115	14.70	pseudo_label	tại vì nó là một cái nó cứ như một cái rào cản con người ta khi mà tiến đến quan hệ tình dục lần đầu tiên và nó luôn kèm với đau đớn mắt trinh là cứ về chảy máu đúng không xong rồi ví dụ như không chảy máu thì là bắt đầu là	tại vì nó là một cái nó cứ như một cái rào cản con người ta khi mà tiến đến quan hệ tình dục lần đầu tiên và nó luôn kèm với đau đớn mất trinh là cứ vẻ chảy máu đúng không xong rồi ví dụ như không chảy máu thì là bắt đầu là	tại vì nó là một cái nó cứ như một cái rào cản con người ta khi mà tiến đến quan hệ tình dục lần đầu tiên và nó luôn kèm với đau đớn mắt trinh là cứ v phải chảy máu đúng không x xong rồi ví dụ như không chảy máu thì là bắt đầu là	tại vì nó là một cái nó cứ như một cái rào cản con người ta khi mà tiến đến quan hệ tình dục lần đầu tiên và nó luôn kèm với đau đớn mất trinh là cứ vẻ chảy máu đúng không xong rồi ví dụ như không chảy máu thì là bắt đầu là.	Tại vì nó là một cái nó cứ như một cái rào cản con người ta khi mà tiến đến quan hệ tình dục lần đầu tiên và nó luôn kèm với đau đớn mắt Trinh là cứ v phải chảy máu đúng không? X xong rồi, ví dụ như không chảy máu thì là bắt đầu là.
train	55138	14.80	pseudo_label	trăng trăng thành giỏ man cảm giác lúc đấy là là thậm chí thùy vinh có viết một cái cuốn sách thì cái chương đầu tiên của nó tên là làm tình như thỏ cái thời thỏ là cái loài động vật mà kiểu như là nó kiểu sinh sản nhanh nhất ý	chẳng trăng thành gió mát cảm giác lúc đấy là là thậm chí thì mình có viết một cái cuốn sách thì cái chương đầu tiên của nó tên là làm tình như thỏ vì cái cái thời thỏ là cái loài động vật mà kiểu như là nó kiểu sinh sản nhanh nhất ý	trắc trăng thanh gió mát cảm giác lúc đấy là là thậm chí thì vinh có viết một cái cuốn sách thì cái chương đầu tiên của nó tên là làm tình như thỏ mình nghĩ cái thời thỏ là cái loài động vật mà kiểu như là nó kiểu sinh sản nhanh nhất ý	chẳng trăng thành gió mát cảm giác lúc đấy là là thậm chí thì mình có viết một cái cuốn sách thì cái chương đầu tiên của nó tên là làm tình như thỏ vì cái cái thời thỏ là cái loài động vật mà kiểu như là nó kiểu sinh sản nhanh nhất ý.	Trắc trăng thanh gió mát, cảm giác lúc đấy là là thậm chí thì Vinh có viết một cái cuốn sách thì cái chương đầu tiên của nó tên là làm tình như thỏ mình nghĩ cái thời thỏ là cái loài động vật mà kiểu như là nó kiểu sinh sản nhanh nhất ý.
train	55164	15.00	pseudo_label	phải hiểu lại về cái chữ chinh tiết ở đây đó cái lần đầu tiên thì cái lần đầu tiên nó luôn luôn đi kèm với rất là nhiều những cái khó khăn và những cái cần phải hiểu với chị cũng muốn đưa chị cảm giác nó có một cái bất bình đẳng giới trong cái vấn đề chinh tiết nên chị mới hay nói đùa là tại sao phụ nữ đàn ông thì	phải hiểu lại về cái chữ trinh tiết ở đây đó cái lần đầu tiên thì cái lần đầu tiên nó luôn luôn đi kèm thấy rất là nhiều những cái khó khăn và những cái cần phải hiểu với chị cũng muốn đưa chị cảm giác nào có một cái bất bình đẳng giới trong cái vấn đề trinh tiết nên chị mới hay nói đùa là tại sao phụ nữ đàn ông thì	phải hiểu lại về cái chữ chi tiết ở đấy ra cái lần đầu tiên thì cái lần đầu tiên nó luôn luôn đi kèm với rất là nhiều những cái khó khăn và những cái cần phải hiểu với chị cũng muốn đưa chị cảm giác nó có một cái bất bình đẳng giới trong cái vấn đề chi tiết nên chị mới hay nói đùa là tại sao phụ nữ đàn ông thì	phải hiểu lại về cái chữ trinh tiết ở đây đó cái lần đầu tiên thì cái lần đầu tiên nó luôn luôn đi kèm thấy rất là nhiều những cái khó khăn và những cái cần phải hiểu với chị cũng muốn đưa chị cảm giác nào có một cái bất bình đẳng giới trong cái vấn đề trinh tiết nên chị mới hay nói đùa là tại sao phụ nữ đàn ông thì.	Phải hiểu lại về cái chữ chi tiết ở đấy ra cái lần đầu tiên thì cái lần đầu tiên nó luôn luôn đi kèm với rất là nhiều những cái khó khăn và những cái cần phải hiểu với chị cũng muốn đưa chị cảm giác nó có một cái bất bình đẳng giới trong cái vấn đề chi tiết nên chị mới hay nói đùa là tại sao phụ nữ đàn ông thì
train	55217	10.90	pseudo_label	nó sẽ xảy ra y như lần đầu tiên ấy thì cái việc mà càng chuẩn bị kỹ mình không có thể dùng câu này cũng là câu của nam này đôi khi lời khuyên của người này thì là voucher hết hạn của người khác	nó sẽ xảy ra ít là cái lần đầu tiên ý thì cái việc mà càng chuẩn bị kỹ mình không có thể dùng câu này là câu của nam này đôi khi lời khuyên của người này thì lại là vào chờ hết hạn người khác ừ ờ	nó sẽ xảy ra y là cái lần đầu tiên ấy thì cái việc mà càng chuẩn bị kỹ mình không có thể dùng câu này là câu của nam này đôi khi lời khuyên của n người này thì là bao chờ hết hạn người khác	nó sẽ xảy ra ít là cái lần đầu tiên ý thì cái việc mà càng chuẩn bị kỹ mình không có thể dùng câu này là câu của nam này đôi khi lời khuyên của người này thì lại là vào chờ hết hạn người khác ừ ờ.	Nó sẽ xảy ra y là cái lần đầu tiên ấy thì cái việc mà càng chuẩn bị kỹ, mình không có thể dùng câu này là câu của nam này. Đôi khi lời khuyên của n người này thì là bao chờ hết hạn người khác.
validation	6165	15.00	pseudo_label	là bọn mình cũng vừa trải qua một cái hành trình rất là dài cùng với cởi mở đi unitur cũng vừa đặt chân đến quay lại thành phố hồ chí minh và cũng được tham gia ngay vào season hai với tư cách là khách mời	là bọn mình cũng vừa trải qua một cái hành trình rất là dài cùng với cởi mở đi iu ni tua cũng vừa đặt chân đến quay lại thành phố hồ chí minh và cũng được tham gia ngay vào si tường hai với tư cách là khách mời	là bọn mình cũng vừa trải qua một cái hành trình rất là dài c cùng với cởi mở đi u ni chu cũng vừa đặt chân đến quay lại thành phố hồ chí minh và cũng được tham gia ngay vào seần hai với tư cách là khách mời	là bọn mình cũng vừa trải qua một cái hành trình rất là dài cùng với cởi mở đi iu ni tua cũng vừa đặt chân đến quay lại thành phố hồ chí minh và cũng được tham gia ngay vào si tường hai với tư cách là khách mời.	Là bọn mình cũng vừa trải qua một cái hành trình rất là dài, C cùng với cởi mở đi U ni Chu cũng vừa đặt chân đến quay lại Thành phố Hồ Chí Minh và cũng được tham gia ngay vào Seần hai với tư cách là khách mời.
validation	6170	14.00	pseudo_label	này cho trái chuối này clori ho của em hình có cái dạng là giấu nó đi nói thì nói thuốc kia được hết rồi chị nhớ khác	này cho chén chuối này cờ lo ri hô của em thì là của cái dạng nháu đó đây nói thì nói luôn đường tết rồi chị nhá lụa lúa khá là nhiều chắc	n này choé chuối này o ry hô giáu nó nè nói nói rút nướcách rồi chị nhất của lỗ khác mà chắc	này cho chén chuối này cờ lo ri hô của em thì là của cái dạng nháu đó đây nói thì nói luôn đường tết rồi chị nhá lụa lúa khá là nhiều chắc.	N này choé chuối này,o ry hô giáu nó nè nói nói rút, nướcách rồi, chị nhất của lỗ khác mà chắc.
validation	6173	12.60	pseudo_label	mình muốn níu giữ cái người đó bằng tình dục giống như anh hay hay nói luôn á nè tức là mình níu giữ họ bằng tình dục và kiểu mình los luôn kiểu mình đánh mất chính mình luôn coi như là em đã có ba năm rưỡi đánh mất em luôn á mọi người	mình muốn níu giữ cái người đó bằng tình dục giống như anh hay hay nói luôn ý em tức là mình níu giữ họ bằng tình dục và kiểu mình lót luôn kiểu mình đánh mất chính mình luôn coi như là em đã có ba năm rưỡi đánh mất em luôn của mọi người	mình muốn níu giữ cái người đó bằng tình dục giống như anh hay hay nói luôn á em tức là mình níu giữ họ bằng tình dục vào kiểu mình lót luôn kiểu mình chính đánh mất chính mình luôn coi như là em đã có ba năm rưỡi đánh mất em luôn á mọi người	mình muốn níu giữ cái người đó bằng tình dục giống như anh hay hay nói luôn ý em tức là mình níu giữ họ bằng tình dục và kiểu mình lót luôn kiểu mình đánh mất chính mình luôn coi như là em đã có ba năm rưỡi đánh mất em luôn của mọi người.	Mình muốn níu giữ cái người đó bằng tình dục giống như anh hay hay nói luôn á em tức là mình níu giữ họ bằng tình dục vào kiểu mình lót luôn kiểu mình chính đánh mất chính mình luôn coi như là em đã có ba năm rưỡi, đánh mất em luôn á, mọi người.
train	56740	15.00	pseudo_label	cái cơ hội là một nhiếp ảnh gia được giải một cái giải thưởng quốc tế như thế này trong lịch sử trừ chú ni út là đúng là cái khoảnh khắc chiến tranh quá đặc biệt mai ca là minh muốn nhắc lại là cái thời điểm cách đây cũng hơn mười năm rồi là với dự án the pin choi đúng không	cái cơ hội là một ừ nhiếp ảnh gia được giải một cái giải thưởng quốc tế như này trong lịch sử trừ chùn ních út là đúng là cái khoảnh khắc chiến tranh quát đặt đặc biệt ở mai ca là thì minh muốn nhắc lại là cái thời điểm cách đây cũng hơn mười năm rồi là ờm với dự án tơ pinh choi	cái cơ hội là một nhiếp ảnh gia được giải một cái giải thưởng quốc tế như này trong lịch sử trừ chú ních út là đúng là cái khoảnh khắc chiến tranh qu quáắt đặc biệt mai ca là thì mình muốn nhắc lại là cái thời điểm cách đây cũng hơn mười năm rồi là với dự ánờinh choi không ạ	cái cơ hội là một ừ nhiếp ảnh gia được giải một cái giải thưởng quốc tế như này trong lịch sử trừ chùn ních út là đúng là cái khoảnh khắc chiến tranh quát đặt đặc biệt ở mai ca là thì minh muốn nhắc lại là cái thời điểm cách đây cũng hơn mười năm rồi là ờm với dự án tơ pinh choi.	Cái cơ hội là một nhiếp ảnh gia được giải một cái giải thưởng quốc tế như này trong lịch sử trừ chú Ních út là đúng là cái khoảnh khắc chiến tranh qu quáắt đặc biệt Mai ca là thì mình muốn nhắc lại là cái thời điểm cách đây cũng hơn mười năm rồi là với dự ánờinh Choi không ạ.
train	56779	13.00	pseudo_label	rất là giỏi mình phải theo chẳng hạn thì em thứ nhất là em không bị những cái đó thứ hai nữa là thì mình cứ vô tư làm cái việc của mình nhưng mà cái lần đầu tiên lần đầu tiên mà em ra nước ngoài trong một cái sự kiện nhiếp ảnh là hai không lẻ tám	ờ rất là giỏi mình phải theo chẳng hạn thì em thứ nhất là em không bị những cái đó thứ hai nữa là thì mình cứ vô tư làm cái việc của mình nhưng mà cái lần đầu tiên lần đầu tiên mà em ra nước ngoài cho một sự kiện nhiếp ảnh là hai không lẻ tám	r rất là giỏi mình phải theo chẳng hạn thì em thứ nhất là em không bị những cái đó thứ hai nữa là thì mình cứ vô tư làm cái việc của mình nhưng mà cái lần đầu tiên lần đầu tiên mà em ra nước ngoài cho một cái sự kiện nhiếp ảnh là hai không lẻ tám	ờ rất là giỏi mình phải theo chẳng hạn thì em thứ nhất là em không bị những cái đó thứ hai nữa là thì mình cứ vô tư làm cái việc của mình nhưng mà cái lần đầu tiên lần đầu tiên mà em ra nước ngoài cho một sự kiện nhiếp ảnh là hai không lẻ tám.	R rất là giỏi, mình phải theo, chẳng hạn thì em thứ nhất là em không bị những cái đó. Thứ hai nữa là thì mình cứ vô tư làm cái việc của mình, nhưng mà cái lần đầu tiên lần đầu tiên mà em ra nước ngoài cho một cái sự kiện nhiếp ảnh là hai không lẻ tám.
train	56781	15.00	pseudo_label	mà có thể kể được bằng nghệ thuật để nói về cái việc là họ đã vượt qua cái khủng hoảng kinh tế đấy như là đại loại như thế nói chung là trong cái ba mươi người đấy thì hai mươi chín người còn lại em không biết tại sao họ chọn em nhưng mà đều là những người mà ở thời điểm đấy là đã làm cho các arc này rồi đã rất là nổi tiếng đã được public	mà có thể kể được bằng nghệ thuật để nói về cái việc là họ đã vượt qua cái khủng hoảng kinh tế đấy như đại lạ như thế nói chung là trong cái ba mươi người đấy thì hai mươi chín người còn lại em không biết tại sao họ chọn em nhưng mà đều là những người mà ở thời điểm đấy là đã làm cho các ây dần xi này rồi đã rất là nổi tiếng đã được bắp lích	mà có thể kể được bằng nghệ thuật để nói về cái việc là họ đã vượt qua cái khủng hoảng kinh tế đấy nhưng là đại lại như thế nói chung là trong cái ba mươi người đấy thì hai mươi chín người còn lại em không biết tại sao họ chọn em nhưng mà đều là những người mà ở thời điểm đấy là đã làm cho các cái den xi này rồi đã rất là nổi tiếng đã được pắp lích	mà có thể kể được bằng nghệ thuật để nói về cái việc là họ đã vượt qua cái khủng hoảng kinh tế đấy như đại lạ như thế nói chung là trong cái ba mươi người đấy thì hai mươi chín người còn lại em không biết tại sao họ chọn em nhưng mà đều là những người mà ở thời điểm đấy là đã làm cho các ây dần xi này rồi đã rất là nổi tiếng đã được bắp lích.	Mà có thể kể được bằng nghệ thuật để nói về cái việc là họ đã vượt qua cái khủng hoảng kinh tế đấy, nhưng là đại lại như thế, Nói chung là trong cái ba mươi người đấy thì hai mươi chín người còn lại em không biết tại sao họ chọn em, nhưng mà đều là những người mà ở thời điểm đấy là đã làm cho các cái den xi này rồi đã rất là nổi tiếng đã được pắp lích.
train	56822	11.00	pseudo_label	cũng một ý của bạn ấy nói là bạn ấy bạn ấy lật chào bạn tính cộng đồng ừ tức là nhìn thấy rõ cái các cái góc nhìn và tính cộng đồng ở trong đó thì	cũng một ý của bạn ấy nói là bạn ấy bạn ấy lật chào bạn tính cộng đồng tôi nhìn thấy rõ các cái góc nhìn và tính cộng đồng ở trong đó thì	cũng một ý của bạn ấy nói là bạn ấy bạn ấy là chào bạn tính tính cộng đồng tức nhìn thấy rõ cái các cái góc nhìn và tính cộng đồng ở trong đó thì	cũng một ý của bạn ấy nói là bạn ấy bạn ấy lật chào bạn tính cộng đồng tôi nhìn thấy rõ các cái góc nhìn và tính cộng đồng ở trong đó thì.	Cũng một ý của bạn ấy nói là bạn ấy, bạn ấy là chào bạn tính tính cộng đồng tức nhìn thấy rõ cái các cái góc nhìn và tính cộng đồng ở trong đó thì
train	56835	10.50	pseudo_label	nhưng mà thực ra sau này tất cả những dự án em làm đều liên quan đến sõi học thì em cũng không nhận ra đâu nhưng mà kiểu các anh chị khóa trên của em bảo ơ mày toàn là xã học thì mình thấy là có thể mình không tập trung một trăm phần trăm	nhưng mà thực ra sau này tất cả những dự án em làm đều liên quan đến sõi học thì em cũng không nhận ra đâu nhưng mà kêu các anh chị khoá trên của em bảo ơ mày ta là sõi học thì mình thấy rằng có thể mình không tập trung một trăm phần trăm	nhưng mà thực ra sau này tất cả những dự án em làm điều liên quan đến xã sẽi học thì em không nhận ra đâu nhưng mà kiểu các anh chịa trên của em bảo ớ mà ta là sõi học thì mình thấy là có thể mình không tập trung một trăm phần trăm	nhưng mà thực ra sau này tất cả những dự án em làm đều liên quan đến sõi học thì em cũng không nhận ra đâu nhưng mà kêu các anh chị khoá trên của em bảo ơ mày ta là sõi học thì mình thấy rằng có thể mình không tập trung một trăm phần trăm.	Nhưng mà thực ra sau này tất cả những dự án em làm điều liên quan đến xã sẽi học thì em không nhận ra đâu, nhưng mà kiểu các anh chịa trên của em bảo ớ mà ta là sõi học thì mình thấy là có thể mình không tập trung một trăm phần trăm.
validation	6349	13.20	pseudo_label	thì lúc đấy khi mà em giới thiệu về cái hiki comoy thì các em nói nhiều đấy là câu chuyện của các nhân vật chứ không phải là hình ảnh và cái hình ảnh của em cũng không quan trọng là cần chụp đẹp bởi vì lúc đấy câu chuyện nó mới là thứ quan trọng thì tùy vào thời gian mình có	thì lúc đấy khi mà em giới thiệu về cái hi kê cô mô ri ý thì các em nói nhiều đấy là câu chuyện của các nhân vật chứ không phải là hình ảnh và cái hình ảnh cũng không quan trọng là cần chụp đẹp bởi vì lúc đấy câu chuyện nó mới là thứ quan trọng thì tùy vào thời gian mình có	thì lúc đấy khi mà em giới thiệu về cái hii cô mo ri thì cái em nói nhiều lại là câu chuyện của các nhân vật chứ không phải là hình ảnh và cái ảnh của em cũng không quan trọng là cần chụp đẹp bởi vì lúc đấy câu chuyện nó mới là thứ quan trọng thì vào thời gian mình có	thì lúc đấy khi mà em giới thiệu về cái hi kê cô mô ri ý thì các em nói nhiều đấy là câu chuyện của các nhân vật chứ không phải là hình ảnh và cái hình ảnh cũng không quan trọng là cần chụp đẹp bởi vì lúc đấy câu chuyện nó mới là thứ quan trọng thì tùy vào thời gian mình có.	Thì lúc đấy, khi mà em giới thiệu về cái hii cô mo ri thì cái em nói nhiều lại là câu chuyện của các nhân vật chứ không phải là hình ảnh và cái ảnh của em cũng không quan trọng là cần chụp đẹp, bởi vì lúc đấy câu chuyện nó mới là thứ quan trọng thì vào thời gian mình có.
validation	6352	10.10	pseudo_label	cái này thú vị nhá ngoài chuyện em nghe hep nhưng mà em cũng từng ở trên squa rất là nhiều lần á thì thực ra khi mà chị hỏi ai thì em cũng sẽ có một câu trả lời trong đầu mình đúng không	cái này thú vị nhá nói chuyện em nghe hết một sít nhưng mà em cũng từng ở trên sét quay rất nhiều lần á thì thực ra khi mà chị hỏi ai thì cũng sẽ có một câu trả lời trong đầu mình đúng không	cái này thú vị nhá ngoài chuyện em nghe h hết một síp nhưng mà em cũng từng ở trên sế quay rất là nhiều lần nữa thì thực ra khi mà chị hỏi ai thì em cũng sẽ có một câu trả lời trong đầu mình đúng không	cái này thú vị nhá nói chuyện em nghe hết một sít nhưng mà em cũng từng ở trên sét quay rất nhiều lần á thì thực ra khi mà chị hỏi ai thì cũng sẽ có một câu trả lời trong đầu mình đúng không.	Cái này thú vị nhá, ngoài chuyện em nghe h hết một síp, nhưng mà em cũng từng ở trên sế quay rất là nhiều lần nữa, thì thực ra khi mà chị hỏi ai thì em cũng sẽ có một câu trả lời trong đầu mình đúng không?
train	57023	13.80	pseudo_label	cái ý thứ hai nữa là sự tổn thương nó giống như một cái vaccine để nâng cao cái hệ miễn dịch của mình nhưng ở đây rất có ý nghĩa là đôi khi mình thấy tổn thương cần thiết để tăng cường một cái sự miễn dịch tinh thần để đối mặt với những thử thách lớn hơn	ký ý thứ hai nữa là sự tổn thương đến giống như một cái vắc xin để nâng cao cái hệ miễn dịch của mình nhưng ở đây nó có ý nghĩa là đôi khi mình thấy tổn thương cần thiết để tăng cường cái sự miễn dịch tinh thần để đối mặt với những thử thách lớn hơn		ký ý thứ hai nữa là sự tổn thương đến giống như một cái vắc xin để nâng cao cái hệ miễn dịch của mình nhưng ở đây nó có ý nghĩa là đôi khi mình thấy tổn thương cần thiết để tăng cường cái sự miễn dịch tinh thần để đối mặt với những thử thách lớn hơn.	 ⁇ 
train	57028	10.60	pseudo_label	ờ chúng ta đã nói với nhau ngay từ đầu đúng không là bản thân những cái cảm giác tiêu cực hoặc là những cảm xúc tiêu cực đấy nó chưa phải là tổn thương nó chưa gây ra những tổn thương đâu	ơ chúng ta đã nói với nhau ngay từ đầu tức là ừ bản thân những cái cảm giác tiêu cực hoặc là những cảm xúc tiêu cực cái nó chưa phải là tổn thương nó chưa gây ra những tổn thương đâu	chúng chúng ta đã nói với nhau ngay từ đầu đúng là bản thân những cái cảm giác tiêu cực hoặc là những cảm xúc tiêu cực đấy nó chưa phải là tổn thương nó chưa gây ra những tổn thương đâu	ơ chúng ta đã nói với nhau ngay từ đầu tức là ừ bản thân những cái cảm giác tiêu cực hoặc là những cảm xúc tiêu cực cái nó chưa phải là tổn thương nó chưa gây ra những tổn thương đâu.	Chúng, chúng ta đã nói với nhau ngay từ đầu đúng là bản thân những cái cảm giác tiêu cực hoặc là những cảm xúc tiêu cực đấy nó chưa phải là tổn thương, nó chưa gây ra những tổn thương đâu.
train	57044	10.00	pseudo_label	thì trong trường hợp đó thì lý do tại sao và lời khuyên của chị nhập nếu gặp cái trường hợp người đến thăm người đến xin tư vấn	thì trong trường hợp đó thì lý do tại sao và lời khuyên của chị nhập nếu gặp cái trường hợp người đến hăm người đến xin tư vấn	thì trong trường hợp đó thì lý do tại sao và lời khuyên của chị nếu gặp cái trường hợp người đến thăm người đến xin tư vấn	thì trong trường hợp đó thì lý do tại sao và lời khuyên của chị nhập nếu gặp cái trường hợp người đến hăm người đến xin tư vấn.	Thì trong trường hợp đó thì lý do tại sao và lời khuyên của chị nếu gặp cái trường hợp người đến thăm người đến xin tư vấn.
train	57074	10.30	pseudo_label	thì cái tốc độ làm việc của các bạn rồi cái cái thời gian để cho mọi người thật sự là được nghỉ ngơi được trở về với chính mình thật ra nó rất là giới hạn	à thì cái tốc độ làm việc của các bạn rồi ờ cái cái ơ cái thời gian để cho mọi người thực sự là được nghỉ ngơi được trở về với chính mình thật ra nó rất là giới hạn	thì cái tốc độ làm việc của các bạn rồi cái cái cái thời gian để cho mọi người thực sự là được nghỉ ngơi được trở về với chính mình th thật ra nó rất là giới hạn	à thì cái tốc độ làm việc của các bạn rồi ờ cái cái ơ cái thời gian để cho mọi người thực sự là được nghỉ ngơi được trở về với chính mình thật ra nó rất là giới hạn.	Thì cái tốc độ làm việc của các bạn rồi cái cái cái thời gian để cho mọi người thực sự là được nghỉ ngơi, được trở về với chính mình. Th thật ra nó rất là giới hạn.
train	57077	12.20	pseudo_label	đối với nhiều người hay không thì tiên nghĩ là có thể đối với một số người thì nó ở cái mức độ nó gọi là rất là cần luôn thay vì bình thường mình sẽ vẫn sẽ có những cái hoạt động như vậy một cách tự nhiên trong năm	đối với nhiều người hay không thì tiên nghĩ là có thể đối với một số người thì nó ở cái mức độ nó gọi là rất là cần luôn thay vì bình thường mình sẽ vẫn sẽ có những cái hoạt động như vậy một cách tự nhiên trong năm	đối với nhiều người hay không thìiên nghĩ là có thể đối với một số người thì nó ở cái mức độ nó gọi là rất là cần luôn thay vì bình thường mình sẽ vẫn sẽ có những cái hoạt động như vậy một cách tự nhiên trong năm	đối với nhiều người hay không thì tiên nghĩ là có thể đối với một số người thì nó ở cái mức độ nó gọi là rất là cần luôn thay vì bình thường mình sẽ vẫn sẽ có những cái hoạt động như vậy một cách tự nhiên trong năm.	Đối với nhiều người hay không thìiên nghĩ là có thể đối với một số người thì nó ở cái mức độ nó gọi là rất là cần luôn, thay vì bình thường, mình sẽ vẫn sẽ có những cái hoạt động như vậy một cách tự nhiên trong năm.
train	57080	10.50	pseudo_label	bạn bè xuống cái mình mang thức ăn đồ uống tới cái tự nhiên chỗ đó nó ồn y cha như thành phố đó thì có những cái chuyện mà mình cũng vì là mình theo thói quen	bạn bè xuống cái mình mang thức ăn đồ uống tới cái tự nhiên chỗ đó nó ồn y chang như thành phố đó thì có những cái chuyện mà mình cũng vì là mình theo thói quen	bạn bè xuống cái mình mang thức ăn đồ uống tới cái tự nhiên chỗ đó nó ồn y trang như thành phố đó thì có những cái chuyệnờ mà mình cũng vì là mình theo thói quen	bạn bè xuống cái mình mang thức ăn đồ uống tới cái tự nhiên chỗ đó nó ồn y chang như thành phố đó thì có những cái chuyện mà mình cũng vì là mình theo thói quen.	Bạn bè xuống cái mình mang thức ăn đồ uống tới, cái tự nhiên chỗ đó nó ồn y trang như thành phố đó thì có những cái chuyệnờ mà mình cũng vì là mình theo thói quen.
validation	6371	11.60	pseudo_label	và chúng ta diễn dịch nên con voi nó vẫn là con voi con voi là sự thật nhưng mà thông qua cặp mắt của ông dũng vì ông dũng ông bị giới hạn thì ông chỉ thấy được cái tai con voi thôi ông hùng thì thấy được cái chân con voi	và chúng ta diễn dịch nên con voi nó vẫn là con voi con voi là sự thật nhưng mà thông qua cặp mắt của ông dũng vì ông dũng ông bị giới hạn thì ông chỉ thấy được cái tai con voi thôi ông hùng thì thấy được cái chân con voi	và chúng ta diễn dịch nên con voi nó vẫn là con voi con voi là sự thật nhưng mà thông qua cặp mắt của ông dũng vì ông dũng ông bị giới hạn thì ông chỉ thấy được cái tai con voi thôi ông hùng thì thấy được cái chân con voi	và chúng ta diễn dịch nên con voi nó vẫn là con voi con voi là sự thật nhưng mà thông qua cặp mắt của ông dũng vì ông dũng ông bị giới hạn thì ông chỉ thấy được cái tai con voi thôi ông hùng thì thấy được cái chân con voi.	Và chúng ta diễn dịch nên con voi nó vẫn là con voi, con voi là sự thật, nhưng mà thông qua cặp mắt của ông Dũng, vì ông Dũng ông bị giới hạn, thì ông chỉ thấy được cái tai con voi thôi, Ông Hùng thì thấy được cái chân con voi.
train	57157	14.40	pseudo_label	thế sáng uống gì thì mình sẽ mời thế last xin bảo uyên gì cũng được ừ thì có phải là bạn là người rất là dễ tính không tức là bạn không có kỳ dễ dại luôn thôi nhưng mà nếu mà bạn được chọn buổi sáng thì bạn sẽ uống thường uống gì cà phê sữa đá	thế sáng uống gì thì mình sẽ mời thế đơ sinh bảo uống gì cũng được thì có vẻ là bạn là người rất là dễ tính không tức là bạn không có cực kỳ dễ dãi luôn chứ không nhưng mà nếu mà bạn được chọn buổi sáng thì bạn sẽ uống thường uống gì cà phê xổ đá	thế sáng uống gì thì mình sẽ mời thế xin mà quênuống gì cũng được ừ thế có vẻ là bạn là người rất là dễ tính không t tức là bạn không ơ kỳ dễ d luôn không nhưng mà nếu mà bạn được chọn buổi sáng thì bạn sẽ uống thương uống gì cà phê số đá	thế sáng uống gì thì mình sẽ mời thế đơ sinh bảo uống gì cũng được thì có vẻ là bạn là người rất là dễ tính không tức là bạn không có cực kỳ dễ dãi luôn chứ không nhưng mà nếu mà bạn được chọn buổi sáng thì bạn sẽ uống thường uống gì cà phê xổ đá.	Thế sáng uống gì thì mình sẽ mời thế xin mà quênuống gì cũng được. Ừ thế có vẻ là bạn là người rất là dễ tính không? T tức là bạn không ơ kỳ dễ d luôn không, nhưng mà nếu mà bạn được chọn buổi sáng thì bạn sẽ uống thương uống gì, cà phê số đá.
train	57169	13.30	pseudo_label	mấy cái capcon the share mọi người ông ấy hay tách hàng nhân vật đấy ra và đúng nếu mà được em cũng có thể là chọn một cái cuốn của murakami nữa nó có một cái sự phức tạp nào đó trong cách	ờ mấy cái cáp cao nửa so mọi người cậu ông này hay tách hành nhân vật để ra và đúng nếu mà mà được dạ em cũng có thể là chọn một cái cuốn của mura kami nữa ừ nó có một sự phức tạp nào đó trong các	m mấy cái cáta nơ s so mọi người ông ấy hay tất cả nhân vật đấy ra và đúng nếu mà được đạt em cũng có thể là chọn một cái cuốn của m ra ca mi nữa nó có một cái sự phức tạp nào đó trong các	ờ mấy cái cáp cao nửa so mọi người cậu ông này hay tách hành nhân vật để ra và đúng nếu mà mà được dạ em cũng có thể là chọn một cái cuốn của mura kami nữa ừ nó có một sự phức tạp nào đó trong các.	M mấy cái cáta nơ s so, mọi người ông ấy hay tất cả nhân vật đấy ra và đúng, nếu mà được đạt, em cũng có thể là chọn một cái cuốn của m ra ca mi nữa nó có một cái sự phức tạp nào đó trong các.
train	57173	13.10	pseudo_label	trong việc và đã gặp rất là nhiều thực ra một cái lợi thế của người trước mắt là người dẫn chương trình đã cái việc là anh ta có quyết định trở thành người kể chuyện hay không thì là quyết định sao đến sau đó	trong việc mà đã gặp rất là nhiều thực ra một cái lợi thế của người trước mắt là người dẫn chương trình đã cái việc là anh ta có quyết định trở thành người kể chuyện hay không thì là quyết định sau đến sau đó	trong việc bà đã gặp rất là nhiều thực ra một cái lợi thế của người trước mắt là người dẫn chương trình đã cái việc là anh ta có quyết định trở thành người kể chuyện hay không thì là quyết định sao đến sau đó	trong việc mà đã gặp rất là nhiều thực ra một cái lợi thế của người trước mắt là người dẫn chương trình đã cái việc là anh ta có quyết định trở thành người kể chuyện hay không thì là quyết định sau đến sau đó.	Trong việc bà đã gặp rất là nhiều thực ra một cái lợi thế của người trước mắt là người dẫn chương trình đã cái việc là anh ta có quyết định trở thành người kể chuyện hay không thì là quyết định sao đến sau đó.
train	57190	12.70	pseudo_label	trên yout commy của em luôn mà mình nhận rất là nhiều tranh cãi mà có một cái tranh cãi kiểu rapper nữ grab thì cũng vậy thôi wow ok	trên riu túp căm mỹ tỷ của em luôn và nhận rất nhiều tranh cãi ô mai gệt có một cái tranh cãi kiểu kiểu a ráp bơ nữ có ráp thì cũng vậy thôi wow ok	u u tuúp m ti của em luôn mà mình nhận rất là nhiều tranh cãi màờ có một cái tranh cãi kiểu kiểu raáp bơ nữ của ráp thì cũng vậy thôi ôê	trên riu túp căm mỹ tỷ của em luôn và nhận rất nhiều tranh cãi ô mai gệt có một cái tranh cãi kiểu kiểu a ráp bơ nữ có ráp thì cũng vậy thôi wow ok.	u u tuúp m ti của em luôn mà mình nhận rất là nhiều tranh cãi màờ có một cái tranh cãi kiểu kiểu raáp bơ nữ của ráp thì cũng vậy thôi  Ôê.
train	57205	14.80	pseudo_label	bastoris là nó có một cái tiêu chuẩn quá khắt khe cho khách mời cho nên là đôi khi em còn cảm thấy mệt nữa em bị cảm thấy mệt và em em đặt mình vào những nghệ sĩ mới và trẻ và kiểu cũng không có tiền giống như em ngày xưa và	ba sờ ta ri làm nó có một cái tiêu chuẩn quá khắt khe cho khách mời cho nên đôi khi còn cảm thấy mệt nữa em bị cảm thấy mệt và em em đặt mình vào những nghệ sĩ mới và trẻ và kiểu cũng không có tiền giống như em ngày xưa	bác tôi ri làm nó có một cái tiêu chuẩn quá khắt khe cho khách mời cho nên là đôi khi em còn cảm thấy mệt nữa em vì cảm thấy mệt và em em đặt mình vào những nghệ sĩ mới và trẻ và kiểu cũng không có tiền giống như em ngày xưa và	ba sờ ta ri làm nó có một cái tiêu chuẩn quá khắt khe cho khách mời cho nên đôi khi còn cảm thấy mệt nữa em bị cảm thấy mệt và em em đặt mình vào những nghệ sĩ mới và trẻ và kiểu cũng không có tiền giống như em ngày xưa.	Bác tôi ri làm nó có một cái tiêu chuẩn quá khắt khe cho khách mời, cho nên là đôi khi em còn cảm thấy mệt nữa, em vì cảm thấy mệt, và em em đặt mình vào những nghệ sĩ mới và trẻ và kiểu cũng không có tiền, giống như em ngày xưa và
validation	6385	11.70	pseudo_label	khi em ngồi với nam và đặc biệt là nam mà càng cứng á thì em sẽ lôi cái phần nữ hay vậy cụ thể là mình cụ thể là như thế nào tức là mình ánh mắt à hả	khi em ngồi với nam và đặc biệt nam mà càng cứng á thì em sẽ lôi cái phần nữ của nó ra hay vậy cụ thể là cụ thể là như nào tức là mình à ánh mắt	khi em ngồi với nam và đặc biệt là nam mà càng cứng đó thì em sẽ lôi cái phần nữ hay vậyụ thể là mìnhụ thể là như nào tức là mình anh mắt à hả	khi em ngồi với nam và đặc biệt nam mà càng cứng á thì em sẽ lôi cái phần nữ của nó ra hay vậy cụ thể là cụ thể là như nào tức là mình à ánh mắt.	Khi em ngồi với nam và đặc biệt là nam mà càng cứng đó, thì em sẽ lôi cái phần nữ hay vậyụ thể là mìnhụ thể là như nào, tức là mình anh mắt à hả?
validation	6389	14.20	pseudo_label	john r thể loại sẽ được xóa mờ không nó sẽ bị lỗi thời vì thế em nghĩ là một loại nhạc mà chỉ nghe mãi hoặc là làm sản xuất đúng một loại thể loại nhạc trong một bài hát á	giong rờ thể loại là không sẽ không còn sẽ được xóa mờ không còn đã sẽ bị lỗi thời vì thế em nghĩ là một loại nhạc mà chỉ nghe mãi hoặc làm sản xuất đúng một loại thể loại nhạc trong một bài hát	ron rờ thể loại là không không còn sẽ được mờ không còn là sẽ bị lỗi thời vì thế em nghĩ là một loại nhạc mà chỉ nghe mãi hoặc là làm sản xuất đúng một loại thể loại nhạc trong một bài hát	giong rờ thể loại là không sẽ không còn sẽ được xóa mờ không còn đã sẽ bị lỗi thời vì thế em nghĩ là một loại nhạc mà chỉ nghe mãi hoặc làm sản xuất đúng một loại thể loại nhạc trong một bài hát.	Ron rờ thể loại là không không còn sẽ được mờ, không còn là sẽ bị lỗi thời, vì thế em nghĩ là một loại nhạc mà chỉ nghe mãi hoặc là làm sản xuất đúng một loại thể loại nhạc trong một bài hát.
train	59313	14.90	pseudo_label	thật sự thì thì ngay cả bartender hay là chủ quán bar thì các bạn gọi cái đồ đắt nhất người ta sẽ rất là vui tuy nhiên nếu như mà anh một người mà gọi là bán hàng có tâm á	nói thật sự thì thì ngay cả bát thanh đờ hay là chủ quán ba thì các bạn gọi cái đồ đắp nhất người ta sẽ rất là vui là tuy nhiên nếu như mà anh một người mở bán hàng có tông	liều đồ thật sự thì thì thì ngay cả baanhờ hay là là chủ quán ba thì các bạn gọi cái đồ đắc nhất người ta sẽ rất là vui là tuy nhiên nếu như mà anh một người là bán hàng có tâm á	nói thật sự thì thì ngay cả bát thanh đờ hay là chủ quán ba thì các bạn gọi cái đồ đắp nhất người ta sẽ rất là vui là tuy nhiên nếu như mà anh một người mở bán hàng có tông.	Liều đồ  thật sự thì thì thì ngay cả baanhờ hay là là chủ quán ba thì các bạn gọi cái đồ đắc nhất, người ta sẽ rất là vui là, tuy nhiên,, nếu như mà anh một người là bán hàng có tâm á.
train	59315	12.60	pseudo_label	tùy vào trường hợp và tùy vô cái bảng basian đơn và anh cũng ngay cả bản thân anh khi mà đi những quán khác đi đôi khi cũng gặp như vậy thật và thường để mình sẽ tiếp trước luôn để	tùy vào trường hợp và tùy vào cái bản của bạn thân em nha và anh cũng ngay cả bản thân anh khi mà đi những quán khác thì đôi khi cũng gặp như vậy thật và và thường để mình sẽ tiếp trước luôn để	t vào trường hợp và vô các bạn ba sinh đơn nha và anh cũng ngay cả bản thân anh khi mà đi những quán khác thì đôi khi cũng gặp như vậy thật và và thường đi mình sẽ thiếp trước luôn để	tùy vào trường hợp và tùy vào cái bản của bạn thân em nha và anh cũng ngay cả bản thân anh khi mà đi những quán khác thì đôi khi cũng gặp như vậy thật và và thường để mình sẽ tiếp trước luôn để.	T vào trường hợp và vô các bạn ba sinh đơn nha và anh cũng ngay cả bản thân anh khi mà đi những quán khác thì, đôi khi cũng gặp như vậy thật và và thường đi, mình sẽ thiếp trước luôn để.
train	59339	10.80	pseudo_label	cầm lấy đi tụi bay cầm lấy đi thì mình không muốn lấy cái đồng tiền đó thì đó là hai cái ví dụ mà anh kể ra để cho các bạn biết là chiếc bao nhiêu không ăn chậm	cầm lấy điện tử bàn cầm để đi thì mình không muốn lấy cái đồng tiền đó thì đó là hai cái ví dụ mà anh kể ra để cho các bạn biết là suýt bao nhiêu không ăn chặn	cầm lấy đi tụi vậy cầm lấy đi thì mình không muốn lấy cái đồng tiền đó thì đó là hai cái ví dụ mà anh kể ra để cho các bạn biết làiết bao nhiêu không quan chậm	cầm lấy điện tử bàn cầm để đi thì mình không muốn lấy cái đồng tiền đó thì đó là hai cái ví dụ mà anh kể ra để cho các bạn biết là suýt bao nhiêu không ăn chặn.	Cầm lấy đi tụi vậy, cầm lấy đi thì mình không muốn lấy cái đồng tiền đó thì đó là hai cái ví dụ mà anh kể ra để cho các bạn biết làiết bao nhiêu không quan chậm.
train	59353	12.60	pseudo_label	hay là những quán bar cũng được mình sẽ uống cái đó trước và mình sẽ cảm nhận và mình nói chuyện theo với batend trước khi mình quyết định order cái trên thứ hai là cái gì à nghĩa là chọn những món đơn giản trước rất đơn giản trên sáng oa cái điều này nó cũng đúng khi mà trường hợp	hay là những món bò cũng được mình sẽ uống cái đó trước và mình sẽ cảm nhận mà mình nói chuyện thôi với ba tên đợi trước khi mình quyết định ọ đòi cái truân thứ hai là cái à nghĩa là chọn những món đơn giản trước rất đơn giản trên sáng ấm thí dụ cái điều này nó cũng đúng khi mà trường hợp	hay là những quán bar cũng được mình sẽ uống hết đó trước và mình sẽ cảm nhận và mình nói chuyện theo máy ba tên đ đời trước khi mình quyết định o đò cái chương thứ hai là gì nghĩa là chọn những món đơn giản trước r rất đơn giản trên sángấm ô cái điều này nó cũng đúng khi mà trường hợp	hay là những món bò cũng được mình sẽ uống cái đó trước và mình sẽ cảm nhận mà mình nói chuyện thôi với ba tên đợi trước khi mình quyết định ọ đòi cái truân thứ hai là cái à nghĩa là chọn những món đơn giản trước rất đơn giản trên sáng ấm thí dụ cái điều này nó cũng đúng khi mà trường hợp.	Hay là những quán bar cũng được mình sẽ uống hết đó trước, và mình sẽ cảm nhận và mình nói chuyện theo máy ba tên đ đời trước khi mình quyết định o đò cái chương thứ hai là gì nghĩa là chọn những món đơn giản trước R rất đơn giản trên sángấm. Ô cái điều này nó cũng đúng khi mà trường hợp.
validation	6631	11.60	pseudo_label	nấm bà hoa nghe tên như thế nào thì các bạn sẽ uống ra như vậy nấm ở đây sẽ là nấm tropfo và hoa ở đây là hoa cơm cháy đeo đồ có mùi nấm nè vì đây là một cái món cote	nấm và hoa nghe tên như thế nào thì các bạn sẽ uống ra như vậy nấm ở đây sẽ là nấm trốp phồ và hoa ở đây là hoa cơm cháy đốm nho mỡ trời có mùi nấm nè vậy đây là một cái món cóc teo	nắm vào nghe tên như thế nào thì các bạn sẽ uống ra như vậy nấm ở đây sẽ là nấm chó phồ và hoa ở đây là hoa cơm cháy đôi có mùi nấm nè vì đây là một cái món cốcte	nấm và hoa nghe tên như thế nào thì các bạn sẽ uống ra như vậy nấm ở đây sẽ là nấm trốp phồ và hoa ở đây là hoa cơm cháy đốm nho mỡ trời có mùi nấm nè vậy đây là một cái món cóc teo.	Nắm vào nghe tên như thế nào thì các bạn sẽ uống ra như vậy. Nấm ở đây sẽ là nấm chó phồ và hoa ở đây là hoa cơm cháy đôi có mùi nấm nè. vì đây là một cái món cốcte.
validation	6633	12.90	pseudo_label	anh đã phát triển id id thì anh có từ hai năm trước nhưng mà anh đã phát triển nó trong hai năm tại vì cái tỷ lệ john là cái việc rất là mạnh đúng nên cái tỷ lệ làm sao phần trăm giữa chople và cái rượu nó phải	anh đã phát triển ngay ai đi thì anh có từ hai năm trước nhưng mà anh đã phát triển ở trong hai năm tại vì cái tỷ lệ chóp phổ chóp phổ là cái vị rất là mạnh đủ nên cái tỷ lệ làm sao phần trăm giữa chóp phổ và cái rượu nó phải	m nói anh đã phát triển ở đây ai đi có từ hai năm trước nhưng mà anh đã phát triển nó trong hai năm tại vì cái tỷ lệ chó phồ chó phồ là cái vị rất là mạnh nên cái tỷ lệ làm sao phần trăm giữa chó phù và cái rượu nó phải	anh đã phát triển ngay ai đi thì anh có từ hai năm trước nhưng mà anh đã phát triển ở trong hai năm tại vì cái tỷ lệ chóp phổ chóp phổ là cái vị rất là mạnh đủ nên cái tỷ lệ làm sao phần trăm giữa chóp phổ và cái rượu nó phải.	M nói anh đã phát triển ở đây ai đi có từ hai năm trước, nhưng mà anh đã phát triển nó trong hai năm, tại vì cái tỷ lệ chó phồ, chó phồ là cái vị rất là mạnh, nên cái tỷ lệ làm sao phần trăm giữa chó phù và cái rượu nó phải.
validation	6635	13.10	pseudo_label	với lại phải có mã password để thanh toán thật ra clip cũng an toàn tại vì credit không phải là tiền của mình có mà là tiền mình mượn thì khi mà cái ngân hàng mà cho mình mượn tiền đó họ điều tra được là có một cái giao dịch	với lại phải có mã password để thanh toán thực ra kênh đít cũng an toàn tại vì kênh đít không phải là tiền của mình có mà là tiền bình mưỡng thì khi mà các cái ngân hàng mà cho bình mưỡng tiền đó họ điều tra được là ờ có một cái giao dịch	với lại phải có mãát bờ để thanh toán thực raei cũng an toàn tại vìei không phải là tiền của mình có mà là tiền mình mượn thì khi mà cái cái ngân hàng mà cho mình mượn tiền đó họ điều tra được là ở có một cái giao dịch	với lại phải có mã password để thanh toán thực ra kênh đít cũng an toàn tại vì kênh đít không phải là tiền của mình có mà là tiền bình mưỡng thì khi mà các cái ngân hàng mà cho bình mưỡng tiền đó họ điều tra được là ờ có một cái giao dịch.	Với lại phải có mãát bờ để thanh toán Thực raei cũng an toàn, tại vìei không phải là tiền của mình có mà là tiền mình mượn, thì khi mà cái cái ngân hàng mà cho mình mượn tiền đó họ điều tra được là ở có một cái giao dịch.
train	59374	14.80	pseudo_label	gái ngành u wow cái đó thì ác thiệt kiểu giống như là em thấy đó nha có một số bạn họ chia sẻ với em là ví dụ như khi họ đi bơ họ đi club họ sẽ rất là hay tới ngay khu vực quầy bar và thấy cái cô gái nào mà ngồi một mình á	gái ngầm uao cái đó thì ác thiệt kiểu giống như là à em thấy ở nhà có một số bạn họ chia sẻ với em á là ví dụ như là khi họ đi bờ họ đi lớp á họ sẽ rất hay tới cái khu vực quầy bạ và cái cô gái nào ngồi một mình á	gái ngầm ô vào cái đó thì ác thiệt kiểu giống như là em thấy nha có một số bạn họ chia sẻ với em á là ví dụ như mà khi họ đi ba họ đilớp đó họ sẽ rất là hay tới ngay khu vực quầy ba và thấy cái cô gái nào mà ngồi một mình đó	gái ngầm uao cái đó thì ác thiệt kiểu giống như là à em thấy ở nhà có một số bạn họ chia sẻ với em á là ví dụ như là khi họ đi bờ họ đi lớp á họ sẽ rất hay tới cái khu vực quầy bạ và cái cô gái nào ngồi một mình á.	Gái ngầm ô vào cái đó thì ác thiệt kiểu giống như là em thấy nha có một số bạn họ chia sẻ với em á là ví dụ như mà khi họ đi ba, họ đilớp đó, họ sẽ rất là hay tới ngay khu vực quầy ba, và thấy cái cô gái nào mà ngồi một mình đó.
train	59376	15.00	pseudo_label	trước khi mà dì làm bastori cùng với lại team của mình á thì mình thấy cái văn hóa đi bar còn bị mọi người kỳ thị chứ đừng nói là con gái hay con trai đi qua một mình sau khoảng năm ba bốn năm thì cái văn hóa đi bar bắt đầu mới nở rộ ra nhiều hơn	trước khi mà nết sinh làm bo sờ tô ri cùng với lại tim của mình á thì mình thấy cái văn hóa đi bo còn bị mọi người kì thị chứ đừng nói là con gái hay con trai đi bằng của mình dạ ờ sau khoảng năm ba bốn năm thì cái văn hóa đi bo bắt đầu mới nở rộ ra nhiều hơn		trước khi mà nết sinh làm bo sờ tô ri cùng với lại tim của mình á thì mình thấy cái văn hóa đi bo còn bị mọi người kì thị chứ đừng nói là con gái hay con trai đi bằng của mình dạ ờ sau khoảng năm ba bốn năm thì cái văn hóa đi bo bắt đầu mới nở rộ ra nhiều hơn.	 ⁇ 
train	59396	12.60	pseudo_label	khi bạn đến một cái số tuổi nào đó bạn sẽ nhận ra đối với đó sinh là khoảng ba mươi tuổi bắt đầu mình chấp nhận cái chuyện là ai đánh giá gì cũng được hoặc là trong mình tả tự một tí xíu ngoài đường cũng được	chứ bởi nếu một cái số tuổi nào đó bạn sẽ nhận ra đối với nó sẽ là khoảng ba mươi tuổi bắt đầu mình chấp nhận chuyện là ai đánh giá gì cũng được hoặc là trong mình tả từ về một tí xíu ngoài đường cũng được vớt	vậy vậy nếu một cái số tuổi nào đó bạn sẽ nhận ra đối với đó sẽ là khoảng ba mươi tuổi bắt đầu mình chấp nhận cái chuyện là ai đánh giá gì cũng được hoặc là trong mình tả tự một tí xíu ngoài đường cũng được bớt	chứ bởi nếu một cái số tuổi nào đó bạn sẽ nhận ra đối với nó sẽ là khoảng ba mươi tuổi bắt đầu mình chấp nhận chuyện là ai đánh giá gì cũng được hoặc là trong mình tả từ về một tí xíu ngoài đường cũng được vớt.	Vậy vậy, nếu một cái số tuổi nào đó, bạn sẽ nhận ra đối với đó sẽ là khoảng ba mươi tuổi, bắt đầu mình chấp nhận cái chuyện là ai đánh giá gì cũng được, hoặc là trong mình tả tự một tí xíu ngoài đường cũng được bớt.
train	59401	10.70	pseudo_label	muốn đi một mình ok và từ cái perpost từ cái lý do như vậy nó khiến cho cái mục đích đi bo một mình của em nó trở nên dễ dàng hơn và lúc đó thật sự là em không cần một ai tới xung quanh em hết	muốn đi một mình ô kê và từ cái pơ pờ từ cái lý do như vậy nó khiến cho cái mục đích đi bo một mình của em nó trở nên dễ dàng hơn và lúc đó thật sự là em không cần một ai tới xung quanh em hết	muốn đi một mình ok và từ cái pớ per sẽ cái lý do như vậy nó khiến cho cái mục đích đio một mình của em nó trở nên dễ dàng hơn và lúc đó thật sự là em không cần một ai tới xung quanh em hết	muốn đi một mình ô kê và từ cái pơ pờ từ cái lý do như vậy nó khiến cho cái mục đích đi bo một mình của em nó trở nên dễ dàng hơn và lúc đó thật sự là em không cần một ai tới xung quanh em hết.	Muốn đi một mình ok và từ cái pớ per sẽ cái lý do như vậy, nó khiến cho cái mục đích đio một mình của em nó trở nên dễ dàng hơn. và lúc đó thật sự là em không cần một ai tới xung quanh em hết.
train	59408	14.20	pseudo_label	để cho ok bạn nói là ngày hôm nay mình muốn đi một mình thôi nhưng mà đây đây là cái procation nè có gì mà nếu như mà có thấy có gì bất trắc thì nhớ gọi nha dục nhớ gọi tao nha hoặc là kiểu ra cứu tao giới kiểu như thế	để cho ok bạn nói là ngày hôm nay mình muốn đi một mình thôi à nhưng mà đây đây là cái ơ lo cây sần nè có gì nếu như mà có thấy có gì bất trắc thì nhớ gọi nhau chụp nhớ gọi tao nha họ lại kiểu ra cú đào giới kiểu như thế	để cho ô kê bạn nói là ngày hôm nay mình muốn đi một mình thôi ờ nhưng mà đây đây là cái go cây si nè có gì mà nếu như mà có thấy có gì bất trắc thì nhớ gọi nha gi được nhớ gọi tao nha họ là kiểu ra cú tao giới kiểu như thế	để cho ok bạn nói là ngày hôm nay mình muốn đi một mình thôi à nhưng mà đây đây là cái ơ lo cây sần nè có gì nếu như mà có thấy có gì bất trắc thì nhớ gọi nhau chụp nhớ gọi tao nha họ lại kiểu ra cú đào giới kiểu như thế.	Để cho  Ô kê, bạn nói là ngày hôm nay mình muốn đi một mình thôi, Ờ, nhưng mà đây đây là cái go cây si nè, có gì mà nếu như mà có thấy có gì bất trắc thì nhớ gọi nha, Gi được nhớ gọi tao nha họ là kiểu ra cú tao giới kiểu như thế.
train	59415	10.10	pseudo_label	qua ba lan chơi nha đây là địa chỉ nhà của em số điện thoại ở đây đó có gì em mà có kiểu muốn uống nhiều hơn thì đây đưa em về dùm	qua bên anh chơi nha đây là địa chỉ nhạc của em số điện thoại ở đây đó có gì em mà có kiểu muốn uống nhiều hơn thì đây đưa em về dùm	qua bên ăn chơi nha đây là chị địaa chỉ nhàạc của em số điện thoại ở đây đó có gì á em mà có kiểu muốn uống nhiều hơn thì đây đưa em đưa em về giùm	qua bên anh chơi nha đây là địa chỉ nhạc của em số điện thoại ở đây đó có gì em mà có kiểu muốn uống nhiều hơn thì đây đưa em về dùm.	Qua bên ăn chơi nha, đây là chị địaa chỉ nhàạc của em. số điện thoại ở đây đó, có gì á em mà có kiểu muốn uống nhiều hơn thì đây đưa em đưa em về giùm.
validation	6638	11.40	pseudo_label	ngủ lâu hơn lâu hơn why cũng vậy đúng không mà em hứa với mọi người luôn là ăn thịt bò dria age roblo y ba một mình cũng rất vui y	lâu hơn bùi whisky cũng không hả đúng mà em hối mọi người luôn đủ ăn thịt bò choi âu rất ngon nhớt khi ba bọn mình cũng rất vui nhớt	lủ lâu lâuk của đúng ba em hứa với mọi người luôn ăn thịt bòiri rất ngon khi ba một mình cũng rất vui	lâu hơn bùi whisky cũng không hả đúng mà em hối mọi người luôn đủ ăn thịt bò choi âu rất ngon nhớt khi ba bọn mình cũng rất vui nhớt.	Lủ lâu lâuk của đúng ba em hứa với mọi người luôn ăn thịt bòiri rất ngon khi ba một mình cũng rất vui.
train	60613	14.00	pseudo_label	henry zero là một trong những cái brip mà chị rất là thích vì cái sự rõ ràng của nó về cái sự rất là rõ ràng ra bốn cái điểm này là gì thì nó sạc từ cái challenge của họ là uba it brand a weinus	henniger là một trong những cái brexit mà chị rất là thích vì cái sự rõ ràng của nó về cái sự rất là rõ ràng ra bốn cái điểm này là gì thì nó sạc từ cái trailer của họ là uba unadid grand alves	h là một trong những cái rít mền mà chỉ rất là thích vì cái sự rõ ràng của nó về cái sự rất là rõ ràng đó bốn cái điểm này là gì thì nóạc từ cáiaan của họ là uuba âychanen nớ	henniger là một trong những cái brexit mà chị rất là thích vì cái sự rõ ràng của nó về cái sự rất là rõ ràng ra bốn cái điểm này là gì thì nó sạc từ cái trailer của họ là uba unadid grand alves.	H là một trong những cái rít mền mà chỉ rất là thích vì cái sự rõ ràng của nó, về cái sự rất là rõ ràng đó bốn cái điểm này là gì thì nóạc từ cáiaan của họ là UuBA âychanen nớ.
train	60616	13.90	pseudo_label	là nó có một cái twist từ từ cái challen tới cái inside the normaly khi mà một cái thương hiệu họ giải quyết cái chuyện uba thấp thì họ sẽ đi dạy con suo đọc tên thì mình có rất là nhiều comment dạy con sumer đọc tên như là quarier như là	là nó có một cái thuýt từ từ cái chai lừn tới cái in sai và nó mù ly khi mà một cái thương hiệu họ giải quyết cái chuyện ờ u p a thắp thì họ sẽ đi dạy cầu xui mời đọc tên thì mình có rất nhiều căm then dạy cầu xui mời đọc tên như là goa ri ơ như là	là nó có một cái ti từ g từ cái tra lenn tới cái insi làomli khi mà một cái thương hiệu họ giải quyết cái chuyện duba thấp thì họ sẽ đi dạy còn su mồi đc tên thì mình có rất nhiều cà phen dạy còn su m vào đc tên như làarrier như là	là nó có một cái thuýt từ từ cái chai lừn tới cái in sai và nó mù ly khi mà một cái thương hiệu họ giải quyết cái chuyện ờ u p a thắp thì họ sẽ đi dạy cầu xui mời đọc tên thì mình có rất nhiều căm then dạy cầu xui mời đọc tên như là goa ri ơ như là.	Là nó có một cái ti từ g từ cái tra lenn tới cái insi làomli khi mà một cái thương hiệu họ giải quyết cái chuyện duBA thấp thì họ sẽ đi dạy còn su mồi đc tên thì mình có rất nhiều cà phen dạy còn su m vào đc tên như làarrier như là.
train	60627	15.00	pseudo_label	và mình sẽ crack sự tin đó để họ ra ngoài họ gọi bằng cái tên gì cũng được và từ đó thì quay tiếp sẽ giải ra những bài toán sẽ sẽ ad thêm những cái element về câu chuyện lockey là những câu chuyện loki bạn cứ tự tin gọi theo vùng miền của bạn và đưa thành những cái translate thành những cái điệu nhảy khác nhau	và mình xoay các sưu tình đó để họ ra ngoài họ gọi bằng cái tên gì cũng được và và từ đó thì quy tiếp sẽ giải ra những bài toán sẽ thép thêm cái el là mần câu chuyện lô có bờ rai là những câu chuyện là ok bạn cứ tự tin gọi theo vùng biển của bạn và đưa thành những cái chen sờ lết thành những cái điệu nhảy khác nhau thì	và mình sẽ khách tự tin nó để họ ra ngoài họ gọi bằng cái tên gì cũng được và và từ đó thì tiếp sẽ giải ra những bài toán sẽ ét thêm là về câu chuyện l loo pri là những câu chuyện lok bạn tự tin gọi theo vùng miền của bạn và đưa thành những cái chen le thành những cái điệu nhảy khác nhau thì	và mình xoay các sưu tình đó để họ ra ngoài họ gọi bằng cái tên gì cũng được và và từ đó thì quy tiếp sẽ giải ra những bài toán sẽ thép thêm cái el là mần câu chuyện lô có bờ rai là những câu chuyện là ok bạn cứ tự tin gọi theo vùng biển của bạn và đưa thành những cái chen sờ lết thành những cái điệu nhảy khác nhau thì.	Và mình sẽ khách tự tin nó để họ ra ngoài, họ gọi bằng cái tên gì cũng được, và và từ đó thì tiếp sẽ giải ra những bài toán sẽ ét thêm là về câu chuyện L loo pri là những câu chuyện lok bạn tự tin gọi theo vùng miền của bạn và đưa thành những cái chen le thành những cái điệu nhảy khác nhau thì.
train	60633	14.80	pseudo_label	citist sẽ tìm kiếm những tiềm trong cái brip đó là câu chuyện là cái chann nó có click không ví dụ mình tạo ra khi mà trả lời nó cưa ấy nó sẽ dễ ở một chuyện là nó cho mình một cái điểm đến rất rõ ràng một cái đích đến rất rõ ràng để mà từ đó quay tiếp có thể justify để có thể là	quy tích sẽ tìm kiếm chị tiên xem thì tìm về tiền trong cái bít đó là câu chuyện là cái chân là nó có cờ lia không ví dụ mình tạo ra khi mà chân là nó cờ hiện nó sẽ dễ một chuyện là nó cho mình một cái điểm đến rõ ràng á một cái tích đến rõ ràng để mà từ đó quy tiếp có thể chất ti phai được có thể là	i tí sẽ tìm kiếm những chị t tiên sẽ tìm mới kiếm trong cái rít đó là câu chuyện là cái trả lần nó có lia không ví dụ mình tạo ra khi mà trả lời nó nhận nó sẽ dễ ở một chuyện là nó cho mình một cái điểm đến rất rõ ràng một cáiích đến rất rõ ràng để mà từ đóờ ri típ có thểu ti phi được có thể làờ	quy tích sẽ tìm kiếm chị tiên xem thì tìm về tiền trong cái bít đó là câu chuyện là cái chân là nó có cờ lia không ví dụ mình tạo ra khi mà chân là nó cờ hiện nó sẽ dễ một chuyện là nó cho mình một cái điểm đến rõ ràng á một cái tích đến rõ ràng để mà từ đó quy tiếp có thể chất ti phai được có thể là.	i tí sẽ tìm kiếm những chị T tiên sẽ tìm mới kiếm trong cái rít đó là câu chuyện là cái trả lần nó có lia không? ví dụ mình tạo ra khi mà trả lời nó nhận nó sẽ dễ ở một chuyện là nó cho mình một cái điểm đến rất rõ ràng, một cáiích đến rất rõ ràng, để mà từ đóờ ri típ có thểu ti phi được có thể làờ.
train	60634	12.50	pseudo_label	của cái sản phẩm và cái collection thì khi mà anh de liver ra cái ocop của hình thì anh cũng mong muốn dealer một cái chất khá là tương lai cho cái bộ hình	của cái sản phẩm và cái cái cái cái cái colexian thì khi mà anh đưa đi vơi ra cái áo cơm bộ hình thì anh cũng mong muốn đưa đi vào một cái kết chất khá tương lai cho cái bộ hình		của cái sản phẩm và cái cái cái cái cái colexian thì khi mà anh đưa đi vơi ra cái áo cơm bộ hình thì anh cũng mong muốn đưa đi vào một cái kết chất khá tương lai cho cái bộ hình.	 ⁇ 
train	60638	10.90	pseudo_label	thì tới lúc đó sẽ rất là tran riêng với lại creditic bunner là mình làm cái gì trong cái clip này để mà còn thể hiện được cái giá trị của mình tại vì người ta đã tới luôn cái phần story telling luôn rồi	thì tới lúc đó sẽ rất là chào đưa riêng với lại creativ p âu nơ là mình làm cái gì trong cái bíp này để mà còn thể hiện được cái giá trị của mình tại vì người ta đã tới luôn cái phần sờ tòi đi theo riêng luôn rồi	thì tới lúc đó sẽ rất làeniêng với lạiret poner là mình làm cái gì trong cái cript này để mà còn thể hiện được cái giá trị của mình tại vì người ta đã tới luôn cái phần story theoy luôn rồi	thì tới lúc đó sẽ rất là chào đưa riêng với lại creativ p âu nơ là mình làm cái gì trong cái bíp này để mà còn thể hiện được cái giá trị của mình tại vì người ta đã tới luôn cái phần sờ tòi đi theo riêng luôn rồi.	Thì tới lúc đó sẽ rất làeniêng với lạiret Poner là mình làm cái gì trong cái cript này để mà còn thể hiện được cái giá trị của mình. Tại vì người ta đã tới luôn cái phần story theoy luôn rồi.
train	60655	14.40	pseudo_label	thì cái extream nó là cái addit vali duy nhất mà tụi tiên có thể add thêm vào cái page word này thì cả cái comment nó trở thành là mình in vai những cái người hà nội mà đang rất là gàn dở về cái góc nhìn của mình	thì cái ekstral đó là cái edit vali dư nhất mà tự tin có thể add vào cái password này thì cái cái cầm thên nó trở thành là mình invite những người hà nội mà đang rất gàn dở về cái góc nhìn của mình	thì thì cái ạchờtre đó là cái va li duy nhất mà tự tiên có thể ép thêm vào cáia wor này thì cả cái cà pen nó trở thành là mình vi những người hà nội mà đang rất là gàn dở về cái góc nhìn của mình	thì cái ekstral đó là cái edit vali dư nhất mà tự tin có thể add vào cái password này thì cái cái cầm thên nó trở thành là mình invite những người hà nội mà đang rất gàn dở về cái góc nhìn của mình.	Thì thì cái ạchờtre đó là cái  va li duy nhất mà tự tiên có thể ép thêm vào cáia wor này thì cả cái cà pen nó trở thành là mình  vi những người Hà Nội mà đang rất là gàn dở về cái góc nhìn của mình.
